✔ ECA:2-FIX1 A — Focused C evidence preserves Capacity Gap without re-speaking the label (12.102625ms)
✔ ECA:2-FIX1 B — Multi-turn investigation keeps subject across operation changes (9.453584ms)
✔ ECA:2-FIX1 C — Explicit subject switch yields Capacity Gap for Demand Surge (0.19475ms)
✔ ECA:2-FIX1 D — Explicit new subject Explain Pricing Response wins (0.128292ms)
✔ ECA:2-FIX1 E — Compatible deictic evidence follow-up preserves Demand Surge (1.820125ms)
✔ ECA:2-FIX1 F — Ambiguous evidence follow-up clarifies instead of preserving a stale subject (1.262709ms)
✔ ECA:2-FIX1 G — Explicit scope change to scenarios does not keep Capacity Gap (0.204875ms)
✔ ECA:2-FIX1 historical — proposal Why? then Add it stays bound (0.995459ms)
[WorkspaceRegistry][Init] {
  version: 'NW-A:1',
  workspaceCount: 1,
  activeWorkspaceId: 'demo_workspace'
}
[ActiveWorkspace][Resolved] {
  workspaceId: 'demo_workspace',
  workspaceName: 'Demo Workspace',
  status: 'active',
  createdAt: '2026-06-19T00:00:00.000Z',
  updatedAt: '2026-06-19T00:00:00.000Z',
  lastOpenedAt: '2026-06-19T00:00:00.000Z',
  domain: null,
  objectCount: null,
  dataSourceCount: null,
  metadata: { source: 'demo_runtime_migration', phase: 'NW-A:1' }
}
[WorkspaceRegistry][Mutation] {
  type: 'upsertWorkspace',
  activeWorkspaceId: 'demo_workspace',
  workspaceCount: 2
}
[ActiveWorkspace][Resolved] {
  workspaceId: 'demo_workspace',
  workspaceName: 'Demo Workspace',
  status: 'active',
  createdAt: '2026-06-19T00:00:00.000Z',
  updatedAt: '2026-06-19T00:00:00.000Z',
  lastOpenedAt: '2026-06-19T00:00:00.000Z',
  domain: null,
  objectCount: null,
  dataSourceCount: null,
  metadata: { source: 'demo_runtime_migration', phase: 'NW-A:1' }
}
[WorkspaceRegistry][Mutation] {
  type: 'setActiveWorkspace',
  activeWorkspaceId: 'eca_5_runtime_proofs_munc9u1v',
  workspaceCount: 2
}
[ActiveWorkspace][Resolved] {
  workspaceId: 'eca_5_runtime_proofs_munc9u1v',
  workspaceName: 'ECA:5 Runtime Proofs',
  status: 'active',
  createdAt: '2026-09-30T00:00:16.482Z',
  updatedAt: '2026-09-30T00:00:16.482Z',
  lastOpenedAt: '2026-09-30T00:00:16.482Z',
  domain: null,
  objectCount: 0,
  dataSourceCount: 0,
  metadata: { lifecycle: 'empty_workspace', phase: 'NW-A:3' }
}
[WorkspaceLifecycle] Created Workspace {
  workspaceId: 'eca_5_runtime_proofs_munc9u1v',
  workspaceName: 'ECA:5 Runtime Proofs'
}
[Topology][Flow] Generating flow layout
[Topology][Flow] Nodes: 8
[Topology][Flow] Connections: 7
[Topology][Flow] Generating flow layout
[Topology][Flow] Nodes: 2
[Topology][Flow] Connections: 1
[Topology][Flow] Generating flow layout
[Topology][Flow] Nodes: 8
[Topology][Flow] Connections: 7
[Topology][Flow] Generating flow layout
[Topology][Flow] Nodes: 2
[Topology][Flow] Connections: 1
[Topology][Flow] Generating flow layout
[Topology][Flow] Nodes: 8
[Topology][Flow] Connections: 7
[Topology][Flow] Generating flow layout
[Topology][Flow] Nodes: 2
[Topology][Flow] Connections: 1
[Topology][Flow] Generating flow layout
[Topology][Flow] Nodes: 8
[Topology][Flow] Connections: 7
[Topology][Flow] Generating flow layout
[Topology][Flow] Nodes: 2
[Topology][Flow] Connections: 1
[Topology][Flow] Generating flow layout
[Topology][Flow] Nodes: 8
[Topology][Flow] Connections: 7
[Topology][Flow] Generating flow layout
[Topology][Flow] Nodes: 2
[Topology][Flow] Connections: 1
[Topology][Flow] Generating flow layout
[Topology][Flow] Nodes: 8
[Topology][Flow] Connections: 7
[Topology][Flow] Generating flow layout
[Topology][Flow] Nodes: 2
[Topology][Flow] Connections: 1
[WorkspaceRegistry][Init] {
  version: 'NW-A:1',
  workspaceCount: 1,
  activeWorkspaceId: 'demo_workspace'
}
[ActiveWorkspace][Resolved] {
  workspaceId: 'demo_workspace',
  workspaceName: 'Demo Workspace',
  status: 'active',
  createdAt: '2026-06-19T00:00:00.000Z',
  updatedAt: '2026-06-19T00:00:00.000Z',
  lastOpenedAt: '2026-06-19T00:00:00.000Z',
  domain: null,
  objectCount: null,
  dataSourceCount: null,
  metadata: { source: 'demo_runtime_migration', phase: 'NW-A:1' }
}
[WorkspaceRegistry][Mutation] {
  type: 'upsertWorkspace',
  activeWorkspaceId: 'demo_workspace',
  workspaceCount: 2
}
[ActiveWorkspace][Resolved] {
  workspaceId: 'demo_workspace',
  workspaceName: 'Demo Workspace',
  status: 'active',
  createdAt: '2026-06-19T00:00:00.000Z',
  updatedAt: '2026-06-19T00:00:00.000Z',
  lastOpenedAt: '2026-06-19T00:00:00.000Z',
  domain: null,
  objectCount: null,
  dataSourceCount: null,
  metadata: { source: 'demo_runtime_migration', phase: 'NW-A:1' }
}
[WorkspaceRegistry][Mutation] {
  type: 'setActiveWorkspace',
  activeWorkspaceId: 'eca_5_runtime_proofs_munc9u95',
  workspaceCount: 2
}
[ActiveWorkspace][Resolved] {
  workspaceId: 'eca_5_runtime_proofs_munc9u95',
  workspaceName: 'ECA:5 Runtime Proofs',
  status: 'active',
  createdAt: '2026-09-30T00:00:16.744Z',
  updatedAt: '2026-09-30T00:00:16.744Z',
  lastOpenedAt: '2026-09-30T00:00:16.744Z',
  domain: null,
  objectCount: 0,
  dataSourceCount: 0,
  metadata: { lifecycle: 'empty_workspace', phase: 'NW-A:3' }
}
[WorkspaceLifecycle] Created Workspace {
  workspaceId: 'eca_5_runtime_proofs_munc9u95',
  workspaceName: 'ECA:5 Runtime Proofs'
}
[Topology][Flow] Generating flow layout
[Topology][Flow] Nodes: 8
[Topology][Flow] Connections: 7
[Topology][Flow] Generating flow layout
[Topology][Flow] Nodes: 2
[Topology][Flow] Connections: 1
[Topology][Flow] Generating flow layout
[Topology][Flow] Nodes: 8
[Topology][Flow] Connections: 7
[Topology][Flow] Generating flow layout
[Topology][Flow] Nodes: 2
[Topology][Flow] Connections: 1
[Topology][Flow] Generating flow layout
[Topology][Flow] Nodes: 8
[Topology][Flow] Connections: 7
[Topology][Flow] Generating flow layout
[Topology][Flow] Nodes: 2
[Topology][Flow] Connections: 1
[Topology][Flow] Generating flow layout
[Topology][Flow] Nodes: 8
[Topology][Flow] Connections: 7
[Topology][Flow] Generating flow layout
[Topology][Flow] Nodes: 2
[Topology][Flow] Connections: 1
[Topology][Flow] Generating flow layout
[Topology][Flow] Nodes: 8
[Topology][Flow] Connections: 7
[Topology][Flow] Generating flow layout
[Topology][Flow] Nodes: 2
[Topology][Flow] Connections: 1
[Topology][Flow] Generating flow layout
[Topology][Flow] Nodes: 8
[Topology][Flow] Connections: 7
[Topology][Flow] Generating flow layout
[Topology][Flow] Nodes: 2
[Topology][Flow] Connections: 1
[WorkspaceRegistry][Init] {
  version: 'NW-A:1',
  workspaceCount: 1,
  activeWorkspaceId: 'demo_workspace'
}
[ActiveWorkspace][Resolved] {
  workspaceId: 'demo_workspace',
  workspaceName: 'Demo Workspace',
  status: 'active',
  createdAt: '2026-06-19T00:00:00.000Z',
  updatedAt: '2026-06-19T00:00:00.000Z',
  lastOpenedAt: '2026-06-19T00:00:00.000Z',
  domain: null,
  objectCount: null,
  dataSourceCount: null,
  metadata: { source: 'demo_runtime_migration', phase: 'NW-A:1' }
}
[WorkspaceRegistry][Mutation] {
  type: 'upsertWorkspace',
  activeWorkspaceId: 'demo_workspace',
  workspaceCount: 2
}
[ActiveWorkspace][Resolved] {
  workspaceId: 'demo_workspace',
  workspaceName: 'Demo Workspace',
  status: 'active',
  createdAt: '2026-06-19T00:00:00.000Z',
  updatedAt: '2026-06-19T00:00:00.000Z',
  lastOpenedAt: '2026-06-19T00:00:00.000Z',
  domain: null,
  objectCount: null,
  dataSourceCount: null,
  metadata: { source: 'demo_runtime_migration', phase: 'NW-A:1' }
}
[WorkspaceRegistry][Mutation] {
  type: 'setActiveWorkspace',
  activeWorkspaceId: 'eca_5_runtime_proofs_munc9ubq',
  workspaceCount: 2
}
[ActiveWorkspace][Resolved] {
  workspaceId: 'eca_5_runtime_proofs_munc9ubq',
  workspaceName: 'ECA:5 Runtime Proofs',
  status: 'active',
  createdAt: '2026-09-30T00:00:16.838Z',
  updatedAt: '2026-09-30T00:00:16.838Z',
  lastOpenedAt: '2026-09-30T00:00:16.838Z',
  domain: null,
  objectCount: 0,
  dataSourceCount: 0,
  metadata: { lifecycle: 'empty_workspace', phase: 'NW-A:3' }
}
[WorkspaceLifecycle] Created Workspace {
  workspaceId: 'eca_5_runtime_proofs_munc9ubq',
  workspaceName: 'ECA:5 Runtime Proofs'
}
[Topology][Flow] Generating flow layout
[Topology][Flow] Nodes: 8
[Topology][Flow] Connections: 7
[Topology][Flow] Generating flow layout
[Topology][Flow] Nodes: 2
[Topology][Flow] Connections: 1
[Topology][Flow] Generating flow layout
[Topology][Flow] Nodes: 8
[Topology][Flow] Connections: 7
[Topology][Flow] Generating flow layout
[Topology][Flow] Nodes: 2
[Topology][Flow] Connections: 1
[Topology][Flow] Generating flow layout
[Topology][Flow] Nodes: 8
[Topology][Flow] Connections: 7
[Topology][Flow] Generating flow layout
[Topology][Flow] Nodes: 2
[Topology][Flow] Connections: 1
[Topology][Flow] Generating flow layout
[Topology][Flow] Nodes: 8
[Topology][Flow] Connections: 7
[Topology][Flow] Generating flow layout
[Topology][Flow] Nodes: 2
[Topology][Flow] Connections: 1
[Topology][Flow] Generating flow layout
[Topology][Flow] Nodes: 8
[Topology][Flow] Connections: 7
[Topology][Flow] Generating flow layout
[Topology][Flow] Nodes: 2
[Topology][Flow] Connections: 1
[Topology][Flow] Generating flow layout
[Topology][Flow] Nodes: 8
[Topology][Flow] Connections: 7
[Topology][Flow] Generating flow layout
[Topology][Flow] Nodes: 2
[Topology][Flow] Connections: 1
[WorkspaceRegistry][Init] {
  version: 'NW-A:1',
  workspaceCount: 1,
  activeWorkspaceId: 'demo_workspace'
}
[ActiveWorkspace][Resolved] {
  workspaceId: 'demo_workspace',
  workspaceName: 'Demo Workspace',
  status: 'active',
  createdAt: '2026-06-19T00:00:00.000Z',
  updatedAt: '2026-06-19T00:00:00.000Z',
  lastOpenedAt: '2026-06-19T00:00:00.000Z',
  domain: null,
  objectCount: null,
  dataSourceCount: null,
  metadata: { source: 'demo_runtime_migration', phase: 'NW-A:1' }
}
[WorkspaceRegistry][Mutation] {
  type: 'upsertWorkspace',
  activeWorkspaceId: 'demo_workspace',
  workspaceCount: 2
}
[ActiveWorkspace][Resolved] {
  workspaceId: 'demo_workspace',
  workspaceName: 'Demo Workspace',
  status: 'active',
  createdAt: '2026-06-19T00:00:00.000Z',
  updatedAt: '2026-06-19T00:00:00.000Z',
  lastOpenedAt: '2026-06-19T00:00:00.000Z',
  domain: null,
  objectCount: null,
  dataSourceCount: null,
  metadata: { source: 'demo_runtime_migration', phase: 'NW-A:1' }
}
[WorkspaceRegistry][Mutation] {
  type: 'setActiveWorkspace',
  activeWorkspaceId: 'eca_5_runtime_proofs_munc9ud6',
  workspaceCount: 2
}
[ActiveWorkspace][Resolved] {
  workspaceId: 'eca_5_runtime_proofs_munc9ud6',
  workspaceName: 'ECA:5 Runtime Proofs',
  status: 'active',
  createdAt: '2026-09-30T00:00:16.890Z',
  updatedAt: '2026-09-30T00:00:16.890Z',
  lastOpenedAt: '2026-09-30T00:00:16.890Z',
  domain: null,
  objectCount: 0,
  dataSourceCount: 0,
  metadata: { lifecycle: 'empty_workspace', phase: 'NW-A:3' }
}
[WorkspaceLifecycle] Created Workspace {
  workspaceId: 'eca_5_runtime_proofs_munc9ud6',
  workspaceName: 'ECA:5 Runtime Proofs'
}
[Topology][Flow] Generating flow layout
[Topology][Flow] Nodes: 8
[Topology][Flow] Connections: 7
[Topology][Flow] Generating flow layout
[Topology][Flow] Nodes: 2
[Topology][Flow] Connections: 1
[Topology][Flow] Generating flow layout
[Topology][Flow] Nodes: 8
[Topology][Flow] Connections: 7
[Topology][Flow] Generating flow layout
[Topology][Flow] Nodes: 2
[Topology][Flow] Connections: 1
[Topology][Flow] Generating flow layout
[Topology][Flow] Nodes: 8
[Topology][Flow] Connections: 7
[Topology][Flow] Generating flow layout
[Topology][Flow] Nodes: 2
[Topology][Flow] Connections: 1
[Topology][Flow] Generating flow layout
[Topology][Flow] Nodes: 8
[Topology][Flow] Connections: 7
[Topology][Flow] Generating flow layout
[Topology][Flow] Nodes: 2
[Topology][Flow] Connections: 1
[Topology][Flow] Generating flow layout
[Topology][Flow] Nodes: 8
[Topology][Flow] Connections: 7
[Topology][Flow] Generating flow layout
[Topology][Flow] Nodes: 2
[Topology][Flow] Connections: 1
[Topology][Flow] Generating flow layout
[Topology][Flow] Nodes: 8
[Topology][Flow] Connections: 7
[Topology][Flow] Generating flow layout
[Topology][Flow] Nodes: 2
[Topology][Flow] Connections: 1
[WorkspaceRegistry][Init] {
  version: 'NW-A:1',
  workspaceCount: 1,
  activeWorkspaceId: 'demo_workspace'
}
[ActiveWorkspace][Resolved] {
  workspaceId: 'demo_workspace',
  workspaceName: 'Demo Workspace',
  status: 'active',
  createdAt: '2026-06-19T00:00:00.000Z',
  updatedAt: '2026-06-19T00:00:00.000Z',
  lastOpenedAt: '2026-06-19T00:00:00.000Z',
  domain: null,
  objectCount: null,
  dataSourceCount: null,
  metadata: { source: 'demo_runtime_migration', phase: 'NW-A:1' }
}
[WorkspaceRegistry][Mutation] {
  type: 'upsertWorkspace',
  activeWorkspaceId: 'demo_workspace',
  workspaceCount: 2
}
[ActiveWorkspace][Resolved] {
  workspaceId: 'demo_workspace',
  workspaceName: 'Demo Workspace',
  status: 'active',
  createdAt: '2026-06-19T00:00:00.000Z',
  updatedAt: '2026-06-19T00:00:00.000Z',
  lastOpenedAt: '2026-06-19T00:00:00.000Z',
  domain: null,
  objectCount: null,
  dataSourceCount: null,
  metadata: { source: 'demo_runtime_migration', phase: 'NW-A:1' }
}
[WorkspaceRegistry][Mutation] {
  type: 'setActiveWorkspace',
  activeWorkspaceId: 'eca_5_runtime_proofs_munc9ue2',
  workspaceCount: 2
}
[ActiveWorkspace][Resolved] {
  workspaceId: 'eca_5_runtime_proofs_munc9ue2',
  workspaceName: 'ECA:5 Runtime Proofs',
  status: 'active',
  createdAt: '2026-09-30T00:00:16.921Z',
  updatedAt: '2026-09-30T00:00:16.921Z',
  lastOpenedAt: '2026-09-30T00:00:16.921Z',
  domain: null,
  objectCount: 0,
  dataSourceCount: 0,
  metadata: { lifecycle: 'empty_workspace', phase: 'NW-A:3' }
}
[WorkspaceLifecycle] Created Workspace {
  workspaceId: 'eca_5_runtime_proofs_munc9ue2',
  workspaceName: 'ECA:5 Runtime Proofs'
}
[Topology][Flow] Generating flow layout
[Topology][Flow] Nodes: 8
[Topology][Flow] Connections: 7
[Topology][Flow] Generating flow layout
[Topology][Flow] Nodes: 2
[Topology][Flow] Connections: 1
[Topology][Flow] Generating flow layout
[Topology][Flow] Nodes: 8
[Topology][Flow] Connections: 7
[Topology][Flow] Generating flow layout
[Topology][Flow] Nodes: 2
[Topology][Flow] Connections: 1
[Topology][Flow] Generating flow layout
[Topology][Flow] Nodes: 8
[Topology][Flow] Connections: 7
[Topology][Flow] Generating flow layout
[Topology][Flow] Nodes: 2
[Topology][Flow] Connections: 1
[Topology][Flow] Generating flow layout
[Topology][Flow] Nodes: 8
[Topology][Flow] Connections: 7
[Topology][Flow] Generating flow layout
[Topology][Flow] Nodes: 2
[Topology][Flow] Connections: 1
[Topology][Flow] Generating flow layout
[Topology][Flow] Nodes: 8
[Topology][Flow] Connections: 7
[Topology][Flow] Generating flow layout
[Topology][Flow] Nodes: 2
[Topology][Flow] Connections: 1
[Topology][Flow] Generating flow layout
[Topology][Flow] Nodes: 8
[Topology][Flow] Connections: 7
[Topology][Flow] Generating flow layout
[Topology][Flow] Nodes: 2
[Topology][Flow] Connections: 1
[Topology][Flow] Generating flow layout
[Topology][Flow] Nodes: 8
[Topology][Flow] Connections: 7
[Topology][Flow] Generating flow layout
[Topology][Flow] Nodes: 2
[Topology][Flow] Connections: 1
[Topology][Flow] Generating flow layout
[Topology][Flow] Nodes: 8
[Topology][Flow] Connections: 7
[Topology][Flow] Generating flow layout
[Topology][Flow] Nodes: 2
[Topology][Flow] Connections: 1
[Topology][Flow] Generating flow layout
[Topology][Flow] Nodes: 8
[Topology][Flow] Connections: 7
[Topology][Flow] Generating flow layout
[Topology][Flow] Nodes: 2
[Topology][Flow] Connections: 1
[WorkspaceRegistry][Init] {
  version: 'NW-A:1',
  workspaceCount: 1,
  activeWorkspaceId: 'demo_workspace'
}
[ActiveWorkspace][Resolved] {
  workspaceId: 'demo_workspace',
  workspaceName: 'Demo Workspace',
  status: 'active',
  createdAt: '2026-06-19T00:00:00.000Z',
  updatedAt: '2026-06-19T00:00:00.000Z',
  lastOpenedAt: '2026-06-19T00:00:00.000Z',
  domain: null,
  objectCount: null,
  dataSourceCount: null,
  metadata: { source: 'demo_runtime_migration', phase: 'NW-A:1' }
}
[WorkspaceRegistry][Mutation] {
  type: 'upsertWorkspace',
  activeWorkspaceId: 'demo_workspace',
  workspaceCount: 2
}
[ActiveWorkspace][Resolved] {
  workspaceId: 'demo_workspace',
  workspaceName: 'Demo Workspace',
  status: 'active',
  createdAt: '2026-06-19T00:00:00.000Z',
  updatedAt: '2026-06-19T00:00:00.000Z',
  lastOpenedAt: '2026-06-19T00:00:00.000Z',
  domain: null,
  objectCount: null,
  dataSourceCount: null,
  metadata: { source: 'demo_runtime_migration', phase: 'NW-A:1' }
}
[WorkspaceRegistry][Mutation] {
  type: 'setActiveWorkspace',
  activeWorkspaceId: 'eca_5_runtime_proofs_munc9ug4',
  workspaceCount: 2
}
[ActiveWorkspace][Resolved] {
  workspaceId: 'eca_5_runtime_proofs_munc9ug4',
  workspaceName: 'ECA:5 Runtime Proofs',
  status: 'active',
  createdAt: '2026-09-30T00:00:16.996Z',
  updatedAt: '2026-09-30T00:00:16.996Z',
  lastOpenedAt: '2026-09-30T00:00:16.996Z',
  domain: null,
  objectCount: 0,
  dataSourceCount: 0,
  metadata: { lifecycle: 'empty_workspace', phase: 'NW-A:3' }
}
[WorkspaceLifecycle] Created Workspace {
  workspaceId: 'eca_5_runtime_proofs_munc9ug4',
  workspaceName: 'ECA:5 Runtime Proofs'
}
[Topology][Flow] Generating flow layout
[Topology][Flow] Nodes: 8
[Topology][Flow] Connections: 7
[Topology][Flow] Generating flow layout
[Topology][Flow] Nodes: 2
[Topology][Flow] Connections: 1
[Topology][Flow] Generating flow layout
[Topology][Flow] Nodes: 8
[Topology][Flow] Connections: 7
[Topology][Flow] Generating flow layout
[Topology][Flow] Nodes: 2
[Topology][Flow] Connections: 1
[Topology][Flow] Generating flow layout
[Topology][Flow] Nodes: 8
[Topology][Flow] Connections: 7
[Topology][Flow] Generating flow layout
[Topology][Flow] Nodes: 2
[Topology][Flow] Connections: 1
[Topology][Flow] Generating flow layout
[Topology][Flow] Nodes: 8
[Topology][Flow] Connections: 7
[Topology][Flow] Generating flow layout
[Topology][Flow] Nodes: 2
[Topology][Flow] Connections: 1
[Topology][Flow] Generating flow layout
[Topology][Flow] Nodes: 8
[Topology][Flow] Connections: 7
[Topology][Flow] Generating flow layout
[Topology][Flow] Nodes: 2
[Topology][Flow] Connections: 1
[Topology][Flow] Generating flow layout
[Topology][Flow] Nodes: 8
[Topology][Flow] Connections: 7
[Topology][Flow] Generating flow layout
[Topology][Flow] Nodes: 2
[Topology][Flow] Connections: 1
[WorkspaceRegistry][Init] {
  version: 'NW-A:1',
  workspaceCount: 1,
  activeWorkspaceId: 'demo_workspace'
}
[ActiveWorkspace][Resolved] {
  workspaceId: 'demo_workspace',
  workspaceName: 'Demo Workspace',
  status: 'active',
  createdAt: '2026-06-19T00:00:00.000Z',
  updatedAt: '2026-06-19T00:00:00.000Z',
  lastOpenedAt: '2026-06-19T00:00:00.000Z',
  domain: null,
  objectCount: null,
  dataSourceCount: null,
  metadata: { source: 'demo_runtime_migration', phase: 'NW-A:1' }
}
[WorkspaceRegistry][Mutation] {
  type: 'upsertWorkspace',
  activeWorkspaceId: 'demo_workspace',
  workspaceCount: 2
}
[ActiveWorkspace][Resolved] {
  workspaceId: 'demo_workspace',
  workspaceName: 'Demo Workspace',
  status: 'active',
  createdAt: '2026-06-19T00:00:00.000Z',
  updatedAt: '2026-06-19T00:00:00.000Z',
  lastOpenedAt: '2026-06-19T00:00:00.000Z',
  domain: null,
  objectCount: null,
  dataSourceCount: null,
  metadata: { source: 'demo_runtime_migration', phase: 'NW-A:1' }
}
[WorkspaceRegistry][Mutation] {
  type: 'setActiveWorkspace',
  activeWorkspaceId: 'eca_5_runtime_proofs_munc9uh8',
  workspaceCount: 2
}
[ActiveWorkspace][Resolved] {
  workspaceId: 'eca_5_runtime_proofs_munc9uh8',
  workspaceName: 'ECA:5 Runtime Proofs',
  status: 'active',
  createdAt: '2026-09-30T00:00:17.036Z',
  updatedAt: '2026-09-30T00:00:17.036Z',
  lastOpenedAt: '2026-09-30T00:00:17.036Z',
  domain: null,
  objectCount: 0,
  dataSourceCount: 0,
  metadata: { lifecycle: 'empty_workspace', phase: 'NW-A:3' }
}
[WorkspaceLifecycle] Created Workspace {
  workspaceId: 'eca_5_runtime_proofs_munc9uh8',
  workspaceName: 'ECA:5 Runtime Proofs'
}
[Topology][Flow] Generating flow layout
[Topology][Flow] Nodes: 8
[Topology][Flow] Connections: 7
[Topology][Flow] Generating flow layout
[Topology][Flow] Nodes: 2
[Topology][Flow] Connections: 1
[Topology][Flow] Generating flow layout
[Topology][Flow] Nodes: 8
[Topology][Flow] Connections: 7
[Topology][Flow] Generating flow layout
[Topology][Flow] Nodes: 2
[Topology][Flow] Connections: 1
[Topology][Flow] Generating flow layout
[Topology][Flow] Nodes: 8
[Topology][Flow] Connections: 7
[Topology][Flow] Generating flow layout
[Topology][Flow] Nodes: 2
[Topology][Flow] Connections: 1
[Topology][Flow] Generating flow layout
[Topology][Flow] Nodes: 8
[Topology][Flow] Connections: 7
[Topology][Flow] Generating flow layout
[Topology][Flow] Nodes: 2
[Topology][Flow] Connections: 1
[Topology][Flow] Generating flow layout
[Topology][Flow] Nodes: 8
[Topology][Flow] Connections: 7
[Topology][Flow] Generating flow layout
[Topology][Flow] Nodes: 2
[Topology][Flow] Connections: 1
[Topology][Flow] Generating flow layout
[Topology][Flow] Nodes: 8
[Topology][Flow] Connections: 7
[Topology][Flow] Generating flow layout
[Topology][Flow] Nodes: 2
[Topology][Flow] Connections: 1
[WorkspaceRegistry][Init] {
  version: 'NW-A:1',
  workspaceCount: 1,
  activeWorkspaceId: 'demo_workspace'
}
[ActiveWorkspace][Resolved] {
  workspaceId: 'demo_workspace',
  workspaceName: 'Demo Workspace',
  status: 'active',
  createdAt: '2026-06-19T00:00:00.000Z',
  updatedAt: '2026-06-19T00:00:00.000Z',
  lastOpenedAt: '2026-06-19T00:00:00.000Z',
  domain: null,
  objectCount: null,
  dataSourceCount: null,
  metadata: { source: 'demo_runtime_migration', phase: 'NW-A:1' }
}
[WorkspaceRegistry][Mutation] {
  type: 'upsertWorkspace',
  activeWorkspaceId: 'demo_workspace',
  workspaceCount: 2
}
[ActiveWorkspace][Resolved] {
  workspaceId: 'demo_workspace',
  workspaceName: 'Demo Workspace',
  status: 'active',
  createdAt: '2026-06-19T00:00:00.000Z',
  updatedAt: '2026-06-19T00:00:00.000Z',
  lastOpenedAt: '2026-06-19T00:00:00.000Z',
  domain: null,
  objectCount: null,
  dataSourceCount: null,
  metadata: { source: 'demo_runtime_migration', phase: 'NW-A:1' }
}
[WorkspaceRegistry][Mutation] {
  type: 'setActiveWorkspace',
  activeWorkspaceId: 'eca_5_runtime_proofs_munc9uhv',
  workspaceCount: 2
}
[ActiveWorkspace][Resolved] {
  workspaceId: 'eca_5_runtime_proofs_munc9uhv',
  workspaceName: 'ECA:5 Runtime Proofs',
  status: 'active',
  createdAt: '2026-09-30T00:00:17.059Z',
  updatedAt: '2026-09-30T00:00:17.059Z',
  lastOpenedAt: '2026-09-30T00:00:17.059Z',
  domain: null,
  objectCount: 0,
  dataSourceCount: 0,
  metadata: { lifecycle: 'empty_workspace', phase: 'NW-A:3' }
}
[WorkspaceLifecycle] Created Workspace {
  workspaceId: 'eca_5_runtime_proofs_munc9uhv',
  workspaceName: 'ECA:5 Runtime Proofs'
}
[Topology][Flow] Generating flow layout
[Topology][Flow] Nodes: 8
[Topology][Flow] Connections: 7
[Topology][Flow] Generating flow layout
[Topology][Flow] Nodes: 2
[Topology][Flow] Connections: 1
[Topology][Flow] Generating flow layout
[Topology][Flow] Nodes: 8
[Topology][Flow] Connections: 7
[Topology][Flow] Generating flow layout
[Topology][Flow] Nodes: 2
[Topology][Flow] Connections: 1
[Topology][Flow] Generating flow layout
[Topology][Flow] Nodes: 8
[Topology][Flow] Connections: 7
[Topology][Flow] Generating flow layout
[Topology][Flow] Nodes: 2
[Topology][Flow] Connections: 1
✔ ECA:5 runtime — fact intake does not write (261.91075ms)
✔ ECA:5 runtime — estimate keeps uncertainty (94.035ms)
✔ ECA:5 runtime — partial cost leaves lead time open (51.845917ms)
✔ ECA:5 runtime — I don’t know is unknown (31.227333ms)
✔ ECA:5 runtime — conflict does not overwrite (74.208542ms)
✔ ECA:5 runtime — CAP_AV Yes is DATA-ADV handoff only (39.809125ms)
✔ ECA:5 runtime — scenario choice does not commit (23.767ms)
✔ ECA:5 runtime — ECA:1–4 regression on explanation (17.126584ms)
✔ ECA:5 A — Complete fact answer binds without writing (15.29875ms)
✔ ECA:5 B — Estimate preserves uncertainty (21.4455ms)
✔ ECA:5 C — Opinion is not a fact (1.64175ms)
✔ ECA:5 D — Hypothesis is not causality (0.715375ms)
✔ ECA:5 E — Partial answer leaves remaining need (0.661625ms)
✔ ECA:5 F — Multi-part answer decomposes without writes (0.964709ms)
✔ ECA:5 G — I don’t know remains unknown (0.55425ms)
✔ ECA:5 H — Skip is refusal, not a fake unknown value (0.492333ms)
✔ ECA:5 I — Unrelated response does not satisfy the pending need (0.744167ms)
✔ ECA:5 J — Yes binds to CAP_AV semantic confirmation only (0.696167ms)
✔ ECA:5 K — Stale Yes does not mutate (0.183875ms)
✔ ECA:5 L — Correction is recognized without rewriting objects (0.266375ms)
✔ ECA:5 M — Conflict with data is preserved (0.791417ms)
✔ ECA:5 N — Temporal update is not a naive contradiction (0.567208ms)
✔ ECA:5 O — Hypothetical value is not business truth (5.262584ms)
✔ ECA:5 P — Fact vs instruction route differently (1.838125ms)
✔ ECA:5 Q — Outcome claim has no Decision causality (0.46725ms)
✔ ECA:5 R — Qualified confirmation is preserved (0.339708ms)
✔ ECA:5 S — Unknown unit is not assumed to be dollars (0.263541ms)
✔ ECA:5 T — Authority isolation (0.776958ms)
✔ ECA:5 sequence 1 — Estimate then correction stays conversational (0.424209ms)
✔ ECA:5 sequence 2 — Partial cost does not close lead time (0.11175ms)
✔ ECA:5 sequence 3 — Conflict is spoken without overwrite (0.139875ms)
✔ ECA:5 sequence 4 — Unknown then compare remains unresolved (0.285875ms)
✔ ECA:5 sequence 5 — Semantic Yes hands off to DATA-ADV (0.08675ms)
✔ ECA:5 sequence 6 — Demand assumption stays hypothetical (0.082042ms)
✔ ECA:5 sequence 7 — Scenario choice does not commit (0.145584ms)
✔ ECA:5 trust inflation barrier (0.154625ms)
✔ ECA:5 ECA:4 pending need is not falsely satisfied by a new question (0.675ms)
✔ ECA:5 prompt A — Direct complete preference answer binds without Decision (0.091208ms)
✔ ECA:5 prompt B — Qualified preference preserves uncertainty (0.107583ms)
✔ ECA:5 prompt C — I don't know is valid uncertainty (0.0625ms)
✔ ECA:5 prompt D — Explicit new request is NOT_AN_ANSWER to CAP_AV (0.066875ms)
✔ ECA:5 prompt E — CAP_AV semantic answer hands off without ECA:5 write (0.073375ms)
✔ ECA:5 prompt F — Uncertain Data meaning is not CONFIRMED (0.152458ms)
✔ ECA:5 prompt G — Causal assertion is not confirmed causality (0.088792ms)
✔ ECA:5 prompt H — Preference does not create Decision (0.113ms)
✔ ECA:5 prompt I — Explicit Decision approval routes to CC:10 only as handoff (0.063ms)
✔ ECA:5 prompt J — Readiness Yes does not start Execution (0.049416ms)
✔ ECA:5 prompt K — Explicit Start routes to CC:11 without ECA:5 write (0.102583ms)
✔ ECA:5 prompt L — Proposal confirmation binds without Risk write by ECA:5 (0.058709ms)
✔ ECA:5 prompt M — Stale confirmation does not mutate (0.045666ms)
✔ ECA:5 prompt N — Correction recognized without overwrite (0.107292ms)
✔ ECA:5 prompt O — Partial conditional preference is not flattened (0.09825ms)
✔ ECA:5 prompt P — Ordinal clarification can bind second subject conversationally (0.065166ms)
✔ ECA:5 prompt Q — Ambiguous response does not guess (0.07725ms)
✔ ECA:5 prompt R — Outcome observation is not causal proof (0.201708ms)
✔ ECA:5 prompt S — Explicit subject switch outranks pending question (0.123042ms)
✔ ECA:5 prompt T — ECA:5 performs zero direct domain writes (0.195208ms)
✔ ECA:5 prompt multi-turn 1 — Preference then recommendation stays non-Decision (0.107958ms)
✔ ECA:5 prompt multi-turn 2 — Uncertain CAP_AV meaning preserves qualification (0.112125ms)
✔ ECA:5 prompt multi-turn 3 — Why then Add it keeps Risk handoff only (0.111625ms)
✔ ECA:5 prompt multi-turn 4 — Preference → readiness Yes → no Execution; Start is handoff only (0.174417ms)
[WorkspaceRegistry][Init] {
  version: 'NW-A:1',
  workspaceCount: 1,
  activeWorkspaceId: 'demo_workspace'
}
[ActiveWorkspace][Resolved] {
  workspaceId: 'demo_workspace',
  workspaceName: 'Demo Workspace',
  status: 'active',
  createdAt: '2026-06-19T00:00:00.000Z',
  updatedAt: '2026-06-19T00:00:00.000Z',
  lastOpenedAt: '2026-06-19T00:00:00.000Z',
  domain: null,
  objectCount: null,
  dataSourceCount: null,
  metadata: { source: 'demo_runtime_migration', phase: 'NW-A:1' }
}
[WorkspaceRegistry][Mutation] {
  type: 'upsertWorkspace',
  activeWorkspaceId: 'demo_workspace',
  workspaceCount: 2
}
[ActiveWorkspace][Resolved] {
  workspaceId: 'demo_workspace',
  workspaceName: 'Demo Workspace',
  status: 'active',
  createdAt: '2026-06-19T00:00:00.000Z',
  updatedAt: '2026-06-19T00:00:00.000Z',
  lastOpenedAt: '2026-06-19T00:00:00.000Z',
  domain: null,
  objectCount: null,
  dataSourceCount: null,
  metadata: { source: 'demo_runtime_migration', phase: 'NW-A:1' }
}
[WorkspaceRegistry][Mutation] {
  type: 'setActiveWorkspace',
  activeWorkspaceId: 'eca_8_runtime_proofs_munc9u1e',
  workspaceCount: 2
}
[ActiveWorkspace][Resolved] {
  workspaceId: 'eca_8_runtime_proofs_munc9u1e',
  workspaceName: 'ECA:8 Runtime Proofs',
  status: 'active',
  createdAt: '2026-09-30T00:00:16.465Z',
  updatedAt: '2026-09-30T00:00:16.465Z',
  lastOpenedAt: '2026-09-30T00:00:16.465Z',
  domain: null,
  objectCount: 0,
  dataSourceCount: 0,
  metadata: { lifecycle: 'empty_workspace', phase: 'NW-A:3' }
}
[WorkspaceLifecycle] Created Workspace {
  workspaceId: 'eca_8_runtime_proofs_munc9u1e',
  workspaceName: 'ECA:8 Runtime Proofs'
}
[Topology][Flow] Generating flow layout
[Topology][Flow] Nodes: 8
[Topology][Flow] Connections: 7
[Topology][Flow] Generating flow layout
[Topology][Flow] Nodes: 2
[Topology][Flow] Connections: 1
[Topology][Flow] Generating flow layout
[Topology][Flow] Nodes: 8
[Topology][Flow] Connections: 7
[Topology][Flow] Generating flow layout
[Topology][Flow] Nodes: 2
[Topology][Flow] Connections: 1
[Topology][Flow] Generating flow layout
[Topology][Flow] Nodes: 8
[Topology][Flow] Connections: 7
[Topology][Flow] Generating flow layout
[Topology][Flow] Nodes: 2
[Topology][Flow] Connections: 1
[WorkspaceRegistry][Init] {
  version: 'NW-A:1',
  workspaceCount: 1,
  activeWorkspaceId: 'demo_workspace'
}
[ActiveWorkspace][Resolved] {
  workspaceId: 'demo_workspace',
  workspaceName: 'Demo Workspace',
  status: 'active',
  createdAt: '2026-06-19T00:00:00.000Z',
  updatedAt: '2026-06-19T00:00:00.000Z',
  lastOpenedAt: '2026-06-19T00:00:00.000Z',
  domain: null,
  objectCount: null,
  dataSourceCount: null,
  metadata: { source: 'demo_runtime_migration', phase: 'NW-A:1' }
}
[WorkspaceRegistry][Mutation] {
  type: 'upsertWorkspace',
  activeWorkspaceId: 'demo_workspace',
  workspaceCount: 2
}
[ActiveWorkspace][Resolved] {
  workspaceId: 'demo_workspace',
  workspaceName: 'Demo Workspace',
  status: 'active',
  createdAt: '2026-06-19T00:00:00.000Z',
  updatedAt: '2026-06-19T00:00:00.000Z',
  lastOpenedAt: '2026-06-19T00:00:00.000Z',
  domain: null,
  objectCount: null,
  dataSourceCount: null,
  metadata: { source: 'demo_runtime_migration', phase: 'NW-A:1' }
}
[WorkspaceRegistry][Mutation] {
  type: 'setActiveWorkspace',
  activeWorkspaceId: 'eca_8_runtime_proofs_munc9u7v',
  workspaceCount: 2
}
[ActiveWorkspace][Resolved] {
  workspaceId: 'eca_8_runtime_proofs_munc9u7v',
  workspaceName: 'ECA:8 Runtime Proofs',
  status: 'active',
  createdAt: '2026-09-30T00:00:16.699Z',
  updatedAt: '2026-09-30T00:00:16.699Z',
  lastOpenedAt: '2026-09-30T00:00:16.699Z',
  domain: null,
  objectCount: 0,
  dataSourceCount: 0,
  metadata: { lifecycle: 'empty_workspace', phase: 'NW-A:3' }
}
[WorkspaceLifecycle] Created Workspace {
  workspaceId: 'eca_8_runtime_proofs_munc9u7v',
  workspaceName: 'ECA:8 Runtime Proofs'
}
[Topology][Flow] Generating flow layout
[Topology][Flow] Nodes: 8
[Topology][Flow] Connections: 7
[Topology][Flow] Generating flow layout
[Topology][Flow] Nodes: 2
[Topology][Flow] Connections: 1
[Topology][Flow] Generating flow layout
[Topology][Flow] Nodes: 8
[Topology][Flow] Connections: 7
[Topology][Flow] Generating flow layout
[Topology][Flow] Nodes: 2
[Topology][Flow] Connections: 1
[Topology][Flow] Generating flow layout
[Topology][Flow] Nodes: 8
[Topology][Flow] Connections: 7
[Topology][Flow] Generating flow layout
[Topology][Flow] Nodes: 2
[Topology][Flow] Connections: 1
[Topology][Flow] Generating flow layout
[Topology][Flow] Nodes: 8
[Topology][Flow] Connections: 7
[Topology][Flow] Generating flow layout
[Topology][Flow] Nodes: 2
[Topology][Flow] Connections: 1
[Topology][Flow] Generating flow layout
[Topology][Flow] Nodes: 8
[Topology][Flow] Connections: 7
[Topology][Flow] Generating flow layout
[Topology][Flow] Nodes: 2
[Topology][Flow] Connections: 1
[Topology][Flow] Generating flow layout
[Topology][Flow] Nodes: 8
[Topology][Flow] Connections: 7
[Topology][Flow] Generating flow layout
[Topology][Flow] Nodes: 2
[Topology][Flow] Connections: 1
[WorkspaceRegistry][Init] {
  version: 'NW-A:1',
  workspaceCount: 1,
  activeWorkspaceId: 'demo_workspace'
}
[ActiveWorkspace][Resolved] {
  workspaceId: 'demo_workspace',
  workspaceName: 'Demo Workspace',
  status: 'active',
  createdAt: '2026-06-19T00:00:00.000Z',
  updatedAt: '2026-06-19T00:00:00.000Z',
  lastOpenedAt: '2026-06-19T00:00:00.000Z',
  domain: null,
  objectCount: null,
  dataSourceCount: null,
  metadata: { source: 'demo_runtime_migration', phase: 'NW-A:1' }
}
[WorkspaceRegistry][Mutation] {
  type: 'upsertWorkspace',
  activeWorkspaceId: 'demo_workspace',
  workspaceCount: 2
}
[ActiveWorkspace][Resolved] {
  workspaceId: 'demo_workspace',
  workspaceName: 'Demo Workspace',
  status: 'active',
  createdAt: '2026-06-19T00:00:00.000Z',
  updatedAt: '2026-06-19T00:00:00.000Z',
  lastOpenedAt: '2026-06-19T00:00:00.000Z',
  domain: null,
  objectCount: null,
  dataSourceCount: null,
  metadata: { source: 'demo_runtime_migration', phase: 'NW-A:1' }
}
[WorkspaceRegistry][Mutation] {
  type: 'setActiveWorkspace',
  activeWorkspaceId: 'eca_8_runtime_proofs_munc9ub5',
  workspaceCount: 2
}
[ActiveWorkspace][Resolved] {
  workspaceId: 'eca_8_runtime_proofs_munc9ub5',
  workspaceName: 'ECA:8 Runtime Proofs',
  status: 'active',
  createdAt: '2026-09-30T00:00:16.817Z',
  updatedAt: '2026-09-30T00:00:16.817Z',
  lastOpenedAt: '2026-09-30T00:00:16.817Z',
  domain: null,
  objectCount: 0,
  dataSourceCount: 0,
  metadata: { lifecycle: 'empty_workspace', phase: 'NW-A:3' }
}
[WorkspaceLifecycle] Created Workspace {
  workspaceId: 'eca_8_runtime_proofs_munc9ub5',
  workspaceName: 'ECA:8 Runtime Proofs'
}
[Topology][Flow] Generating flow layout
[Topology][Flow] Nodes: 8
[Topology][Flow] Connections: 7
[Topology][Flow] Generating flow layout
[Topology][Flow] Nodes: 2
[Topology][Flow] Connections: 1
[Topology][Flow] Generating flow layout
[Topology][Flow] Nodes: 8
[Topology][Flow] Connections: 7
[Topology][Flow] Generating flow layout
[Topology][Flow] Nodes: 2
[Topology][Flow] Connections: 1
[Topology][Flow] Generating flow layout
[Topology][Flow] Nodes: 8
[Topology][Flow] Connections: 7
[Topology][Flow] Generating flow layout
[Topology][Flow] Nodes: 2
[Topology][Flow] Connections: 1
[WorkspaceRegistry][Init] {
  version: 'NW-A:1',
  workspaceCount: 1,
  activeWorkspaceId: 'demo_workspace'
}
[ActiveWorkspace][Resolved] {
  workspaceId: 'demo_workspace',
  workspaceName: 'Demo Workspace',
  status: 'active',
  createdAt: '2026-06-19T00:00:00.000Z',
  updatedAt: '2026-06-19T00:00:00.000Z',
  lastOpenedAt: '2026-06-19T00:00:00.000Z',
  domain: null,
  objectCount: null,
  dataSourceCount: null,
  metadata: { source: 'demo_runtime_migration', phase: 'NW-A:1' }
}
[WorkspaceRegistry][Mutation] {
  type: 'upsertWorkspace',
  activeWorkspaceId: 'demo_workspace',
  workspaceCount: 2
}
[ActiveWorkspace][Resolved] {
  workspaceId: 'demo_workspace',
  workspaceName: 'Demo Workspace',
  status: 'active',
  createdAt: '2026-06-19T00:00:00.000Z',
  updatedAt: '2026-06-19T00:00:00.000Z',
  lastOpenedAt: '2026-06-19T00:00:00.000Z',
  domain: null,
  objectCount: null,
  dataSourceCount: null,
  metadata: { source: 'demo_runtime_migration', phase: 'NW-A:1' }
}
[WorkspaceRegistry][Mutation] {
  type: 'setActiveWorkspace',
  activeWorkspaceId: 'eca_8_runtime_proofs_munc9ubz',
  workspaceCount: 2
}
[ActiveWorkspace][Resolved] {
  workspaceId: 'eca_8_runtime_proofs_munc9ubz',
  workspaceName: 'ECA:8 Runtime Proofs',
  status: 'active',
  createdAt: '2026-09-30T00:00:16.847Z',
  updatedAt: '2026-09-30T00:00:16.847Z',
  lastOpenedAt: '2026-09-30T00:00:16.847Z',
  domain: null,
  objectCount: 0,
  dataSourceCount: 0,
  metadata: { lifecycle: 'empty_workspace', phase: 'NW-A:3' }
}
[WorkspaceLifecycle] Created Workspace {
  workspaceId: 'eca_8_runtime_proofs_munc9ubz',
  workspaceName: 'ECA:8 Runtime Proofs'
}
[Topology][Flow] Generating flow layout
[Topology][Flow] Nodes: 8
[Topology][Flow] Connections: 7
[Topology][Flow] Generating flow layout
[Topology][Flow] Nodes: 2
[Topology][Flow] Connections: 1
[Topology][Flow] Generating flow layout
[Topology][Flow] Nodes: 8
[Topology][Flow] Connections: 7
[Topology][Flow] Generating flow layout
[Topology][Flow] Nodes: 2
[Topology][Flow] Connections: 1
[Topology][Flow] Generating flow layout
[Topology][Flow] Nodes: 8
[Topology][Flow] Connections: 7
[Topology][Flow] Generating flow layout
[Topology][Flow] Nodes: 2
[Topology][Flow] Connections: 1
[Topology][Flow] Generating flow layout
[Topology][Flow] Nodes: 8
[Topology][Flow] Connections: 7
[Topology][Flow] Generating flow layout
[Topology][Flow] Nodes: 2
[Topology][Flow] Connections: 1
[Topology][Flow] Generating flow layout
[Topology][Flow] Nodes: 8
[Topology][Flow] Connections: 7
[Topology][Flow] Generating flow layout
[Topology][Flow] Nodes: 2
[Topology][Flow] Connections: 1
[Topology][Flow] Generating flow layout
[Topology][Flow] Nodes: 8
[Topology][Flow] Connections: 7
[Topology][Flow] Generating flow layout
[Topology][Flow] Nodes: 2
[Topology][Flow] Connections: 1
[WorkspaceRegistry][Init] {
  version: 'NW-A:1',
  workspaceCount: 1,
  activeWorkspaceId: 'demo_workspace'
}
[ActiveWorkspace][Resolved] {
  workspaceId: 'demo_workspace',
  workspaceName: 'Demo Workspace',
  status: 'active',
  createdAt: '2026-06-19T00:00:00.000Z',
  updatedAt: '2026-06-19T00:00:00.000Z',
  lastOpenedAt: '2026-06-19T00:00:00.000Z',
  domain: null,
  objectCount: null,
  dataSourceCount: null,
  metadata: { source: 'demo_runtime_migration', phase: 'NW-A:1' }
}
[WorkspaceRegistry][Mutation] {
  type: 'upsertWorkspace',
  activeWorkspaceId: 'demo_workspace',
  workspaceCount: 2
}
[ActiveWorkspace][Resolved] {
  workspaceId: 'demo_workspace',
  workspaceName: 'Demo Workspace',
  status: 'active',
  createdAt: '2026-06-19T00:00:00.000Z',
  updatedAt: '2026-06-19T00:00:00.000Z',
  lastOpenedAt: '2026-06-19T00:00:00.000Z',
  domain: null,
  objectCount: null,
  dataSourceCount: null,
  metadata: { source: 'demo_runtime_migration', phase: 'NW-A:1' }
}
[WorkspaceRegistry][Mutation] {
  type: 'setActiveWorkspace',
  activeWorkspaceId: 'eca_8_runtime_proofs_munc9udc',
  workspaceCount: 2
}
[ActiveWorkspace][Resolved] {
  workspaceId: 'eca_8_runtime_proofs_munc9udc',
  workspaceName: 'ECA:8 Runtime Proofs',
  status: 'active',
  createdAt: '2026-09-30T00:00:16.896Z',
  updatedAt: '2026-09-30T00:00:16.896Z',
  lastOpenedAt: '2026-09-30T00:00:16.896Z',
  domain: null,
  objectCount: 0,
  dataSourceCount: 0,
  metadata: { lifecycle: 'empty_workspace', phase: 'NW-A:3' }
}
[WorkspaceLifecycle] Created Workspace {
  workspaceId: 'eca_8_runtime_proofs_munc9udc',
  workspaceName: 'ECA:8 Runtime Proofs'
}
[Topology][Flow] Generating flow layout
[Topology][Flow] Nodes: 8
[Topology][Flow] Connections: 7
[Topology][Flow] Generating flow layout
[Topology][Flow] Nodes: 2
[Topology][Flow] Connections: 1
[Topology][Flow] Generating flow layout
[Topology][Flow] Nodes: 8
[Topology][Flow] Connections: 7
[Topology][Flow] Generating flow layout
[Topology][Flow] Nodes: 2
[Topology][Flow] Connections: 1
[Topology][Flow] Generating flow layout
[Topology][Flow] Nodes: 8
[Topology][Flow] Connections: 7
[Topology][Flow] Generating flow layout
[Topology][Flow] Nodes: 2
[Topology][Flow] Connections: 1
[Topology][Flow] Generating flow layout
[Topology][Flow] Nodes: 8
[Topology][Flow] Connections: 7
[Topology][Flow] Generating flow layout
[Topology][Flow] Nodes: 2
[Topology][Flow] Connections: 1
[Topology][Flow] Generating flow layout
[Topology][Flow] Nodes: 8
[Topology][Flow] Connections: 7
[Topology][Flow] Generating flow layout
[Topology][Flow] Nodes: 2
[Topology][Flow] Connections: 1
[Topology][Flow] Generating flow layout
[Topology][Flow] Nodes: 8
[Topology][Flow] Connections: 7
[Topology][Flow] Generating flow layout
[Topology][Flow] Nodes: 2
[Topology][Flow] Connections: 1
[Topology][Flow] Generating flow layout
[Topology][Flow] Nodes: 8
[Topology][Flow] Connections: 7
[Topology][Flow] Generating flow layout
[Topology][Flow] Nodes: 2
[Topology][Flow] Connections: 1
[Topology][Flow] Generating flow layout
[Topology][Flow] Nodes: 8
[Topology][Flow] Connections: 7
[Topology][Flow] Generating flow layout
[Topology][Flow] Nodes: 2
[Topology][Flow] Connections: 1
[Topology][Flow] Generating flow layout
[Topology][Flow] Nodes: 8
[Topology][Flow] Connections: 7
[Topology][Flow] Generating flow layout
[Topology][Flow] Nodes: 2
[Topology][Flow] Connections: 1
[WorkspaceRegistry][Init] {
  version: 'NW-A:1',
  workspaceCount: 1,
  activeWorkspaceId: 'demo_workspace'
}
[ActiveWorkspace][Resolved] {
  workspaceId: 'demo_workspace',
  workspaceName: 'Demo Workspace',
  status: 'active',
  createdAt: '2026-06-19T00:00:00.000Z',
  updatedAt: '2026-06-19T00:00:00.000Z',
  lastOpenedAt: '2026-06-19T00:00:00.000Z',
  domain: null,
  objectCount: null,
  dataSourceCount: null,
  metadata: { source: 'demo_runtime_migration', phase: 'NW-A:1' }
}
[WorkspaceRegistry][Mutation] {
  type: 'upsertWorkspace',
  activeWorkspaceId: 'demo_workspace',
  workspaceCount: 2
}
[ActiveWorkspace][Resolved] {
  workspaceId: 'demo_workspace',
  workspaceName: 'Demo Workspace',
  status: 'active',
  createdAt: '2026-06-19T00:00:00.000Z',
  updatedAt: '2026-06-19T00:00:00.000Z',
  lastOpenedAt: '2026-06-19T00:00:00.000Z',
  domain: null,
  objectCount: null,
  dataSourceCount: null,
  metadata: { source: 'demo_runtime_migration', phase: 'NW-A:1' }
}
[WorkspaceRegistry][Mutation] {
  type: 'setActiveWorkspace',
  activeWorkspaceId: 'eca_8_runtime_proofs_munc9ufh',
  workspaceCount: 2
}
[ActiveWorkspace][Resolved] {
  workspaceId: 'eca_8_runtime_proofs_munc9ufh',
  workspaceName: 'ECA:8 Runtime Proofs',
  status: 'active',
  createdAt: '2026-09-30T00:00:16.973Z',
  updatedAt: '2026-09-30T00:00:16.973Z',
  lastOpenedAt: '2026-09-30T00:00:16.973Z',
  domain: null,
  objectCount: 0,
  dataSourceCount: 0,
  metadata: { lifecycle: 'empty_workspace', phase: 'NW-A:3' }
}
[WorkspaceLifecycle] Created Workspace {
  workspaceId: 'eca_8_runtime_proofs_munc9ufh',
  workspaceName: 'ECA:8 Runtime Proofs'
}
[Topology][Flow] Generating flow layout
[Topology][Flow] Nodes: 8
[Topology][Flow] Connections: 7
[Topology][Flow] Generating flow layout
[Topology][Flow] Nodes: 2
[Topology][Flow] Connections: 1
[Topology][Flow] Generating flow layout
[Topology][Flow] Nodes: 8
[Topology][Flow] Connections: 7
[Topology][Flow] Generating flow layout
[Topology][Flow] Nodes: 2
[Topology][Flow] Connections: 1
[Topology][Flow] Generating flow layout
[Topology][Flow] Nodes: 8
[Topology][Flow] Connections: 7
[Topology][Flow] Generating flow layout
[Topology][Flow] Nodes: 2
[Topology][Flow] Connections: 1
[Topology][Flow] Generating flow layout
[Topology][Flow] Nodes: 8
[Topology][Flow] Connections: 7
[Topology][Flow] Generating flow layout
[Topology][Flow] Nodes: 2
[Topology][Flow] Connections: 1
[Topology][Flow] Generating flow layout
[Topology][Flow] Nodes: 8
[Topology][Flow] Connections: 7
[Topology][Flow] Generating flow layout
[Topology][Flow] Nodes: 2
[Topology][Flow] Connections: 1
[Topology][Flow] Generating flow layout
[Topology][Flow] Nodes: 8
[Topology][Flow] Connections: 7
[Topology][Flow] Generating flow layout
[Topology][Flow] Nodes: 2
[Topology][Flow] Connections: 1
[WorkspaceRegistry][Init] {
  version: 'NW-A:1',
  workspaceCount: 1,
  activeWorkspaceId: 'demo_workspace'
}
[ActiveWorkspace][Resolved] {
  workspaceId: 'demo_workspace',
  workspaceName: 'Demo Workspace',
  status: 'active',
  createdAt: '2026-06-19T00:00:00.000Z',
  updatedAt: '2026-06-19T00:00:00.000Z',
  lastOpenedAt: '2026-06-19T00:00:00.000Z',
  domain: null,
  objectCount: null,
  dataSourceCount: null,
  metadata: { source: 'demo_runtime_migration', phase: 'NW-A:1' }
}
[WorkspaceRegistry][Mutation] {
  type: 'upsertWorkspace',
  activeWorkspaceId: 'demo_workspace',
  workspaceCount: 2
}
[ActiveWorkspace][Resolved] {
  workspaceId: 'demo_workspace',
  workspaceName: 'Demo Workspace',
  status: 'active',
  createdAt: '2026-06-19T00:00:00.000Z',
  updatedAt: '2026-06-19T00:00:00.000Z',
  lastOpenedAt: '2026-06-19T00:00:00.000Z',
  domain: null,
  objectCount: null,
  dataSourceCount: null,
  metadata: { source: 'demo_runtime_migration', phase: 'NW-A:1' }
}
[WorkspaceRegistry][Mutation] {
  type: 'setActiveWorkspace',
  activeWorkspaceId: 'eca_8_runtime_proofs_munc9ugf',
  workspaceCount: 2
}
[ActiveWorkspace][Resolved] {
  workspaceId: 'eca_8_runtime_proofs_munc9ugf',
  workspaceName: 'ECA:8 Runtime Proofs',
  status: 'active',
  createdAt: '2026-09-30T00:00:17.007Z',
  updatedAt: '2026-09-30T00:00:17.007Z',
  lastOpenedAt: '2026-09-30T00:00:17.007Z',
  domain: null,
  objectCount: 0,
  dataSourceCount: 0,
  metadata: { lifecycle: 'empty_workspace', phase: 'NW-A:3' }
}
[WorkspaceLifecycle] Created Workspace {
  workspaceId: 'eca_8_runtime_proofs_munc9ugf',
  workspaceName: 'ECA:8 Runtime Proofs'
}
[Topology][Flow] Generating flow layout
[Topology][Flow] Nodes: 8
[Topology][Flow] Connections: 7
[Topology][Flow] Generating flow layout
[Topology][Flow] Nodes: 2
[Topology][Flow] Connections: 1
[Topology][Flow] Generating flow layout
[Topology][Flow] Nodes: 8
[Topology][Flow] Connections: 7
[Topology][Flow] Generating flow layout
[Topology][Flow] Nodes: 2
[Topology][Flow] Connections: 1
[Topology][Flow] Generating flow layout
[Topology][Flow] Nodes: 8
[Topology][Flow] Connections: 7
[Topology][Flow] Generating flow layout
[Topology][Flow] Nodes: 2
[Topology][Flow] Connections: 1
✔ ECA:8 runtime — preference is not a Decision (235.981375ms)
✔ ECA:8 runtime — explicit choose hands off, does not write (117.065ms)
✔ ECA:8 runtime — generic Yes does not commit (30.58325ms)
✔ ECA:8 runtime — ambiguous it does not bind Stage focus (48.693834ms)
✔ ECA:8 runtime — I agree is not a Decision (76.807125ms)
✔ ECA:8 runtime — Decision confirmation does not start Execution (34.089708ms)
✔ ECA:8 runtime — ECA:1–7 identities remain (40.498ms)
✔ ECA:8 A — Preference is not commitment (18.960875ms)
✔ ECA:8 B — Explicit commitment (9.780417ms)
✔ ECA:8 C — Generic Yes without pending (2.349833ms)
✔ ECA:8 D — Yes with pending confirmation (2.438667ms)
✔ ECA:8 E — Ambiguous it (0.6475ms)
✔ ECA:8 F — Recommendation acceptance is not Decision (0.5025ms)
✔ ECA:8 G — Critical unknown challenge (0.402041ms)
✔ ECA:8 H — Acknowledged uncertainty does not repeat (0.577166ms)
✔ ECA:8 I — Manager rejects recommendation (0.284417ms)
✔ ECA:8 J — Criteria change challenges stale confirm (9.032708ms)
✔ ECA:8 K — Conflict challenge (0.604542ms)
✔ ECA:8 L — Cancel (0.7575ms)
✔ ECA:8 M — Change target before confirmation (1.067ms)
✔ ECA:8 N — Duplicate confirm does not write twice (0.798666ms)
✔ ECA:8 O — Existing Decision (0.333792ms)
✔ ECA:8 P — Decision vs Execution (0.485708ms)
✔ ECA:8 Q — Navigation is not commitment (0.243459ms)
✔ ECA:8 R — Refresh then Yes is stale (0.209959ms)
✔ ECA:8 S — Do it is not a Decision default (0.217333ms)
✔ ECA:8 T — Authority isolation (0.287042ms)
✔ ECA:8 sequence 1 — preference to commitment (1.918542ms)
✔ ECA:8 sequence 2 — I agree then choose it (0.682959ms)
✔ ECA:8 sequence 3 — challenge then acknowledge (3.512167ms)
✔ ECA:8 sequence 4 — reject recommendation (0.615334ms)
✔ ECA:8 sequence 5 — ambiguous choose it (0.610875ms)
✔ ECA:8 sequence 6 — change before confirm (0.709292ms)
✔ ECA:8 sequence 7 — Decision does not start Execution (1.048334ms)
✔ ECA:8 sequence 8 — refresh safety (0.692125ms)
✔ ECA:8 overlay what-am-I-approving (0.376875ms)
✔ ECA:8 prompt A — Preference only (0.148292ms)
✔ ECA:8 prompt B — Positive evaluation is not commitment (0.108833ms)
✔ ECA:8 prompt C — Explicit commitment hands off only (0.161916ms)
✔ ECA:8 prompt D — READY without commitment (0.184791ms)
✔ ECA:8 prompt E — Material challenge when approaching commitment (0.137958ms)
✔ ECA:8 prompt F — No invented challenge when READY (0.134333ms)
✔ ECA:8 prompt G — One challenge only (0.131792ms)
✔ ECA:8 prompt H — Challenge Yes resolves without Decision (0.174584ms)
✔ ECA:8 prompt I — Challenge No blocks commitment (0.160375ms)
✔ ECA:8 prompt J — Accept uncertainty ≠ resolve uncertainty (0.197792ms)
✔ ECA:8 prompt K — CAP_AV safety on risk acceptance (0.220125ms)
✔ ECA:8 prompt L — Preference conflicts with recommendation (0.139708ms)
✔ ECA:8 prompt M — Challenge answered once then commitment (0.247583ms)
✔ ECA:8 prompt N — New material evidence may reopen challenge (0.325875ms)
✔ ECA:8 prompt O — Ambiguous Approve it (0.124334ms)
✔ ECA:8 prompt P — Safe Approve with bound candidate (0.115875ms)
✔ ECA:8 prompt Q — Stale approval after subject switch (0.308541ms)
✔ ECA:8 prompt R — Cancellation (0.204166ms)
✔ ECA:8 prompt S — Existing Decision protected (0.412625ms)
✔ ECA:8 prompt T — Decision identity preserved (0.130125ms)
✔ ECA:8 prompt U — Recommendation ≠ commitment (0.113ms)
✔ ECA:8 prompt V — Readiness ≠ commitment (0.099833ms)
✔ ECA:8 prompt W — Decision ≠ Execution (0.144208ms)
✔ ECA:8 prompt X — No duplicate engine (0.072292ms)
✔ ECA:8 prompt Y — Zero ECA Decision writes across samples (0.447667ms)
✔ ECA:8 prompt Z — Explicit intent wins over commitment dialogue (0.281041ms)
✔ ECA:8 prompt multi-turn 1 — Recommendation → preference → check (0.282667ms)
✔ ECA:8 prompt multi-turn 2 — Challenge → acceptance → commitment (0.300208ms)
✔ ECA:8 prompt multi-turn 3 — Challenge rejection (1.254958ms)
✔ ECA:8 prompt multi-turn 4 — Stale commitment protection (0.770375ms)
✔ ECA:MAINT-1 A — Exact observed failure: commitment review binds current candidate (0.568417ms)
✔ ECA:MAINT-1 B — Semantic variant: what exactly am I approving (0.287792ms)
✔ ECA:MAINT-1 C — Recommendation distinction (0.398709ms)
✔ ECA:MAINT-1 D — Explicit commitment preserved (0.398042ms)
✔ ECA:MAINT-1 E — Execution distinction: Start it is not commitment review (0.493042ms)
✔ ECA:MAINT-1 F — No candidate clarifies without fabrication (0.297792ms)
✔ ECA:MAINT-1 G — Multiple candidates clarify (0.314292ms)
✔ ECA:MAINT-1 H — Stale Outcome context: commitment candidate wins (0.265916ms)
✔ ECA:MAINT-1 I — Subject fidelity stays on Capacity candidate (0.682375ms)
✔ ECA:MAINT-1 J — Mutation safety on commitment review (0.346375ms)
✔ ECA:8 SYS:1-FIX2 — deictic proceed binds pending preference, not the recommendation (0.989167ms)
[WorkspaceRegistry][Init] {
  version: 'NW-A:1',
  workspaceCount: 1,
  activeWorkspaceId: 'demo_workspace'
}
[ActiveWorkspace][Resolved] {
  workspaceId: 'demo_workspace',
  workspaceName: 'Demo Workspace',
  status: 'active',
  createdAt: '2026-06-19T00:00:00.000Z',
  updatedAt: '2026-06-19T00:00:00.000Z',
  lastOpenedAt: '2026-06-19T00:00:00.000Z',
  domain: null,
  objectCount: null,
  dataSourceCount: null,
  metadata: { source: 'demo_runtime_migration', phase: 'NW-A:1' }
}
[WorkspaceRegistry][Mutation] {
  type: 'upsertWorkspace',
  activeWorkspaceId: 'demo_workspace',
  workspaceCount: 2
}
[ActiveWorkspace][Resolved] {
  workspaceId: 'demo_workspace',
  workspaceName: 'Demo Workspace',
  status: 'active',
  createdAt: '2026-06-19T00:00:00.000Z',
  updatedAt: '2026-06-19T00:00:00.000Z',
  lastOpenedAt: '2026-06-19T00:00:00.000Z',
  domain: null,
  objectCount: null,
  dataSourceCount: null,
  metadata: { source: 'demo_runtime_migration', phase: 'NW-A:1' }
}
[WorkspaceRegistry][Mutation] {
  type: 'setActiveWorkspace',
  activeWorkspaceId: 'eca_6_runtime_proofs_munc9u39',
  workspaceCount: 2
}
[ActiveWorkspace][Resolved] {
  workspaceId: 'eca_6_runtime_proofs_munc9u39',
  workspaceName: 'ECA:6 Runtime Proofs',
  status: 'active',
  createdAt: '2026-09-30T00:00:16.532Z',
  updatedAt: '2026-09-30T00:00:16.532Z',
  lastOpenedAt: '2026-09-30T00:00:16.532Z',
  domain: null,
  objectCount: 0,
  dataSourceCount: 0,
  metadata: { lifecycle: 'empty_workspace', phase: 'NW-A:3' }
}
[WorkspaceLifecycle] Created Workspace {
  workspaceId: 'eca_6_runtime_proofs_munc9u39',
  workspaceName: 'ECA:6 Runtime Proofs'
}
[Topology][Flow] Generating flow layout
[Topology][Flow] Nodes: 8
[Topology][Flow] Connections: 7
[Topology][Flow] Generating flow layout
[Topology][Flow] Nodes: 2
[Topology][Flow] Connections: 1
[Topology][Flow] Generating flow layout
[Topology][Flow] Nodes: 8
[Topology][Flow] Connections: 7
[Topology][Flow] Generating flow layout
[Topology][Flow] Nodes: 2
[Topology][Flow] Connections: 1
[Topology][Flow] Generating flow layout
[Topology][Flow] Nodes: 8
[Topology][Flow] Connections: 7
[Topology][Flow] Generating flow layout
[Topology][Flow] Nodes: 2
[Topology][Flow] Connections: 1
[Topology][Flow] Generating flow layout
[Topology][Flow] Nodes: 8
[Topology][Flow] Connections: 7
[Topology][Flow] Generating flow layout
[Topology][Flow] Nodes: 2
[Topology][Flow] Connections: 1
[Topology][Flow] Generating flow layout
[Topology][Flow] Nodes: 8
[Topology][Flow] Connections: 7
[Topology][Flow] Generating flow layout
[Topology][Flow] Nodes: 2
[Topology][Flow] Connections: 1
[Topology][Flow] Generating flow layout
[Topology][Flow] Nodes: 8
[Topology][Flow] Connections: 7
[Topology][Flow] Generating flow layout
[Topology][Flow] Nodes: 2
[Topology][Flow] Connections: 1
[Topology][Flow] Generating flow layout
[Topology][Flow] Nodes: 8
[Topology][Flow] Connections: 7
[Topology][Flow] Generating flow layout
[Topology][Flow] Nodes: 2
[Topology][Flow] Connections: 1
[Topology][Flow] Generating flow layout
[Topology][Flow] Nodes: 8
[Topology][Flow] Connections: 7
[Topology][Flow] Generating flow layout
[Topology][Flow] Nodes: 2
[Topology][Flow] Connections: 1
[Topology][Flow] Generating flow layout
[Topology][Flow] Nodes: 8
[Topology][Flow] Connections: 7
[Topology][Hub] Generating hub layout
[Topology][Hub] Hub: Capacity
[Topology][Hub] Satellites: 5
[Topology][Hub] Connections: 5
[WorkspaceRegistry][Init] {
  version: 'NW-A:1',
  workspaceCount: 1,
  activeWorkspaceId: 'demo_workspace'
}
[ActiveWorkspace][Resolved] {
  workspaceId: 'demo_workspace',
  workspaceName: 'Demo Workspace',
  status: 'active',
  createdAt: '2026-06-19T00:00:00.000Z',
  updatedAt: '2026-06-19T00:00:00.000Z',
  lastOpenedAt: '2026-06-19T00:00:00.000Z',
  domain: null,
  objectCount: null,
  dataSourceCount: null,
  metadata: { source: 'demo_runtime_migration', phase: 'NW-A:1' }
}
[WorkspaceRegistry][Mutation] {
  type: 'upsertWorkspace',
  activeWorkspaceId: 'demo_workspace',
  workspaceCount: 2
}
[ActiveWorkspace][Resolved] {
  workspaceId: 'demo_workspace',
  workspaceName: 'Demo Workspace',
  status: 'active',
  createdAt: '2026-06-19T00:00:00.000Z',
  updatedAt: '2026-06-19T00:00:00.000Z',
  lastOpenedAt: '2026-06-19T00:00:00.000Z',
  domain: null,
  objectCount: null,
  dataSourceCount: null,
  metadata: { source: 'demo_runtime_migration', phase: 'NW-A:1' }
}
[WorkspaceRegistry][Mutation] {
  type: 'setActiveWorkspace',
  activeWorkspaceId: 'eca_6_runtime_proofs_munc9udi',
  workspaceCount: 2
}
[ActiveWorkspace][Resolved] {
  workspaceId: 'eca_6_runtime_proofs_munc9udi',
  workspaceName: 'ECA:6 Runtime Proofs',
  status: 'active',
  createdAt: '2026-09-30T00:00:16.902Z',
  updatedAt: '2026-09-30T00:00:16.902Z',
  lastOpenedAt: '2026-09-30T00:00:16.902Z',
  domain: null,
  objectCount: 0,
  dataSourceCount: 0,
  metadata: { lifecycle: 'empty_workspace', phase: 'NW-A:3' }
}
[WorkspaceLifecycle] Created Workspace {
  workspaceId: 'eca_6_runtime_proofs_munc9udi',
  workspaceName: 'ECA:6 Runtime Proofs'
}
[Topology][Flow] Generating flow layout
[Topology][Flow] Nodes: 8
[Topology][Flow] Connections: 7
[Topology][Flow] Generating flow layout
[Topology][Flow] Nodes: 2
[Topology][Flow] Connections: 1
[Topology][Flow] Generating flow layout
[Topology][Flow] Nodes: 8
[Topology][Flow] Connections: 7
[Topology][Flow] Generating flow layout
[Topology][Flow] Nodes: 2
[Topology][Flow] Connections: 1
[Topology][Flow] Generating flow layout
[Topology][Flow] Nodes: 8
[Topology][Flow] Connections: 7
[Topology][Flow] Generating flow layout
[Topology][Flow] Nodes: 2
[Topology][Flow] Connections: 1
[Topology][Flow] Generating flow layout
[Topology][Flow] Nodes: 8
[Topology][Flow] Connections: 7
[Topology][Flow] Generating flow layout
[Topology][Flow] Nodes: 2
[Topology][Flow] Connections: 1
[Topology][Flow] Generating flow layout
[Topology][Flow] Nodes: 8
[Topology][Flow] Connections: 7
[Topology][Flow] Generating flow layout
[Topology][Flow] Nodes: 2
[Topology][Flow] Connections: 1
[Topology][Flow] Generating flow layout
[Topology][Flow] Nodes: 8
[Topology][Flow] Connections: 7
[Topology][Flow] Generating flow layout
[Topology][Flow] Nodes: 2
[Topology][Flow] Connections: 1
[WorkspaceRegistry][Init] {
  version: 'NW-A:1',
  workspaceCount: 1,
  activeWorkspaceId: 'demo_workspace'
}
[ActiveWorkspace][Resolved] {
  workspaceId: 'demo_workspace',
  workspaceName: 'Demo Workspace',
  status: 'active',
  createdAt: '2026-06-19T00:00:00.000Z',
  updatedAt: '2026-06-19T00:00:00.000Z',
  lastOpenedAt: '2026-06-19T00:00:00.000Z',
  domain: null,
  objectCount: null,
  dataSourceCount: null,
  metadata: { source: 'demo_runtime_migration', phase: 'NW-A:1' }
}
[WorkspaceRegistry][Mutation] {
  type: 'upsertWorkspace',
  activeWorkspaceId: 'demo_workspace',
  workspaceCount: 2
}
[ActiveWorkspace][Resolved] {
  workspaceId: 'demo_workspace',
  workspaceName: 'Demo Workspace',
  status: 'active',
  createdAt: '2026-06-19T00:00:00.000Z',
  updatedAt: '2026-06-19T00:00:00.000Z',
  lastOpenedAt: '2026-06-19T00:00:00.000Z',
  domain: null,
  objectCount: null,
  dataSourceCount: null,
  metadata: { source: 'demo_runtime_migration', phase: 'NW-A:1' }
}
[WorkspaceRegistry][Mutation] {
  type: 'setActiveWorkspace',
  activeWorkspaceId: 'eca_6_runtime_proofs_munc9ufd',
  workspaceCount: 2
}
[ActiveWorkspace][Resolved] {
  workspaceId: 'eca_6_runtime_proofs_munc9ufd',
  workspaceName: 'ECA:6 Runtime Proofs',
  status: 'active',
  createdAt: '2026-09-30T00:00:16.969Z',
  updatedAt: '2026-09-30T00:00:16.969Z',
  lastOpenedAt: '2026-09-30T00:00:16.969Z',
  domain: null,
  objectCount: 0,
  dataSourceCount: 0,
  metadata: { lifecycle: 'empty_workspace', phase: 'NW-A:3' }
}
[WorkspaceLifecycle] Created Workspace {
  workspaceId: 'eca_6_runtime_proofs_munc9ufd',
  workspaceName: 'ECA:6 Runtime Proofs'
}
[Topology][Flow] Generating flow layout
[Topology][Flow] Nodes: 8
[Topology][Flow] Connections: 7
[Topology][Flow] Generating flow layout
[Topology][Flow] Nodes: 2
[Topology][Flow] Connections: 1
[Topology][Flow] Generating flow layout
[Topology][Flow] Nodes: 8
[Topology][Flow] Connections: 7
[Topology][Flow] Generating flow layout
[Topology][Flow] Nodes: 2
[Topology][Flow] Connections: 1
[Topology][Flow] Generating flow layout
[Topology][Flow] Nodes: 8
[Topology][Flow] Connections: 7
[Topology][Flow] Generating flow layout
[Topology][Flow] Nodes: 2
[Topology][Flow] Connections: 1
[Topology][Flow] Generating flow layout
[Topology][Flow] Nodes: 8
[Topology][Flow] Connections: 7
[Topology][Flow] Generating flow layout
[Topology][Flow] Nodes: 2
[Topology][Flow] Connections: 1
[Topology][Flow] Generating flow layout
[Topology][Flow] Nodes: 8
[Topology][Flow] Connections: 7
[Topology][Flow] Generating flow layout
[Topology][Flow] Nodes: 2
[Topology][Flow] Connections: 1
[Topology][Flow] Generating flow layout
[Topology][Flow] Nodes: 8
[Topology][Flow] Connections: 7
[Topology][Flow] Generating flow layout
[Topology][Flow] Nodes: 2
[Topology][Flow] Connections: 1
[Topology][Flow] Generating flow layout
[Topology][Flow] Nodes: 8
[Topology][Flow] Connections: 7
[Topology][Flow] Generating flow layout
[Topology][Flow] Nodes: 2
[Topology][Flow] Connections: 1
[Topology][Flow] Generating flow layout
[Topology][Flow] Nodes: 8
[Topology][Flow] Connections: 7
[Topology][Flow] Generating flow layout
[Topology][Flow] Nodes: 2
[Topology][Flow] Connections: 1
[Topology][Flow] Generating flow layout
[Topology][Flow] Nodes: 8
[Topology][Flow] Connections: 7
[Topology][Flow] Generating flow layout
[Topology][Flow] Nodes: 2
[Topology][Flow] Connections: 1
[WorkspaceRegistry][Init] {
  version: 'NW-A:1',
  workspaceCount: 1,
  activeWorkspaceId: 'demo_workspace'
}
[ActiveWorkspace][Resolved] {
  workspaceId: 'demo_workspace',
  workspaceName: 'Demo Workspace',
  status: 'active',
  createdAt: '2026-06-19T00:00:00.000Z',
  updatedAt: '2026-06-19T00:00:00.000Z',
  lastOpenedAt: '2026-06-19T00:00:00.000Z',
  domain: null,
  objectCount: null,
  dataSourceCount: null,
  metadata: { source: 'demo_runtime_migration', phase: 'NW-A:1' }
}
[WorkspaceRegistry][Mutation] {
  type: 'upsertWorkspace',
  activeWorkspaceId: 'demo_workspace',
  workspaceCount: 2
}
[ActiveWorkspace][Resolved] {
  workspaceId: 'demo_workspace',
  workspaceName: 'Demo Workspace',
  status: 'active',
  createdAt: '2026-06-19T00:00:00.000Z',
  updatedAt: '2026-06-19T00:00:00.000Z',
  lastOpenedAt: '2026-06-19T00:00:00.000Z',
  domain: null,
  objectCount: null,
  dataSourceCount: null,
  metadata: { source: 'demo_runtime_migration', phase: 'NW-A:1' }
}
[WorkspaceRegistry][Mutation] {
  type: 'setActiveWorkspace',
  activeWorkspaceId: 'eca_6_runtime_proofs_munc9uh6',
  workspaceCount: 2
}
[ActiveWorkspace][Resolved] {
  workspaceId: 'eca_6_runtime_proofs_munc9uh6',
  workspaceName: 'ECA:6 Runtime Proofs',
  status: 'active',
  createdAt: '2026-09-30T00:00:17.034Z',
  updatedAt: '2026-09-30T00:00:17.034Z',
  lastOpenedAt: '2026-09-30T00:00:17.034Z',
  domain: null,
  objectCount: 0,
  dataSourceCount: 0,
  metadata: { lifecycle: 'empty_workspace', phase: 'NW-A:3' }
}
[WorkspaceLifecycle] Created Workspace {
  workspaceId: 'eca_6_runtime_proofs_munc9uh6',
  workspaceName: 'ECA:6 Runtime Proofs'
}
[Topology][Flow] Generating flow layout
[Topology][Flow] Nodes: 8
[Topology][Flow] Connections: 7
[Topology][Flow] Generating flow layout
[Topology][Flow] Nodes: 2
[Topology][Flow] Connections: 1
[Topology][Flow] Generating flow layout
[Topology][Flow] Nodes: 8
[Topology][Flow] Connections: 7
[Topology][Flow] Generating flow layout
[Topology][Flow] Nodes: 2
[Topology][Flow] Connections: 1
[Topology][Flow] Generating flow layout
[Topology][Flow] Nodes: 8
[Topology][Flow] Connections: 7
[Topology][Flow] Generating flow layout
[Topology][Flow] Nodes: 2
[Topology][Flow] Connections: 1
[Topology][Flow] Generating flow layout
[Topology][Flow] Nodes: 8
[Topology][Flow] Connections: 7
[Topology][Flow] Generating flow layout
[Topology][Flow] Nodes: 2
[Topology][Flow] Connections: 1
[Topology][Flow] Generating flow layout
[Topology][Flow] Nodes: 8
[Topology][Flow] Connections: 7
[Topology][Flow] Generating flow layout
[Topology][Flow] Nodes: 2
[Topology][Flow] Connections: 1
[Topology][Flow] Generating flow layout
[Topology][Flow] Nodes: 8
[Topology][Flow] Connections: 7
[Topology][Flow] Generating flow layout
[Topology][Flow] Nodes: 2
[Topology][Flow] Connections: 1
[WorkspaceRegistry][Init] {
  version: 'NW-A:1',
  workspaceCount: 1,
  activeWorkspaceId: 'demo_workspace'
}
[ActiveWorkspace][Resolved] {
  workspaceId: 'demo_workspace',
  workspaceName: 'Demo Workspace',
  status: 'active',
  createdAt: '2026-06-19T00:00:00.000Z',
  updatedAt: '2026-06-19T00:00:00.000Z',
  lastOpenedAt: '2026-06-19T00:00:00.000Z',
  domain: null,
  objectCount: null,
  dataSourceCount: null,
  metadata: { source: 'demo_runtime_migration', phase: 'NW-A:1' }
}
[WorkspaceRegistry][Mutation] {
  type: 'upsertWorkspace',
  activeWorkspaceId: 'demo_workspace',
  workspaceCount: 2
}
[ActiveWorkspace][Resolved] {
  workspaceId: 'demo_workspace',
  workspaceName: 'Demo Workspace',
  status: 'active',
  createdAt: '2026-06-19T00:00:00.000Z',
  updatedAt: '2026-06-19T00:00:00.000Z',
  lastOpenedAt: '2026-06-19T00:00:00.000Z',
  domain: null,
  objectCount: null,
  dataSourceCount: null,
  metadata: { source: 'demo_runtime_migration', phase: 'NW-A:1' }
}
[WorkspaceRegistry][Mutation] {
  type: 'setActiveWorkspace',
  activeWorkspaceId: 'eca_6_runtime_proofs_munc9uih',
  workspaceCount: 2
}
[ActiveWorkspace][Resolved] {
  workspaceId: 'eca_6_runtime_proofs_munc9uih',
  workspaceName: 'ECA:6 Runtime Proofs',
  status: 'active',
  createdAt: '2026-09-30T00:00:17.081Z',
  updatedAt: '2026-09-30T00:00:17.081Z',
  lastOpenedAt: '2026-09-30T00:00:17.081Z',
  domain: null,
  objectCount: 0,
  dataSourceCount: 0,
  metadata: { lifecycle: 'empty_workspace', phase: 'NW-A:3' }
}
[WorkspaceLifecycle] Created Workspace {
  workspaceId: 'eca_6_runtime_proofs_munc9uih',
  workspaceName: 'ECA:6 Runtime Proofs'
}
[Topology][Flow] Generating flow layout
[Topology][Flow] Nodes: 8
[Topology][Flow] Connections: 7
[Topology][Flow] Generating flow layout
[Topology][Flow] Nodes: 2
[Topology][Flow] Connections: 1
[Topology][Flow] Generating flow layout
[Topology][Flow] Nodes: 8
[Topology][Flow] Connections: 7
[Topology][Flow] Generating flow layout
[Topology][Flow] Nodes: 2
[Topology][Flow] Connections: 1
[Topology][Flow] Generating flow layout
[Topology][Flow] Nodes: 8
[Topology][Flow] Connections: 7
[Topology][Flow] Generating flow layout
[Topology][Flow] Nodes: 2
[Topology][Flow] Connections: 1
[Topology][Flow] Generating flow layout
[Topology][Flow] Nodes: 8
[Topology][Flow] Connections: 7
[Topology][Flow] Generating flow layout
[Topology][Flow] Nodes: 2
[Topology][Flow] Connections: 1
[Topology][Flow] Generating flow layout
[Topology][Flow] Nodes: 8
[Topology][Flow] Connections: 7
[Topology][Flow] Generating flow layout
[Topology][Flow] Nodes: 2
[Topology][Flow] Connections: 1
[Topology][Flow] Generating flow layout
[Topology][Flow] Nodes: 8
[Topology][Flow] Connections: 7
[Topology][Hub] Generating hub layout
[Topology][Hub] Hub: Risk
[Topology][Hub] Satellites: 3
[Topology][Hub] Connections: 3
[Topology][Flow] Generating flow layout
[Topology][Flow] Nodes: 8
[Topology][Flow] Connections: 7
[Topology][Hub] Generating hub layout
[Topology][Hub] Hub: Risk
[Topology][Hub] Satellites: 3
[Topology][Hub] Connections: 3
[Topology][Flow] Generating flow layout
[Topology][Flow] Nodes: 8
[Topology][Flow] Connections: 7
[Topology][Hub] Generating hub layout
[Topology][Hub] Hub: Risk
[Topology][Hub] Satellites: 3
[Topology][Hub] Connections: 3
[Topology][Flow] Generating flow layout
[Topology][Flow] Nodes: 8
[Topology][Flow] Connections: 7
[Topology][Hub] Generating hub layout
[Topology][Hub] Hub: Risk
[Topology][Hub] Satellites: 3
[Topology][Hub] Connections: 3
[WorkspaceRegistry][Init] {
  version: 'NW-A:1',
  workspaceCount: 1,
  activeWorkspaceId: 'demo_workspace'
}
[ActiveWorkspace][Resolved] {
  workspaceId: 'demo_workspace',
  workspaceName: 'Demo Workspace',
  status: 'active',
  createdAt: '2026-06-19T00:00:00.000Z',
  updatedAt: '2026-06-19T00:00:00.000Z',
  lastOpenedAt: '2026-06-19T00:00:00.000Z',
  domain: null,
  objectCount: null,
  dataSourceCount: null,
  metadata: { source: 'demo_runtime_migration', phase: 'NW-A:1' }
}
[WorkspaceRegistry][Mutation] {
  type: 'upsertWorkspace',
  activeWorkspaceId: 'demo_workspace',
  workspaceCount: 2
}
[ActiveWorkspace][Resolved] {
  workspaceId: 'demo_workspace',
  workspaceName: 'Demo Workspace',
  status: 'active',
  createdAt: '2026-06-19T00:00:00.000Z',
  updatedAt: '2026-06-19T00:00:00.000Z',
  lastOpenedAt: '2026-06-19T00:00:00.000Z',
  domain: null,
  objectCount: null,
  dataSourceCount: null,
  metadata: { source: 'demo_runtime_migration', phase: 'NW-A:1' }
}
[WorkspaceRegistry][Mutation] {
  type: 'setActiveWorkspace',
  activeWorkspaceId: 'eca_6_runtime_proofs_munc9ujs',
  workspaceCount: 2
}
[ActiveWorkspace][Resolved] {
  workspaceId: 'eca_6_runtime_proofs_munc9ujs',
  workspaceName: 'ECA:6 Runtime Proofs',
  status: 'active',
  createdAt: '2026-09-30T00:00:17.128Z',
  updatedAt: '2026-09-30T00:00:17.128Z',
  lastOpenedAt: '2026-09-30T00:00:17.128Z',
  domain: null,
  objectCount: 0,
  dataSourceCount: 0,
  metadata: { lifecycle: 'empty_workspace', phase: 'NW-A:3' }
}
[WorkspaceLifecycle] Created Workspace {
  workspaceId: 'eca_6_runtime_proofs_munc9ujs',
  workspaceName: 'ECA:6 Runtime Proofs'
}
[Topology][Flow] Generating flow layout
[Topology][Flow] Nodes: 8
[Topology][Flow] Connections: 7
[Topology][Flow] Generating flow layout
[Topology][Flow] Nodes: 2
[Topology][Flow] Connections: 1
[Topology][Flow] Generating flow layout
[Topology][Flow] Nodes: 8
[Topology][Flow] Connections: 7
[Topology][Flow] Generating flow layout
[Topology][Flow] Nodes: 2
[Topology][Flow] Connections: 1
[Topology][Flow] Generating flow layout
[Topology][Flow] Nodes: 8
[Topology][Flow] Connections: 7
[Topology][Flow] Generating flow layout
[Topology][Flow] Nodes: 2
[Topology][Flow] Connections: 1
[Topology][Flow] Generating flow layout
[Topology][Flow] Nodes: 8
[Topology][Flow] Connections: 7
[Topology][Flow] Generating flow layout
[Topology][Flow] Nodes: 2
[Topology][Flow] Connections: 1
[Topology][Flow] Generating flow layout
[Topology][Flow] Nodes: 8
[Topology][Flow] Connections: 7
[Topology][Flow] Generating flow layout
[Topology][Flow] Nodes: 2
[Topology][Flow] Connections: 1
[Topology][Flow] Generating flow layout
[Topology][Flow] Nodes: 8
[Topology][Flow] Connections: 7
[Topology][Flow] Generating flow layout
[Topology][Flow] Nodes: 2
[Topology][Flow] Connections: 1
[WorkspaceRegistry][Init] {
  version: 'NW-A:1',
  workspaceCount: 1,
  activeWorkspaceId: 'demo_workspace'
}
[ActiveWorkspace][Resolved] {
  workspaceId: 'demo_workspace',
  workspaceName: 'Demo Workspace',
  status: 'active',
  createdAt: '2026-06-19T00:00:00.000Z',
  updatedAt: '2026-06-19T00:00:00.000Z',
  lastOpenedAt: '2026-06-19T00:00:00.000Z',
  domain: null,
  objectCount: null,
  dataSourceCount: null,
  metadata: { source: 'demo_runtime_migration', phase: 'NW-A:1' }
}
[WorkspaceRegistry][Mutation] {
  type: 'upsertWorkspace',
  activeWorkspaceId: 'demo_workspace',
  workspaceCount: 2
}
[ActiveWorkspace][Resolved] {
  workspaceId: 'demo_workspace',
  workspaceName: 'Demo Workspace',
  status: 'active',
  createdAt: '2026-06-19T00:00:00.000Z',
  updatedAt: '2026-06-19T00:00:00.000Z',
  lastOpenedAt: '2026-06-19T00:00:00.000Z',
  domain: null,
  objectCount: null,
  dataSourceCount: null,
  metadata: { source: 'demo_runtime_migration', phase: 'NW-A:1' }
}
[WorkspaceRegistry][Mutation] {
  type: 'setActiveWorkspace',
  activeWorkspaceId: 'eca_6_runtime_proofs_munc9ukc',
  workspaceCount: 2
}
[ActiveWorkspace][Resolved] {
  workspaceId: 'eca_6_runtime_proofs_munc9ukc',
  workspaceName: 'ECA:6 Runtime Proofs',
  status: 'active',
  createdAt: '2026-09-30T00:00:17.148Z',
  updatedAt: '2026-09-30T00:00:17.148Z',
  lastOpenedAt: '2026-09-30T00:00:17.148Z',
  domain: null,
  objectCount: 0,
  dataSourceCount: 0,
  metadata: { lifecycle: 'empty_workspace', phase: 'NW-A:3' }
}
[WorkspaceLifecycle] Created Workspace {
  workspaceId: 'eca_6_runtime_proofs_munc9ukc',
  workspaceName: 'ECA:6 Runtime Proofs'
}
[Topology][Flow] Generating flow layout
[Topology][Flow] Nodes: 8
[Topology][Flow] Connections: 7
[Topology][Flow] Generating flow layout
[Topology][Flow] Nodes: 2
[Topology][Flow] Connections: 1
[Topology][Flow] Generating flow layout
[Topology][Flow] Nodes: 8
[Topology][Flow] Connections: 7
[Topology][Flow] Generating flow layout
[Topology][Flow] Nodes: 2
[Topology][Flow] Connections: 1
[Topology][Flow] Generating flow layout
[Topology][Flow] Nodes: 8
[Topology][Flow] Connections: 7
[Topology][Flow] Generating flow layout
[Topology][Flow] Nodes: 2
[Topology][Flow] Connections: 1
[Topology][Flow] Generating flow layout
[Topology][Flow] Nodes: 8
[Topology][Flow] Connections: 7
[Topology][Flow] Generating flow layout
[Topology][Flow] Nodes: 2
[Topology][Flow] Connections: 1
[Topology][Flow] Generating flow layout
[Topology][Flow] Nodes: 8
[Topology][Flow] Connections: 7
[Topology][Flow] Generating flow layout
[Topology][Flow] Nodes: 2
[Topology][Flow] Connections: 1
[Topology][Flow] Generating flow layout
[Topology][Flow] Nodes: 8
[Topology][Flow] Connections: 7
[Topology][Flow] Generating flow layout
[Topology][Flow] Nodes: 2
[Topology][Flow] Connections: 1
[Topology][Flow] Generating flow layout
[Topology][Flow] Nodes: 8
[Topology][Flow] Connections: 7
[Topology][Flow] Generating flow layout
[Topology][Flow] Nodes: 2
[Topology][Flow] Connections: 1
[Topology][Flow] Generating flow layout
[Topology][Flow] Nodes: 8
[Topology][Flow] Connections: 7
[Topology][Flow] Generating flow layout
[Topology][Flow] Nodes: 2
[Topology][Flow] Connections: 1
[Topology][Flow] Generating flow layout
[Topology][Flow] Nodes: 8
[Topology][Flow] Connections: 7
[Topology][Flow] Generating flow layout
[Topology][Flow] Nodes: 2
[Topology][Flow] Connections: 1
✔ ECA:6 runtime — investigation continuity (370.29375ms)
✔ ECA:6 runtime — side question preserves objective (67.859667ms)
✔ ECA:6 runtime — return after side question (64.120291ms)
✔ ECA:6 runtime — explicit switch (46.664334ms)
✔ ECA:6 runtime — comparison recommendation is not a Decision (47.613041ms)
✔ ECA:6 runtime — estimate does not confirm truth (19.378167ms)
✔ ECA:6 runtime — ECA:1–5 regression and Decision boundary (38.846625ms)
✔ ECA:6 A — Objective start (9.163333ms)
✔ ECA:6 B — Turn continuity (2.747042ms)
✔ ECA:6 C — Side question preserves comparison (0.983583ms)
✔ ECA:6 D — Return after side question remains available (0.656959ms)
✔ ECA:6 E — Explicit switch (7.807166ms)
✔ ECA:6 F — Pause (1.313125ms)
✔ ECA:6 G — Resume (1.74625ms)
✔ ECA:6 H — Objective completion without Decision (1.199833ms)
✔ ECA:6 I — Incomplete objective (0.553ms)
✔ ECA:6 J — What’s next is one milestone (3.335875ms)
✔ ECA:6 K — Where are we (0.496792ms)
✔ ECA:6 L — Explicit manager intent wins (0.205333ms)
✔ ECA:6 M — Question does not equal progress (3.74975ms)
✔ ECA:6 N — Partial answer progress (0.431583ms)
✔ ECA:6 O — Recommendation does not equal Decision (0.187875ms)
✔ ECA:6 P — Decision completion boundary (0.549125ms)
✔ ECA:6 Q — Outcome objective (0.252167ms)
✔ ECA:6 R — Start over safety (0.19125ms)
✔ ECA:6 S — Refresh boundary (0.190292ms)
✔ ECA:6 T — Authority isolation (0.075209ms)
✔ ECA:6 sequence 1 — investigation continuity (0.386542ms)
✔ ECA:6 sequence 2 — investigation to options (0.143625ms)
✔ ECA:6 sequence 3 — comparison to recommendation (0.203333ms)
✔ ECA:6 sequence 4 — side question and return (0.253041ms)
✔ ECA:6 sequence 5 — pause and resume (0.657583ms)
✔ ECA:6 sequence 6 — information acquisition progress (0.865333ms)
✔ ECA:6 sequence 7 — Decision boundary (0.581375ms)
✔ ECA:6 sequence 8 — Decision to execution readiness (6.246791ms)
✔ ECA:6 drift — side questions do not lose comparison (0.979791ms)
✔ ECA:6 over-stickiness — explicit move-on releases (4.310667ms)
✔ ECA:6 explosion barrier (0.57475ms)
✔ ECA:6 overlay stays natural (0.269667ms)
✔ ECA:6 prompt A — Objective creation without Decision (0.095041ms)
✔ ECA:6 prompt B — Objective persistence across evidence turn (0.142458ms)
✔ ECA:6 prompt C — Multi-step progress without forced workflow (0.176833ms)
✔ ECA:6 prompt D — Explicit objective switch wins (0.201375ms)
✔ ECA:6 prompt E — Temporary CAP_AV detour preserves comparison (0.130667ms)
✔ ECA:6 prompt F — Resume after detour (0.137084ms)
✔ ECA:6 prompt G — Unknown objective is not invented (0.062375ms)
✔ ECA:6 prompt H — Primary unresolved item is singular (0.114042ms)
✔ ECA:6 prompt I — Next milestone stays evidence-related when incomplete (0.127958ms)
✔ ECA:6 prompt J — Manager may skip to recommendation (0.116042ms)
✔ ECA:6 prompt K — Objective completion (0.195375ms)
✔ ECA:6 prompt L — Objective abandonment (0.168166ms)
✔ ECA:6 prompt M — Subject/objective/intent remain distinct (0.139208ms)
✔ ECA:6 prompt N — Business Goal is not mutated by dialogue objective (0.08575ms)
✔ ECA:6 prompt O — Decision readiness does not commit (9.461208ms)
✔ ECA:6 prompt P — Execution readiness does not start Execution (0.11ms)
✔ ECA:6 prompt Q — CAP_AV blocker without semantic mutation (0.173166ms)
✔ ECA:6 prompt R — Outcome discussion without causal inflation (0.114292ms)
✔ ECA:6 prompt S — Explicit manager intent wins over sticky strategy (0.377083ms)
✔ ECA:6 prompt T — No workflow engine / no second store (2.461459ms)
✔ ECA:6 prompt multi-turn 1 — Investigation to recommendation without Decision (0.382042ms)
✔ ECA:6 prompt multi-turn 2 — Comparison + CAP_AV detour + resume (0.219417ms)
✔ ECA:6 prompt multi-turn 3 — Recommendation to Decision readiness without commit (0.149041ms)
✔ ECA:6 prompt multi-turn 4 — Decision to Execution readiness without start (0.089125ms)
[WorkspaceRegistry][Init] {
  version: 'NW-A:1',
  workspaceCount: 1,
  activeWorkspaceId: 'demo_workspace'
}
[ActiveWorkspace][Resolved] {
  workspaceId: 'demo_workspace',
  workspaceName: 'Demo Workspace',
  status: 'active',
  createdAt: '2026-06-19T00:00:00.000Z',
  updatedAt: '2026-06-19T00:00:00.000Z',
  lastOpenedAt: '2026-06-19T00:00:00.000Z',
  domain: null,
  objectCount: null,
  dataSourceCount: null,
  metadata: { source: 'demo_runtime_migration', phase: 'NW-A:1' }
}
[WorkspaceRegistry][Mutation] {
  type: 'upsertWorkspace',
  activeWorkspaceId: 'demo_workspace',
  workspaceCount: 2
}
[ActiveWorkspace][Resolved] {
  workspaceId: 'demo_workspace',
  workspaceName: 'Demo Workspace',
  status: 'active',
  createdAt: '2026-06-19T00:00:00.000Z',
  updatedAt: '2026-06-19T00:00:00.000Z',
  lastOpenedAt: '2026-06-19T00:00:00.000Z',
  domain: null,
  objectCount: null,
  dataSourceCount: null,
  metadata: { source: 'demo_runtime_migration', phase: 'NW-A:1' }
}
[WorkspaceRegistry][Mutation] {
  type: 'setActiveWorkspace',
  activeWorkspaceId: 'eca_9_runtime_proofs_munc9u24',
  workspaceCount: 2
}
[ActiveWorkspace][Resolved] {
  workspaceId: 'eca_9_runtime_proofs_munc9u24',
  workspaceName: 'ECA:9 Runtime Proofs',
  status: 'active',
  createdAt: '2026-09-30T00:00:16.491Z',
  updatedAt: '2026-09-30T00:00:16.491Z',
  lastOpenedAt: '2026-09-30T00:00:16.491Z',
  domain: null,
  objectCount: 0,
  dataSourceCount: 0,
  metadata: { lifecycle: 'empty_workspace', phase: 'NW-A:3' }
}
[WorkspaceLifecycle] Created Workspace {
  workspaceId: 'eca_9_runtime_proofs_munc9u24',
  workspaceName: 'ECA:9 Runtime Proofs'
}
[Topology][Flow] Generating flow layout
[Topology][Flow] Nodes: 8
[Topology][Flow] Connections: 7
[Topology][Flow] Generating flow layout
[Topology][Flow] Nodes: 2
[Topology][Flow] Connections: 1
[Topology][Flow] Generating flow layout
[Topology][Flow] Nodes: 8
[Topology][Flow] Connections: 7
[Topology][Flow] Generating flow layout
[Topology][Flow] Nodes: 2
[Topology][Flow] Connections: 1
[Topology][Flow] Generating flow layout
[Topology][Flow] Nodes: 8
[Topology][Flow] Connections: 7
[Topology][Flow] Generating flow layout
[Topology][Flow] Nodes: 2
[Topology][Flow] Connections: 1
[Topology][Flow] Generating flow layout
[Topology][Flow] Nodes: 8
[Topology][Flow] Connections: 7
[Topology][Flow] Generating flow layout
[Topology][Flow] Nodes: 2
[Topology][Flow] Connections: 1
[Topology][Flow] Generating flow layout
[Topology][Flow] Nodes: 8
[Topology][Flow] Connections: 7
[Topology][Flow] Generating flow layout
[Topology][Flow] Nodes: 2
[Topology][Flow] Connections: 1
[Topology][Flow] Generating flow layout
[Topology][Flow] Nodes: 8
[Topology][Flow] Connections: 7
[Topology][Flow] Generating flow layout
[Topology][Flow] Nodes: 2
[Topology][Flow] Connections: 1
[WorkspaceRegistry][Init] {
  version: 'NW-A:1',
  workspaceCount: 1,
  activeWorkspaceId: 'demo_workspace'
}
[ActiveWorkspace][Resolved] {
  workspaceId: 'demo_workspace',
  workspaceName: 'Demo Workspace',
  status: 'active',
  createdAt: '2026-06-19T00:00:00.000Z',
  updatedAt: '2026-06-19T00:00:00.000Z',
  lastOpenedAt: '2026-06-19T00:00:00.000Z',
  domain: null,
  objectCount: null,
  dataSourceCount: null,
  metadata: { source: 'demo_runtime_migration', phase: 'NW-A:1' }
}
[WorkspaceRegistry][Mutation] {
  type: 'upsertWorkspace',
  activeWorkspaceId: 'demo_workspace',
  workspaceCount: 2
}
[ActiveWorkspace][Resolved] {
  workspaceId: 'demo_workspace',
  workspaceName: 'Demo Workspace',
  status: 'active',
  createdAt: '2026-06-19T00:00:00.000Z',
  updatedAt: '2026-06-19T00:00:00.000Z',
  lastOpenedAt: '2026-06-19T00:00:00.000Z',
  domain: null,
  objectCount: null,
  dataSourceCount: null,
  metadata: { source: 'demo_runtime_migration', phase: 'NW-A:1' }
}
[WorkspaceRegistry][Mutation] {
  type: 'setActiveWorkspace',
  activeWorkspaceId: 'eca_9_runtime_proofs_munc9ubn',
  workspaceCount: 2
}
[ActiveWorkspace][Resolved] {
  workspaceId: 'eca_9_runtime_proofs_munc9ubn',
  workspaceName: 'ECA:9 Runtime Proofs',
  status: 'active',
  createdAt: '2026-09-30T00:00:16.835Z',
  updatedAt: '2026-09-30T00:00:16.835Z',
  lastOpenedAt: '2026-09-30T00:00:16.835Z',
  domain: null,
  objectCount: 0,
  dataSourceCount: 0,
  metadata: { lifecycle: 'empty_workspace', phase: 'NW-A:3' }
}
[WorkspaceLifecycle] Created Workspace {
  workspaceId: 'eca_9_runtime_proofs_munc9ubn',
  workspaceName: 'ECA:9 Runtime Proofs'
}
[Topology][Flow] Generating flow layout
[Topology][Flow] Nodes: 8
[Topology][Flow] Connections: 7
[Topology][Flow] Generating flow layout
[Topology][Flow] Nodes: 2
[Topology][Flow] Connections: 1
[Topology][Flow] Generating flow layout
[Topology][Flow] Nodes: 8
[Topology][Flow] Connections: 7
[Topology][Flow] Generating flow layout
[Topology][Flow] Nodes: 2
[Topology][Flow] Connections: 1
[Topology][Flow] Generating flow layout
[Topology][Flow] Nodes: 8
[Topology][Flow] Connections: 7
[Topology][Flow] Generating flow layout
[Topology][Flow] Nodes: 2
[Topology][Flow] Connections: 1
[Topology][Flow] Generating flow layout
[Topology][Flow] Nodes: 8
[Topology][Flow] Connections: 7
[Topology][Flow] Generating flow layout
[Topology][Flow] Nodes: 2
[Topology][Flow] Connections: 1
[Topology][Flow] Generating flow layout
[Topology][Flow] Nodes: 8
[Topology][Flow] Connections: 7
[Topology][Flow] Generating flow layout
[Topology][Flow] Nodes: 2
[Topology][Flow] Connections: 1
[Topology][Flow] Generating flow layout
[Topology][Flow] Nodes: 8
[Topology][Flow] Connections: 7
[Topology][Flow] Generating flow layout
[Topology][Flow] Nodes: 2
[Topology][Flow] Connections: 1
[WorkspaceRegistry][Init] {
  version: 'NW-A:1',
  workspaceCount: 1,
  activeWorkspaceId: 'demo_workspace'
}
[ActiveWorkspace][Resolved] {
  workspaceId: 'demo_workspace',
  workspaceName: 'Demo Workspace',
  status: 'active',
  createdAt: '2026-06-19T00:00:00.000Z',
  updatedAt: '2026-06-19T00:00:00.000Z',
  lastOpenedAt: '2026-06-19T00:00:00.000Z',
  domain: null,
  objectCount: null,
  dataSourceCount: null,
  metadata: { source: 'demo_runtime_migration', phase: 'NW-A:1' }
}
[WorkspaceRegistry][Mutation] {
  type: 'upsertWorkspace',
  activeWorkspaceId: 'demo_workspace',
  workspaceCount: 2
}
[ActiveWorkspace][Resolved] {
  workspaceId: 'demo_workspace',
  workspaceName: 'Demo Workspace',
  status: 'active',
  createdAt: '2026-06-19T00:00:00.000Z',
  updatedAt: '2026-06-19T00:00:00.000Z',
  lastOpenedAt: '2026-06-19T00:00:00.000Z',
  domain: null,
  objectCount: null,
  dataSourceCount: null,
  metadata: { source: 'demo_runtime_migration', phase: 'NW-A:1' }
}
[WorkspaceRegistry][Mutation] {
  type: 'setActiveWorkspace',
  activeWorkspaceId: 'eca_9_runtime_proofs_munc9uem',
  workspaceCount: 2
}
[ActiveWorkspace][Resolved] {
  workspaceId: 'eca_9_runtime_proofs_munc9uem',
  workspaceName: 'ECA:9 Runtime Proofs',
  status: 'active',
  createdAt: '2026-09-30T00:00:16.942Z',
  updatedAt: '2026-09-30T00:00:16.942Z',
  lastOpenedAt: '2026-09-30T00:00:16.942Z',
  domain: null,
  objectCount: 0,
  dataSourceCount: 0,
  metadata: { lifecycle: 'empty_workspace', phase: 'NW-A:3' }
}
[WorkspaceLifecycle] Created Workspace {
  workspaceId: 'eca_9_runtime_proofs_munc9uem',
  workspaceName: 'ECA:9 Runtime Proofs'
}
[Topology][Flow] Generating flow layout
[Topology][Flow] Nodes: 8
[Topology][Flow] Connections: 7
[Topology][Flow] Generating flow layout
[Topology][Flow] Nodes: 2
[Topology][Flow] Connections: 1
[Topology][Flow] Generating flow layout
[Topology][Flow] Nodes: 8
[Topology][Flow] Connections: 7
[Topology][Flow] Generating flow layout
[Topology][Flow] Nodes: 2
[Topology][Flow] Connections: 1
[Topology][Flow] Generating flow layout
[Topology][Flow] Nodes: 8
[Topology][Flow] Connections: 7
[Topology][Flow] Generating flow layout
[Topology][Flow] Nodes: 2
[Topology][Flow] Connections: 1
[WorkspaceRegistry][Init] {
  version: 'NW-A:1',
  workspaceCount: 1,
  activeWorkspaceId: 'demo_workspace'
}
[ActiveWorkspace][Resolved] {
  workspaceId: 'demo_workspace',
  workspaceName: 'Demo Workspace',
  status: 'active',
  createdAt: '2026-06-19T00:00:00.000Z',
  updatedAt: '2026-06-19T00:00:00.000Z',
  lastOpenedAt: '2026-06-19T00:00:00.000Z',
  domain: null,
  objectCount: null,
  dataSourceCount: null,
  metadata: { source: 'demo_runtime_migration', phase: 'NW-A:1' }
}
[WorkspaceRegistry][Mutation] {
  type: 'upsertWorkspace',
  activeWorkspaceId: 'demo_workspace',
  workspaceCount: 2
}
[ActiveWorkspace][Resolved] {
  workspaceId: 'demo_workspace',
  workspaceName: 'Demo Workspace',
  status: 'active',
  createdAt: '2026-06-19T00:00:00.000Z',
  updatedAt: '2026-06-19T00:00:00.000Z',
  lastOpenedAt: '2026-06-19T00:00:00.000Z',
  domain: null,
  objectCount: null,
  dataSourceCount: null,
  metadata: { source: 'demo_runtime_migration', phase: 'NW-A:1' }
}
[WorkspaceRegistry][Mutation] {
  type: 'setActiveWorkspace',
  activeWorkspaceId: 'eca_9_runtime_proofs_munc9ufc',
  workspaceCount: 2
}
[ActiveWorkspace][Resolved] {
  workspaceId: 'eca_9_runtime_proofs_munc9ufc',
  workspaceName: 'ECA:9 Runtime Proofs',
  status: 'active',
  createdAt: '2026-09-30T00:00:16.968Z',
  updatedAt: '2026-09-30T00:00:16.968Z',
  lastOpenedAt: '2026-09-30T00:00:16.968Z',
  domain: null,
  objectCount: 0,
  dataSourceCount: 0,
  metadata: { lifecycle: 'empty_workspace', phase: 'NW-A:3' }
}
[WorkspaceLifecycle] Created Workspace {
  workspaceId: 'eca_9_runtime_proofs_munc9ufc',
  workspaceName: 'ECA:9 Runtime Proofs'
}
[Topology][Flow] Generating flow layout
[Topology][Flow] Nodes: 8
[Topology][Flow] Connections: 7
[Topology][Flow] Generating flow layout
[Topology][Flow] Nodes: 2
[Topology][Flow] Connections: 1
[Topology][Flow] Generating flow layout
[Topology][Flow] Nodes: 8
[Topology][Flow] Connections: 7
[Topology][Flow] Generating flow layout
[Topology][Flow] Nodes: 2
[Topology][Flow] Connections: 1
[Topology][Flow] Generating flow layout
[Topology][Flow] Nodes: 8
[Topology][Flow] Connections: 7
[Topology][Flow] Generating flow layout
[Topology][Flow] Nodes: 2
[Topology][Flow] Connections: 1
[WorkspaceRegistry][Init] {
  version: 'NW-A:1',
  workspaceCount: 1,
  activeWorkspaceId: 'demo_workspace'
}
[ActiveWorkspace][Resolved] {
  workspaceId: 'demo_workspace',
  workspaceName: 'Demo Workspace',
  status: 'active',
  createdAt: '2026-06-19T00:00:00.000Z',
  updatedAt: '2026-06-19T00:00:00.000Z',
  lastOpenedAt: '2026-06-19T00:00:00.000Z',
  domain: null,
  objectCount: null,
  dataSourceCount: null,
  metadata: { source: 'demo_runtime_migration', phase: 'NW-A:1' }
}
[WorkspaceRegistry][Mutation] {
  type: 'upsertWorkspace',
  activeWorkspaceId: 'demo_workspace',
  workspaceCount: 2
}
[ActiveWorkspace][Resolved] {
  workspaceId: 'demo_workspace',
  workspaceName: 'Demo Workspace',
  status: 'active',
  createdAt: '2026-06-19T00:00:00.000Z',
  updatedAt: '2026-06-19T00:00:00.000Z',
  lastOpenedAt: '2026-06-19T00:00:00.000Z',
  domain: null,
  objectCount: null,
  dataSourceCount: null,
  metadata: { source: 'demo_runtime_migration', phase: 'NW-A:1' }
}
[WorkspaceRegistry][Mutation] {
  type: 'setActiveWorkspace',
  activeWorkspaceId: 'eca_9_runtime_proofs_munc9ugb',
  workspaceCount: 2
}
[ActiveWorkspace][Resolved] {
  workspaceId: 'eca_9_runtime_proofs_munc9ugb',
  workspaceName: 'ECA:9 Runtime Proofs',
  status: 'active',
  createdAt: '2026-09-30T00:00:17.003Z',
  updatedAt: '2026-09-30T00:00:17.003Z',
  lastOpenedAt: '2026-09-30T00:00:17.003Z',
  domain: null,
  objectCount: 0,
  dataSourceCount: 0,
  metadata: { lifecycle: 'empty_workspace', phase: 'NW-A:3' }
}
[WorkspaceLifecycle] Created Workspace {
  workspaceId: 'eca_9_runtime_proofs_munc9ugb',
  workspaceName: 'ECA:9 Runtime Proofs'
}
[Topology][Flow] Generating flow layout
[Topology][Flow] Nodes: 8
[Topology][Flow] Connections: 7
[Topology][Flow] Generating flow layout
[Topology][Flow] Nodes: 2
[Topology][Flow] Connections: 1
[Topology][Flow] Generating flow layout
[Topology][Flow] Nodes: 8
[Topology][Flow] Connections: 7
[Topology][Flow] Generating flow layout
[Topology][Flow] Nodes: 2
[Topology][Flow] Connections: 1
[Topology][Flow] Generating flow layout
[Topology][Flow] Nodes: 8
[Topology][Flow] Connections: 7
[Topology][Flow] Generating flow layout
[Topology][Flow] Nodes: 2
[Topology][Flow] Connections: 1
✔ ECA:9 runtime — no Decision means not post-Decision (344.69425ms)
✔ ECA:9 runtime — CAP_AV does not inflate capacity (105.980625ms)
✔ ECA:9 runtime — start without Decision does not write (26.998125ms)
✔ ECA:9 runtime — ECA:1–8 identities remain (34.823125ms)
✔ ECA:9 runtime — show execution is not a write (28.055584ms)
✔ ECA:9 A — Canonical Decision required (11.708625ms)
✔ ECA:9 B — Decision committed what's next (2.184625ms)
✔ ECA:9 C — Ready does not start (1.173584ms)
✔ ECA:9 D — Missing owner is advisory, not invented (0.164583ms)
✔ ECA:9 E — Optional unknown does not block (0.140041ms)
✔ ECA:9 F — Existing blocker (0.598459ms)
✔ ECA:9 G — Risk is not automatically blocker (0.142583ms)
✔ ECA:9 H — CAP_AV not treated as capacity ready (0.126166ms)
✔ ECA:9 I — Create vs start intent (0.447875ms)
✔ ECA:9 J — Existing Execution is not duplicated (0.134041ms)
✔ ECA:9 K — Already active start is idempotent (0.112416ms)
✔ ECA:9 L — Show execution is read-only (0.068416ms)
✔ ECA:9 M — Explicit start hands off only (0.065917ms)
✔ ECA:9 N — Decision does not change Execution (0.109791ms)
✔ ECA:9 O — Execution start does not write Outcome (0.066584ms)
✔ ECA:9 P — Readiness reassessment after blocker (0.101625ms)
✔ ECA:9 Q — Side question does not overlay execution (0.166167ms)
✔ ECA:9 R — Manager defers (0.068917ms)
✔ ECA:9 S — Revisit Decision (0.0665ms)
✔ ECA:9 T — Authority isolation (0.054875ms)
✔ ECA:9 sequence 1 — Decision then readiness (0.105417ms)
✔ ECA:9 sequence 2 — start with missing owner then acknowledge (0.166625ms)
✔ ECA:9 sequence 3 — create show start (0.113333ms)
✔ ECA:9 sequence 4 — side question (0.1035ms)
✔ ECA:9 sequence 5 — risk vs blocker (1.407958ms)
✔ ECA:9 sequence 6 — estimate qualifies readiness (0.184291ms)
✔ ECA:9 sequence 7 — reconsider (0.078ms)
✔ ECA:9 sequence 8 — active yields to live framing (0.18125ms)
✔ ECA:9 overlay what-happens-if-I-start (0.109583ms)
✔ ECA:9 empty session after refresh (0.054291ms)
✔ ECA:9 prompt A — Recommendation without Decision (0.300292ms)
✔ ECA:9 prompt B — Preference without Decision (0.308292ms)
✔ ECA:9 prompt C — Commitment before CC:10 Decision (0.160625ms)
✔ ECA:9 prompt D — Approved Decision enables readiness (0.156541ms)
✔ ECA:9 prompt E — NOT_READY / material gap (0.2685ms)
✔ ECA:9 prompt F — READY_WITH_CONDITIONS (0.133542ms)
✔ ECA:9 prompt G — READY does not start (0.124042ms)
✔ ECA:9 prompt H — BLOCKED (0.125584ms)
✔ ECA:9 prompt I — One primary blocker (3.244791ms)
✔ ECA:9 prompt J — Readiness question is not Start (0.102917ms)
✔ ECA:9 prompt K — Readiness Yes is not Start (0.088167ms)
✔ ECA:9 prompt L — Explicit Start hands off to CC:11 only (0.059958ms)
✔ ECA:9 prompt M — Ambiguous move forward does not Start (0.0565ms)
✔ ECA:9 prompt N — Safe pronoun Start when Decision bound (0.051875ms)
✔ ECA:9 prompt O — Ambiguous pronoun Start without Decision (0.0395ms)
✔ ECA:9 prompt P — Stale Start after subject switch context (0.095209ms)
✔ ECA:9 prompt Q — Existing Active Execution no duplicate (0.046792ms)
✔ ECA:9 prompt R — Decision identity preserved (0.045292ms)
✔ ECA:9 prompt S — Owner gap advisory, no owner write (0.041167ms)
✔ ECA:9 prompt T — No invented requirement when READY (0.134042ms)
✔ ECA:9 prompt U — Risk acceptance ≠ Risk resolution (1.623875ms)
✔ ECA:9 prompt V — New evidence lowers readiness without Decision revoke (0.569ms)
✔ ECA:9 prompt W — Reconsider Decision prevents Start (1.592208ms)
✔ ECA:9 prompt X — Cancel Start creates no Execution (0.308916ms)
✔ ECA:9 prompt Y — Decision ≠ Execution (0.562834ms)
✔ ECA:9 prompt Z — Zero ECA Execution writes across samples (0.597791ms)
✔ ECA:9 prompt multi-turn 1 — Decision → readiness (0.578041ms)
✔ ECA:9 prompt multi-turn 2 — Missing readiness then answer, still no Start (0.240459ms)
✔ ECA:9 prompt multi-turn 3 — READY → Start handoff only (0.493709ms)
✔ ECA:9 prompt multi-turn 4 — Reconsider before Start (0.224208ms)
[WorkspaceRegistry][Init] {
  version: 'NW-A:1',
  workspaceCount: 1,
  activeWorkspaceId: 'demo_workspace'
}
[ActiveWorkspace][Resolved] {
  workspaceId: 'demo_workspace',
  workspaceName: 'Demo Workspace',
  status: 'active',
  createdAt: '2026-06-19T00:00:00.000Z',
  updatedAt: '2026-06-19T00:00:00.000Z',
  lastOpenedAt: '2026-06-19T00:00:00.000Z',
  domain: null,
  objectCount: null,
  dataSourceCount: null,
  metadata: { source: 'demo_runtime_migration', phase: 'NW-A:1' }
}
[WorkspaceRegistry][Mutation] {
  type: 'upsertWorkspace',
  activeWorkspaceId: 'demo_workspace',
  workspaceCount: 2
}
[ActiveWorkspace][Resolved] {
  workspaceId: 'demo_workspace',
  workspaceName: 'Demo Workspace',
  status: 'active',
  createdAt: '2026-06-19T00:00:00.000Z',
  updatedAt: '2026-06-19T00:00:00.000Z',
  lastOpenedAt: '2026-06-19T00:00:00.000Z',
  domain: null,
  objectCount: null,
  dataSourceCount: null,
  metadata: { source: 'demo_runtime_migration', phase: 'NW-A:1' }
}
[WorkspaceRegistry][Mutation] {
  type: 'setActiveWorkspace',
  activeWorkspaceId: 'eca_4_post1_runtime_munc9ubx',
  workspaceCount: 2
}
[ActiveWorkspace][Resolved] {
  workspaceId: 'eca_4_post1_runtime_munc9ubx',
  workspaceName: 'ECA:4-POST1 Runtime',
  status: 'active',
  createdAt: '2026-09-30T00:00:16.843Z',
  updatedAt: '2026-09-30T00:00:16.843Z',
  lastOpenedAt: '2026-09-30T00:00:16.843Z',
  domain: null,
  objectCount: 0,
  dataSourceCount: 0,
  metadata: { lifecycle: 'empty_workspace', phase: 'NW-A:3' }
}
[WorkspaceLifecycle] Created Workspace {
  workspaceId: 'eca_4_post1_runtime_munc9ubx',
  workspaceName: 'ECA:4-POST1 Runtime'
}
[Topology][Flow] Generating flow layout
[Topology][Flow] Nodes: 8
[Topology][Flow] Connections: 7
[Topology][Flow] Generating flow layout
[Topology][Flow] Nodes: 2
[Topology][Flow] Connections: 1
[Topology][Flow] Generating flow layout
[Topology][Flow] Nodes: 8
[Topology][Flow] Connections: 7
[Topology][Hub] Generating hub layout
[Topology][Hub] Hub: Risk
[Topology][Hub] Satellites: 3
[Topology][Hub] Connections: 3
[Topology][Flow] Generating flow layout
[Topology][Flow] Nodes: 8
[Topology][Flow] Connections: 7
[Topology][Hub] Generating hub layout
[Topology][Hub] Hub: Risk
[Topology][Hub] Satellites: 3
[Topology][Hub] Connections: 3
[Topology][Flow] Generating flow layout
[Topology][Flow] Nodes: 8
[Topology][Flow] Connections: 7
[Topology][Hub] Generating hub layout
[Topology][Hub] Hub: Risk
[Topology][Hub] Satellites: 3
[Topology][Hub] Connections: 3
[Topology][Flow] Generating flow layout
[Topology][Flow] Nodes: 8
[Topology][Flow] Connections: 7
[Topology][Hub] Generating hub layout
[Topology][Hub] Hub: Risk
[Topology][Hub] Satellites: 3
[Topology][Hub] Connections: 3
[Topology][Flow] Generating flow layout
[Topology][Flow] Nodes: 8
[Topology][Flow] Connections: 7
[Topology][Hub] Generating hub layout
[Topology][Hub] Hub: Risk
[Topology][Hub] Satellites: 3
[Topology][Hub] Connections: 3
[Topology][Flow] Generating flow layout
[Topology][Flow] Nodes: 8
[Topology][Flow] Connections: 7
[Topology][Hub] Generating hub layout
[Topology][Hub] Hub: Risk
[Topology][Hub] Satellites: 3
[Topology][Hub] Connections: 3
[Topology][Flow] Generating flow layout
[Topology][Flow] Nodes: 8
[Topology][Flow] Connections: 7
[Topology][Hub] Generating hub layout
[Topology][Hub] Hub: Risk
[Topology][Hub] Satellites: 3
[Topology][Hub] Connections: 3
[Topology][Flow] Generating flow layout
[Topology][Flow] Nodes: 8
[Topology][Flow] Connections: 7
[Topology][Hub] Generating hub layout
[Topology][Hub] Hub: Risk
[Topology][Hub] Satellites: 3
[Topology][Hub] Connections: 3
[Topology][Flow] Generating flow layout
[Topology][Flow] Nodes: 8
[Topology][Flow] Connections: 7
[Topology][Hub] Generating hub layout
[Topology][Hub] Hub: Risk
[Topology][Hub] Satellites: 3
[Topology][Hub] Connections: 3
[Topology][Flow] Generating flow layout
[Topology][Flow] Nodes: 8
[Topology][Flow] Connections: 7
[Topology][Hub] Generating hub layout
[Topology][Hub] Hub: Risk
[Topology][Hub] Satellites: 3
[Topology][Hub] Connections: 3
[Topology][Flow] Generating flow layout
[Topology][Flow] Nodes: 8
[Topology][Flow] Connections: 7
[Topology][Hub] Generating hub layout
[Topology][Hub] Hub: Risk
[Topology][Hub] Satellites: 3
[Topology][Hub] Connections: 3
[WorkspaceRegistry][Init] {
  version: 'NW-A:1',
  workspaceCount: 1,
  activeWorkspaceId: 'demo_workspace'
}
[ActiveWorkspace][Resolved] {
  workspaceId: 'demo_workspace',
  workspaceName: 'Demo Workspace',
  status: 'active',
  createdAt: '2026-06-19T00:00:00.000Z',
  updatedAt: '2026-06-19T00:00:00.000Z',
  lastOpenedAt: '2026-06-19T00:00:00.000Z',
  domain: null,
  objectCount: null,
  dataSourceCount: null,
  metadata: { source: 'demo_runtime_migration', phase: 'NW-A:1' }
}
[WorkspaceRegistry][Mutation] {
  type: 'upsertWorkspace',
  activeWorkspaceId: 'demo_workspace',
  workspaceCount: 2
}
[ActiveWorkspace][Resolved] {
  workspaceId: 'demo_workspace',
  workspaceName: 'Demo Workspace',
  status: 'active',
  createdAt: '2026-06-19T00:00:00.000Z',
  updatedAt: '2026-06-19T00:00:00.000Z',
  lastOpenedAt: '2026-06-19T00:00:00.000Z',
  domain: null,
  objectCount: null,
  dataSourceCount: null,
  metadata: { source: 'demo_runtime_migration', phase: 'NW-A:1' }
}
[WorkspaceRegistry][Mutation] {
  type: 'setActiveWorkspace',
  activeWorkspaceId: 'eca_4_post1_runtime_munc9ulr',
  workspaceCount: 2
}
[ActiveWorkspace][Resolved] {
  workspaceId: 'eca_4_post1_runtime_munc9ulr',
  workspaceName: 'ECA:4-POST1 Runtime',
  status: 'active',
  createdAt: '2026-09-30T00:00:17.199Z',
  updatedAt: '2026-09-30T00:00:17.199Z',
  lastOpenedAt: '2026-09-30T00:00:17.199Z',
  domain: null,
  objectCount: 0,
  dataSourceCount: 0,
  metadata: { lifecycle: 'empty_workspace', phase: 'NW-A:3' }
}
[WorkspaceLifecycle] Created Workspace {
  workspaceId: 'eca_4_post1_runtime_munc9ulr',
  workspaceName: 'ECA:4-POST1 Runtime'
}
[Topology][Flow] Generating flow layout
[Topology][Flow] Nodes: 8
[Topology][Flow] Connections: 7
[Topology][Flow] Generating flow layout
[Topology][Flow] Nodes: 2
[Topology][Flow] Connections: 1
[Topology][Flow] Generating flow layout
[Topology][Flow] Nodes: 8
[Topology][Flow] Connections: 7
[Topology][Hub] Generating hub layout
[Topology][Hub] Hub: Risk
[Topology][Hub] Satellites: 3
[Topology][Hub] Connections: 3
[Topology][Flow] Generating flow layout
[Topology][Flow] Nodes: 8
[Topology][Flow] Connections: 7
[Topology][Hub] Generating hub layout
[Topology][Hub] Hub: Risk
[Topology][Hub] Satellites: 3
[Topology][Hub] Connections: 3
[Topology][Flow] Generating flow layout
[Topology][Flow] Nodes: 8
[Topology][Flow] Connections: 7
[Topology][Hub] Generating hub layout
[Topology][Hub] Hub: Risk
[Topology][Hub] Satellites: 3
[Topology][Hub] Connections: 3
[Topology][Flow] Generating flow layout
[Topology][Flow] Nodes: 8
[Topology][Flow] Connections: 7
[Topology][Hub] Generating hub layout
[Topology][Hub] Hub: Risk
[Topology][Hub] Satellites: 3
[Topology][Hub] Connections: 3
[Topology][Flow] Generating flow layout
[Topology][Flow] Nodes: 8
[Topology][Flow] Connections: 7
[Topology][Hub] Generating hub layout
[Topology][Hub] Hub: Risk
[Topology][Hub] Satellites: 3
[Topology][Hub] Connections: 3
[Topology][Flow] Generating flow layout
[Topology][Flow] Nodes: 8
[Topology][Flow] Connections: 7
[Topology][Hub] Generating hub layout
[Topology][Hub] Hub: Risk
[Topology][Hub] Satellites: 3
[Topology][Hub] Connections: 3
[Topology][Flow] Generating flow layout
[Topology][Flow] Nodes: 8
[Topology][Flow] Connections: 7
[Topology][Hub] Generating hub layout
[Topology][Hub] Hub: Risk
[Topology][Hub] Satellites: 3
[Topology][Hub] Connections: 3
[Topology][Flow] Generating flow layout
[Topology][Flow] Nodes: 8
[Topology][Flow] Connections: 7
[Topology][Hub] Generating hub layout
[Topology][Hub] Hub: Risk
[Topology][Hub] Satellites: 3
[Topology][Hub] Connections: 3
[Topology][Flow] Generating flow layout
[Topology][Flow] Nodes: 8
[Topology][Flow] Connections: 7
[Topology][Hub] Generating hub layout
[Topology][Hub] Hub: Risk
[Topology][Hub] Satellites: 3
[Topology][Hub] Connections: 3
[Topology][Flow] Generating flow layout
[Topology][Flow] Nodes: 8
[Topology][Flow] Connections: 7
[Topology][Hub] Generating hub layout
[Topology][Hub] Hub: Risk
[Topology][Hub] Satellites: 3
[Topology][Hub] Connections: 3
[Topology][Flow] Generating flow layout
[Topology][Flow] Nodes: 8
[Topology][Flow] Connections: 7
[Topology][Hub] Generating hub layout
[Topology][Hub] Hub: Risk
[Topology][Hub] Satellites: 3
[Topology][Hub] Connections: 3
[Topology][Flow] Generating flow layout
[Topology][Flow] Nodes: 8
[Topology][Flow] Connections: 7
[Topology][Hub] Generating hub layout
[Topology][Hub] Hub: Risk
[Topology][Hub] Satellites: 3
[Topology][Hub] Connections: 3
[Topology][Flow] Generating flow layout
[Topology][Flow] Nodes: 8
[Topology][Flow] Connections: 7
[Topology][Hub] Generating hub layout
[Topology][Hub] Hub: Risk
[Topology][Hub] Satellites: 3
[Topology][Hub] Connections: 3
[Topology][Flow] Generating flow layout
[Topology][Flow] Nodes: 8
[Topology][Flow] Connections: 7
[Topology][Hub] Generating hub layout
[Topology][Hub] Hub: Risk
[Topology][Hub] Satellites: 3
[Topology][Hub] Connections: 3
[WorkspaceRegistry][Init] {
  version: 'NW-A:1',
  workspaceCount: 1,
  activeWorkspaceId: 'demo_workspace'
}
[ActiveWorkspace][Resolved] {
  workspaceId: 'demo_workspace',
  workspaceName: 'Demo Workspace',
  status: 'active',
  createdAt: '2026-06-19T00:00:00.000Z',
  updatedAt: '2026-06-19T00:00:00.000Z',
  lastOpenedAt: '2026-06-19T00:00:00.000Z',
  domain: null,
  objectCount: null,
  dataSourceCount: null,
  metadata: { source: 'demo_runtime_migration', phase: 'NW-A:1' }
}
[WorkspaceRegistry][Mutation] {
  type: 'upsertWorkspace',
  activeWorkspaceId: 'demo_workspace',
  workspaceCount: 2
}
[ActiveWorkspace][Resolved] {
  workspaceId: 'demo_workspace',
  workspaceName: 'Demo Workspace',
  status: 'active',
  createdAt: '2026-06-19T00:00:00.000Z',
  updatedAt: '2026-06-19T00:00:00.000Z',
  lastOpenedAt: '2026-06-19T00:00:00.000Z',
  domain: null,
  objectCount: null,
  dataSourceCount: null,
  metadata: { source: 'demo_runtime_migration', phase: 'NW-A:1' }
}
[WorkspaceRegistry][Mutation] {
  type: 'setActiveWorkspace',
  activeWorkspaceId: 'eca_4_post1_runtime_munc9uqa',
  workspaceCount: 2
}
[ActiveWorkspace][Resolved] {
  workspaceId: 'eca_4_post1_runtime_munc9uqa',
  workspaceName: 'ECA:4-POST1 Runtime',
  status: 'active',
  createdAt: '2026-09-30T00:00:17.362Z',
  updatedAt: '2026-09-30T00:00:17.362Z',
  lastOpenedAt: '2026-09-30T00:00:17.362Z',
  domain: null,
  objectCount: 0,
  dataSourceCount: 0,
  metadata: { lifecycle: 'empty_workspace', phase: 'NW-A:3' }
}
[WorkspaceLifecycle] Created Workspace {
  workspaceId: 'eca_4_post1_runtime_munc9uqa',
  workspaceName: 'ECA:4-POST1 Runtime'
}
[Topology][Flow] Generating flow layout
[Topology][Flow] Nodes: 8
[Topology][Flow] Connections: 7
[Topology][Flow] Generating flow layout
[Topology][Flow] Nodes: 2
[Topology][Flow] Connections: 1
[Topology][Flow] Generating flow layout
[Topology][Flow] Nodes: 8
[Topology][Flow] Connections: 7
[Topology][Hub] Generating hub layout
[Topology][Hub] Hub: Risk
[Topology][Hub] Satellites: 3
[Topology][Hub] Connections: 3
[Topology][Flow] Generating flow layout
[Topology][Flow] Nodes: 8
[Topology][Flow] Connections: 7
[Topology][Hub] Generating hub layout
[Topology][Hub] Hub: Risk
[Topology][Hub] Satellites: 3
[Topology][Hub] Connections: 3
[Topology][Flow] Generating flow layout
[Topology][Flow] Nodes: 8
[Topology][Flow] Connections: 7
[Topology][Hub] Generating hub layout
[Topology][Hub] Hub: Risk
[Topology][Hub] Satellites: 3
[Topology][Hub] Connections: 3
[Topology][Flow] Generating flow layout
[Topology][Flow] Nodes: 8
[Topology][Flow] Connections: 7
[Topology][Hub] Generating hub layout
[Topology][Hub] Hub: Risk
[Topology][Hub] Satellites: 3
[Topology][Hub] Connections: 3
[Topology][Flow] Generating flow layout
[Topology][Flow] Nodes: 8
[Topology][Flow] Connections: 7
[Topology][Hub] Generating hub layout
[Topology][Hub] Hub: Risk
[Topology][Hub] Satellites: 3
[Topology][Hub] Connections: 3
[Topology][Flow] Generating flow layout
[Topology][Flow] Nodes: 8
[Topology][Flow] Connections: 7
[Topology][Hub] Generating hub layout
[Topology][Hub] Hub: Risk
[Topology][Hub] Satellites: 3
[Topology][Hub] Connections: 3
[Topology][Flow] Generating flow layout
[Topology][Flow] Nodes: 8
[Topology][Flow] Connections: 7
[Topology][Hub] Generating hub layout
[Topology][Hub] Hub: Risk
[Topology][Hub] Satellites: 3
[Topology][Hub] Connections: 3
[Topology][Flow] Generating flow layout
[Topology][Flow] Nodes: 8
[Topology][Flow] Connections: 7
[Topology][Hub] Generating hub layout
[Topology][Hub] Hub: Risk
[Topology][Hub] Satellites: 3
[Topology][Hub] Connections: 3
[Topology][Flow] Generating flow layout
[Topology][Flow] Nodes: 8
[Topology][Flow] Connections: 7
[Topology][Hub] Generating hub layout
[Topology][Hub] Hub: Risk
[Topology][Hub] Satellites: 3
[Topology][Hub] Connections: 3
[Topology][Flow] Generating flow layout
[Topology][Flow] Nodes: 8
[Topology][Flow] Connections: 7
[Topology][Hub] Generating hub layout
[Topology][Hub] Hub: Risk
[Topology][Hub] Satellites: 3
[Topology][Hub] Connections: 3
[Topology][Flow] Generating flow layout
[Topology][Flow] Nodes: 8
[Topology][Flow] Connections: 7
[Topology][Hub] Generating hub layout
[Topology][Hub] Hub: Risk
[Topology][Hub] Satellites: 3
[Topology][Hub] Connections: 3
[Topology][Flow] Generating flow layout
[Topology][Flow] Nodes: 8
[Topology][Flow] Connections: 7
[Topology][Hub] Generating hub layout
[Topology][Hub] Hub: Risk
[Topology][Hub] Satellites: 3
[Topology][Hub] Connections: 3
[Topology][Flow] Generating flow layout
[Topology][Flow] Nodes: 8
[Topology][Flow] Connections: 7
[Topology][Hub] Generating hub layout
[Topology][Hub] Hub: Risk
[Topology][Hub] Satellites: 3
[Topology][Hub] Connections: 3
[Topology][Flow] Generating flow layout
[Topology][Flow] Nodes: 8
[Topology][Flow] Connections: 7
[Topology][Hub] Generating hub layout
[Topology][Hub] Hub: Risk
[Topology][Hub] Satellites: 3
[Topology][Hub] Connections: 3
[WorkspaceRegistry][Init] {
  version: 'NW-A:1',
  workspaceCount: 1,
  activeWorkspaceId: 'demo_workspace'
}
[ActiveWorkspace][Resolved] {
  workspaceId: 'demo_workspace',
  workspaceName: 'Demo Workspace',
  status: 'active',
  createdAt: '2026-06-19T00:00:00.000Z',
  updatedAt: '2026-06-19T00:00:00.000Z',
  lastOpenedAt: '2026-06-19T00:00:00.000Z',
  domain: null,
  objectCount: null,
  dataSourceCount: null,
  metadata: { source: 'demo_runtime_migration', phase: 'NW-A:1' }
}
[WorkspaceRegistry][Mutation] {
  type: 'upsertWorkspace',
  activeWorkspaceId: 'demo_workspace',
  workspaceCount: 2
}
[ActiveWorkspace][Resolved] {
  workspaceId: 'demo_workspace',
  workspaceName: 'Demo Workspace',
  status: 'active',
  createdAt: '2026-06-19T00:00:00.000Z',
  updatedAt: '2026-06-19T00:00:00.000Z',
  lastOpenedAt: '2026-06-19T00:00:00.000Z',
  domain: null,
  objectCount: null,
  dataSourceCount: null,
  metadata: { source: 'demo_runtime_migration', phase: 'NW-A:1' }
}
[WorkspaceRegistry][Mutation] {
  type: 'setActiveWorkspace',
  activeWorkspaceId: 'eca_4_post1_runtime_munc9utc',
  workspaceCount: 2
}
[ActiveWorkspace][Resolved] {
  workspaceId: 'eca_4_post1_runtime_munc9utc',
  workspaceName: 'ECA:4-POST1 Runtime',
  status: 'active',
  createdAt: '2026-09-30T00:00:17.472Z',
  updatedAt: '2026-09-30T00:00:17.472Z',
  lastOpenedAt: '2026-09-30T00:00:17.472Z',
  domain: null,
  objectCount: 0,
  dataSourceCount: 0,
  metadata: { lifecycle: 'empty_workspace', phase: 'NW-A:3' }
}
[WorkspaceLifecycle] Created Workspace {
  workspaceId: 'eca_4_post1_runtime_munc9utc',
  workspaceName: 'ECA:4-POST1 Runtime'
}
[Topology][Flow] Generating flow layout
[Topology][Flow] Nodes: 8
[Topology][Flow] Connections: 7
[Topology][Flow] Generating flow layout
[Topology][Flow] Nodes: 2
[Topology][Flow] Connections: 1
[Topology][Flow] Generating flow layout
[Topology][Flow] Nodes: 8
[Topology][Flow] Connections: 7
[Topology][Hub] Generating hub layout
[Topology][Hub] Hub: Risk
[Topology][Hub] Satellites: 3
[Topology][Hub] Connections: 3
[Topology][Flow] Generating flow layout
[Topology][Flow] Nodes: 8
[Topology][Flow] Connections: 7
[Topology][Hub] Generating hub layout
[Topology][Hub] Hub: Risk
[Topology][Hub] Satellites: 3
[Topology][Hub] Connections: 3
[Topology][Flow] Generating flow layout
[Topology][Flow] Nodes: 8
[Topology][Flow] Connections: 7
[Topology][Hub] Generating hub layout
[Topology][Hub] Hub: Risk
[Topology][Hub] Satellites: 3
[Topology][Hub] Connections: 3
[Topology][Flow] Generating flow layout
[Topology][Flow] Nodes: 8
[Topology][Flow] Connections: 7
[Topology][Hub] Generating hub layout
[Topology][Hub] Hub: Risk
[Topology][Hub] Satellites: 3
[Topology][Hub] Connections: 3
[Topology][Flow] Generating flow layout
[Topology][Flow] Nodes: 8
[Topology][Flow] Connections: 7
[Topology][Hub] Generating hub layout
[Topology][Hub] Hub: Risk
[Topology][Hub] Satellites: 3
[Topology][Hub] Connections: 3
[Topology][Flow] Generating flow layout
[Topology][Flow] Nodes: 8
[Topology][Flow] Connections: 7
[Topology][Hub] Generating hub layout
[Topology][Hub] Hub: Risk
[Topology][Hub] Satellites: 3
[Topology][Hub] Connections: 3
[Topology][Flow] Generating flow layout
[Topology][Flow] Nodes: 8
[Topology][Flow] Connections: 7
[Topology][Hub] Generating hub layout
[Topology][Hub] Hub: Risk
[Topology][Hub] Satellites: 3
[Topology][Hub] Connections: 3
[Topology][Flow] Generating flow layout
[Topology][Flow] Nodes: 8
[Topology][Flow] Connections: 7
[Topology][Hub] Generating hub layout
[Topology][Hub] Hub: Risk
[Topology][Hub] Satellites: 3
[Topology][Hub] Connections: 3
[Topology][Flow] Generating flow layout
[Topology][Flow] Nodes: 8
[Topology][Flow] Connections: 7
[Topology][Hub] Generating hub layout
[Topology][Hub] Hub: Risk
[Topology][Hub] Satellites: 3
[Topology][Hub] Connections: 3
[Topology][Flow] Generating flow layout
[Topology][Flow] Nodes: 8
[Topology][Flow] Connections: 7
[Topology][Hub] Generating hub layout
[Topology][Hub] Hub: Risk
[Topology][Hub] Satellites: 3
[Topology][Hub] Connections: 3
[Topology][Flow] Generating flow layout
[Topology][Flow] Nodes: 8
[Topology][Flow] Connections: 7
[Topology][Hub] Generating hub layout
[Topology][Hub] Hub: Risk
[Topology][Hub] Satellites: 3
[Topology][Hub] Connections: 3
[Topology][Flow] Generating flow layout
[Topology][Flow] Nodes: 8
[Topology][Flow] Connections: 7
[Topology][Hub] Generating hub layout
[Topology][Hub] Hub: Risk
[Topology][Hub] Satellites: 3
[Topology][Hub] Connections: 3
[Topology][Flow] Generating flow layout
[Topology][Flow] Nodes: 8
[Topology][Flow] Connections: 7
[Topology][Hub] Generating hub layout
[Topology][Hub] Hub: Risk
[Topology][Hub] Satellites: 3
[Topology][Hub] Connections: 3
[Topology][Flow] Generating flow layout
[Topology][Flow] Nodes: 8
[Topology][Flow] Connections: 7
[Topology][Hub] Generating hub layout
[Topology][Hub] Hub: Risk
[Topology][Hub] Satellites: 3
[Topology][Hub] Connections: 3
[WorkspaceRegistry][Init] {
  version: 'NW-A:1',
  workspaceCount: 1,
  activeWorkspaceId: 'demo_workspace'
}
[ActiveWorkspace][Resolved] {
  workspaceId: 'demo_workspace',
  workspaceName: 'Demo Workspace',
  status: 'active',
  createdAt: '2026-06-19T00:00:00.000Z',
  updatedAt: '2026-06-19T00:00:00.000Z',
  lastOpenedAt: '2026-06-19T00:00:00.000Z',
  domain: null,
  objectCount: null,
  dataSourceCount: null,
  metadata: { source: 'demo_runtime_migration', phase: 'NW-A:1' }
}
[WorkspaceRegistry][Mutation] {
  type: 'upsertWorkspace',
  activeWorkspaceId: 'demo_workspace',
  workspaceCount: 2
}
[ActiveWorkspace][Resolved] {
  workspaceId: 'demo_workspace',
  workspaceName: 'Demo Workspace',
  status: 'active',
  createdAt: '2026-06-19T00:00:00.000Z',
  updatedAt: '2026-06-19T00:00:00.000Z',
  lastOpenedAt: '2026-06-19T00:00:00.000Z',
  domain: null,
  objectCount: null,
  dataSourceCount: null,
  metadata: { source: 'demo_runtime_migration', phase: 'NW-A:1' }
}
[WorkspaceRegistry][Mutation] {
  type: 'setActiveWorkspace',
  activeWorkspaceId: 'eca_4_post1_runtime_munc9uwy',
  workspaceCount: 2
}
[ActiveWorkspace][Resolved] {
  workspaceId: 'eca_4_post1_runtime_munc9uwy',
  workspaceName: 'ECA:4-POST1 Runtime',
  status: 'active',
  createdAt: '2026-09-30T00:00:17.602Z',
  updatedAt: '2026-09-30T00:00:17.602Z',
  lastOpenedAt: '2026-09-30T00:00:17.602Z',
  domain: null,
  objectCount: 0,
  dataSourceCount: 0,
  metadata: { lifecycle: 'empty_workspace', phase: 'NW-A:3' }
}
[WorkspaceLifecycle] Created Workspace {
  workspaceId: 'eca_4_post1_runtime_munc9uwy',
  workspaceName: 'ECA:4-POST1 Runtime'
}
[Topology][Flow] Generating flow layout
[Topology][Flow] Nodes: 8
[Topology][Flow] Connections: 7
[Topology][Flow] Generating flow layout
[Topology][Flow] Nodes: 2
[Topology][Flow] Connections: 1
[Topology][Flow] Generating flow layout
[Topology][Flow] Nodes: 8
[Topology][Flow] Connections: 7
[Topology][Flow] Generating flow layout
[Topology][Flow] Nodes: 2
[Topology][Flow] Connections: 1
[Topology][Flow] Generating flow layout
[Topology][Flow] Nodes: 8
[Topology][Flow] Connections: 7
[Topology][Flow] Generating flow layout
[Topology][Flow] Nodes: 2
[Topology][Flow] Connections: 1
[WorkspaceRegistry][Init] {
  version: 'NW-A:1',
  workspaceCount: 1,
  activeWorkspaceId: 'demo_workspace'
}
[ActiveWorkspace][Resolved] {
  workspaceId: 'demo_workspace',
  workspaceName: 'Demo Workspace',
  status: 'active',
  createdAt: '2026-06-19T00:00:00.000Z',
  updatedAt: '2026-06-19T00:00:00.000Z',
  lastOpenedAt: '2026-06-19T00:00:00.000Z',
  domain: null,
  objectCount: null,
  dataSourceCount: null,
  metadata: { source: 'demo_runtime_migration', phase: 'NW-A:1' }
}
[WorkspaceRegistry][Mutation] {
  type: 'upsertWorkspace',
  activeWorkspaceId: 'demo_workspace',
  workspaceCount: 2
}
[ActiveWorkspace][Resolved] {
  workspaceId: 'demo_workspace',
  workspaceName: 'Demo Workspace',
  status: 'active',
  createdAt: '2026-06-19T00:00:00.000Z',
  updatedAt: '2026-06-19T00:00:00.000Z',
  lastOpenedAt: '2026-06-19T00:00:00.000Z',
  domain: null,
  objectCount: null,
  dataSourceCount: null,
  metadata: { source: 'demo_runtime_migration', phase: 'NW-A:1' }
}
[WorkspaceRegistry][Mutation] {
  type: 'setActiveWorkspace',
  activeWorkspaceId: 'eca_4_post1_runtime_munc9uxb',
  workspaceCount: 2
}
[ActiveWorkspace][Resolved] {
  workspaceId: 'eca_4_post1_runtime_munc9uxb',
  workspaceName: 'ECA:4-POST1 Runtime',
  status: 'active',
  createdAt: '2026-09-30T00:00:17.615Z',
  updatedAt: '2026-09-30T00:00:17.615Z',
  lastOpenedAt: '2026-09-30T00:00:17.615Z',
  domain: null,
  objectCount: 0,
  dataSourceCount: 0,
  metadata: { lifecycle: 'empty_workspace', phase: 'NW-A:3' }
}
[WorkspaceLifecycle] Created Workspace {
  workspaceId: 'eca_4_post1_runtime_munc9uxb',
  workspaceName: 'ECA:4-POST1 Runtime'
}
[Topology][Flow] Generating flow layout
[Topology][Flow] Nodes: 8
[Topology][Flow] Connections: 7
[Topology][Flow] Generating flow layout
[Topology][Flow] Nodes: 2
[Topology][Flow] Connections: 1
[Topology][Flow] Generating flow layout
[Topology][Flow] Nodes: 8
[Topology][Flow] Connections: 7
[Topology][Flow] Generating flow layout
[Topology][Flow] Nodes: 2
[Topology][Flow] Connections: 1
[Topology][Flow] Generating flow layout
[Topology][Flow] Nodes: 8
[Topology][Flow] Connections: 7
[Topology][Flow] Generating flow layout
[Topology][Flow] Nodes: 2
[Topology][Flow] Connections: 1
✔ ECA:4-POST1 runtime sequence 1 — reported failure (358.18725ms)
✔ ECA:4-POST1 runtime sequence 2 — partial acquisition (154.157208ms)
✔ ECA:4-POST1 runtime sequence 4 — I don't know (117.825416ms)
✔ ECA:4-POST1 runtime sequence 6 — CAP_AV side question then resume (130.226083ms)
✔ ECA:4-POST1 runtime sequence 8 — reassessment is not hijacked (13.277166ms)
✔ ECA:4-POST1 runtime ordinary business need (7.878875ms)
✔ ECA:4-POST1 speech act is not ordinary business need (1.098666ms)
✔ ECA:4-POST1 A — exact reproduction uses ECA:4, not identity fallback (7.003458ms)
✔ ECA:4-POST1 B–D — information / evidence variants (8.158458ms)
✔ ECA:4-POST1 E — from me prefers existing data (1.247042ms)
✔ ECA:4-POST1 F — how can we determine this (0.273417ms)
✔ ECA:4-POST1 G — what would confirm it does not overclaim causality (0.137666ms)
✔ ECA:4-POST1 H — pronoun it keeps Risk–Margin referent (0.094458ms)
✔ ECA:4-POST1 I — existing margin history is not re-asked (0.109292ms)
✔ ECA:4-POST1 K — partial manager answer leaves remaining gap (0.346875ms)
✔ ECA:4-POST1 L — I don’t know is not looped (0.193792ms)
✔ ECA:4-POST1 M — two relationships ask one clarification (0.21225ms)
✔ ECA:4-POST1 O — ordinary need is not information acquisition (0.114084ms)
✔ ECA:4-POST1 Q — reassessment is not hijacked (0.037375ms)
✔ ECA:4-POST1 P — execution readiness phrase is not hijacked (0.028458ms)
✔ ECA:4-POST1 R — CAP_AV is not treated as confirmed evidence requirement (0.666333ms)
✔ ECA:4-POST1 T — write isolation (0.355791ms)
[WorkspaceRegistry][Init] {
  version: 'NW-A:1',
  workspaceCount: 1,
  activeWorkspaceId: 'demo_workspace'
}
[ActiveWorkspace][Resolved] {
  workspaceId: 'demo_workspace',
  workspaceName: 'Demo Workspace',
  status: 'active',
  createdAt: '2026-06-19T00:00:00.000Z',
  updatedAt: '2026-06-19T00:00:00.000Z',
  lastOpenedAt: '2026-06-19T00:00:00.000Z',
  domain: null,
  objectCount: null,
  dataSourceCount: null,
  metadata: { source: 'demo_runtime_migration', phase: 'NW-A:1' }
}
[WorkspaceRegistry][Mutation] {
  type: 'upsertWorkspace',
  activeWorkspaceId: 'demo_workspace',
  workspaceCount: 2
}
[ActiveWorkspace][Resolved] {
  workspaceId: 'demo_workspace',
  workspaceName: 'Demo Workspace',
  status: 'active',
  createdAt: '2026-06-19T00:00:00.000Z',
  updatedAt: '2026-06-19T00:00:00.000Z',
  lastOpenedAt: '2026-06-19T00:00:00.000Z',
  domain: null,
  objectCount: null,
  dataSourceCount: null,
  metadata: { source: 'demo_runtime_migration', phase: 'NW-A:1' }
}
[WorkspaceRegistry][Mutation] {
  type: 'setActiveWorkspace',
  activeWorkspaceId: 'eca_4_runtime_proofs_munc9uje',
  workspaceCount: 2
}
[ActiveWorkspace][Resolved] {
  workspaceId: 'eca_4_runtime_proofs_munc9uje',
  workspaceName: 'ECA:4 Runtime Proofs',
  status: 'active',
  createdAt: '2026-09-30T00:00:17.112Z',
  updatedAt: '2026-09-30T00:00:17.112Z',
  lastOpenedAt: '2026-09-30T00:00:17.112Z',
  domain: null,
  objectCount: 0,
  dataSourceCount: 0,
  metadata: { lifecycle: 'empty_workspace', phase: 'NW-A:3' }
}
[WorkspaceLifecycle] Created Workspace {
  workspaceId: 'eca_4_runtime_proofs_munc9uje',
  workspaceName: 'ECA:4 Runtime Proofs'
}
[Topology][Flow] Generating flow layout
[Topology][Flow] Nodes: 8
[Topology][Flow] Connections: 7
[Topology][Flow] Generating flow layout
[Topology][Flow] Nodes: 2
[Topology][Flow] Connections: 1
[Topology][Flow] Generating flow layout
[Topology][Flow] Nodes: 8
[Topology][Flow] Connections: 7
[Topology][Flow] Generating flow layout
[Topology][Flow] Nodes: 2
[Topology][Flow] Connections: 1
[Topology][Flow] Generating flow layout
[Topology][Flow] Nodes: 8
[Topology][Flow] Connections: 7
[Topology][Flow] Generating flow layout
[Topology][Flow] Nodes: 2
[Topology][Flow] Connections: 1
[WorkspaceRegistry][Init] {
  version: 'NW-A:1',
  workspaceCount: 1,
  activeWorkspaceId: 'demo_workspace'
}
[ActiveWorkspace][Resolved] {
  workspaceId: 'demo_workspace',
  workspaceName: 'Demo Workspace',
  status: 'active',
  createdAt: '2026-06-19T00:00:00.000Z',
  updatedAt: '2026-06-19T00:00:00.000Z',
  lastOpenedAt: '2026-06-19T00:00:00.000Z',
  domain: null,
  objectCount: null,
  dataSourceCount: null,
  metadata: { source: 'demo_runtime_migration', phase: 'NW-A:1' }
}
[WorkspaceRegistry][Mutation] {
  type: 'upsertWorkspace',
  activeWorkspaceId: 'demo_workspace',
  workspaceCount: 2
}
[ActiveWorkspace][Resolved] {
  workspaceId: 'demo_workspace',
  workspaceName: 'Demo Workspace',
  status: 'active',
  createdAt: '2026-06-19T00:00:00.000Z',
  updatedAt: '2026-06-19T00:00:00.000Z',
  lastOpenedAt: '2026-06-19T00:00:00.000Z',
  domain: null,
  objectCount: null,
  dataSourceCount: null,
  metadata: { source: 'demo_runtime_migration', phase: 'NW-A:1' }
}
[WorkspaceRegistry][Mutation] {
  type: 'setActiveWorkspace',
  activeWorkspaceId: 'eca_4_runtime_proofs_munc9uqz',
  workspaceCount: 2
}
[ActiveWorkspace][Resolved] {
  workspaceId: 'eca_4_runtime_proofs_munc9uqz',
  workspaceName: 'ECA:4 Runtime Proofs',
  status: 'active',
  createdAt: '2026-09-30T00:00:17.387Z',
  updatedAt: '2026-09-30T00:00:17.387Z',
  lastOpenedAt: '2026-09-30T00:00:17.387Z',
  domain: null,
  objectCount: 0,
  dataSourceCount: 0,
  metadata: { lifecycle: 'empty_workspace', phase: 'NW-A:3' }
}
[WorkspaceLifecycle] Created Workspace {
  workspaceId: 'eca_4_runtime_proofs_munc9uqz',
  workspaceName: 'ECA:4 Runtime Proofs'
}
[Topology][Flow] Generating flow layout
[Topology][Flow] Nodes: 8
[Topology][Flow] Connections: 7
[Topology][Flow] Generating flow layout
[Topology][Flow] Nodes: 2
[Topology][Flow] Connections: 1
[Topology][Flow] Generating flow layout
[Topology][Flow] Nodes: 8
[Topology][Flow] Connections: 7
[Topology][Flow] Generating flow layout
[Topology][Flow] Nodes: 2
[Topology][Flow] Connections: 1
[Topology][Flow] Generating flow layout
[Topology][Flow] Nodes: 8
[Topology][Flow] Connections: 7
[Topology][Flow] Generating flow layout
[Topology][Flow] Nodes: 2
[Topology][Flow] Connections: 1
[WorkspaceRegistry][Init] {
  version: 'NW-A:1',
  workspaceCount: 1,
  activeWorkspaceId: 'demo_workspace'
}
[ActiveWorkspace][Resolved] {
  workspaceId: 'demo_workspace',
  workspaceName: 'Demo Workspace',
  status: 'active',
  createdAt: '2026-06-19T00:00:00.000Z',
  updatedAt: '2026-06-19T00:00:00.000Z',
  lastOpenedAt: '2026-06-19T00:00:00.000Z',
  domain: null,
  objectCount: null,
  dataSourceCount: null,
  metadata: { source: 'demo_runtime_migration', phase: 'NW-A:1' }
}
[WorkspaceRegistry][Mutation] {
  type: 'upsertWorkspace',
  activeWorkspaceId: 'demo_workspace',
  workspaceCount: 2
}
[ActiveWorkspace][Resolved] {
  workspaceId: 'demo_workspace',
  workspaceName: 'Demo Workspace',
  status: 'active',
  createdAt: '2026-06-19T00:00:00.000Z',
  updatedAt: '2026-06-19T00:00:00.000Z',
  lastOpenedAt: '2026-06-19T00:00:00.000Z',
  domain: null,
  objectCount: null,
  dataSourceCount: null,
  metadata: { source: 'demo_runtime_migration', phase: 'NW-A:1' }
}
[WorkspaceRegistry][Mutation] {
  type: 'setActiveWorkspace',
  activeWorkspaceId: 'eca_4_runtime_proofs_munc9usi',
  workspaceCount: 2
}
[ActiveWorkspace][Resolved] {
  workspaceId: 'eca_4_runtime_proofs_munc9usi',
  workspaceName: 'ECA:4 Runtime Proofs',
  status: 'active',
  createdAt: '2026-09-30T00:00:17.442Z',
  updatedAt: '2026-09-30T00:00:17.442Z',
  lastOpenedAt: '2026-09-30T00:00:17.442Z',
  domain: null,
  objectCount: 0,
  dataSourceCount: 0,
  metadata: { lifecycle: 'empty_workspace', phase: 'NW-A:3' }
}
[WorkspaceLifecycle] Created Workspace {
  workspaceId: 'eca_4_runtime_proofs_munc9usi',
  workspaceName: 'ECA:4 Runtime Proofs'
}
[Topology][Flow] Generating flow layout
[Topology][Flow] Nodes: 8
[Topology][Flow] Connections: 7
[Topology][Flow] Generating flow layout
[Topology][Flow] Nodes: 2
[Topology][Flow] Connections: 1
[Topology][Flow] Generating flow layout
[Topology][Flow] Nodes: 8
[Topology][Flow] Connections: 7
[Topology][Flow] Generating flow layout
[Topology][Flow] Nodes: 2
[Topology][Flow] Connections: 1
[Topology][Flow] Generating flow layout
[Topology][Flow] Nodes: 8
[Topology][Flow] Connections: 7
[Topology][Flow] Generating flow layout
[Topology][Flow] Nodes: 2
[Topology][Flow] Connections: 1
[Topology][Flow] Generating flow layout
[Topology][Flow] Nodes: 8
[Topology][Flow] Connections: 7
[Topology][Flow] Generating flow layout
[Topology][Flow] Nodes: 2
[Topology][Flow] Connections: 1
[Topology][Flow] Generating flow layout
[Topology][Flow] Nodes: 8
[Topology][Flow] Connections: 7
[Topology][Flow] Generating flow layout
[Topology][Flow] Nodes: 2
[Topology][Flow] Connections: 1
[Topology][Flow] Generating flow layout
[Topology][Flow] Nodes: 8
[Topology][Flow] Connections: 7
[Topology][Flow] Generating flow layout
[Topology][Flow] Nodes: 2
[Topology][Flow] Connections: 1
[WorkspaceRegistry][Init] {
  version: 'NW-A:1',
  workspaceCount: 1,
  activeWorkspaceId: 'demo_workspace'
}
[ActiveWorkspace][Resolved] {
  workspaceId: 'demo_workspace',
  workspaceName: 'Demo Workspace',
  status: 'active',
  createdAt: '2026-06-19T00:00:00.000Z',
  updatedAt: '2026-06-19T00:00:00.000Z',
  lastOpenedAt: '2026-06-19T00:00:00.000Z',
  domain: null,
  objectCount: null,
  dataSourceCount: null,
  metadata: { source: 'demo_runtime_migration', phase: 'NW-A:1' }
}
[WorkspaceRegistry][Mutation] {
  type: 'upsertWorkspace',
  activeWorkspaceId: 'demo_workspace',
  workspaceCount: 2
}
[ActiveWorkspace][Resolved] {
  workspaceId: 'demo_workspace',
  workspaceName: 'Demo Workspace',
  status: 'active',
  createdAt: '2026-06-19T00:00:00.000Z',
  updatedAt: '2026-06-19T00:00:00.000Z',
  lastOpenedAt: '2026-06-19T00:00:00.000Z',
  domain: null,
  objectCount: null,
  dataSourceCount: null,
  metadata: { source: 'demo_runtime_migration', phase: 'NW-A:1' }
}
[WorkspaceRegistry][Mutation] {
  type: 'setActiveWorkspace',
  activeWorkspaceId: 'eca_4_runtime_proofs_munc9uuk',
  workspaceCount: 2
}
[ActiveWorkspace][Resolved] {
  workspaceId: 'eca_4_runtime_proofs_munc9uuk',
  workspaceName: 'ECA:4 Runtime Proofs',
  status: 'active',
  createdAt: '2026-09-30T00:00:17.516Z',
  updatedAt: '2026-09-30T00:00:17.516Z',
  lastOpenedAt: '2026-09-30T00:00:17.516Z',
  domain: null,
  objectCount: 0,
  dataSourceCount: 0,
  metadata: { lifecycle: 'empty_workspace', phase: 'NW-A:3' }
}
[WorkspaceLifecycle] Created Workspace {
  workspaceId: 'eca_4_runtime_proofs_munc9uuk',
  workspaceName: 'ECA:4 Runtime Proofs'
}
[Topology][Flow] Generating flow layout
[Topology][Flow] Nodes: 8
[Topology][Flow] Connections: 7
[Topology][Flow] Generating flow layout
[Topology][Flow] Nodes: 2
[Topology][Flow] Connections: 1
[Topology][Flow] Generating flow layout
[Topology][Flow] Nodes: 8
[Topology][Flow] Connections: 7
[Topology][Flow] Generating flow layout
[Topology][Flow] Nodes: 2
[Topology][Flow] Connections: 1
[Topology][Flow] Generating flow layout
[Topology][Flow] Nodes: 8
[Topology][Flow] Connections: 7
[Topology][Flow] Generating flow layout
[Topology][Flow] Nodes: 2
[Topology][Flow] Connections: 1
[Topology][Flow] Generating flow layout
[Topology][Flow] Nodes: 8
[Topology][Flow] Connections: 7
[Topology][Flow] Generating flow layout
[Topology][Flow] Nodes: 2
[Topology][Flow] Connections: 1
[Topology][Flow] Generating flow layout
[Topology][Flow] Nodes: 8
[Topology][Flow] Connections: 7
[Topology][Flow] Generating flow layout
[Topology][Flow] Nodes: 2
[Topology][Flow] Connections: 1
[Topology][Flow] Generating flow layout
[Topology][Flow] Nodes: 8
[Topology][Flow] Connections: 7
[Topology][Flow] Generating flow layout
[Topology][Flow] Nodes: 2
[Topology][Flow] Connections: 1
[WorkspaceRegistry][Init] {
  version: 'NW-A:1',
  workspaceCount: 1,
  activeWorkspaceId: 'demo_workspace'
}
[ActiveWorkspace][Resolved] {
  workspaceId: 'demo_workspace',
  workspaceName: 'Demo Workspace',
  status: 'active',
  createdAt: '2026-06-19T00:00:00.000Z',
  updatedAt: '2026-06-19T00:00:00.000Z',
  lastOpenedAt: '2026-06-19T00:00:00.000Z',
  domain: null,
  objectCount: null,
  dataSourceCount: null,
  metadata: { source: 'demo_runtime_migration', phase: 'NW-A:1' }
}
[WorkspaceRegistry][Mutation] {
  type: 'upsertWorkspace',
  activeWorkspaceId: 'demo_workspace',
  workspaceCount: 2
}
[ActiveWorkspace][Resolved] {
  workspaceId: 'demo_workspace',
  workspaceName: 'Demo Workspace',
  status: 'active',
  createdAt: '2026-06-19T00:00:00.000Z',
  updatedAt: '2026-06-19T00:00:00.000Z',
  lastOpenedAt: '2026-06-19T00:00:00.000Z',
  domain: null,
  objectCount: null,
  dataSourceCount: null,
  metadata: { source: 'demo_runtime_migration', phase: 'NW-A:1' }
}
[WorkspaceRegistry][Mutation] {
  type: 'setActiveWorkspace',
  activeWorkspaceId: 'eca_4_runtime_proofs_munc9uw4',
  workspaceCount: 2
}
[ActiveWorkspace][Resolved] {
  workspaceId: 'eca_4_runtime_proofs_munc9uw4',
  workspaceName: 'ECA:4 Runtime Proofs',
  status: 'active',
  createdAt: '2026-09-30T00:00:17.572Z',
  updatedAt: '2026-09-30T00:00:17.572Z',
  lastOpenedAt: '2026-09-30T00:00:17.572Z',
  domain: null,
  objectCount: 0,
  dataSourceCount: 0,
  metadata: { lifecycle: 'empty_workspace', phase: 'NW-A:3' }
}
[WorkspaceLifecycle] Created Workspace {
  workspaceId: 'eca_4_runtime_proofs_munc9uw4',
  workspaceName: 'ECA:4 Runtime Proofs'
}
[Topology][Flow] Generating flow layout
[Topology][Flow] Nodes: 8
[Topology][Flow] Connections: 7
[Topology][Flow] Generating flow layout
[Topology][Flow] Nodes: 2
[Topology][Flow] Connections: 1
[Topology][Flow] Generating flow layout
[Topology][Flow] Nodes: 8
[Topology][Flow] Connections: 7
[Topology][Flow] Generating flow layout
[Topology][Flow] Nodes: 2
[Topology][Flow] Connections: 1
[Topology][Flow] Generating flow layout
[Topology][Flow] Nodes: 8
[Topology][Flow] Connections: 7
[Topology][Flow] Generating flow layout
[Topology][Flow] Nodes: 2
[Topology][Flow] Connections: 1
[Topology][Flow] Generating flow layout
[Topology][Flow] Nodes: 8
[Topology][Flow] Connections: 7
[Topology][Flow] Generating flow layout
[Topology][Flow] Nodes: 2
[Topology][Flow] Connections: 1
[Topology][Flow] Generating flow layout
[Topology][Flow] Nodes: 8
[Topology][Flow] Connections: 7
[Topology][Flow] Generating flow layout
[Topology][Flow] Nodes: 2
[Topology][Flow] Connections: 1
[Topology][Flow] Generating flow layout
[Topology][Flow] Nodes: 8
[Topology][Flow] Connections: 7
[Topology][Flow] Generating flow layout
[Topology][Flow] Nodes: 2
[Topology][Flow] Connections: 1
[Topology][Flow] Generating flow layout
[Topology][Flow] Nodes: 8
[Topology][Flow] Connections: 7
[Topology][Flow] Generating flow layout
[Topology][Flow] Nodes: 2
[Topology][Flow] Connections: 1
[Topology][Flow] Generating flow layout
[Topology][Flow] Nodes: 8
[Topology][Flow] Connections: 7
[Topology][Flow] Generating flow layout
[Topology][Flow] Nodes: 2
[Topology][Flow] Connections: 1
[Topology][Flow] Generating flow layout
[Topology][Flow] Nodes: 8
[Topology][Flow] Connections: 7
[Topology][Flow] Generating flow layout
[Topology][Flow] Nodes: 2
[Topology][Flow] Connections: 1
[WorkspaceRegistry][Init] {
  version: 'NW-A:1',
  workspaceCount: 1,
  activeWorkspaceId: 'demo_workspace'
}
[ActiveWorkspace][Resolved] {
  workspaceId: 'demo_workspace',
  workspaceName: 'Demo Workspace',
  status: 'active',
  createdAt: '2026-06-19T00:00:00.000Z',
  updatedAt: '2026-06-19T00:00:00.000Z',
  lastOpenedAt: '2026-06-19T00:00:00.000Z',
  domain: null,
  objectCount: null,
  dataSourceCount: null,
  metadata: { source: 'demo_runtime_migration', phase: 'NW-A:1' }
}
[WorkspaceRegistry][Mutation] {
  type: 'upsertWorkspace',
  activeWorkspaceId: 'demo_workspace',
  workspaceCount: 2
}
[ActiveWorkspace][Resolved] {
  workspaceId: 'demo_workspace',
  workspaceName: 'Demo Workspace',
  status: 'active',
  createdAt: '2026-06-19T00:00:00.000Z',
  updatedAt: '2026-06-19T00:00:00.000Z',
  lastOpenedAt: '2026-06-19T00:00:00.000Z',
  domain: null,
  objectCount: null,
  dataSourceCount: null,
  metadata: { source: 'demo_runtime_migration', phase: 'NW-A:1' }
}
[WorkspaceRegistry][Mutation] {
  type: 'setActiveWorkspace',
  activeWorkspaceId: 'eca_4_runtime_proofs_munc9uy2',
  workspaceCount: 2
}
[ActiveWorkspace][Resolved] {
  workspaceId: 'eca_4_runtime_proofs_munc9uy2',
  workspaceName: 'ECA:4 Runtime Proofs',
  status: 'active',
  createdAt: '2026-09-30T00:00:17.642Z',
  updatedAt: '2026-09-30T00:00:17.642Z',
  lastOpenedAt: '2026-09-30T00:00:17.642Z',
  domain: null,
  objectCount: 0,
  dataSourceCount: 0,
  metadata: { lifecycle: 'empty_workspace', phase: 'NW-A:3' }
}
[WorkspaceLifecycle] Created Workspace {
  workspaceId: 'eca_4_runtime_proofs_munc9uy2',
  workspaceName: 'ECA:4 Runtime Proofs'
}
[Topology][Flow] Generating flow layout
[Topology][Flow] Nodes: 8
[Topology][Flow] Connections: 7
[Topology][Flow] Generating flow layout
[Topology][Flow] Nodes: 2
[Topology][Flow] Connections: 1
[Topology][Flow] Generating flow layout
[Topology][Flow] Nodes: 8
[Topology][Flow] Connections: 7
[Topology][Flow] Generating flow layout
[Topology][Flow] Nodes: 2
[Topology][Flow] Connections: 1
[Topology][Flow] Generating flow layout
[Topology][Flow] Nodes: 8
[Topology][Flow] Connections: 7
[Topology][Flow] Generating flow layout
[Topology][Flow] Nodes: 2
[Topology][Flow] Connections: 1
[WorkspaceRegistry][Init] {
  version: 'NW-A:1',
  workspaceCount: 1,
  activeWorkspaceId: 'demo_workspace'
}
[ActiveWorkspace][Resolved] {
  workspaceId: 'demo_workspace',
  workspaceName: 'Demo Workspace',
  status: 'active',
  createdAt: '2026-06-19T00:00:00.000Z',
  updatedAt: '2026-06-19T00:00:00.000Z',
  lastOpenedAt: '2026-06-19T00:00:00.000Z',
  domain: null,
  objectCount: null,
  dataSourceCount: null,
  metadata: { source: 'demo_runtime_migration', phase: 'NW-A:1' }
}
[WorkspaceRegistry][Mutation] {
  type: 'upsertWorkspace',
  activeWorkspaceId: 'demo_workspace',
  workspaceCount: 2
}
[ActiveWorkspace][Resolved] {
  workspaceId: 'demo_workspace',
  workspaceName: 'Demo Workspace',
  status: 'active',
  createdAt: '2026-06-19T00:00:00.000Z',
  updatedAt: '2026-06-19T00:00:00.000Z',
  lastOpenedAt: '2026-06-19T00:00:00.000Z',
  domain: null,
  objectCount: null,
  dataSourceCount: null,
  metadata: { source: 'demo_runtime_migration', phase: 'NW-A:1' }
}
[WorkspaceRegistry][Mutation] {
  type: 'setActiveWorkspace',
  activeWorkspaceId: 'eca_4_runtime_proofs_munc9uyn',
  workspaceCount: 2
}
[ActiveWorkspace][Resolved] {
  workspaceId: 'eca_4_runtime_proofs_munc9uyn',
  workspaceName: 'ECA:4 Runtime Proofs',
  status: 'active',
  createdAt: '2026-09-30T00:00:17.663Z',
  updatedAt: '2026-09-30T00:00:17.663Z',
  lastOpenedAt: '2026-09-30T00:00:17.663Z',
  domain: null,
  objectCount: 0,
  dataSourceCount: 0,
  metadata: { lifecycle: 'empty_workspace', phase: 'NW-A:3' }
}
[WorkspaceLifecycle] Created Workspace {
  workspaceId: 'eca_4_runtime_proofs_munc9uyn',
  workspaceName: 'ECA:4 Runtime Proofs'
}
[Topology][Flow] Generating flow layout
[Topology][Flow] Nodes: 8
[Topology][Flow] Connections: 7
[Topology][Flow] Generating flow layout
[Topology][Flow] Nodes: 2
[Topology][Flow] Connections: 1
[Topology][Flow] Generating flow layout
[Topology][Flow] Nodes: 8
[Topology][Flow] Connections: 7
[Topology][Flow] Generating flow layout
[Topology][Flow] Nodes: 2
[Topology][Flow] Connections: 1
[Topology][Flow] Generating flow layout
[Topology][Flow] Nodes: 8
[Topology][Flow] Connections: 7
[Topology][Flow] Generating flow layout
[Topology][Flow] Nodes: 2
[Topology][Flow] Connections: 1
[WorkspaceRegistry][Init] {
  version: 'NW-A:1',
  workspaceCount: 1,
  activeWorkspaceId: 'demo_workspace'
}
[ActiveWorkspace][Resolved] {
  workspaceId: 'demo_workspace',
  workspaceName: 'Demo Workspace',
  status: 'active',
  createdAt: '2026-06-19T00:00:00.000Z',
  updatedAt: '2026-06-19T00:00:00.000Z',
  lastOpenedAt: '2026-06-19T00:00:00.000Z',
  domain: null,
  objectCount: null,
  dataSourceCount: null,
  metadata: { source: 'demo_runtime_migration', phase: 'NW-A:1' }
}
[WorkspaceRegistry][Mutation] {
  type: 'upsertWorkspace',
  activeWorkspaceId: 'demo_workspace',
  workspaceCount: 2
}
[ActiveWorkspace][Resolved] {
  workspaceId: 'demo_workspace',
  workspaceName: 'Demo Workspace',
  status: 'active',
  createdAt: '2026-06-19T00:00:00.000Z',
  updatedAt: '2026-06-19T00:00:00.000Z',
  lastOpenedAt: '2026-06-19T00:00:00.000Z',
  domain: null,
  objectCount: null,
  dataSourceCount: null,
  metadata: { source: 'demo_runtime_migration', phase: 'NW-A:1' }
}
[WorkspaceRegistry][Mutation] {
  type: 'setActiveWorkspace',
  activeWorkspaceId: 'eca_4_runtime_proofs_munc9uz3',
  workspaceCount: 2
}
[ActiveWorkspace][Resolved] {
  workspaceId: 'eca_4_runtime_proofs_munc9uz3',
  workspaceName: 'ECA:4 Runtime Proofs',
  status: 'active',
  createdAt: '2026-09-30T00:00:17.679Z',
  updatedAt: '2026-09-30T00:00:17.679Z',
  lastOpenedAt: '2026-09-30T00:00:17.679Z',
  domain: null,
  objectCount: 0,
  dataSourceCount: 0,
  metadata: { lifecycle: 'empty_workspace', phase: 'NW-A:3' }
}
[WorkspaceLifecycle] Created Workspace {
  workspaceId: 'eca_4_runtime_proofs_munc9uz3',
  workspaceName: 'ECA:4 Runtime Proofs'
}
[Topology][Flow] Generating flow layout
[Topology][Flow] Nodes: 8
[Topology][Flow] Connections: 7
[Topology][Flow] Generating flow layout
[Topology][Flow] Nodes: 2
[Topology][Flow] Connections: 1
[Topology][Flow] Generating flow layout
[Topology][Flow] Nodes: 8
[Topology][Flow] Connections: 7
[Topology][Flow] Generating flow layout
[Topology][Flow] Nodes: 2
[Topology][Flow] Connections: 1
[Topology][Flow] Generating flow layout
[Topology][Flow] Nodes: 8
[Topology][Flow] Connections: 7
[Topology][Flow] Generating flow layout
[Topology][Flow] Nodes: 2
[Topology][Flow] Connections: 1
✔ ECA:4 runtime — known delivery target is not re-asked (271.79575ms)
✔ ECA:4 runtime — comparison missing cost (58.328834ms)
✔ ECA:4 runtime — I don’t know is not fabricated or repeated (74.026875ms)
✔ ECA:4 runtime — why explains the information value (46.081083ms)
✔ ECA:4 runtime — skip then compare proceeds without trapping (79.55275ms)
✔ ECA:4 runtime — CAP_AV value is not treated as missing or confirmed (21.319042ms)
✔ ECA:4 runtime — execution ask cannot start Execution (15.390875ms)
✔ ECA:4 runtime — ECA:1–3 regression on an explicit explanation (20.706333ms)
✔ ECA:4 A — Already known delivery target is not re-asked (10.22225ms)
✔ ECA:4 B — Missing required Scenario B cost (5.001209ms)
✔ ECA:4 C — Optional missing information does not generate a question (0.511083ms)
✔ ECA:4 D — Ambiguity is not a business information gap (0.765791ms)
✔ ECA:4 E — Semantic uncertainty is not a missing value (1.0955ms)
✔ ECA:4 F — Existing Data Reality is used first (0.550542ms)
✔ ECA:4 G — Manager is a suitable source for one focused question (0.577625ms)
✔ ECA:4 H — I don’t know remains unknown and is not repeated (0.967ms)
✔ ECA:4 I — Skip is respected (0.545667ms)
✔ ECA:4 J — Highest-value comparison gap is cost, not every empty field (0.891ms)
✔ ECA:4 K — Decision readiness asks without committing (0.337167ms)
✔ ECA:4 L — Execution readiness identifies the Decision prerequisite (0.238792ms)
✔ ECA:4 M — Outcome gap does not invent Outcome (0.216625ms)
✔ ECA:4 N — Causality gap does not assert causation (0.250125ms)
✔ ECA:4 O — One highest-value question among five unknown fields (0.353125ms)
✔ ECA:4 P — Why explains executive relevance (0.49175ms)
✔ ECA:4 Q — Suggested answers reuse ECA:2 suggestedManagerTurns (0.237375ms)
✔ ECA:4 R — Suggested answers are not business facts (0.197708ms)
✔ ECA:4 S — Answer does not write; mutation stays on the proposal path (0.266667ms)
✔ ECA:4 T — Authority isolation (0.378708ms)
✔ ECA:4 sequence 1 — Comparison cost answer is not silently promoted (0.334959ms)
✔ ECA:4 sequence 2 — Unknown does not repeat the question (0.338458ms)
✔ ECA:4 sequence 3 — Why preserves the pending need (0.350583ms)
✔ ECA:4 sequence 4 — Skip then compare proceeds with uncertainty (0.426125ms)
✔ ECA:4 sequence 5 — CAP_AV semantic clarification stays on DATA-ADV (0.620542ms)
✔ ECA:4 sequence 6 — Decision readiness does not commit (0.36825ms)
✔ ECA:4 questioning regression — existing explanation does not gain a new question (0.253458ms)
✔ ECA:4 ECA:3 intervention does not automatically ask (1.738959ms)
✔ ECA:4 question quality rejects vague patterns (0.2615ms)
✔ ECA:4 prompt A — Known Goal information → shouldAsk false (0.183125ms)
✔ ECA:4 prompt B — Missing material preference → one question (0.235667ms)
✔ ECA:4 prompt C — Missing non-material detail → shouldAsk false (0.183875ms)
✔ ECA:4 prompt D — Already available Data → do not ask manager (0.201125ms)
✔ ECA:4 prompt E — CAP_AV unconfirmed → semantic question, no Data write (0.220583ms)
✔ ECA:4 prompt F — Ambiguous referent uses clarification, not acquisition (0.376375ms)
✔ ECA:4 prompt G — Comparison criterion missing → one preference question (0.287791ms)
✔ ECA:4 prompt H — Decision-related ask does not commit (0.364333ms)
✔ ECA:4 prompt I — Execution readiness may ask; Execution count unchanged (0.213833ms)
✔ ECA:4 prompt J — Outcome observation ask without causality claim (0.236125ms)
✔ ECA:4 prompt K — Unanswerable gap does not ask manager for invented knowledge (0.205625ms)
✔ ECA:4 prompt L — Already asked question is not repeated (1.271542ms)
✔ ECA:4 prompt M — Explicit subject switch drops stale acquisition (0.289ms)
✔ ECA:4 prompt N — Three gaps → ask exactly one highest-value question (0.128625ms)
✔ ECA:4 prompt O — Suggested answers are bounded options, not facts (0.119209ms)
✔ ECA:4 prompt P — Manager answer is not written by ECA:4 (no ECA:5) (0.43225ms)
✔ ECA:4 prompt multi-turn 1 — Recommendation may ask one preference; no Decision (0.320792ms)
✔ ECA:4 prompt multi-turn 2 — CAP_AV uncertainty stays on DATA-ADV path (0.211958ms)
✔ ECA:4 prompt multi-turn 3 — Compare then choose asks criterion, no Decision (0.255292ms)
✔ ECA:4 prompt multi-turn 4 — Execution readiness ask keeps Execution at zero (0.188667ms)
[WorkspaceRegistry][Init] {
  version: 'NW-A:1',
  workspaceCount: 1,
  activeWorkspaceId: 'demo_workspace'
}
[ActiveWorkspace][Resolved] {
  workspaceId: 'demo_workspace',
  workspaceName: 'Demo Workspace',
  status: 'active',
  createdAt: '2026-06-19T00:00:00.000Z',
  updatedAt: '2026-06-19T00:00:00.000Z',
  lastOpenedAt: '2026-06-19T00:00:00.000Z',
  domain: null,
  objectCount: null,
  dataSourceCount: null,
  metadata: { source: 'demo_runtime_migration', phase: 'NW-A:1' }
}
[WorkspaceRegistry][Mutation] {
  type: 'upsertWorkspace',
  activeWorkspaceId: 'demo_workspace',
  workspaceCount: 2
}
[ActiveWorkspace][Resolved] {
  workspaceId: 'demo_workspace',
  workspaceName: 'Demo Workspace',
  status: 'active',
  createdAt: '2026-06-19T00:00:00.000Z',
  updatedAt: '2026-06-19T00:00:00.000Z',
  lastOpenedAt: '2026-06-19T00:00:00.000Z',
  domain: null,
  objectCount: null,
  dataSourceCount: null,
  metadata: { source: 'demo_runtime_migration', phase: 'NW-A:1' }
}
[WorkspaceRegistry][Mutation] {
  type: 'setActiveWorkspace',
  activeWorkspaceId: 'eca_3_runtime_proofs_munc9uhn',
  workspaceCount: 2
}
[ActiveWorkspace][Resolved] {
  workspaceId: 'eca_3_runtime_proofs_munc9uhn',
  workspaceName: 'ECA:3 Runtime Proofs',
  status: 'active',
  createdAt: '2026-09-30T00:00:17.050Z',
  updatedAt: '2026-09-30T00:00:17.050Z',
  lastOpenedAt: '2026-09-30T00:00:17.050Z',
  domain: null,
  objectCount: 0,
  dataSourceCount: 0,
  metadata: { lifecycle: 'empty_workspace', phase: 'NW-A:3' }
}
[WorkspaceLifecycle] Created Workspace {
  workspaceId: 'eca_3_runtime_proofs_munc9uhn',
  workspaceName: 'ECA:3 Runtime Proofs'
}
[Topology][Flow] Generating flow layout
[Topology][Flow] Nodes: 8
[Topology][Flow] Connections: 7
[Topology][Flow] Generating flow layout
[Topology][Flow] Nodes: 2
[Topology][Flow] Connections: 1
[Topology][Flow] Generating flow layout
[Topology][Flow] Nodes: 8
[Topology][Flow] Connections: 7
[Topology][Flow] Generating flow layout
[Topology][Flow] Nodes: 2
[Topology][Flow] Connections: 1
[Topology][Flow] Generating flow layout
[Topology][Flow] Nodes: 8
[Topology][Flow] Connections: 7
[Topology][Flow] Generating flow layout
[Topology][Flow] Nodes: 2
[Topology][Flow] Connections: 1
[WorkspaceRegistry][Init] {
  version: 'NW-A:1',
  workspaceCount: 1,
  activeWorkspaceId: 'demo_workspace'
}
[ActiveWorkspace][Resolved] {
  workspaceId: 'demo_workspace',
  workspaceName: 'Demo Workspace',
  status: 'active',
  createdAt: '2026-06-19T00:00:00.000Z',
  updatedAt: '2026-06-19T00:00:00.000Z',
  lastOpenedAt: '2026-06-19T00:00:00.000Z',
  domain: null,
  objectCount: null,
  dataSourceCount: null,
  metadata: { source: 'demo_runtime_migration', phase: 'NW-A:1' }
}
[WorkspaceRegistry][Mutation] {
  type: 'upsertWorkspace',
  activeWorkspaceId: 'demo_workspace',
  workspaceCount: 2
}
[ActiveWorkspace][Resolved] {
  workspaceId: 'demo_workspace',
  workspaceName: 'Demo Workspace',
  status: 'active',
  createdAt: '2026-06-19T00:00:00.000Z',
  updatedAt: '2026-06-19T00:00:00.000Z',
  lastOpenedAt: '2026-06-19T00:00:00.000Z',
  domain: null,
  objectCount: null,
  dataSourceCount: null,
  metadata: { source: 'demo_runtime_migration', phase: 'NW-A:1' }
}
[WorkspaceRegistry][Mutation] {
  type: 'setActiveWorkspace',
  activeWorkspaceId: 'eca_3_runtime_proofs_munc9uoo',
  workspaceCount: 2
}
[ActiveWorkspace][Resolved] {
  workspaceId: 'eca_3_runtime_proofs_munc9uoo',
  workspaceName: 'ECA:3 Runtime Proofs',
  status: 'active',
  createdAt: '2026-09-30T00:00:17.304Z',
  updatedAt: '2026-09-30T00:00:17.304Z',
  lastOpenedAt: '2026-09-30T00:00:17.304Z',
  domain: null,
  objectCount: 0,
  dataSourceCount: 0,
  metadata: { lifecycle: 'empty_workspace', phase: 'NW-A:3' }
}
[WorkspaceLifecycle] Created Workspace {
  workspaceId: 'eca_3_runtime_proofs_munc9uoo',
  workspaceName: 'ECA:3 Runtime Proofs'
}
[Topology][Flow] Generating flow layout
[Topology][Flow] Nodes: 8
[Topology][Flow] Connections: 7
[Topology][Flow] Generating flow layout
[Topology][Flow] Nodes: 2
[Topology][Flow] Connections: 1
[Topology][Flow] Generating flow layout
[Topology][Flow] Nodes: 8
[Topology][Flow] Connections: 7
[Topology][Flow] Generating flow layout
[Topology][Flow] Nodes: 2
[Topology][Flow] Connections: 1
[Topology][Flow] Generating flow layout
[Topology][Flow] Nodes: 8
[Topology][Flow] Connections: 7
[Topology][Flow] Generating flow layout
[Topology][Flow] Nodes: 2
[Topology][Flow] Connections: 1
[WorkspaceRegistry][Init] {
  version: 'NW-A:1',
  workspaceCount: 1,
  activeWorkspaceId: 'demo_workspace'
}
[ActiveWorkspace][Resolved] {
  workspaceId: 'demo_workspace',
  workspaceName: 'Demo Workspace',
  status: 'active',
  createdAt: '2026-06-19T00:00:00.000Z',
  updatedAt: '2026-06-19T00:00:00.000Z',
  lastOpenedAt: '2026-06-19T00:00:00.000Z',
  domain: null,
  objectCount: null,
  dataSourceCount: null,
  metadata: { source: 'demo_runtime_migration', phase: 'NW-A:1' }
}
[WorkspaceRegistry][Mutation] {
  type: 'upsertWorkspace',
  activeWorkspaceId: 'demo_workspace',
  workspaceCount: 2
}
[ActiveWorkspace][Resolved] {
  workspaceId: 'demo_workspace',
  workspaceName: 'Demo Workspace',
  status: 'active',
  createdAt: '2026-06-19T00:00:00.000Z',
  updatedAt: '2026-06-19T00:00:00.000Z',
  lastOpenedAt: '2026-06-19T00:00:00.000Z',
  domain: null,
  objectCount: null,
  dataSourceCount: null,
  metadata: { source: 'demo_runtime_migration', phase: 'NW-A:1' }
}
[WorkspaceRegistry][Mutation] {
  type: 'setActiveWorkspace',
  activeWorkspaceId: 'eca_3_runtime_proofs_munc9uqw',
  workspaceCount: 2
}
[ActiveWorkspace][Resolved] {
  workspaceId: 'eca_3_runtime_proofs_munc9uqw',
  workspaceName: 'ECA:3 Runtime Proofs',
  status: 'active',
  createdAt: '2026-09-30T00:00:17.384Z',
  updatedAt: '2026-09-30T00:00:17.384Z',
  lastOpenedAt: '2026-09-30T00:00:17.384Z',
  domain: null,
  objectCount: 0,
  dataSourceCount: 0,
  metadata: { lifecycle: 'empty_workspace', phase: 'NW-A:3' }
}
[WorkspaceLifecycle] Created Workspace {
  workspaceId: 'eca_3_runtime_proofs_munc9uqw',
  workspaceName: 'ECA:3 Runtime Proofs'
}
[Topology][Flow] Generating flow layout
[Topology][Flow] Nodes: 8
[Topology][Flow] Connections: 7
[Topology][Flow] Generating flow layout
[Topology][Flow] Nodes: 2
[Topology][Flow] Connections: 1
[Topology][Flow] Generating flow layout
[Topology][Flow] Nodes: 8
[Topology][Flow] Connections: 7
[Topology][Flow] Generating flow layout
[Topology][Flow] Nodes: 2
[Topology][Flow] Connections: 1
[Topology][Flow] Generating flow layout
[Topology][Flow] Nodes: 8
[Topology][Flow] Connections: 7
[Topology][Flow] Generating flow layout
[Topology][Flow] Nodes: 2
[Topology][Flow] Connections: 1
[Topology][Flow] Generating flow layout
[Topology][Flow] Nodes: 8
[Topology][Flow] Connections: 7
[Topology][Flow] Generating flow layout
[Topology][Flow] Nodes: 2
[Topology][Flow] Connections: 1
[Topology][Flow] Generating flow layout
[Topology][Flow] Nodes: 8
[Topology][Flow] Connections: 7
[Topology][Flow] Generating flow layout
[Topology][Flow] Nodes: 2
[Topology][Flow] Connections: 1
[Topology][Flow] Generating flow layout
[Topology][Flow] Nodes: 8
[Topology][Flow] Connections: 7
[Topology][Flow] Generating flow layout
[Topology][Flow] Nodes: 2
[Topology][Flow] Connections: 1
[Topology][Flow] Generating flow layout
[Topology][Flow] Nodes: 8
[Topology][Flow] Connections: 7
[Topology][Flow] Generating flow layout
[Topology][Flow] Nodes: 2
[Topology][Flow] Connections: 1
[Topology][Flow] Generating flow layout
[Topology][Flow] Nodes: 8
[Topology][Flow] Connections: 7
[Topology][Flow] Generating flow layout
[Topology][Flow] Nodes: 2
[Topology][Flow] Connections: 1
[Topology][Flow] Generating flow layout
[Topology][Flow] Nodes: 8
[Topology][Flow] Connections: 7
[Topology][Flow] Generating flow layout
[Topology][Flow] Nodes: 2
[Topology][Flow] Connections: 1
[Topology][Flow] Generating flow layout
[Topology][Flow] Nodes: 8
[Topology][Flow] Connections: 7
[Topology][Flow] Generating flow layout
[Topology][Flow] Nodes: 2
[Topology][Flow] Connections: 1
[Topology][Flow] Generating flow layout
[Topology][Flow] Nodes: 8
[Topology][Flow] Connections: 7
[Topology][Flow] Generating flow layout
[Topology][Flow] Nodes: 2
[Topology][Flow] Connections: 1
[Topology][Flow] Generating flow layout
[Topology][Flow] Nodes: 8
[Topology][Flow] Connections: 7
[Topology][Flow] Generating flow layout
[Topology][Flow] Nodes: 2
[Topology][Flow] Connections: 1
[WorkspaceRegistry][Init] {
  version: 'NW-A:1',
  workspaceCount: 1,
  activeWorkspaceId: 'demo_workspace'
}
[ActiveWorkspace][Resolved] {
  workspaceId: 'demo_workspace',
  workspaceName: 'Demo Workspace',
  status: 'active',
  createdAt: '2026-06-19T00:00:00.000Z',
  updatedAt: '2026-06-19T00:00:00.000Z',
  lastOpenedAt: '2026-06-19T00:00:00.000Z',
  domain: null,
  objectCount: null,
  dataSourceCount: null,
  metadata: { source: 'demo_runtime_migration', phase: 'NW-A:1' }
}
[WorkspaceRegistry][Mutation] {
  type: 'upsertWorkspace',
  activeWorkspaceId: 'demo_workspace',
  workspaceCount: 2
}
[ActiveWorkspace][Resolved] {
  workspaceId: 'demo_workspace',
  workspaceName: 'Demo Workspace',
  status: 'active',
  createdAt: '2026-06-19T00:00:00.000Z',
  updatedAt: '2026-06-19T00:00:00.000Z',
  lastOpenedAt: '2026-06-19T00:00:00.000Z',
  domain: null,
  objectCount: null,
  dataSourceCount: null,
  metadata: { source: 'demo_runtime_migration', phase: 'NW-A:1' }
}
[WorkspaceRegistry][Mutation] {
  type: 'setActiveWorkspace',
  activeWorkspaceId: 'eca_3_runtime_proofs_munc9uts',
  workspaceCount: 2
}
[ActiveWorkspace][Resolved] {
  workspaceId: 'eca_3_runtime_proofs_munc9uts',
  workspaceName: 'ECA:3 Runtime Proofs',
  status: 'active',
  createdAt: '2026-09-30T00:00:17.488Z',
  updatedAt: '2026-09-30T00:00:17.488Z',
  lastOpenedAt: '2026-09-30T00:00:17.488Z',
  domain: null,
  objectCount: 0,
  dataSourceCount: 0,
  metadata: { lifecycle: 'empty_workspace', phase: 'NW-A:3' }
}
[WorkspaceLifecycle] Created Workspace {
  workspaceId: 'eca_3_runtime_proofs_munc9uts',
  workspaceName: 'ECA:3 Runtime Proofs'
}
[Topology][Flow] Generating flow layout
[Topology][Flow] Nodes: 8
[Topology][Flow] Connections: 7
[Topology][Flow] Generating flow layout
[Topology][Flow] Nodes: 2
[Topology][Flow] Connections: 1
[Topology][Flow] Generating flow layout
[Topology][Flow] Nodes: 8
[Topology][Flow] Connections: 7
[Topology][Flow] Generating flow layout
[Topology][Flow] Nodes: 2
[Topology][Flow] Connections: 1
[Topology][Flow] Generating flow layout
[Topology][Flow] Nodes: 8
[Topology][Flow] Connections: 7
[Topology][Flow] Generating flow layout
[Topology][Flow] Nodes: 2
[Topology][Flow] Connections: 1
✔ ECA:3 runtime — explicit request is not hijacked by a moderate unrelated signal (254.734708ms)
✔ ECA:3 runtime — material goal deviation can justify bounded initiative (80.14975ms)
✔ ECA:3 runtime — dismissal suppresses then new evidence can resurface (103.946208ms)
✔ ECA:3 runtime — CAP_AV uncertainty is not an authoritative warning (21.302667ms)
✔ ECA:3 A — Silence on low significance (8.250292ms)
✔ ECA:3 B — Goal at risk (2.378167ms)
✔ ECA:3 C — Risk escalation (0.208125ms)
✔ ECA:3 D — New evidence (0.861208ms)
✔ ECA:3 E — Contradictory evidence (0.904084ms)
✔ ECA:3 F — Missing critical information (0.526791ms)
✔ ECA:3 G — Decision assumption weakening (0.490166ms)
✔ ECA:3 H — Execution blocked (0.402375ms)
✔ ECA:3 I — Outcome available (0.241333ms)
✔ ECA:3 J — High-value next step (1.43625ms)
✔ ECA:3 K — Duplicate suppression (0.650042ms)
✔ ECA:3 L — Manager acknowledged (0.449875ms)
✔ ECA:3 M — Manager dismissed (0.383708ms)
✔ ECA:3 N — Material change after dismissal (0.386917ms)
✔ ECA:3 O — Unconfirmed data semantics (0.610666ms)
✔ ECA:3 P — Explicit intent wins (0.217833ms)
✔ ECA:3 Q — Stage awareness (0.179541ms)
✔ ECA:3 R — Multiple candidates pick one (0.256542ms)
✔ ECA:3 S — Why follow-up (0.520875ms)
✔ ECA:3 T — No authority leakage (0.330916ms)
✔ ECA:3 sequence 1 — Surface then acknowledge then explicit request (0.332416ms)
✔ ECA:3 sequence 2 — Dismiss then material change (0.310208ms)
✔ ECA:3 sequence 3 — Decision assumption then Why (0.391708ms)
✔ ECA:3 sequence 4 — Execution blocker then show blocker (0.24625ms)
✔ ECA:3 sequence 5 — Productive next step then yes uses ECA:2 (0.205208ms)
✔ ECA:3 urgency stays separate from significance (0.162958ms)
✔ ECA:3 prompt A — Important Risk → SPEAK without causal invention (0.208291ms)
✔ ECA:3 prompt B — Trivial stable context → SILENT (0.205208ms)
✔ ECA:3 prompt C — Evidence gap before Decision → SPEAK, no Decision write (1.313167ms)
✔ ECA:3 prompt D — Execution deviation → SPEAK from canonical evidence only (0.130625ms)
✔ ECA:3 prompt E — Execution stable → SILENT (0.081ms)
✔ ECA:3 prompt F — Data uncertainty stays non-authoritative (0.215417ms)
✔ ECA:3 prompt G — Explicit Goal question outranks Scenario initiative (0.100416ms)
✔ ECA:3 prompt H — No causal inflation on weak contribution (0.125792ms)
✔ ECA:3 prompt I — No repetition after same advisory (0.099458ms)
✔ ECA:3 prompt J — Subject switch drops old proactive subject (0.098375ms)
✔ ECA:3 prompt K — Recommendation does not mutate Decision/Execution (0.06625ms)
✔ ECA:3 prompt L — Preference is not Decision commitment (0.068625ms)
✔ ECA:3 prompt M — Approved Decision without Start is readiness, not ACTIVE (0.076167ms)
✔ ECA:3 prompt N — High importance keeps weak confidence bounded (0.056541ms)
✔ ECA:3 prompt O — Silence after complete answer with no material change (0.080542ms)
✔ ECA:3 prompt multi-turn 1 — Investigation may SPEAK on material evidence gap (0.160208ms)
✔ ECA:3 prompt multi-turn 2 — Comparison tradeoff never creates Decision (0.837708ms)
✔ ECA:3 prompt multi-turn 3 — Preference ≠ commitment; readiness may SPEAK (0.39725ms)
✔ ECA:3 prompt multi-turn 4 — Before Start readiness; after Start deviation allowed (0.400916ms)
[WorkspaceRegistry][Init] {
  version: 'NW-A:1',
  workspaceCount: 1,
  activeWorkspaceId: 'demo_workspace'
}
[ActiveWorkspace][Resolved] {
  workspaceId: 'demo_workspace',
  workspaceName: 'Demo Workspace',
  status: 'active',
  createdAt: '2026-06-19T00:00:00.000Z',
  updatedAt: '2026-06-19T00:00:00.000Z',
  lastOpenedAt: '2026-06-19T00:00:00.000Z',
  domain: null,
  objectCount: null,
  dataSourceCount: null,
  metadata: { source: 'demo_runtime_migration', phase: 'NW-A:1' }
}
[WorkspaceRegistry][Mutation] {
  type: 'upsertWorkspace',
  activeWorkspaceId: 'demo_workspace',
  workspaceCount: 2
}
[ActiveWorkspace][Resolved] {
  workspaceId: 'demo_workspace',
  workspaceName: 'Demo Workspace',
  status: 'active',
  createdAt: '2026-06-19T00:00:00.000Z',
  updatedAt: '2026-06-19T00:00:00.000Z',
  lastOpenedAt: '2026-06-19T00:00:00.000Z',
  domain: null,
  objectCount: null,
  dataSourceCount: null,
  metadata: { source: 'demo_runtime_migration', phase: 'NW-A:1' }
}
[WorkspaceRegistry][Mutation] {
  type: 'setActiveWorkspace',
  activeWorkspaceId: 'eca_2_runtime_proofs_munc9urk',
  workspaceCount: 2
}
[ActiveWorkspace][Resolved] {
  workspaceId: 'eca_2_runtime_proofs_munc9urk',
  workspaceName: 'ECA:2 Runtime Proofs',
  status: 'active',
  createdAt: '2026-09-30T00:00:17.407Z',
  updatedAt: '2026-09-30T00:00:17.407Z',
  lastOpenedAt: '2026-09-30T00:00:17.407Z',
  domain: null,
  objectCount: 0,
  dataSourceCount: 0,
  metadata: { lifecycle: 'empty_workspace', phase: 'NW-A:3' }
}
[WorkspaceLifecycle] Created Workspace {
  workspaceId: 'eca_2_runtime_proofs_munc9urk',
  workspaceName: 'ECA:2 Runtime Proofs'
}
[Topology][Flow] Generating flow layout
[Topology][Flow] Nodes: 8
[Topology][Flow] Connections: 7
[Topology][Flow] Generating flow layout
[Topology][Flow] Nodes: 2
[Topology][Flow] Connections: 1
[Topology][Flow] Generating flow layout
[Topology][Flow] Nodes: 8
[Topology][Flow] Connections: 7
[Topology][Flow] Generating flow layout
[Topology][Flow] Nodes: 2
[Topology][Flow] Connections: 1
[Topology][Flow] Generating flow layout
[Topology][Flow] Nodes: 8
[Topology][Flow] Connections: 7
[Topology][Flow] Generating flow layout
[Topology][Flow] Nodes: 2
[Topology][Flow] Connections: 1
[Topology][Flow] Generating flow layout
[Topology][Flow] Nodes: 8
[Topology][Flow] Connections: 7
[Topology][Flow] Generating flow layout
[Topology][Flow] Nodes: 2
[Topology][Flow] Connections: 1
[Topology][Flow] Generating flow layout
[Topology][Flow] Nodes: 8
[Topology][Flow] Connections: 7
[Topology][Flow] Generating flow layout
[Topology][Flow] Nodes: 2
[Topology][Flow] Connections: 1
[Topology][Flow] Generating flow layout
[Topology][Flow] Nodes: 8
[Topology][Flow] Connections: 7
[Topology][Flow] Generating flow layout
[Topology][Flow] Nodes: 2
[Topology][Flow] Connections: 1
[Topology][Flow] Generating flow layout
[Topology][Flow] Nodes: 8
[Topology][Flow] Connections: 7
[Topology][Flow] Generating flow layout
[Topology][Flow] Nodes: 2
[Topology][Flow] Connections: 1
[Topology][Flow] Generating flow layout
[Topology][Flow] Nodes: 8
[Topology][Flow] Connections: 7
[Topology][Flow] Generating flow layout
[Topology][Flow] Nodes: 2
[Topology][Flow] Connections: 1
[Topology][Flow] Generating flow layout
[Topology][Flow] Nodes: 8
[Topology][Flow] Connections: 7
[Topology][Flow] Generating flow layout
[Topology][Flow] Nodes: 2
[Topology][Flow] Connections: 1
[WorkspaceRegistry][Init] {
  version: 'NW-A:1',
  workspaceCount: 1,
  activeWorkspaceId: 'demo_workspace'
}
[ActiveWorkspace][Resolved] {
  workspaceId: 'demo_workspace',
  workspaceName: 'Demo Workspace',
  status: 'active',
  createdAt: '2026-06-19T00:00:00.000Z',
  updatedAt: '2026-06-19T00:00:00.000Z',
  lastOpenedAt: '2026-06-19T00:00:00.000Z',
  domain: null,
  objectCount: null,
  dataSourceCount: null,
  metadata: { source: 'demo_runtime_migration', phase: 'NW-A:1' }
}
[WorkspaceRegistry][Mutation] {
  type: 'upsertWorkspace',
  activeWorkspaceId: 'demo_workspace',
  workspaceCount: 2
}
[ActiveWorkspace][Resolved] {
  workspaceId: 'demo_workspace',
  workspaceName: 'Demo Workspace',
  status: 'active',
  createdAt: '2026-06-19T00:00:00.000Z',
  updatedAt: '2026-06-19T00:00:00.000Z',
  lastOpenedAt: '2026-06-19T00:00:00.000Z',
  domain: null,
  objectCount: null,
  dataSourceCount: null,
  metadata: { source: 'demo_runtime_migration', phase: 'NW-A:1' }
}
[WorkspaceRegistry][Mutation] {
  type: 'setActiveWorkspace',
  activeWorkspaceId: 'eca_2_runtime_proofs_munc9v1u',
  workspaceCount: 2
}
[ActiveWorkspace][Resolved] {
  workspaceId: 'eca_2_runtime_proofs_munc9v1u',
  workspaceName: 'ECA:2 Runtime Proofs',
  status: 'active',
  createdAt: '2026-09-30T00:00:17.778Z',
  updatedAt: '2026-09-30T00:00:17.778Z',
  lastOpenedAt: '2026-09-30T00:00:17.778Z',
  domain: null,
  objectCount: 0,
  dataSourceCount: 0,
  metadata: { lifecycle: 'empty_workspace', phase: 'NW-A:3' }
}
[WorkspaceLifecycle] Created Workspace {
  workspaceId: 'eca_2_runtime_proofs_munc9v1u',
  workspaceName: 'ECA:2 Runtime Proofs'
}
[Topology][Flow] Generating flow layout
[Topology][Flow] Nodes: 8
[Topology][Flow] Connections: 7
[Topology][Flow] Generating flow layout
[Topology][Flow] Nodes: 2
[Topology][Flow] Connections: 1
[Topology][Flow] Generating flow layout
[Topology][Flow] Nodes: 8
[Topology][Flow] Connections: 7
[Topology][Flow] Generating flow layout
[Topology][Flow] Nodes: 2
[Topology][Flow] Connections: 1
[Topology][Flow] Generating flow layout
[Topology][Flow] Nodes: 8
[Topology][Flow] Connections: 7
[Topology][Flow] Generating flow layout
[Topology][Flow] Nodes: 2
[Topology][Flow] Connections: 1
[Topology][Flow] Generating flow layout
[Topology][Flow] Nodes: 8
[Topology][Flow] Connections: 7
[Topology][Flow] Generating flow layout
[Topology][Flow] Nodes: 2
[Topology][Flow] Connections: 1
[Topology][Flow] Generating flow layout
[Topology][Flow] Nodes: 8
[Topology][Flow] Connections: 7
[Topology][Flow] Generating flow layout
[Topology][Flow] Nodes: 2
[Topology][Flow] Connections: 1
[Topology][Flow] Generating flow layout
[Topology][Flow] Nodes: 8
[Topology][Flow] Connections: 7
[Topology][Hub] Generating hub layout
[Topology][Hub] Hub: Risk
[Topology][Hub] Satellites: 3
[Topology][Hub] Connections: 3
[Topology][Flow] Generating flow layout
[Topology][Flow] Nodes: 8
[Topology][Flow] Connections: 7
[Topology][Hub] Generating hub layout
[Topology][Hub] Hub: Risk
[Topology][Hub] Satellites: 3
[Topology][Hub] Connections: 3
[Topology][Flow] Generating flow layout
[Topology][Flow] Nodes: 8
[Topology][Flow] Connections: 7
[Topology][Hub] Generating hub layout
[Topology][Hub] Hub: Risk
[Topology][Hub] Satellites: 3
[Topology][Hub] Connections: 3
[Topology][Flow] Generating flow layout
[Topology][Flow] Nodes: 8
[Topology][Flow] Connections: 7
[Topology][Hub] Generating hub layout
[Topology][Hub] Hub: Risk
[Topology][Hub] Satellites: 3
[Topology][Hub] Connections: 3
[WorkspaceRegistry][Init] {
  version: 'NW-A:1',
  workspaceCount: 1,
  activeWorkspaceId: 'demo_workspace'
}
[ActiveWorkspace][Resolved] {
  workspaceId: 'demo_workspace',
  workspaceName: 'Demo Workspace',
  status: 'active',
  createdAt: '2026-06-19T00:00:00.000Z',
  updatedAt: '2026-06-19T00:00:00.000Z',
  lastOpenedAt: '2026-06-19T00:00:00.000Z',
  domain: null,
  objectCount: null,
  dataSourceCount: null,
  metadata: { source: 'demo_runtime_migration', phase: 'NW-A:1' }
}
[WorkspaceRegistry][Mutation] {
  type: 'upsertWorkspace',
  activeWorkspaceId: 'demo_workspace',
  workspaceCount: 2
}
[ActiveWorkspace][Resolved] {
  workspaceId: 'demo_workspace',
  workspaceName: 'Demo Workspace',
  status: 'active',
  createdAt: '2026-06-19T00:00:00.000Z',
  updatedAt: '2026-06-19T00:00:00.000Z',
  lastOpenedAt: '2026-06-19T00:00:00.000Z',
  domain: null,
  objectCount: null,
  dataSourceCount: null,
  metadata: { source: 'demo_runtime_migration', phase: 'NW-A:1' }
}
[WorkspaceRegistry][Mutation] {
  type: 'setActiveWorkspace',
  activeWorkspaceId: 'eca_2_runtime_proofs_munc9v44',
  workspaceCount: 2
}
[ActiveWorkspace][Resolved] {
  workspaceId: 'eca_2_runtime_proofs_munc9v44',
  workspaceName: 'ECA:2 Runtime Proofs',
  status: 'active',
  createdAt: '2026-09-30T00:00:17.860Z',
  updatedAt: '2026-09-30T00:00:17.860Z',
  lastOpenedAt: '2026-09-30T00:00:17.860Z',
  domain: null,
  objectCount: 0,
  dataSourceCount: 0,
  metadata: { lifecycle: 'empty_workspace', phase: 'NW-A:3' }
}
[WorkspaceLifecycle] Created Workspace {
  workspaceId: 'eca_2_runtime_proofs_munc9v44',
  workspaceName: 'ECA:2 Runtime Proofs'
}
[Topology][Flow] Generating flow layout
[Topology][Flow] Nodes: 8
[Topology][Flow] Connections: 7
[Topology][Flow] Generating flow layout
[Topology][Flow] Nodes: 2
[Topology][Flow] Connections: 1
[Topology][Flow] Generating flow layout
[Topology][Flow] Nodes: 8
[Topology][Flow] Connections: 7
[Topology][Flow] Generating flow layout
[Topology][Flow] Nodes: 2
[Topology][Flow] Connections: 1
[Topology][Flow] Generating flow layout
[Topology][Flow] Nodes: 8
[Topology][Flow] Connections: 7
[Topology][Flow] Generating flow layout
[Topology][Flow] Nodes: 2
[Topology][Flow] Connections: 1
[Topology][Flow] Generating flow layout
[Topology][Flow] Nodes: 8
[Topology][Flow] Connections: 7
[Topology][Flow] Generating flow layout
[Topology][Flow] Nodes: 2
[Topology][Flow] Connections: 1
[Topology][Flow] Generating flow layout
[Topology][Flow] Nodes: 8
[Topology][Flow] Connections: 7
[Topology][Flow] Generating flow layout
[Topology][Flow] Nodes: 2
[Topology][Flow] Connections: 1
[Topology][Flow] Generating flow layout
[Topology][Flow] Nodes: 8
[Topology][Flow] Connections: 7
[Topology][Flow] Generating flow layout
[Topology][Flow] Nodes: 2
[Topology][Flow] Connections: 1
[WorkspaceRegistry][Init] {
  version: 'NW-A:1',
  workspaceCount: 1,
  activeWorkspaceId: 'demo_workspace'
}
[ActiveWorkspace][Resolved] {
  workspaceId: 'demo_workspace',
  workspaceName: 'Demo Workspace',
  status: 'active',
  createdAt: '2026-06-19T00:00:00.000Z',
  updatedAt: '2026-06-19T00:00:00.000Z',
  lastOpenedAt: '2026-06-19T00:00:00.000Z',
  domain: null,
  objectCount: null,
  dataSourceCount: null,
  metadata: { source: 'demo_runtime_migration', phase: 'NW-A:1' }
}
[WorkspaceRegistry][Mutation] {
  type: 'upsertWorkspace',
  activeWorkspaceId: 'demo_workspace',
  workspaceCount: 2
}
[ActiveWorkspace][Resolved] {
  workspaceId: 'demo_workspace',
  workspaceName: 'Demo Workspace',
  status: 'active',
  createdAt: '2026-06-19T00:00:00.000Z',
  updatedAt: '2026-06-19T00:00:00.000Z',
  lastOpenedAt: '2026-06-19T00:00:00.000Z',
  domain: null,
  objectCount: null,
  dataSourceCount: null,
  metadata: { source: 'demo_runtime_migration', phase: 'NW-A:1' }
}
[WorkspaceRegistry][Mutation] {
  type: 'setActiveWorkspace',
  activeWorkspaceId: 'eca_2_runtime_proofs_munc9v5r',
  workspaceCount: 2
}
[ActiveWorkspace][Resolved] {
  workspaceId: 'eca_2_runtime_proofs_munc9v5r',
  workspaceName: 'ECA:2 Runtime Proofs',
  status: 'active',
  createdAt: '2026-09-30T00:00:17.919Z',
  updatedAt: '2026-09-30T00:00:17.919Z',
  lastOpenedAt: '2026-09-30T00:00:17.919Z',
  domain: null,
  objectCount: 0,
  dataSourceCount: 0,
  metadata: { lifecycle: 'empty_workspace', phase: 'NW-A:3' }
}
[WorkspaceLifecycle] Created Workspace {
  workspaceId: 'eca_2_runtime_proofs_munc9v5r',
  workspaceName: 'ECA:2 Runtime Proofs'
}
[Topology][Flow] Generating flow layout
[Topology][Flow] Nodes: 8
[Topology][Flow] Connections: 7
[Topology][Flow] Generating flow layout
[Topology][Flow] Nodes: 2
[Topology][Flow] Connections: 1
[Topology][Flow] Generating flow layout
[Topology][Flow] Nodes: 8
[Topology][Flow] Connections: 7
[Topology][Flow] Generating flow layout
[Topology][Flow] Nodes: 2
[Topology][Flow] Connections: 1
[Topology][Flow] Generating flow layout
[Topology][Flow] Nodes: 8
[Topology][Flow] Connections: 7
[Topology][Flow] Generating flow layout
[Topology][Flow] Nodes: 2
[Topology][Flow] Connections: 1
[Topology][Flow] Generating flow layout
[Topology][Flow] Nodes: 8
[Topology][Flow] Connections: 7
[Topology][Flow] Generating flow layout
[Topology][Flow] Nodes: 2
[Topology][Flow] Connections: 1
[Topology][Flow] Generating flow layout
[Topology][Flow] Nodes: 8
[Topology][Flow] Connections: 7
[Topology][Flow] Generating flow layout
[Topology][Flow] Nodes: 2
[Topology][Flow] Connections: 1
[Topology][Flow] Generating flow layout
[Topology][Flow] Nodes: 8
[Topology][Flow] Connections: 7
[Topology][Flow] Generating flow layout
[Topology][Flow] Nodes: 2
[Topology][Flow] Connections: 1
[Topology][Flow] Generating flow layout
[Topology][Flow] Nodes: 8
[Topology][Flow] Connections: 7
[Topology][Flow] Generating flow layout
[Topology][Flow] Nodes: 2
[Topology][Flow] Connections: 1
[Topology][Flow] Generating flow layout
[Topology][Flow] Nodes: 8
[Topology][Flow] Connections: 7
[Topology][Flow] Generating flow layout
[Topology][Flow] Nodes: 2
[Topology][Flow] Connections: 1
[Topology][Flow] Generating flow layout
[Topology][Flow] Nodes: 8
[Topology][Flow] Connections: 7
[Topology][Flow] Generating flow layout
[Topology][Flow] Nodes: 2
[Topology][Flow] Connections: 1
[Topology][Flow] Generating flow layout
[Topology][Flow] Nodes: 8
[Topology][Flow] Connections: 7
[Topology][Flow] Generating flow layout
[Topology][Flow] Nodes: 2
[Topology][Flow] Connections: 1
[Topology][Flow] Generating flow layout
[Topology][Flow] Nodes: 8
[Topology][Flow] Connections: 7
[Topology][Flow] Generating flow layout
[Topology][Flow] Nodes: 2
[Topology][Flow] Connections: 1
[Topology][Flow] Generating flow layout
[Topology][Flow] Nodes: 8
[Topology][Flow] Connections: 7
[Topology][Flow] Generating flow layout
[Topology][Flow] Nodes: 2
[Topology][Flow] Connections: 1
[WorkspaceRegistry][Init] {
  version: 'NW-A:1',
  workspaceCount: 1,
  activeWorkspaceId: 'demo_workspace'
}
[ActiveWorkspace][Resolved] {
  workspaceId: 'demo_workspace',
  workspaceName: 'Demo Workspace',
  status: 'active',
  createdAt: '2026-06-19T00:00:00.000Z',
  updatedAt: '2026-06-19T00:00:00.000Z',
  lastOpenedAt: '2026-06-19T00:00:00.000Z',
  domain: null,
  objectCount: null,
  dataSourceCount: null,
  metadata: { source: 'demo_runtime_migration', phase: 'NW-A:1' }
}
[WorkspaceRegistry][Mutation] {
  type: 'upsertWorkspace',
  activeWorkspaceId: 'demo_workspace',
  workspaceCount: 2
}
[ActiveWorkspace][Resolved] {
  workspaceId: 'demo_workspace',
  workspaceName: 'Demo Workspace',
  status: 'active',
  createdAt: '2026-06-19T00:00:00.000Z',
  updatedAt: '2026-06-19T00:00:00.000Z',
  lastOpenedAt: '2026-06-19T00:00:00.000Z',
  domain: null,
  objectCount: null,
  dataSourceCount: null,
  metadata: { source: 'demo_runtime_migration', phase: 'NW-A:1' }
}
[WorkspaceRegistry][Mutation] {
  type: 'setActiveWorkspace',
  activeWorkspaceId: 'eca_2_runtime_proofs_munc9v8p',
  workspaceCount: 2
}
[ActiveWorkspace][Resolved] {
  workspaceId: 'eca_2_runtime_proofs_munc9v8p',
  workspaceName: 'ECA:2 Runtime Proofs',
  status: 'active',
  createdAt: '2026-09-30T00:00:18.025Z',
  updatedAt: '2026-09-30T00:00:18.025Z',
  lastOpenedAt: '2026-09-30T00:00:18.025Z',
  domain: null,
  objectCount: 0,
  dataSourceCount: 0,
  metadata: { lifecycle: 'empty_workspace', phase: 'NW-A:3' }
}
[WorkspaceLifecycle] Created Workspace {
  workspaceId: 'eca_2_runtime_proofs_munc9v8p',
  workspaceName: 'ECA:2 Runtime Proofs'
}
[Topology][Flow] Generating flow layout
[Topology][Flow] Nodes: 8
[Topology][Flow] Connections: 7
[Topology][Flow] Generating flow layout
[Topology][Flow] Nodes: 2
[Topology][Flow] Connections: 1
[Topology][Flow] Generating flow layout
[Topology][Flow] Nodes: 8
[Topology][Flow] Connections: 7
[Topology][Flow] Generating flow layout
[Topology][Flow] Nodes: 2
[Topology][Flow] Connections: 1
[Topology][Flow] Generating flow layout
[Topology][Flow] Nodes: 8
[Topology][Flow] Connections: 7
[Topology][Flow] Generating flow layout
[Topology][Flow] Nodes: 2
[Topology][Flow] Connections: 1
[Topology][Flow] Generating flow layout
[Topology][Flow] Nodes: 8
[Topology][Flow] Connections: 7
[Topology][Flow] Generating flow layout
[Topology][Flow] Nodes: 2
[Topology][Flow] Connections: 1
[Topology][Flow] Generating flow layout
[Topology][Flow] Nodes: 8
[Topology][Flow] Connections: 7
[Topology][Flow] Generating flow layout
[Topology][Flow] Nodes: 2
[Topology][Flow] Connections: 1
[Topology][Flow] Generating flow layout
[Topology][Flow] Nodes: 8
[Topology][Flow] Connections: 7
[Topology][Flow] Generating flow layout
[Topology][Flow] Nodes: 2
[Topology][Flow] Connections: 1
[NexoraRiskFoundation] {
  workspaceId: 'eca_2_runtime_proofs_munc9v8p',
  riskId: 'wrisk_eca_2_runtime_proofs_munc9v8p_supplier_delay_2026_09_30t00_00_18_067z',
  action: 'created',
  tags: [
    '[DS61_RISK_FOUNDATION]',
    '[RISK_INTELLIGENCE_FOUNDATION]',
    '[RISK_STORAGE_READY]',
    '[RISK_CRUD_READY]',
    '[DS62_READY]',
    '[DS_6_1_COMPLETE]'
  ],
  phase: 'DS-6:1'
}
[WorkspaceRegistry][Init] {
  version: 'NW-A:1',
  workspaceCount: 1,
  activeWorkspaceId: 'demo_workspace'
}
[ActiveWorkspace][Resolved] {
  workspaceId: 'demo_workspace',
  workspaceName: 'Demo Workspace',
  status: 'active',
  createdAt: '2026-06-19T00:00:00.000Z',
  updatedAt: '2026-06-19T00:00:00.000Z',
  lastOpenedAt: '2026-06-19T00:00:00.000Z',
  domain: null,
  objectCount: null,
  dataSourceCount: null,
  metadata: { source: 'demo_runtime_migration', phase: 'NW-A:1' }
}
[WorkspaceRegistry][Mutation] {
  type: 'upsertWorkspace',
  activeWorkspaceId: 'demo_workspace',
  workspaceCount: 2
}
[ActiveWorkspace][Resolved] {
  workspaceId: 'demo_workspace',
  workspaceName: 'Demo Workspace',
  status: 'active',
  createdAt: '2026-06-19T00:00:00.000Z',
  updatedAt: '2026-06-19T00:00:00.000Z',
  lastOpenedAt: '2026-06-19T00:00:00.000Z',
  domain: null,
  objectCount: null,
  dataSourceCount: null,
  metadata: { source: 'demo_runtime_migration', phase: 'NW-A:1' }
}
[WorkspaceRegistry][Mutation] {
  type: 'setActiveWorkspace',
  activeWorkspaceId: 'eca_2_runtime_proofs_munc9v9w',
  workspaceCount: 2
}
[ActiveWorkspace][Resolved] {
  workspaceId: 'eca_2_runtime_proofs_munc9v9w',
  workspaceName: 'ECA:2 Runtime Proofs',
  status: 'active',
  createdAt: '2026-09-30T00:00:18.068Z',
  updatedAt: '2026-09-30T00:00:18.068Z',
  lastOpenedAt: '2026-09-30T00:00:18.068Z',
  domain: null,
  objectCount: 0,
  dataSourceCount: 0,
  metadata: { lifecycle: 'empty_workspace', phase: 'NW-A:3' }
}
[WorkspaceLifecycle] Created Workspace {
  workspaceId: 'eca_2_runtime_proofs_munc9v9w',
  workspaceName: 'ECA:2 Runtime Proofs'
}
[Topology][Flow] Generating flow layout
[Topology][Flow] Nodes: 8
[Topology][Flow] Connections: 7
[Topology][Flow] Generating flow layout
[Topology][Flow] Nodes: 2
[Topology][Flow] Connections: 1
[Topology][Flow] Generating flow layout
[Topology][Flow] Nodes: 8
[Topology][Flow] Connections: 7
[Topology][Flow] Generating flow layout
[Topology][Flow] Nodes: 2
[Topology][Flow] Connections: 1
[Topology][Flow] Generating flow layout
[Topology][Flow] Nodes: 8
[Topology][Flow] Connections: 7
[Topology][Flow] Generating flow layout
[Topology][Flow] Nodes: 2
[Topology][Flow] Connections: 1
[Topology][Flow] Generating flow layout
[Topology][Flow] Nodes: 8
[Topology][Flow] Connections: 7
[Topology][Flow] Generating flow layout
[Topology][Flow] Nodes: 2
[Topology][Flow] Connections: 1
[Topology][Flow] Generating flow layout
[Topology][Flow] Nodes: 8
[Topology][Flow] Connections: 7
[Topology][Flow] Generating flow layout
[Topology][Flow] Nodes: 2
[Topology][Flow] Connections: 1
[Topology][Flow] Generating flow layout
[Topology][Flow] Nodes: 8
[Topology][Flow] Connections: 7
[Topology][Flow] Generating flow layout
[Topology][Flow] Nodes: 2
[Topology][Flow] Connections: 1
[WorkspaceRegistry][Init] {
  version: 'NW-A:1',
  workspaceCount: 1,
  activeWorkspaceId: 'demo_workspace'
}
[ActiveWorkspace][Resolved] {
  workspaceId: 'demo_workspace',
  workspaceName: 'Demo Workspace',
  status: 'active',
  createdAt: '2026-06-19T00:00:00.000Z',
  updatedAt: '2026-06-19T00:00:00.000Z',
  lastOpenedAt: '2026-06-19T00:00:00.000Z',
  domain: null,
  objectCount: null,
  dataSourceCount: null,
  metadata: { source: 'demo_runtime_migration', phase: 'NW-A:1' }
}
[WorkspaceRegistry][Mutation] {
  type: 'upsertWorkspace',
  activeWorkspaceId: 'demo_workspace',
  workspaceCount: 2
}
[ActiveWorkspace][Resolved] {
  workspaceId: 'demo_workspace',
  workspaceName: 'Demo Workspace',
  status: 'active',
  createdAt: '2026-06-19T00:00:00.000Z',
  updatedAt: '2026-06-19T00:00:00.000Z',
  lastOpenedAt: '2026-06-19T00:00:00.000Z',
  domain: null,
  objectCount: null,
  dataSourceCount: null,
  metadata: { source: 'demo_runtime_migration', phase: 'NW-A:1' }
}
[WorkspaceRegistry][Mutation] {
  type: 'setActiveWorkspace',
  activeWorkspaceId: 'eca_2_runtime_proofs_munc9vap',
  workspaceCount: 2
}
[ActiveWorkspace][Resolved] {
  workspaceId: 'eca_2_runtime_proofs_munc9vap',
  workspaceName: 'ECA:2 Runtime Proofs',
  status: 'active',
  createdAt: '2026-09-30T00:00:18.097Z',
  updatedAt: '2026-09-30T00:00:18.097Z',
  lastOpenedAt: '2026-09-30T00:00:18.097Z',
  domain: null,
  objectCount: 0,
  dataSourceCount: 0,
  metadata: { lifecycle: 'empty_workspace', phase: 'NW-A:3' }
}
[WorkspaceLifecycle] Created Workspace {
  workspaceId: 'eca_2_runtime_proofs_munc9vap',
  workspaceName: 'ECA:2 Runtime Proofs'
}
[Topology][Flow] Generating flow layout
[Topology][Flow] Nodes: 8
[Topology][Flow] Connections: 7
[Topology][Flow] Generating flow layout
[Topology][Flow] Nodes: 2
[Topology][Flow] Connections: 1
[Topology][Flow] Generating flow layout
[Topology][Flow] Nodes: 8
[Topology][Flow] Connections: 7
[Topology][Flow] Generating flow layout
[Topology][Flow] Nodes: 2
[Topology][Flow] Connections: 1
[Topology][Flow] Generating flow layout
[Topology][Flow] Nodes: 8
[Topology][Flow] Connections: 7
[Topology][Flow] Generating flow layout
[Topology][Flow] Nodes: 2
[Topology][Flow] Connections: 1
[Topology][Flow] Generating flow layout
[Topology][Flow] Nodes: 8
[Topology][Flow] Connections: 7
[Topology][Flow] Generating flow layout
[Topology][Flow] Nodes: 2
[Topology][Flow] Connections: 1
[Topology][Flow] Generating flow layout
[Topology][Flow] Nodes: 8
[Topology][Flow] Connections: 7
[Topology][Flow] Generating flow layout
[Topology][Flow] Nodes: 2
[Topology][Flow] Connections: 1
[Topology][Flow] Generating flow layout
[Topology][Flow] Nodes: 8
[Topology][Flow] Connections: 7
[Topology][Flow] Generating flow layout
[Topology][Flow] Nodes: 2
[Topology][Flow] Connections: 1
✔ ECA:2 runtime 1 — Understand then investigate evidence (368.943125ms)
✔ ECA:2 runtime 2 — Comparison follow-ups do not commit (83.075833ms)
✔ ECA:2 runtime 3 — Recommendation about Capacity Gap is not a Decision (58.875333ms)
✔ ECA:2 runtime 4 — Two references then Investigate it stays bounded (106.181042ms)
✔ ECA:2 runtime 5 — Mutation reuses the certified Risk path (43.240541ms)
✔ ECA:2 runtime 6 — CAP_AV meaning remains uncertain until confirmed (28.525709ms)
✔ ECA:2 runtime 7 — Recommendation after comparison is not commitment (21.495875ms)
✔ ECA:2 focused A — Explain plans EXPLAIN without Stage mutation (6.683916ms)
✔ ECA:2 focused B — Investigation preserves causal uncertainty (3.19425ms)
✔ ECA:2 focused C — Evidence preserves active subject (0.437541ms)
✔ ECA:2 focused D — Comparison keeps both references and commits no Decision (1.544792ms)
✔ ECA:2 focused E — Comparison follow-up keeps set and changes criterion (0.263292ms)
✔ ECA:2 focused F — Recommendation never commits a Decision (0.139542ms)
✔ ECA:2 focused G — Ambiguity asks and never guesses (0.755792ms)
✔ ECA:2 focused H — Missing ranking evidence exposes uncertainty (0.598708ms)
✔ ECA:2 focused I — Mutation reuses proposal and never writes (1.494542ms)
✔ ECA:2 focused J/K/L — confirmation is bound and cancellation calls no writer (1.626708ms)
✔ ECA:2 focused M — Decision intent routes to existing authority (0.327167ms)
✔ ECA:2 focused N/O — Execution requires committed Decision (0.259375ms)
✔ ECA:2 focused P — Outcome keeps lifecycle reference and causality boundary (0.195041ms)
✔ ECA:2 focused Q — CAP_AV likely semantics remain uncertain (0.606208ms)
✔ ECA:2 focused R — Explicit subject switch wins (0.232959ms)
✔ ECA:2 focused S — Explicit comparison wins over Stage focus (0.212625ms)
✔ ECA:2 focused T — One primary and at most two bounded alternatives (0.140833ms)
✔ ECA:2 focused Q alternative — unconfirmed CAP_AV asks for semantic confirmation without treating it as truth (0.419708ms)
✔ ECA:2 multi-turn 1 — Investigation evolves without losing subject (0.607167ms)
✔ ECA:2 multi-turn 2 — Show, compare, evaluate, recommend without commitment (0.462042ms)
✔ ECA:2 multi-turn 3 — Explanation preserves active proposal for bound confirmation (0.31575ms)
✔ ECA:2 multi-turn 4 — Comparison, Decision, Execution stay authority-separated (0.254708ms)
[WorkspaceRegistry][Init] {
  version: 'NW-A:1',
  workspaceCount: 1,
  activeWorkspaceId: 'demo_workspace'
}
[ActiveWorkspace][Resolved] {
  workspaceId: 'demo_workspace',
  workspaceName: 'Demo Workspace',
  status: 'active',
  createdAt: '2026-06-19T00:00:00.000Z',
  updatedAt: '2026-06-19T00:00:00.000Z',
  lastOpenedAt: '2026-06-19T00:00:00.000Z',
  domain: null,
  objectCount: null,
  dataSourceCount: null,
  metadata: { source: 'demo_runtime_migration', phase: 'NW-A:1' }
}
[WorkspaceRegistry][Mutation] {
  type: 'upsertWorkspace',
  activeWorkspaceId: 'demo_workspace',
  workspaceCount: 2
}
[ActiveWorkspace][Resolved] {
  workspaceId: 'demo_workspace',
  workspaceName: 'Demo Workspace',
  status: 'active',
  createdAt: '2026-06-19T00:00:00.000Z',
  updatedAt: '2026-06-19T00:00:00.000Z',
  lastOpenedAt: '2026-06-19T00:00:00.000Z',
  domain: null,
  objectCount: null,
  dataSourceCount: null,
  metadata: { source: 'demo_runtime_migration', phase: 'NW-A:1' }
}
[WorkspaceRegistry][Mutation] {
  type: 'setActiveWorkspace',
  activeWorkspaceId: 'eca_12_runtime_proofs_munc9uzi',
  workspaceCount: 2
}
[ActiveWorkspace][Resolved] {
  workspaceId: 'eca_12_runtime_proofs_munc9uzi',
  workspaceName: 'ECA:12 Runtime Proofs',
  status: 'active',
  createdAt: '2026-09-30T00:00:17.693Z',
  updatedAt: '2026-09-30T00:00:17.693Z',
  lastOpenedAt: '2026-09-30T00:00:17.693Z',
  domain: null,
  objectCount: 0,
  dataSourceCount: 0,
  metadata: { lifecycle: 'empty_workspace', phase: 'NW-A:3' }
}
[WorkspaceLifecycle] Created Workspace {
  workspaceId: 'eca_12_runtime_proofs_munc9uzi',
  workspaceName: 'ECA:12 Runtime Proofs'
}
[Topology][Flow] Generating flow layout
[Topology][Flow] Nodes: 8
[Topology][Flow] Connections: 7
[Topology][Flow] Generating flow layout
[Topology][Flow] Nodes: 2
[Topology][Flow] Connections: 1
[Topology][Flow] Generating flow layout
[Topology][Flow] Nodes: 8
[Topology][Flow] Connections: 7
[Topology][Flow] Generating flow layout
[Topology][Flow] Nodes: 2
[Topology][Flow] Connections: 1
[Topology][Flow] Generating flow layout
[Topology][Flow] Nodes: 8
[Topology][Flow] Connections: 7
[Topology][Flow] Generating flow layout
[Topology][Flow] Nodes: 2
[Topology][Flow] Connections: 1
[WorkspaceRegistry][Init] {
  version: 'NW-A:1',
  workspaceCount: 1,
  activeWorkspaceId: 'demo_workspace'
}
[ActiveWorkspace][Resolved] {
  workspaceId: 'demo_workspace',
  workspaceName: 'Demo Workspace',
  status: 'active',
  createdAt: '2026-06-19T00:00:00.000Z',
  updatedAt: '2026-06-19T00:00:00.000Z',
  lastOpenedAt: '2026-06-19T00:00:00.000Z',
  domain: null,
  objectCount: null,
  dataSourceCount: null,
  metadata: { source: 'demo_runtime_migration', phase: 'NW-A:1' }
}
[WorkspaceRegistry][Mutation] {
  type: 'upsertWorkspace',
  activeWorkspaceId: 'demo_workspace',
  workspaceCount: 2
}
[ActiveWorkspace][Resolved] {
  workspaceId: 'demo_workspace',
  workspaceName: 'Demo Workspace',
  status: 'active',
  createdAt: '2026-06-19T00:00:00.000Z',
  updatedAt: '2026-06-19T00:00:00.000Z',
  lastOpenedAt: '2026-06-19T00:00:00.000Z',
  domain: null,
  objectCount: null,
  dataSourceCount: null,
  metadata: { source: 'demo_runtime_migration', phase: 'NW-A:1' }
}
[WorkspaceRegistry][Mutation] {
  type: 'setActiveWorkspace',
  activeWorkspaceId: 'eca_12_runtime_proofs_munc9v7d',
  workspaceCount: 2
}
[ActiveWorkspace][Resolved] {
  workspaceId: 'eca_12_runtime_proofs_munc9v7d',
  workspaceName: 'ECA:12 Runtime Proofs',
  status: 'active',
  createdAt: '2026-09-30T00:00:17.977Z',
  updatedAt: '2026-09-30T00:00:17.977Z',
  lastOpenedAt: '2026-09-30T00:00:17.977Z',
  domain: null,
  objectCount: 0,
  dataSourceCount: 0,
  metadata: { lifecycle: 'empty_workspace', phase: 'NW-A:3' }
}
[WorkspaceLifecycle] Created Workspace {
  workspaceId: 'eca_12_runtime_proofs_munc9v7d',
  workspaceName: 'ECA:12 Runtime Proofs'
}
[Topology][Flow] Generating flow layout
[Topology][Flow] Nodes: 8
[Topology][Flow] Connections: 7
[Topology][Flow] Generating flow layout
[Topology][Flow] Nodes: 2
[Topology][Flow] Connections: 1
[Topology][Flow] Generating flow layout
[Topology][Flow] Nodes: 8
[Topology][Flow] Connections: 7
[Topology][Flow] Generating flow layout
[Topology][Flow] Nodes: 2
[Topology][Flow] Connections: 1
[Topology][Flow] Generating flow layout
[Topology][Flow] Nodes: 8
[Topology][Flow] Connections: 7
[Topology][Flow] Generating flow layout
[Topology][Flow] Nodes: 2
[Topology][Flow] Connections: 1
[WorkspaceRegistry][Init] {
  version: 'NW-A:1',
  workspaceCount: 1,
  activeWorkspaceId: 'demo_workspace'
}
[ActiveWorkspace][Resolved] {
  workspaceId: 'demo_workspace',
  workspaceName: 'Demo Workspace',
  status: 'active',
  createdAt: '2026-06-19T00:00:00.000Z',
  updatedAt: '2026-06-19T00:00:00.000Z',
  lastOpenedAt: '2026-06-19T00:00:00.000Z',
  domain: null,
  objectCount: null,
  dataSourceCount: null,
  metadata: { source: 'demo_runtime_migration', phase: 'NW-A:1' }
}
[WorkspaceRegistry][Mutation] {
  type: 'upsertWorkspace',
  activeWorkspaceId: 'demo_workspace',
  workspaceCount: 2
}
[ActiveWorkspace][Resolved] {
  workspaceId: 'demo_workspace',
  workspaceName: 'Demo Workspace',
  status: 'active',
  createdAt: '2026-06-19T00:00:00.000Z',
  updatedAt: '2026-06-19T00:00:00.000Z',
  lastOpenedAt: '2026-06-19T00:00:00.000Z',
  domain: null,
  objectCount: null,
  dataSourceCount: null,
  metadata: { source: 'demo_runtime_migration', phase: 'NW-A:1' }
}
[WorkspaceRegistry][Mutation] {
  type: 'setActiveWorkspace',
  activeWorkspaceId: 'eca_12_runtime_proofs_munc9v9f',
  workspaceCount: 2
}
[ActiveWorkspace][Resolved] {
  workspaceId: 'eca_12_runtime_proofs_munc9v9f',
  workspaceName: 'ECA:12 Runtime Proofs',
  status: 'active',
  createdAt: '2026-09-30T00:00:18.051Z',
  updatedAt: '2026-09-30T00:00:18.051Z',
  lastOpenedAt: '2026-09-30T00:00:18.051Z',
  domain: null,
  objectCount: 0,
  dataSourceCount: 0,
  metadata: { lifecycle: 'empty_workspace', phase: 'NW-A:3' }
}
[WorkspaceLifecycle] Created Workspace {
  workspaceId: 'eca_12_runtime_proofs_munc9v9f',
  workspaceName: 'ECA:12 Runtime Proofs'
}
[Topology][Flow] Generating flow layout
[Topology][Flow] Nodes: 8
[Topology][Flow] Connections: 7
[Topology][Flow] Generating flow layout
[Topology][Flow] Nodes: 2
[Topology][Flow] Connections: 1
[Topology][Flow] Generating flow layout
[Topology][Flow] Nodes: 8
[Topology][Flow] Connections: 7
[Topology][Flow] Generating flow layout
[Topology][Flow] Nodes: 2
[Topology][Flow] Connections: 1
[Topology][Flow] Generating flow layout
[Topology][Flow] Nodes: 8
[Topology][Flow] Connections: 7
[Topology][Flow] Generating flow layout
[Topology][Flow] Nodes: 2
[Topology][Flow] Connections: 1
[Topology][Flow] Generating flow layout
[Topology][Flow] Nodes: 8
[Topology][Flow] Connections: 7
[Topology][Flow] Generating flow layout
[Topology][Flow] Nodes: 2
[Topology][Flow] Connections: 1
[Topology][Flow] Generating flow layout
[Topology][Flow] Nodes: 8
[Topology][Flow] Connections: 7
[Topology][Flow] Generating flow layout
[Topology][Flow] Nodes: 2
[Topology][Flow] Connections: 1
[Topology][Flow] Generating flow layout
[Topology][Flow] Nodes: 8
[Topology][Flow] Connections: 7
[Topology][Flow] Generating flow layout
[Topology][Flow] Nodes: 2
[Topology][Flow] Connections: 1
[WorkspaceRegistry][Init] {
  version: 'NW-A:1',
  workspaceCount: 1,
  activeWorkspaceId: 'demo_workspace'
}
[ActiveWorkspace][Resolved] {
  workspaceId: 'demo_workspace',
  workspaceName: 'Demo Workspace',
  status: 'active',
  createdAt: '2026-06-19T00:00:00.000Z',
  updatedAt: '2026-06-19T00:00:00.000Z',
  lastOpenedAt: '2026-06-19T00:00:00.000Z',
  domain: null,
  objectCount: null,
  dataSourceCount: null,
  metadata: { source: 'demo_runtime_migration', phase: 'NW-A:1' }
}
[WorkspaceRegistry][Mutation] {
  type: 'upsertWorkspace',
  activeWorkspaceId: 'demo_workspace',
  workspaceCount: 2
}
[ActiveWorkspace][Resolved] {
  workspaceId: 'demo_workspace',
  workspaceName: 'Demo Workspace',
  status: 'active',
  createdAt: '2026-06-19T00:00:00.000Z',
  updatedAt: '2026-06-19T00:00:00.000Z',
  lastOpenedAt: '2026-06-19T00:00:00.000Z',
  domain: null,
  objectCount: null,
  dataSourceCount: null,
  metadata: { source: 'demo_runtime_migration', phase: 'NW-A:1' }
}
[WorkspaceRegistry][Mutation] {
  type: 'setActiveWorkspace',
  activeWorkspaceId: 'eca_12_runtime_proofs_munc9vbs',
  workspaceCount: 2
}
[ActiveWorkspace][Resolved] {
  workspaceId: 'eca_12_runtime_proofs_munc9vbs',
  workspaceName: 'ECA:12 Runtime Proofs',
  status: 'active',
  createdAt: '2026-09-30T00:00:18.136Z',
  updatedAt: '2026-09-30T00:00:18.136Z',
  lastOpenedAt: '2026-09-30T00:00:18.136Z',
  domain: null,
  objectCount: 0,
  dataSourceCount: 0,
  metadata: { lifecycle: 'empty_workspace', phase: 'NW-A:3' }
}
[WorkspaceLifecycle] Created Workspace {
  workspaceId: 'eca_12_runtime_proofs_munc9vbs',
  workspaceName: 'ECA:12 Runtime Proofs'
}
[Topology][Flow] Generating flow layout
[Topology][Flow] Nodes: 8
[Topology][Flow] Connections: 7
[Topology][Flow] Generating flow layout
[Topology][Flow] Nodes: 2
[Topology][Flow] Connections: 1
[Topology][Flow] Generating flow layout
[Topology][Flow] Nodes: 8
[Topology][Flow] Connections: 7
[Topology][Flow] Generating flow layout
[Topology][Flow] Nodes: 2
[Topology][Flow] Connections: 1
[Topology][Flow] Generating flow layout
[Topology][Flow] Nodes: 8
[Topology][Flow] Connections: 7
[Topology][Flow] Generating flow layout
[Topology][Flow] Nodes: 2
[Topology][Flow] Connections: 1
✔ ECA:12 runtime — no Outcome means no Learning write (285.839833ms)
✔ ECA:12 runtime — ECA:1–11 identities remain (73.042875ms)
✔ ECA:12 runtime — CAP_AV does not become causal Learning (85.641958ms)
✔ ECA:12 runtime — closure does not write Decision (69.048167ms)
✔ ECA:12 A — Outcome to bounded Learning, no causal promotion (14.309375ms)
✔ ECA:12 B — No Outcome means no Learning (3.086667ms)
✔ ECA:12 C — Target met is not Decision-correct Learning (0.238042ms)
✔ ECA:12 D — Target missed may support reassessment, not Decision failed (0.209542ms)
✔ ECA:12 E — Mixed Outcome preserves trade-off (0.178209ms)
✔ ECA:12 F — Strengthened hypothesis is not proven (0.1585ms)
✔ ECA:12 G — Weakened hypothesis is not disproven (0.135375ms)
✔ ECA:12 H — Contradictory evidence is inconclusive (0.153417ms)
✔ ECA:12 I — CAP_AV is not causal Learning (0.203208ms)
✔ ECA:12 J — Reassessment candidate does not mutate Decision (0.200292ms)
✔ ECA:12 K — No reassessment needed when Goal met (0.126459ms)
✔ ECA:12 L — Explicit manager closure (3.224958ms)
✔ ECA:12 M — Keep open (0.128208ms)
✔ ECA:12 N — Accepted unknown allows Goal-result closure (0.176083ms)
✔ ECA:12 O — Blocking unknown: missing baseline (0.162833ms)
✔ ECA:12 P — Side question does not overlay (0.058291ms)
✔ ECA:12 Q — Reopen uses existing objective overlay (0.11325ms)
✔ ECA:12 R — Historical neutrality (0.082542ms)
✔ ECA:12 S — No durable Learning write (0.048167ms)
✔ ECA:12 T — Authority isolation (0.046167ms)
✔ ECA:12 sequence 1 — Goal met → close (0.103292ms)
✔ ECA:12 sequence 2 — Goal miss → reassessment (0.076ms)
✔ ECA:12 sequence 3 — mixed repeat (0.10225ms)
✔ ECA:12 sequence 4 — accepted unknown (0.154458ms)
✔ ECA:12 sequence 5 — blocking unknown (0.101459ms)
✔ ECA:12 sequence 6 — manager overstates Learning (0.068125ms)
✔ ECA:12 sequence 7 — new objective is not sticky (0.110167ms)
✔ ECA:12 sequence 8 — reopen (0.088125ms)
✔ ECA:12 overlay replaces generic command failure (0.097209ms)
✔ ECA:12 prompt A — No Outcome → NO_RELIABLE_LEARNING (0.04925ms)
✔ ECA:12 prompt B — NOT_YET_OBSERVED → no Learning (0.049042ms)
✔ ECA:12 prompt C — PARTIALLY_OBSERVED → tentative only (0.071291ms)
✔ ECA:12 prompt D — CONFLICTED → no strong Learning (0.043708ms)
✔ ECA:12 prompt E — STALE Outcome limitation (0.047208ms)
✔ ECA:12 prompt F — FAVORABLE ≠ causal proof (0.056542ms)
✔ ECA:12 prompt G — UNFAVORABLE ≠ bad Decision (0.057959ms)
✔ ECA:12 prompt H — MIXED preserves tradeoff (0.058292ms)
✔ ECA:12 prompt I — INCONCLUSIVE Outcome → no strong Learning (0.03925ms)
✔ ECA:12 prompt J — Supported bounded Learning (0.063125ms)
✔ ECA:12 prompt K — Tentative Learning uncertainty visible (0.053875ms)
✔ ECA:12 prompt L — Hypothesis only not promoted (0.061416ms)
✔ ECA:12 prompt M — No reliable Learning is valid (0.0585ms)
✔ ECA:12 prompt N — Single execution scope bounded (0.062375ms)
✔ ECA:12 prompt O — Repeated evidence strengthens bounded only (0.0445ms)
✔ ECA:12 prompt P — Temporal sequence ≠ causality (0.047416ms)
✔ ECA:12 prompt Q — Alternative explanations preserved (0.048ms)
✔ ECA:12 prompt R — Contradicted assumption identified (0.048458ms)
✔ ECA:12 prompt S — Aligned observation does not overclaim confirmation (0.05175ms)
✔ ECA:12 prompt T — Unresolved Data semantics (0.062541ms)
✔ ECA:12 prompt U — Manager causal assertion ≠ truth (0.041791ms)
✔ ECA:12 prompt V — Favorable ≠ automatic repeat (0.052208ms)
✔ ECA:12 prompt W — Unfavorable ≠ automatic never repeat (0.051708ms)
✔ ECA:12 prompt X — Goal missed may reassess, no Goal mutation (0.043375ms)
✔ ECA:12 prompt Y — Material assumption contradicted → reassessment (0.041ms)
✔ ECA:12 prompt Z — New evidence can increase reassessment (0.069583ms)
✔ ECA:12 prompt AA — Trivial/met Outcome no unnecessary reassessment (0.039375ms)
✔ ECA:12 prompt AB — Correct reassessment subject (0.065791ms)
✔ ECA:12 prompt AC — Reassessment advisory only (0.044417ms)
✔ ECA:12 prompt AD — Decision history unchanged (0.050084ms)
✔ ECA:12 prompt AE — Risk not written (0.046583ms)
✔ ECA:12 prompt AF — What did we learn? (0.053333ms)
✔ ECA:12 prompt AG — Why causal safety (0.039542ms)
✔ ECA:12 prompt AH — Should we do this again? no second recommendation engine (0.039958ms)
✔ ECA:12 prompt AI — Should we change the decision? advisory (0.049667ms)
✔ ECA:12 prompt AJ — What would you change next time? (0.046041ms)
✔ ECA:12 prompt AK — Remember this → no durable write (0.43875ms)
✔ ECA:12 prompt AL — Refresh does not invent persistence (0.401458ms)
✔ ECA:12 prompt AM — Writer protection across samples (0.723208ms)
✔ ECA:12 prompt AN — Durable Learning writes = 0 (0.215083ms)
✔ ECA:12 prompt AO — Duplicate-authority protection (0.171417ms)
✔ ECA:12 prompt multi-turn 1 — Outcome → Learning (0.168458ms)
✔ ECA:12 prompt multi-turn 2 — Learning → cause challenge (0.338333ms)
✔ ECA:12 prompt multi-turn 3 — Mixed → reassessment (0.312959ms)
✔ ECA:12 prompt multi-turn 4 — Future use before trying again (0.244875ms)
[WorkspaceRegistry][Init] {
  version: 'NW-A:1',
  workspaceCount: 1,
  activeWorkspaceId: 'demo_workspace'
}
[ActiveWorkspace][Resolved] {
  workspaceId: 'demo_workspace',
  workspaceName: 'Demo Workspace',
  status: 'active',
  createdAt: '2026-06-19T00:00:00.000Z',
  updatedAt: '2026-06-19T00:00:00.000Z',
  lastOpenedAt: '2026-06-19T00:00:00.000Z',
  domain: null,
  objectCount: null,
  dataSourceCount: null,
  metadata: { source: 'demo_runtime_migration', phase: 'NW-A:1' }
}
[WorkspaceRegistry][Mutation] {
  type: 'upsertWorkspace',
  activeWorkspaceId: 'demo_workspace',
  workspaceCount: 2
}
[ActiveWorkspace][Resolved] {
  workspaceId: 'demo_workspace',
  workspaceName: 'Demo Workspace',
  status: 'active',
  createdAt: '2026-06-19T00:00:00.000Z',
  updatedAt: '2026-06-19T00:00:00.000Z',
  lastOpenedAt: '2026-06-19T00:00:00.000Z',
  domain: null,
  objectCount: null,
  dataSourceCount: null,
  metadata: { source: 'demo_runtime_migration', phase: 'NW-A:1' }
}
[WorkspaceRegistry][Mutation] {
  type: 'setActiveWorkspace',
  activeWorkspaceId: 'eca_11_runtime_proofs_munc9vg6',
  workspaceCount: 2
}
[ActiveWorkspace][Resolved] {
  workspaceId: 'eca_11_runtime_proofs_munc9vg6',
  workspaceName: 'ECA:11 Runtime Proofs',
  status: 'active',
  createdAt: '2026-09-30T00:00:18.292Z',
  updatedAt: '2026-09-30T00:00:18.292Z',
  lastOpenedAt: '2026-09-30T00:00:18.292Z',
  domain: null,
  objectCount: 0,
  dataSourceCount: 0,
  metadata: { lifecycle: 'empty_workspace', phase: 'NW-A:3' }
}
[WorkspaceLifecycle] Created Workspace {
  workspaceId: 'eca_11_runtime_proofs_munc9vg6',
  workspaceName: 'ECA:11 Runtime Proofs'
}
[Topology][Flow] Generating flow layout
[Topology][Flow] Nodes: 8
[Topology][Flow] Connections: 7
[Topology][Flow] Generating flow layout
[Topology][Flow] Nodes: 2
[Topology][Flow] Connections: 1
[Topology][Flow] Generating flow layout
[Topology][Flow] Nodes: 8
[Topology][Flow] Connections: 7
[Topology][Flow] Generating flow layout
[Topology][Flow] Nodes: 2
[Topology][Flow] Connections: 1
[Topology][Flow] Generating flow layout
[Topology][Flow] Nodes: 8
[Topology][Flow] Connections: 7
[Topology][Flow] Generating flow layout
[Topology][Flow] Nodes: 2
[Topology][Flow] Connections: 1
[WorkspaceRegistry][Init] {
  version: 'NW-A:1',
  workspaceCount: 1,
  activeWorkspaceId: 'demo_workspace'
}
[ActiveWorkspace][Resolved] {
  workspaceId: 'demo_workspace',
  workspaceName: 'Demo Workspace',
  status: 'active',
  createdAt: '2026-06-19T00:00:00.000Z',
  updatedAt: '2026-06-19T00:00:00.000Z',
  lastOpenedAt: '2026-06-19T00:00:00.000Z',
  domain: null,
  objectCount: null,
  dataSourceCount: null,
  metadata: { source: 'demo_runtime_migration', phase: 'NW-A:1' }
}
[WorkspaceRegistry][Mutation] {
  type: 'upsertWorkspace',
  activeWorkspaceId: 'demo_workspace',
  workspaceCount: 2
}
[ActiveWorkspace][Resolved] {
  workspaceId: 'demo_workspace',
  workspaceName: 'Demo Workspace',
  status: 'active',
  createdAt: '2026-06-19T00:00:00.000Z',
  updatedAt: '2026-06-19T00:00:00.000Z',
  lastOpenedAt: '2026-06-19T00:00:00.000Z',
  domain: null,
  objectCount: null,
  dataSourceCount: null,
  metadata: { source: 'demo_runtime_migration', phase: 'NW-A:1' }
}
[WorkspaceRegistry][Mutation] {
  type: 'setActiveWorkspace',
  activeWorkspaceId: 'eca_11_runtime_proofs_munc9vn0',
  workspaceCount: 2
}
[ActiveWorkspace][Resolved] {
  workspaceId: 'eca_11_runtime_proofs_munc9vn0',
  workspaceName: 'ECA:11 Runtime Proofs',
  status: 'active',
  createdAt: '2026-09-30T00:00:18.540Z',
  updatedAt: '2026-09-30T00:00:18.540Z',
  lastOpenedAt: '2026-09-30T00:00:18.540Z',
  domain: null,
  objectCount: 0,
  dataSourceCount: 0,
  metadata: { lifecycle: 'empty_workspace', phase: 'NW-A:3' }
}
[WorkspaceLifecycle] Created Workspace {
  workspaceId: 'eca_11_runtime_proofs_munc9vn0',
  workspaceName: 'ECA:11 Runtime Proofs'
}
[Topology][Flow] Generating flow layout
[Topology][Flow] Nodes: 8
[Topology][Flow] Connections: 7
[Topology][Flow] Generating flow layout
[Topology][Flow] Nodes: 2
[Topology][Flow] Connections: 1
[Topology][Flow] Generating flow layout
[Topology][Flow] Nodes: 8
[Topology][Flow] Connections: 7
[Topology][Flow] Generating flow layout
[Topology][Flow] Nodes: 2
[Topology][Flow] Connections: 1
[Topology][Flow] Generating flow layout
[Topology][Flow] Nodes: 8
[Topology][Flow] Connections: 7
[Topology][Flow] Generating flow layout
[Topology][Flow] Nodes: 2
[Topology][Flow] Connections: 1
[WorkspaceRegistry][Init] {
  version: 'NW-A:1',
  workspaceCount: 1,
  activeWorkspaceId: 'demo_workspace'
}
[ActiveWorkspace][Resolved] {
  workspaceId: 'demo_workspace',
  workspaceName: 'Demo Workspace',
  status: 'active',
  createdAt: '2026-06-19T00:00:00.000Z',
  updatedAt: '2026-06-19T00:00:00.000Z',
  lastOpenedAt: '2026-06-19T00:00:00.000Z',
  domain: null,
  objectCount: null,
  dataSourceCount: null,
  metadata: { source: 'demo_runtime_migration', phase: 'NW-A:1' }
}
[WorkspaceRegistry][Mutation] {
  type: 'upsertWorkspace',
  activeWorkspaceId: 'demo_workspace',
  workspaceCount: 2
}
[ActiveWorkspace][Resolved] {
  workspaceId: 'demo_workspace',
  workspaceName: 'Demo Workspace',
  status: 'active',
  createdAt: '2026-06-19T00:00:00.000Z',
  updatedAt: '2026-06-19T00:00:00.000Z',
  lastOpenedAt: '2026-06-19T00:00:00.000Z',
  domain: null,
  objectCount: null,
  dataSourceCount: null,
  metadata: { source: 'demo_runtime_migration', phase: 'NW-A:1' }
}
[WorkspaceRegistry][Mutation] {
  type: 'setActiveWorkspace',
  activeWorkspaceId: 'eca_11_runtime_proofs_munc9vo4',
  workspaceCount: 2
}
[ActiveWorkspace][Resolved] {
  workspaceId: 'eca_11_runtime_proofs_munc9vo4',
  workspaceName: 'ECA:11 Runtime Proofs',
  status: 'active',
  createdAt: '2026-09-30T00:00:18.580Z',
  updatedAt: '2026-09-30T00:00:18.580Z',
  lastOpenedAt: '2026-09-30T00:00:18.580Z',
  domain: null,
  objectCount: 0,
  dataSourceCount: 0,
  metadata: { lifecycle: 'empty_workspace', phase: 'NW-A:3' }
}
[WorkspaceLifecycle] Created Workspace {
  workspaceId: 'eca_11_runtime_proofs_munc9vo4',
  workspaceName: 'ECA:11 Runtime Proofs'
}
[Topology][Flow] Generating flow layout
[Topology][Flow] Nodes: 8
[Topology][Flow] Connections: 7
[Topology][Flow] Generating flow layout
[Topology][Flow] Nodes: 2
[Topology][Flow] Connections: 1
[Topology][Flow] Generating flow layout
[Topology][Flow] Nodes: 8
[Topology][Flow] Connections: 7
[Topology][Flow] Generating flow layout
[Topology][Flow] Nodes: 2
[Topology][Flow] Connections: 1
[Topology][Flow] Generating flow layout
[Topology][Flow] Nodes: 8
[Topology][Flow] Connections: 7
[Topology][Flow] Generating flow layout
[Topology][Flow] Nodes: 2
[Topology][Flow] Connections: 1
[WorkspaceRegistry][Init] {
  version: 'NW-A:1',
  workspaceCount: 1,
  activeWorkspaceId: 'demo_workspace'
}
[ActiveWorkspace][Resolved] {
  workspaceId: 'demo_workspace',
  workspaceName: 'Demo Workspace',
  status: 'active',
  createdAt: '2026-06-19T00:00:00.000Z',
  updatedAt: '2026-06-19T00:00:00.000Z',
  lastOpenedAt: '2026-06-19T00:00:00.000Z',
  domain: null,
  objectCount: null,
  dataSourceCount: null,
  metadata: { source: 'demo_runtime_migration', phase: 'NW-A:1' }
}
[WorkspaceRegistry][Mutation] {
  type: 'upsertWorkspace',
  activeWorkspaceId: 'demo_workspace',
  workspaceCount: 2
}
[ActiveWorkspace][Resolved] {
  workspaceId: 'demo_workspace',
  workspaceName: 'Demo Workspace',
  status: 'active',
  createdAt: '2026-06-19T00:00:00.000Z',
  updatedAt: '2026-06-19T00:00:00.000Z',
  lastOpenedAt: '2026-06-19T00:00:00.000Z',
  domain: null,
  objectCount: null,
  dataSourceCount: null,
  metadata: { source: 'demo_runtime_migration', phase: 'NW-A:1' }
}
[WorkspaceRegistry][Mutation] {
  type: 'setActiveWorkspace',
  activeWorkspaceId: 'eca_11_runtime_proofs_munc9vpl',
  workspaceCount: 2
}
[ActiveWorkspace][Resolved] {
  workspaceId: 'eca_11_runtime_proofs_munc9vpl',
  workspaceName: 'ECA:11 Runtime Proofs',
  status: 'active',
  createdAt: '2026-09-30T00:00:18.632Z',
  updatedAt: '2026-09-30T00:00:18.632Z',
  lastOpenedAt: '2026-09-30T00:00:18.632Z',
  domain: null,
  objectCount: 0,
  dataSourceCount: 0,
  metadata: { lifecycle: 'empty_workspace', phase: 'NW-A:3' }
}
[WorkspaceLifecycle] Created Workspace {
  workspaceId: 'eca_11_runtime_proofs_munc9vpl',
  workspaceName: 'ECA:11 Runtime Proofs'
}
[Topology][Flow] Generating flow layout
[Topology][Flow] Nodes: 8
[Topology][Flow] Connections: 7
[Topology][Flow] Generating flow layout
[Topology][Flow] Nodes: 2
[Topology][Flow] Connections: 1
[Topology][Flow] Generating flow layout
[Topology][Flow] Nodes: 8
[Topology][Flow] Connections: 7
[Topology][Flow] Generating flow layout
[Topology][Flow] Nodes: 2
[Topology][Flow] Connections: 1
[Topology][Flow] Generating flow layout
[Topology][Flow] Nodes: 8
[Topology][Flow] Connections: 7
[Topology][Flow] Generating flow layout
[Topology][Flow] Nodes: 2
[Topology][Flow] Connections: 1
[Topology][Flow] Generating flow layout
[Topology][Flow] Nodes: 8
[Topology][Flow] Connections: 7
[Topology][Flow] Generating flow layout
[Topology][Flow] Nodes: 2
[Topology][Flow] Connections: 1
[Topology][Flow] Generating flow layout
[Topology][Flow] Nodes: 8
[Topology][Flow] Connections: 7
[Topology][Flow] Generating flow layout
[Topology][Flow] Nodes: 2
[Topology][Flow] Connections: 1
[Topology][Flow] Generating flow layout
[Topology][Flow] Nodes: 8
[Topology][Flow] Connections: 7
[Topology][Flow] Generating flow layout
[Topology][Flow] Nodes: 2
[Topology][Flow] Connections: 1
✔ ECA:11 runtime — Did it work without Outcome does not claim success (248.157958ms)
✔ ECA:11 runtime — causality question does not infer cause (39.559167ms)
✔ ECA:11 runtime — ECA:1–10 identities remain (52.859542ms)
✔ ECA:11 runtime — CAP_AV does not become Outcome cause (46.364083ms)
✔ ECA:11 numerical contract — 91 to 94 is +3 percentage points vs Goal 96 (1.916458ms)
✔ ECA:11 A — Execution complete, no Outcome (10.581292ms)
✔ ECA:11 B — Baseline + observation, no target (2.974542ms)
✔ ECA:11 C — Baseline + observation + Goal (1.087834ms)
✔ ECA:11 D — Goal met, no causal claim (0.503875ms)
✔ ECA:11 E — Goal exceeded is not Decision optimality (0.429584ms)
✔ ECA:11 F — Deterioration is not automatic Decision failure (0.560416ms)
✔ ECA:11 G — Mixed Outcome (0.616291ms)
✔ ECA:11 H — Missing baseline (1.434417ms)
✔ ECA:11 I — Missing Goal (0.899583ms)
✔ ECA:11 J — Manager estimate not confirmed (0.501542ms)
✔ ECA:11 K — Conflicting evidence (0.14475ms)
✔ ECA:11 L — Causality not established (0.0995ms)
✔ ECA:11 M — Execution complete vs business result (0.079792ms)
✔ ECA:11 N — Recommendation bias (0.0935ms)
✔ ECA:11 O — CAP_AV (0.079333ms)
✔ ECA:11 P — Stale pre-Execution evidence (0.0655ms)
✔ ECA:11 Q — Outcome during active Execution (0.058792ms)
✔ ECA:11 R — Reassessment candidate (0.071083ms)
✔ ECA:11 S — Side question does not overlay (0.057375ms)
✔ ECA:11 T — Authority isolation (0.047042ms)
✔ ECA:11 sequence 1 — complete await result (0.06575ms)
✔ ECA:11 sequence 2 — observation arrives (0.055667ms)
✔ ECA:11 sequence 3 — why (0.059667ms)
✔ ECA:11 sequence 4 — data conflict (0.0505ms)
✔ ECA:11 sequence 5 — mixed success question (0.049041ms)
✔ ECA:11 sequence 6 — choosing B (0.053333ms)
✔ ECA:11 sequence 7 — next step (0.047541ms)
✔ ECA:11 sequence 8 — side question then resume (1.96675ms)
✔ ECA:11 overlay replaces generic command failure (0.092584ms)
✔ ECA:11 prompt A — No Outcome evidence (0.083167ms)
✔ ECA:11 prompt B — COMPLETED ≠ SUCCESS (0.075ms)
✔ ECA:11 prompt C — Interim observation while ACTIVE (0.046959ms)
✔ ECA:11 prompt D — FAVORABLE 91→94 (0.04875ms)
✔ ECA:11 prompt E — UNFAVORABLE 91→88 (0.049083ms)
✔ ECA:11 prompt F — MIXED delivery up margin down (0.045375ms)
✔ ECA:11 prompt G — INCONCLUSIVE conflicted evidence (0.338917ms)
✔ ECA:11 prompt H — NOT_YET_ASSESSABLE (0.044ms)
✔ ECA:11 prompt I — Deterministic +3 percentage points (0.0495ms)
✔ ECA:11 prompt J — Improved but Goal not achieved (0.057ms)
✔ ECA:11 prompt K — Goal attainment, no Goal mutation (0.045458ms)
✔ ECA:11 prompt L — Delay days lower-is-better FAVORABLE (0.048417ms)
✔ ECA:11 prompt M — Unknown directionality does not invent judgment (0.046625ms)
✔ ECA:11 prompt N — Multiple measures preserve tradeoff (0.055792ms)
✔ ECA:11 prompt O — Execution complete vs unfavorable Outcome (0.057458ms)
✔ ECA:11 prompt P — On-track Execution without Outcome (0.05775ms)
✔ ECA:11 prompt Q — Manager report ≠ Outcome write (0.048959ms)
✔ ECA:11 prompt R — Unresolved Data semantic (0.069917ms)
✔ ECA:11 prompt S — After ≠ caused by (0.041958ms)
✔ ECA:11 prompt T — Possible contributor only (0.057875ms)
✔ ECA:11 prompt U — Alternative explanations preserved (0.057125ms)
✔ ECA:11 prompt V — Unfavorable Outcome does not mutate Decision (0.041625ms)
✔ ECA:11 prompt W — Goal missed does not mutate Goal (0.043125ms)
✔ ECA:11 prompt X — Risk not mutated (0.04025ms)
✔ ECA:11 prompt Y — Learning writes = 0 (0.041ms)
✔ ECA:11 prompt Z — Reassessment advised only (0.055542ms)
✔ ECA:11 prompt AA — Did it work? (0.042ms)
✔ ECA:11 prompt AB — Was it successful? (0.052791ms)
✔ ECA:11 prompt AC — What was the result? (0.053292ms)
✔ ECA:11 prompt AD — Did it cause it? (0.043459ms)
✔ ECA:11 prompt AE — Why did it fail? (0.049666ms)
✔ ECA:11 prompt AF — What changed requires history (0.294709ms)
✔ ECA:11 prompt AG — What should we do now? (0.078167ms)
✔ ECA:11 prompt AH — Current Outcome subject fidelity (0.076708ms)
✔ ECA:11 prompt AI — Refresh fidelity (0.074583ms)
✔ ECA:11 prompt AJ — Duplicate Outcome protection (0.04175ms)
✔ ECA:11 prompt AK — Writer protection across samples (0.095459ms)
✔ ECA:11 prompt AL — No duplicate Outcome/KPI/causal/Learning authority (0.048458ms)
✔ ECA:11 prompt multi-turn 1 — Result assessment 91→94 Goal 96 (0.048792ms)
✔ ECA:11 prompt multi-turn 2 — Did it work → cause (0.085125ms)
✔ ECA:11 prompt multi-turn 3 — Mixed success (0.044208ms)
✔ ECA:11 prompt multi-turn 4 — Unfavorable → next step (0.064208ms)
[WorkspaceRegistry][Init] {
  version: 'NW-A:1',
  workspaceCount: 1,
  activeWorkspaceId: 'demo_workspace'
}
[ActiveWorkspace][Resolved] {
  workspaceId: 'demo_workspace',
  workspaceName: 'Demo Workspace',
  status: 'active',
  createdAt: '2026-06-19T00:00:00.000Z',
  updatedAt: '2026-06-19T00:00:00.000Z',
  lastOpenedAt: '2026-06-19T00:00:00.000Z',
  domain: null,
  objectCount: null,
  dataSourceCount: null,
  metadata: { source: 'demo_runtime_migration', phase: 'NW-A:1' }
}
[WorkspaceRegistry][Mutation] {
  type: 'upsertWorkspace',
  activeWorkspaceId: 'demo_workspace',
  workspaceCount: 2
}
[ActiveWorkspace][Resolved] {
  workspaceId: 'demo_workspace',
  workspaceName: 'Demo Workspace',
  status: 'active',
  createdAt: '2026-06-19T00:00:00.000Z',
  updatedAt: '2026-06-19T00:00:00.000Z',
  lastOpenedAt: '2026-06-19T00:00:00.000Z',
  domain: null,
  objectCount: null,
  dataSourceCount: null,
  metadata: { source: 'demo_runtime_migration', phase: 'NW-A:1' }
}
[WorkspaceRegistry][Mutation] {
  type: 'setActiveWorkspace',
  activeWorkspaceId: 'eca_7_runtime_proofs_munc9vlk',
  workspaceCount: 2
}
[ActiveWorkspace][Resolved] {
  workspaceId: 'eca_7_runtime_proofs_munc9vlk',
  workspaceName: 'ECA:7 Runtime Proofs',
  status: 'active',
  createdAt: '2026-09-30T00:00:18.485Z',
  updatedAt: '2026-09-30T00:00:18.485Z',
  lastOpenedAt: '2026-09-30T00:00:18.485Z',
  domain: null,
  objectCount: 0,
  dataSourceCount: 0,
  metadata: { lifecycle: 'empty_workspace', phase: 'NW-A:3' }
}
[WorkspaceLifecycle] Created Workspace {
  workspaceId: 'eca_7_runtime_proofs_munc9vlk',
  workspaceName: 'ECA:7 Runtime Proofs'
}
[Topology][Flow] Generating flow layout
[Topology][Flow] Nodes: 8
[Topology][Flow] Connections: 7
[Topology][Flow] Generating flow layout
[Topology][Flow] Nodes: 2
[Topology][Flow] Connections: 1
[Topology][Flow] Generating flow layout
[Topology][Flow] Nodes: 8
[Topology][Flow] Connections: 7
[Topology][Flow] Generating flow layout
[Topology][Flow] Nodes: 2
[Topology][Flow] Connections: 1
[Topology][Flow] Generating flow layout
[Topology][Flow] Nodes: 8
[Topology][Flow] Connections: 7
[Topology][Flow] Generating flow layout
[Topology][Flow] Nodes: 2
[Topology][Flow] Connections: 1
[WorkspaceRegistry][Init] {
  version: 'NW-A:1',
  workspaceCount: 1,
  activeWorkspaceId: 'demo_workspace'
}
[ActiveWorkspace][Resolved] {
  workspaceId: 'demo_workspace',
  workspaceName: 'Demo Workspace',
  status: 'active',
  createdAt: '2026-06-19T00:00:00.000Z',
  updatedAt: '2026-06-19T00:00:00.000Z',
  lastOpenedAt: '2026-06-19T00:00:00.000Z',
  domain: null,
  objectCount: null,
  dataSourceCount: null,
  metadata: { source: 'demo_runtime_migration', phase: 'NW-A:1' }
}
[WorkspaceRegistry][Mutation] {
  type: 'upsertWorkspace',
  activeWorkspaceId: 'demo_workspace',
  workspaceCount: 2
}
[ActiveWorkspace][Resolved] {
  workspaceId: 'demo_workspace',
  workspaceName: 'Demo Workspace',
  status: 'active',
  createdAt: '2026-06-19T00:00:00.000Z',
  updatedAt: '2026-06-19T00:00:00.000Z',
  lastOpenedAt: '2026-06-19T00:00:00.000Z',
  domain: null,
  objectCount: null,
  dataSourceCount: null,
  metadata: { source: 'demo_runtime_migration', phase: 'NW-A:1' }
}
[WorkspaceRegistry][Mutation] {
  type: 'setActiveWorkspace',
  activeWorkspaceId: 'eca_7_runtime_proofs_munc9vr8',
  workspaceCount: 2
}
[ActiveWorkspace][Resolved] {
  workspaceId: 'eca_7_runtime_proofs_munc9vr8',
  workspaceName: 'ECA:7 Runtime Proofs',
  status: 'active',
  createdAt: '2026-09-30T00:00:18.692Z',
  updatedAt: '2026-09-30T00:00:18.692Z',
  lastOpenedAt: '2026-09-30T00:00:18.692Z',
  domain: null,
  objectCount: 0,
  dataSourceCount: 0,
  metadata: { lifecycle: 'empty_workspace', phase: 'NW-A:3' }
}
[WorkspaceLifecycle] Created Workspace {
  workspaceId: 'eca_7_runtime_proofs_munc9vr8',
  workspaceName: 'ECA:7 Runtime Proofs'
}
[Topology][Flow] Generating flow layout
[Topology][Flow] Nodes: 8
[Topology][Flow] Connections: 7
[Topology][Flow] Generating flow layout
[Topology][Flow] Nodes: 2
[Topology][Flow] Connections: 1
[Topology][Flow] Generating flow layout
[Topology][Flow] Nodes: 8
[Topology][Flow] Connections: 7
[Topology][Flow] Generating flow layout
[Topology][Flow] Nodes: 2
[Topology][Flow] Connections: 1
[Topology][Flow] Generating flow layout
[Topology][Flow] Nodes: 8
[Topology][Flow] Connections: 7
[Topology][Flow] Generating flow layout
[Topology][Flow] Nodes: 2
[Topology][Flow] Connections: 1
[Topology][Flow] Generating flow layout
[Topology][Flow] Nodes: 8
[Topology][Flow] Connections: 7
[Topology][Flow] Generating flow layout
[Topology][Flow] Nodes: 2
[Topology][Flow] Connections: 1
[Topology][Flow] Generating flow layout
[Topology][Flow] Nodes: 8
[Topology][Flow] Connections: 7
[Topology][Flow] Generating flow layout
[Topology][Flow] Nodes: 2
[Topology][Flow] Connections: 1
[Topology][Flow] Generating flow layout
[Topology][Flow] Nodes: 8
[Topology][Flow] Connections: 7
[Topology][Flow] Generating flow layout
[Topology][Flow] Nodes: 2
[Topology][Flow] Connections: 1
[WorkspaceRegistry][Init] {
  version: 'NW-A:1',
  workspaceCount: 1,
  activeWorkspaceId: 'demo_workspace'
}
[ActiveWorkspace][Resolved] {
  workspaceId: 'demo_workspace',
  workspaceName: 'Demo Workspace',
  status: 'active',
  createdAt: '2026-06-19T00:00:00.000Z',
  updatedAt: '2026-06-19T00:00:00.000Z',
  lastOpenedAt: '2026-06-19T00:00:00.000Z',
  domain: null,
  objectCount: null,
  dataSourceCount: null,
  metadata: { source: 'demo_runtime_migration', phase: 'NW-A:1' }
}
[WorkspaceRegistry][Mutation] {
  type: 'upsertWorkspace',
  activeWorkspaceId: 'demo_workspace',
  workspaceCount: 2
}
[ActiveWorkspace][Resolved] {
  workspaceId: 'demo_workspace',
  workspaceName: 'Demo Workspace',
  status: 'active',
  createdAt: '2026-06-19T00:00:00.000Z',
  updatedAt: '2026-06-19T00:00:00.000Z',
  lastOpenedAt: '2026-06-19T00:00:00.000Z',
  domain: null,
  objectCount: null,
  dataSourceCount: null,
  metadata: { source: 'demo_runtime_migration', phase: 'NW-A:1' }
}
[WorkspaceRegistry][Mutation] {
  type: 'setActiveWorkspace',
  activeWorkspaceId: 'eca_7_runtime_proofs_munc9vtn',
  workspaceCount: 2
}
[ActiveWorkspace][Resolved] {
  workspaceId: 'eca_7_runtime_proofs_munc9vtn',
  workspaceName: 'ECA:7 Runtime Proofs',
  status: 'active',
  createdAt: '2026-09-30T00:00:18.779Z',
  updatedAt: '2026-09-30T00:00:18.779Z',
  lastOpenedAt: '2026-09-30T00:00:18.779Z',
  domain: null,
  objectCount: 0,
  dataSourceCount: 0,
  metadata: { lifecycle: 'empty_workspace', phase: 'NW-A:3' }
}
[WorkspaceLifecycle] Created Workspace {
  workspaceId: 'eca_7_runtime_proofs_munc9vtn',
  workspaceName: 'ECA:7 Runtime Proofs'
}
[Topology][Flow] Generating flow layout
[Topology][Flow] Nodes: 8
[Topology][Flow] Connections: 7
[Topology][Flow] Generating flow layout
[Topology][Flow] Nodes: 2
[Topology][Flow] Connections: 1
[Topology][Flow] Generating flow layout
[Topology][Flow] Nodes: 8
[Topology][Flow] Connections: 7
[Topology][Flow] Generating flow layout
[Topology][Flow] Nodes: 2
[Topology][Flow] Connections: 1
[Topology][Flow] Generating flow layout
[Topology][Flow] Nodes: 8
[Topology][Flow] Connections: 7
[Topology][Flow] Generating flow layout
[Topology][Flow] Nodes: 2
[Topology][Flow] Connections: 1
[Topology][Flow] Generating flow layout
[Topology][Flow] Nodes: 8
[Topology][Flow] Connections: 7
[Topology][Flow] Generating flow layout
[Topology][Flow] Nodes: 2
[Topology][Flow] Connections: 1
[Topology][Flow] Generating flow layout
[Topology][Flow] Nodes: 8
[Topology][Flow] Connections: 7
[Topology][Flow] Generating flow layout
[Topology][Flow] Nodes: 2
[Topology][Flow] Connections: 1
[Topology][Flow] Generating flow layout
[Topology][Flow] Nodes: 8
[Topology][Flow] Connections: 7
[Topology][Flow] Generating flow layout
[Topology][Flow] Nodes: 2
[Topology][Flow] Connections: 1
[WorkspaceRegistry][Init] {
  version: 'NW-A:1',
  workspaceCount: 1,
  activeWorkspaceId: 'demo_workspace'
}
[ActiveWorkspace][Resolved] {
  workspaceId: 'demo_workspace',
  workspaceName: 'Demo Workspace',
  status: 'active',
  createdAt: '2026-06-19T00:00:00.000Z',
  updatedAt: '2026-06-19T00:00:00.000Z',
  lastOpenedAt: '2026-06-19T00:00:00.000Z',
  domain: null,
  objectCount: null,
  dataSourceCount: null,
  metadata: { source: 'demo_runtime_migration', phase: 'NW-A:1' }
}
[WorkspaceRegistry][Mutation] {
  type: 'upsertWorkspace',
  activeWorkspaceId: 'demo_workspace',
  workspaceCount: 2
}
[ActiveWorkspace][Resolved] {
  workspaceId: 'demo_workspace',
  workspaceName: 'Demo Workspace',
  status: 'active',
  createdAt: '2026-06-19T00:00:00.000Z',
  updatedAt: '2026-06-19T00:00:00.000Z',
  lastOpenedAt: '2026-06-19T00:00:00.000Z',
  domain: null,
  objectCount: null,
  dataSourceCount: null,
  metadata: { source: 'demo_runtime_migration', phase: 'NW-A:1' }
}
[WorkspaceRegistry][Mutation] {
  type: 'setActiveWorkspace',
  activeWorkspaceId: 'eca_7_runtime_proofs_munc9vvh',
  workspaceCount: 2
}
[ActiveWorkspace][Resolved] {
  workspaceId: 'eca_7_runtime_proofs_munc9vvh',
  workspaceName: 'ECA:7 Runtime Proofs',
  status: 'active',
  createdAt: '2026-09-30T00:00:18.845Z',
  updatedAt: '2026-09-30T00:00:18.845Z',
  lastOpenedAt: '2026-09-30T00:00:18.845Z',
  domain: null,
  objectCount: 0,
  dataSourceCount: 0,
  metadata: { lifecycle: 'empty_workspace', phase: 'NW-A:3' }
}
[WorkspaceLifecycle] Created Workspace {
  workspaceId: 'eca_7_runtime_proofs_munc9vvh',
  workspaceName: 'ECA:7 Runtime Proofs'
}
[Topology][Flow] Generating flow layout
[Topology][Flow] Nodes: 8
[Topology][Flow] Connections: 7
[Topology][Flow] Generating flow layout
[Topology][Flow] Nodes: 2
[Topology][Flow] Connections: 1
[Topology][Flow] Generating flow layout
[Topology][Flow] Nodes: 8
[Topology][Flow] Connections: 7
[Topology][Flow] Generating flow layout
[Topology][Flow] Nodes: 2
[Topology][Flow] Connections: 1
[Topology][Flow] Generating flow layout
[Topology][Flow] Nodes: 8
[Topology][Flow] Connections: 7
[Topology][Flow] Generating flow layout
[Topology][Flow] Nodes: 2
[Topology][Flow] Connections: 1
[Topology][Flow] Generating flow layout
[Topology][Flow] Nodes: 8
[Topology][Flow] Connections: 7
[Topology][Flow] Generating flow layout
[Topology][Flow] Nodes: 2
[Topology][Flow] Connections: 1
[Topology][Flow] Generating flow layout
[Topology][Flow] Nodes: 8
[Topology][Flow] Connections: 7
[Topology][Flow] Generating flow layout
[Topology][Flow] Nodes: 2
[Topology][Flow] Connections: 1
[Topology][Flow] Generating flow layout
[Topology][Flow] Nodes: 8
[Topology][Flow] Connections: 7
[Topology][Flow] Generating flow layout
[Topology][Flow] Nodes: 2
[Topology][Flow] Connections: 1
[Topology][Flow] Generating flow layout
[Topology][Flow] Nodes: 8
[Topology][Flow] Connections: 7
[Topology][Flow] Generating flow layout
[Topology][Flow] Nodes: 2
[Topology][Flow] Connections: 1
[Topology][Flow] Generating flow layout
[Topology][Flow] Nodes: 8
[Topology][Flow] Connections: 7
[Topology][Flow] Generating flow layout
[Topology][Flow] Nodes: 2
[Topology][Flow] Connections: 1
[Topology][Flow] Generating flow layout
[Topology][Flow] Nodes: 8
[Topology][Flow] Connections: 7
[Topology][Flow] Generating flow layout
[Topology][Flow] Nodes: 2
[Topology][Flow] Connections: 1
[WorkspaceRegistry][Init] {
  version: 'NW-A:1',
  workspaceCount: 1,
  activeWorkspaceId: 'demo_workspace'
}
[ActiveWorkspace][Resolved] {
  workspaceId: 'demo_workspace',
  workspaceName: 'Demo Workspace',
  status: 'active',
  createdAt: '2026-06-19T00:00:00.000Z',
  updatedAt: '2026-06-19T00:00:00.000Z',
  lastOpenedAt: '2026-06-19T00:00:00.000Z',
  domain: null,
  objectCount: null,
  dataSourceCount: null,
  metadata: { source: 'demo_runtime_migration', phase: 'NW-A:1' }
}
[WorkspaceRegistry][Mutation] {
  type: 'upsertWorkspace',
  activeWorkspaceId: 'demo_workspace',
  workspaceCount: 2
}
[ActiveWorkspace][Resolved] {
  workspaceId: 'demo_workspace',
  workspaceName: 'Demo Workspace',
  status: 'active',
  createdAt: '2026-06-19T00:00:00.000Z',
  updatedAt: '2026-06-19T00:00:00.000Z',
  lastOpenedAt: '2026-06-19T00:00:00.000Z',
  domain: null,
  objectCount: null,
  dataSourceCount: null,
  metadata: { source: 'demo_runtime_migration', phase: 'NW-A:1' }
}
[WorkspaceRegistry][Mutation] {
  type: 'setActiveWorkspace',
  activeWorkspaceId: 'eca_7_runtime_proofs_munc9vxg',
  workspaceCount: 2
}
[ActiveWorkspace][Resolved] {
  workspaceId: 'eca_7_runtime_proofs_munc9vxg',
  workspaceName: 'ECA:7 Runtime Proofs',
  status: 'active',
  createdAt: '2026-09-30T00:00:18.916Z',
  updatedAt: '2026-09-30T00:00:18.916Z',
  lastOpenedAt: '2026-09-30T00:00:18.916Z',
  domain: null,
  objectCount: 0,
  dataSourceCount: 0,
  metadata: { lifecycle: 'empty_workspace', phase: 'NW-A:3' }
}
[WorkspaceLifecycle] Created Workspace {
  workspaceId: 'eca_7_runtime_proofs_munc9vxg',
  workspaceName: 'ECA:7 Runtime Proofs'
}
[Topology][Flow] Generating flow layout
[Topology][Flow] Nodes: 8
[Topology][Flow] Connections: 7
[Topology][Flow] Generating flow layout
[Topology][Flow] Nodes: 2
[Topology][Flow] Connections: 1
[Topology][Flow] Generating flow layout
[Topology][Flow] Nodes: 8
[Topology][Flow] Connections: 7
[Topology][Flow] Generating flow layout
[Topology][Flow] Nodes: 2
[Topology][Flow] Connections: 1
[Topology][Flow] Generating flow layout
[Topology][Flow] Nodes: 8
[Topology][Flow] Connections: 7
[Topology][Flow] Generating flow layout
[Topology][Flow] Nodes: 2
[Topology][Flow] Connections: 1
[Topology][Flow] Generating flow layout
[Topology][Flow] Nodes: 8
[Topology][Flow] Connections: 7
[Topology][Flow] Generating flow layout
[Topology][Flow] Nodes: 2
[Topology][Flow] Connections: 1
[Topology][Flow] Generating flow layout
[Topology][Flow] Nodes: 8
[Topology][Flow] Connections: 7
[Topology][Flow] Generating flow layout
[Topology][Flow] Nodes: 2
[Topology][Flow] Connections: 1
[Topology][Flow] Generating flow layout
[Topology][Flow] Nodes: 8
[Topology][Flow] Connections: 7
[Topology][Flow] Generating flow layout
[Topology][Flow] Nodes: 2
[Topology][Flow] Connections: 1
[Topology][Flow] Generating flow layout
[Topology][Flow] Nodes: 8
[Topology][Flow] Connections: 7
[Topology][Flow] Generating flow layout
[Topology][Flow] Nodes: 2
[Topology][Flow] Connections: 1
[Topology][Flow] Generating flow layout
[Topology][Flow] Nodes: 8
[Topology][Flow] Connections: 7
[Topology][Flow] Generating flow layout
[Topology][Flow] Nodes: 2
[Topology][Flow] Connections: 1
[Topology][Flow] Generating flow layout
[Topology][Flow] Nodes: 8
[Topology][Flow] Connections: 7
[Topology][Flow] Generating flow layout
[Topology][Flow] Nodes: 2
[Topology][Flow] Connections: 1
[Topology][Flow] Generating flow layout
[Topology][Flow] Nodes: 8
[Topology][Flow] Connections: 7
[Topology][Flow] Generating flow layout
[Topology][Flow] Nodes: 2
[Topology][Flow] Connections: 1
[Topology][Flow] Generating flow layout
[Topology][Flow] Nodes: 8
[Topology][Flow] Connections: 7
[Topology][Flow] Generating flow layout
[Topology][Flow] Nodes: 2
[Topology][Flow] Connections: 1
[Topology][Flow] Generating flow layout
[Topology][Flow] Nodes: 8
[Topology][Flow] Connections: 7
[Topology][Flow] Generating flow layout
[Topology][Flow] Nodes: 2
[Topology][Flow] Connections: 1
[Topology][Flow] Generating flow layout
[Topology][Flow] Nodes: 8
[Topology][Flow] Connections: 7
[Topology][Flow] Generating flow layout
[Topology][Flow] Nodes: 2
[Topology][Flow] Connections: 1
[Topology][Flow] Generating flow layout
[Topology][Flow] Nodes: 8
[Topology][Flow] Connections: 7
[Topology][Flow] Generating flow layout
[Topology][Flow] Nodes: 2
[Topology][Flow] Connections: 1
[Topology][Flow] Generating flow layout
[Topology][Flow] Nodes: 8
[Topology][Flow] Connections: 7
[Topology][Flow] Generating flow layout
[Topology][Flow] Nodes: 2
[Topology][Flow] Connections: 1
[WorkspaceRegistry][Init] {
  version: 'NW-A:1',
  workspaceCount: 1,
  activeWorkspaceId: 'demo_workspace'
}
[ActiveWorkspace][Resolved] {
  workspaceId: 'demo_workspace',
  workspaceName: 'Demo Workspace',
  status: 'active',
  createdAt: '2026-06-19T00:00:00.000Z',
  updatedAt: '2026-06-19T00:00:00.000Z',
  lastOpenedAt: '2026-06-19T00:00:00.000Z',
  domain: null,
  objectCount: null,
  dataSourceCount: null,
  metadata: { source: 'demo_runtime_migration', phase: 'NW-A:1' }
}
[WorkspaceRegistry][Mutation] {
  type: 'upsertWorkspace',
  activeWorkspaceId: 'demo_workspace',
  workspaceCount: 2
}
[ActiveWorkspace][Resolved] {
  workspaceId: 'demo_workspace',
  workspaceName: 'Demo Workspace',
  status: 'active',
  createdAt: '2026-06-19T00:00:00.000Z',
  updatedAt: '2026-06-19T00:00:00.000Z',
  lastOpenedAt: '2026-06-19T00:00:00.000Z',
  domain: null,
  objectCount: null,
  dataSourceCount: null,
  metadata: { source: 'demo_runtime_migration', phase: 'NW-A:1' }
}
[WorkspaceRegistry][Mutation] {
  type: 'setActiveWorkspace',
  activeWorkspaceId: 'eca_7_runtime_proofs_munc9vzr',
  workspaceCount: 2
}
[ActiveWorkspace][Resolved] {
  workspaceId: 'eca_7_runtime_proofs_munc9vzr',
  workspaceName: 'ECA:7 Runtime Proofs',
  status: 'active',
  createdAt: '2026-09-30T00:00:18.999Z',
  updatedAt: '2026-09-30T00:00:18.999Z',
  lastOpenedAt: '2026-09-30T00:00:18.999Z',
  domain: null,
  objectCount: 0,
  dataSourceCount: 0,
  metadata: { lifecycle: 'empty_workspace', phase: 'NW-A:3' }
}
[WorkspaceLifecycle] Created Workspace {
  workspaceId: 'eca_7_runtime_proofs_munc9vzr',
  workspaceName: 'ECA:7 Runtime Proofs'
}
[Topology][Flow] Generating flow layout
[Topology][Flow] Nodes: 8
[Topology][Flow] Connections: 7
[Topology][Flow] Generating flow layout
[Topology][Flow] Nodes: 2
[Topology][Flow] Connections: 1
[Topology][Flow] Generating flow layout
[Topology][Flow] Nodes: 8
[Topology][Flow] Connections: 7
[Topology][Flow] Generating flow layout
[Topology][Flow] Nodes: 2
[Topology][Flow] Connections: 1
[Topology][Flow] Generating flow layout
[Topology][Flow] Nodes: 8
[Topology][Flow] Connections: 7
[Topology][Flow] Generating flow layout
[Topology][Flow] Nodes: 2
[Topology][Flow] Connections: 1
[Topology][Flow] Generating flow layout
[Topology][Flow] Nodes: 8
[Topology][Flow] Connections: 7
[Topology][Flow] Generating flow layout
[Topology][Flow] Nodes: 2
[Topology][Flow] Connections: 1
[Topology][Flow] Generating flow layout
[Topology][Flow] Nodes: 8
[Topology][Flow] Connections: 7
[Topology][Flow] Generating flow layout
[Topology][Flow] Nodes: 2
[Topology][Flow] Connections: 1
[Topology][Flow] Generating flow layout
[Topology][Flow] Nodes: 8
[Topology][Flow] Connections: 7
[Topology][Flow] Generating flow layout
[Topology][Flow] Nodes: 2
[Topology][Flow] Connections: 1
[WorkspaceRegistry][Init] {
  version: 'NW-A:1',
  workspaceCount: 1,
  activeWorkspaceId: 'demo_workspace'
}
[ActiveWorkspace][Resolved] {
  workspaceId: 'demo_workspace',
  workspaceName: 'Demo Workspace',
  status: 'active',
  createdAt: '2026-06-19T00:00:00.000Z',
  updatedAt: '2026-06-19T00:00:00.000Z',
  lastOpenedAt: '2026-06-19T00:00:00.000Z',
  domain: null,
  objectCount: null,
  dataSourceCount: null,
  metadata: { source: 'demo_runtime_migration', phase: 'NW-A:1' }
}
[WorkspaceRegistry][Mutation] {
  type: 'upsertWorkspace',
  activeWorkspaceId: 'demo_workspace',
  workspaceCount: 2
}
[ActiveWorkspace][Resolved] {
  workspaceId: 'demo_workspace',
  workspaceName: 'Demo Workspace',
  status: 'active',
  createdAt: '2026-06-19T00:00:00.000Z',
  updatedAt: '2026-06-19T00:00:00.000Z',
  lastOpenedAt: '2026-06-19T00:00:00.000Z',
  domain: null,
  objectCount: null,
  dataSourceCount: null,
  metadata: { source: 'demo_runtime_migration', phase: 'NW-A:1' }
}
[WorkspaceRegistry][Mutation] {
  type: 'setActiveWorkspace',
  activeWorkspaceId: 'eca_7_runtime_proofs_munc9w0q',
  workspaceCount: 2
}
[ActiveWorkspace][Resolved] {
  workspaceId: 'eca_7_runtime_proofs_munc9w0q',
  workspaceName: 'ECA:7 Runtime Proofs',
  status: 'active',
  createdAt: '2026-09-30T00:00:19.034Z',
  updatedAt: '2026-09-30T00:00:19.034Z',
  lastOpenedAt: '2026-09-30T00:00:19.034Z',
  domain: null,
  objectCount: 0,
  dataSourceCount: 0,
  metadata: { lifecycle: 'empty_workspace', phase: 'NW-A:3' }
}
[WorkspaceLifecycle] Created Workspace {
  workspaceId: 'eca_7_runtime_proofs_munc9w0q',
  workspaceName: 'ECA:7 Runtime Proofs'
}
[Topology][Flow] Generating flow layout
[Topology][Flow] Nodes: 8
[Topology][Flow] Connections: 7
[Topology][Flow] Generating flow layout
[Topology][Flow] Nodes: 2
[Topology][Flow] Connections: 1
[Topology][Flow] Generating flow layout
[Topology][Flow] Nodes: 8
[Topology][Flow] Connections: 7
[Topology][Flow] Generating flow layout
[Topology][Flow] Nodes: 2
[Topology][Flow] Connections: 1
[Topology][Flow] Generating flow layout
[Topology][Flow] Nodes: 8
[Topology][Flow] Connections: 7
[Topology][Flow] Generating flow layout
[Topology][Flow] Nodes: 2
[Topology][Flow] Connections: 1
[Topology][Flow] Generating flow layout
[Topology][Flow] Nodes: 8
[Topology][Flow] Connections: 7
[Topology][Flow] Generating flow layout
[Topology][Flow] Nodes: 2
[Topology][Flow] Connections: 1
[Topology][Flow] Generating flow layout
[Topology][Flow] Nodes: 8
[Topology][Flow] Connections: 7
[Topology][Flow] Generating flow layout
[Topology][Flow] Nodes: 2
[Topology][Flow] Connections: 1
[Topology][Flow] Generating flow layout
[Topology][Flow] Nodes: 8
[Topology][Flow] Connections: 7
[Topology][Flow] Generating flow layout
[Topology][Flow] Nodes: 2
[Topology][Flow] Connections: 1
[Topology][Flow] Generating flow layout
[Topology][Flow] Nodes: 8
[Topology][Flow] Connections: 7
[Topology][Flow] Generating flow layout
[Topology][Flow] Nodes: 2
[Topology][Flow] Connections: 1
[Topology][Flow] Generating flow layout
[Topology][Flow] Nodes: 8
[Topology][Flow] Connections: 7
[Topology][Flow] Generating flow layout
[Topology][Flow] Nodes: 2
[Topology][Flow] Connections: 1
[Topology][Flow] Generating flow layout
[Topology][Flow] Nodes: 8
[Topology][Flow] Connections: 7
[Topology][Flow] Generating flow layout
[Topology][Flow] Nodes: 2
[Topology][Flow] Connections: 1
[Topology][Flow] Generating flow layout
[Topology][Flow] Nodes: 8
[Topology][Flow] Connections: 7
[Topology][Flow] Generating flow layout
[Topology][Flow] Nodes: 2
[Topology][Flow] Connections: 1
[Topology][Flow] Generating flow layout
[Topology][Flow] Nodes: 8
[Topology][Flow] Connections: 7
[Topology][Flow] Generating flow layout
[Topology][Flow] Nodes: 2
[Topology][Flow] Connections: 1
[Topology][Flow] Generating flow layout
[Topology][Flow] Nodes: 8
[Topology][Flow] Connections: 7
[Topology][Flow] Generating flow layout
[Topology][Flow] Nodes: 2
[Topology][Flow] Connections: 1
✔ ECA:7 runtime — too early does not invent a winner (206.997458ms)
✔ ECA:7 runtime — comparison recommendation is not a Decision (86.848209ms)
✔ ECA:7 runtime — missing cost defers or conditions (66.006042ms)
✔ ECA:7 runtime — estimate does not inflate (70.538125ms)
✔ ECA:7 runtime — criterion shift stays writable-false (83.017916ms)
✔ ECA:7 runtime — CAP_AV does not promote semantics (34.787208ms)
✔ ECA:7 runtime — ECA:1–6 regression and choose boundary (45.621375ms)
✔ ECA:7 A — Clear supported recommendation (14.291625ms)
✔ ECA:7 B — Too early (0.521458ms)
✔ ECA:7 C — Critical missing information (0.763417ms)
✔ ECA:7 D — Non-blocking unknown still allows framed advice (0.47225ms)
✔ ECA:7 E — Estimate stays provisional (0.440792ms)
✔ ECA:7 F — No clear preference (1.457833ms)
✔ ECA:7 G — Explicit criterion (3.402625ms)
✔ ECA:7 H — Criterion change reassesses (0.461416ms)
✔ ECA:7 I — Trade-off preserved (0.247167ms)
✔ ECA:7 J — Counter-evidence preserved (0.197333ms)
✔ ECA:7 K — Why (0.257625ms)
✔ ECA:7 L — Why not alternative (0.257834ms)
✔ ECA:7 M — Confidence has no fake score (0.2315ms)
✔ ECA:7 N — CAP_AV unconfirmed (0.167917ms)
✔ ECA:7 O — Recommendation is not Decision (1.403583ms)
✔ ECA:7 P — Decision readiness (2.394875ms)
✔ ECA:7 Q — After Decision (0.166334ms)
✔ ECA:7 R — Investigation recommendation (0.168916ms)
✔ ECA:7 S — Reversible conditional framing (0.202333ms)
✔ ECA:7 T — Authority isolation (0.080625ms)
✔ ECA:7 sequence 1 — comparison to recommendation (0.506666ms)
✔ ECA:7 sequence 2 — missing information defers (0.192458ms)
✔ ECA:7 sequence 3 — estimate preserved (0.268333ms)
✔ ECA:7 sequence 4 — preference change (3.752375ms)
✔ ECA:7 sequence 5 — no clear winner (1.799292ms)
✔ ECA:7 sequence 6 — recommend then choose does not write (0.368458ms)
✔ ECA:7 sequence 7 — evidence change reassesses (0.490791ms)
✔ ECA:7 sequence 8 — readiness distinct from ECA:6 (0.273166ms)
✔ ECA:7 overlay stays bounded (0.192042ms)
✔ ECA:7 prompt A — Grounded recommendation (0.137334ms)
✔ ECA:7 prompt B — Insufficient evidence defers (0.1725ms)
✔ ECA:7 prompt C — No clear preference (0.126125ms)
✔ ECA:7 prompt D — Manager preference usable (0.203208ms)
✔ ECA:7 prompt E — Preference provenance distinct from analytical judgment (0.180333ms)
✔ ECA:7 prompt F — Tradeoff surfaced (0.113958ms)
✔ ECA:7 prompt G — Risk context reused without new score (0.17175ms)
✔ ECA:7 prompt H — Weak evidence keeps bounded confidence (0.385208ms)
✔ ECA:7 prompt I — Causal safety preserved (0.182167ms)
✔ ECA:7 prompt J — CAP_AV unconfirmed stays bounded (0.15575ms)
✔ ECA:7 prompt K — Decision NOT_READY (0.081875ms)
✔ ECA:7 prompt L — Decision CONDITIONALLY_READY (0.144375ms)
✔ ECA:7 prompt M — Decision READY without Decision write (0.132416ms)
✔ ECA:7 prompt N — Recommendation ≠ Decision (0.12575ms)
✔ ECA:7 prompt O — Preference ≠ commitment (0.151458ms)
✔ ECA:7 prompt P — Explicit choose still not ECA:7 Decision write (0.180333ms)
✔ ECA:7 prompt Q — Execution boundary (0.130208ms)
✔ ECA:7 prompt R — Contradictory evidence preserved (0.1335ms)
✔ ECA:7 prompt S — Recommendation revision with new evidence (0.344583ms)
✔ ECA:7 prompt T — Why stays on recommended subject (7.668541ms)
✔ ECA:7 prompt U — Explicit subject switch after recommendation (0.298ms)
✔ ECA:7 prompt V — Existing Decision framing (0.143875ms)
✔ ECA:7 prompt W — No duplicate recommendation engine (0.080833ms)
✔ ECA:7 prompt X — Zero direct Decision/Execution writes across samples (0.823209ms)
✔ ECA:7 prompt multi-turn 1 — Evidence to recommendation without Decision (0.400833ms)
✔ ECA:7 prompt multi-turn 2 — Missing preference then criterion unlocks recommendation (0.295375ms)
✔ ECA:7 prompt multi-turn 3 — Recommendation → preference → no auto commit (0.271583ms)
✔ ECA:7 prompt multi-turn 4 — Recommendation revision (0.272833ms)
✔ ECA:FINAL-FIX1 A — Journey A recommendation must not leak UNSPECIFIED (0.256416ms)
✔ ECA:FINAL-FIX1 B — Missing internal sentinel omits fabricated criterion meaning (0.157ms)
✔ ECA:FINAL-FIX1 C — Legitimate uncertainty remains visible (0.151667ms)
✔ ECA:FINAL-FIX1 D — Recommendation fidelity unchanged vs established criterion phrasing (0.234708ms)
✔ ECA:FINAL-FIX1 E — Internal UNSPECIFIED contract preserved on judgment (0.120417ms)
✔ ECA:FINAL-FIX1 F — Manager-facing leakage probe on overlay (0.172333ms)
[WorkspaceRegistry][Init] {
  version: 'NW-A:1',
  workspaceCount: 1,
  activeWorkspaceId: 'demo_workspace'
}
[ActiveWorkspace][Resolved] {
  workspaceId: 'demo_workspace',
  workspaceName: 'Demo Workspace',
  status: 'active',
  createdAt: '2026-06-19T00:00:00.000Z',
  updatedAt: '2026-06-19T00:00:00.000Z',
  lastOpenedAt: '2026-06-19T00:00:00.000Z',
  domain: null,
  objectCount: null,
  dataSourceCount: null,
  metadata: { source: 'demo_runtime_migration', phase: 'NW-A:1' }
}
[WorkspaceRegistry][Mutation] {
  type: 'upsertWorkspace',
  activeWorkspaceId: 'demo_workspace',
  workspaceCount: 2
}
[ActiveWorkspace][Resolved] {
  workspaceId: 'demo_workspace',
  workspaceName: 'Demo Workspace',
  status: 'active',
  createdAt: '2026-06-19T00:00:00.000Z',
  updatedAt: '2026-06-19T00:00:00.000Z',
  lastOpenedAt: '2026-06-19T00:00:00.000Z',
  domain: null,
  objectCount: null,
  dataSourceCount: null,
  metadata: { source: 'demo_runtime_migration', phase: 'NW-A:1' }
}
[WorkspaceRegistry][Mutation] {
  type: 'setActiveWorkspace',
  activeWorkspaceId: 'eca_10_runtime_proofs_munc9vr7',
  workspaceCount: 2
}
[ActiveWorkspace][Resolved] {
  workspaceId: 'eca_10_runtime_proofs_munc9vr7',
  workspaceName: 'ECA:10 Runtime Proofs',
  status: 'active',
  createdAt: '2026-09-30T00:00:18.689Z',
  updatedAt: '2026-09-30T00:00:18.689Z',
  lastOpenedAt: '2026-09-30T00:00:18.689Z',
  domain: null,
  objectCount: 0,
  dataSourceCount: 0,
  metadata: { lifecycle: 'empty_workspace', phase: 'NW-A:3' }
}
[WorkspaceLifecycle] Created Workspace {
  workspaceId: 'eca_10_runtime_proofs_munc9vr7',
  workspaceName: 'ECA:10 Runtime Proofs'
}
[Topology][Flow] Generating flow layout
[Topology][Flow] Nodes: 8
[Topology][Flow] Connections: 7
[Topology][Flow] Generating flow layout
[Topology][Flow] Nodes: 2
[Topology][Flow] Connections: 1
[Topology][Flow] Generating flow layout
[Topology][Flow] Nodes: 8
[Topology][Flow] Connections: 7
[Topology][Flow] Generating flow layout
[Topology][Flow] Nodes: 2
[Topology][Flow] Connections: 1
[Topology][Flow] Generating flow layout
[Topology][Flow] Nodes: 8
[Topology][Flow] Connections: 7
[Topology][Flow] Generating flow layout
[Topology][Flow] Nodes: 2
[Topology][Flow] Connections: 1
[WorkspaceRegistry][Init] {
  version: 'NW-A:1',
  workspaceCount: 1,
  activeWorkspaceId: 'demo_workspace'
}
[ActiveWorkspace][Resolved] {
  workspaceId: 'demo_workspace',
  workspaceName: 'Demo Workspace',
  status: 'active',
  createdAt: '2026-06-19T00:00:00.000Z',
  updatedAt: '2026-06-19T00:00:00.000Z',
  lastOpenedAt: '2026-06-19T00:00:00.000Z',
  domain: null,
  objectCount: null,
  dataSourceCount: null,
  metadata: { source: 'demo_runtime_migration', phase: 'NW-A:1' }
}
[WorkspaceRegistry][Mutation] {
  type: 'upsertWorkspace',
  activeWorkspaceId: 'demo_workspace',
  workspaceCount: 2
}
[ActiveWorkspace][Resolved] {
  workspaceId: 'demo_workspace',
  workspaceName: 'Demo Workspace',
  status: 'active',
  createdAt: '2026-06-19T00:00:00.000Z',
  updatedAt: '2026-06-19T00:00:00.000Z',
  lastOpenedAt: '2026-06-19T00:00:00.000Z',
  domain: null,
  objectCount: null,
  dataSourceCount: null,
  metadata: { source: 'demo_runtime_migration', phase: 'NW-A:1' }
}
[WorkspaceRegistry][Mutation] {
  type: 'setActiveWorkspace',
  activeWorkspaceId: 'eca_10_runtime_proofs_munc9vyq',
  workspaceCount: 2
}
[ActiveWorkspace][Resolved] {
  workspaceId: 'eca_10_runtime_proofs_munc9vyq',
  workspaceName: 'ECA:10 Runtime Proofs',
  status: 'active',
  createdAt: '2026-09-30T00:00:18.962Z',
  updatedAt: '2026-09-30T00:00:18.962Z',
  lastOpenedAt: '2026-09-30T00:00:18.962Z',
  domain: null,
  objectCount: 0,
  dataSourceCount: 0,
  metadata: { lifecycle: 'empty_workspace', phase: 'NW-A:3' }
}
[WorkspaceLifecycle] Created Workspace {
  workspaceId: 'eca_10_runtime_proofs_munc9vyq',
  workspaceName: 'ECA:10 Runtime Proofs'
}
[Topology][Flow] Generating flow layout
[Topology][Flow] Nodes: 8
[Topology][Flow] Connections: 7
[Topology][Flow] Generating flow layout
[Topology][Flow] Nodes: 2
[Topology][Flow] Connections: 1
[Topology][Flow] Generating flow layout
[Topology][Flow] Nodes: 8
[Topology][Flow] Connections: 7
[Topology][Flow] Generating flow layout
[Topology][Flow] Nodes: 2
[Topology][Flow] Connections: 1
[Topology][Flow] Generating flow layout
[Topology][Flow] Nodes: 8
[Topology][Flow] Connections: 7
[Topology][Flow] Generating flow layout
[Topology][Flow] Nodes: 2
[Topology][Flow] Connections: 1
[WorkspaceRegistry][Init] {
  version: 'NW-A:1',
  workspaceCount: 1,
  activeWorkspaceId: 'demo_workspace'
}
[ActiveWorkspace][Resolved] {
  workspaceId: 'demo_workspace',
  workspaceName: 'Demo Workspace',
  status: 'active',
  createdAt: '2026-06-19T00:00:00.000Z',
  updatedAt: '2026-06-19T00:00:00.000Z',
  lastOpenedAt: '2026-06-19T00:00:00.000Z',
  domain: null,
  objectCount: null,
  dataSourceCount: null,
  metadata: { source: 'demo_runtime_migration', phase: 'NW-A:1' }
}
[WorkspaceRegistry][Mutation] {
  type: 'upsertWorkspace',
  activeWorkspaceId: 'demo_workspace',
  workspaceCount: 2
}
[ActiveWorkspace][Resolved] {
  workspaceId: 'demo_workspace',
  workspaceName: 'Demo Workspace',
  status: 'active',
  createdAt: '2026-06-19T00:00:00.000Z',
  updatedAt: '2026-06-19T00:00:00.000Z',
  lastOpenedAt: '2026-06-19T00:00:00.000Z',
  domain: null,
  objectCount: null,
  dataSourceCount: null,
  metadata: { source: 'demo_runtime_migration', phase: 'NW-A:1' }
}
[WorkspaceRegistry][Mutation] {
  type: 'setActiveWorkspace',
  activeWorkspaceId: 'eca_10_runtime_proofs_munc9w05',
  workspaceCount: 2
}
[ActiveWorkspace][Resolved] {
  workspaceId: 'eca_10_runtime_proofs_munc9w05',
  workspaceName: 'ECA:10 Runtime Proofs',
  status: 'active',
  createdAt: '2026-09-30T00:00:19.013Z',
  updatedAt: '2026-09-30T00:00:19.013Z',
  lastOpenedAt: '2026-09-30T00:00:19.013Z',
  domain: null,
  objectCount: 0,
  dataSourceCount: 0,
  metadata: { lifecycle: 'empty_workspace', phase: 'NW-A:3' }
}
[WorkspaceLifecycle] Created Workspace {
  workspaceId: 'eca_10_runtime_proofs_munc9w05',
  workspaceName: 'ECA:10 Runtime Proofs'
}
[Topology][Flow] Generating flow layout
[Topology][Flow] Nodes: 8
[Topology][Flow] Connections: 7
[Topology][Flow] Generating flow layout
[Topology][Flow] Nodes: 2
[Topology][Flow] Connections: 1
[Topology][Flow] Generating flow layout
[Topology][Flow] Nodes: 8
[Topology][Flow] Connections: 7
[Topology][Flow] Generating flow layout
[Topology][Flow] Nodes: 2
[Topology][Flow] Connections: 1
[Topology][Flow] Generating flow layout
[Topology][Flow] Nodes: 8
[Topology][Flow] Connections: 7
[Topology][Flow] Generating flow layout
[Topology][Flow] Nodes: 2
[Topology][Flow] Connections: 1
[Topology][Flow] Generating flow layout
[Topology][Flow] Nodes: 8
[Topology][Flow] Connections: 7
[Topology][Flow] Generating flow layout
[Topology][Flow] Nodes: 2
[Topology][Flow] Connections: 1
[Topology][Flow] Generating flow layout
[Topology][Flow] Nodes: 8
[Topology][Flow] Connections: 7
[Topology][Flow] Generating flow layout
[Topology][Flow] Nodes: 2
[Topology][Flow] Connections: 1
[Topology][Flow] Generating flow layout
[Topology][Flow] Nodes: 8
[Topology][Flow] Connections: 7
[Topology][Flow] Generating flow layout
[Topology][Flow] Nodes: 2
[Topology][Flow] Connections: 1
[WorkspaceRegistry][Init] {
  version: 'NW-A:1',
  workspaceCount: 1,
  activeWorkspaceId: 'demo_workspace'
}
[ActiveWorkspace][Resolved] {
  workspaceId: 'demo_workspace',
  workspaceName: 'Demo Workspace',
  status: 'active',
  createdAt: '2026-06-19T00:00:00.000Z',
  updatedAt: '2026-06-19T00:00:00.000Z',
  lastOpenedAt: '2026-06-19T00:00:00.000Z',
  domain: null,
  objectCount: null,
  dataSourceCount: null,
  metadata: { source: 'demo_runtime_migration', phase: 'NW-A:1' }
}
[WorkspaceRegistry][Mutation] {
  type: 'upsertWorkspace',
  activeWorkspaceId: 'demo_workspace',
  workspaceCount: 2
}
[ActiveWorkspace][Resolved] {
  workspaceId: 'demo_workspace',
  workspaceName: 'Demo Workspace',
  status: 'active',
  createdAt: '2026-06-19T00:00:00.000Z',
  updatedAt: '2026-06-19T00:00:00.000Z',
  lastOpenedAt: '2026-06-19T00:00:00.000Z',
  domain: null,
  objectCount: null,
  dataSourceCount: null,
  metadata: { source: 'demo_runtime_migration', phase: 'NW-A:1' }
}
[WorkspaceRegistry][Mutation] {
  type: 'setActiveWorkspace',
  activeWorkspaceId: 'eca_10_runtime_proofs_munc9w1e',
  workspaceCount: 2
}
[ActiveWorkspace][Resolved] {
  workspaceId: 'eca_10_runtime_proofs_munc9w1e',
  workspaceName: 'ECA:10 Runtime Proofs',
  status: 'active',
  createdAt: '2026-09-30T00:00:19.058Z',
  updatedAt: '2026-09-30T00:00:19.058Z',
  lastOpenedAt: '2026-09-30T00:00:19.058Z',
  domain: null,
  objectCount: 0,
  dataSourceCount: 0,
  metadata: { lifecycle: 'empty_workspace', phase: 'NW-A:3' }
}
[WorkspaceLifecycle] Created Workspace {
  workspaceId: 'eca_10_runtime_proofs_munc9w1e',
  workspaceName: 'ECA:10 Runtime Proofs'
}
[Topology][Flow] Generating flow layout
[Topology][Flow] Nodes: 8
[Topology][Flow] Connections: 7
[Topology][Flow] Generating flow layout
[Topology][Flow] Nodes: 2
[Topology][Flow] Connections: 1
[Topology][Flow] Generating flow layout
[Topology][Flow] Nodes: 8
[Topology][Flow] Connections: 7
[Topology][Flow] Generating flow layout
[Topology][Flow] Nodes: 2
[Topology][Flow] Connections: 1
[Topology][Flow] Generating flow layout
[Topology][Flow] Nodes: 8
[Topology][Flow] Connections: 7
[Topology][Flow] Generating flow layout
[Topology][Flow] Nodes: 2
[Topology][Flow] Connections: 1
[WorkspaceRegistry][Init] {
  version: 'NW-A:1',
  workspaceCount: 1,
  activeWorkspaceId: 'demo_workspace'
}
[ActiveWorkspace][Resolved] {
  workspaceId: 'demo_workspace',
  workspaceName: 'Demo Workspace',
  status: 'active',
  createdAt: '2026-06-19T00:00:00.000Z',
  updatedAt: '2026-06-19T00:00:00.000Z',
  lastOpenedAt: '2026-06-19T00:00:00.000Z',
  domain: null,
  objectCount: null,
  dataSourceCount: null,
  metadata: { source: 'demo_runtime_migration', phase: 'NW-A:1' }
}
[WorkspaceRegistry][Mutation] {
  type: 'upsertWorkspace',
  activeWorkspaceId: 'demo_workspace',
  workspaceCount: 2
}
[ActiveWorkspace][Resolved] {
  workspaceId: 'demo_workspace',
  workspaceName: 'Demo Workspace',
  status: 'active',
  createdAt: '2026-06-19T00:00:00.000Z',
  updatedAt: '2026-06-19T00:00:00.000Z',
  lastOpenedAt: '2026-06-19T00:00:00.000Z',
  domain: null,
  objectCount: null,
  dataSourceCount: null,
  metadata: { source: 'demo_runtime_migration', phase: 'NW-A:1' }
}
[WorkspaceRegistry][Mutation] {
  type: 'setActiveWorkspace',
  activeWorkspaceId: 'eca_10_runtime_proofs_munc9w2c',
  workspaceCount: 2
}
[ActiveWorkspace][Resolved] {
  workspaceId: 'eca_10_runtime_proofs_munc9w2c',
  workspaceName: 'ECA:10 Runtime Proofs',
  status: 'active',
  createdAt: '2026-09-30T00:00:19.092Z',
  updatedAt: '2026-09-30T00:00:19.092Z',
  lastOpenedAt: '2026-09-30T00:00:19.092Z',
  domain: null,
  objectCount: 0,
  dataSourceCount: 0,
  metadata: { lifecycle: 'empty_workspace', phase: 'NW-A:3' }
}
[WorkspaceLifecycle] Created Workspace {
  workspaceId: 'eca_10_runtime_proofs_munc9w2c',
  workspaceName: 'ECA:10 Runtime Proofs'
}
[Topology][Flow] Generating flow layout
[Topology][Flow] Nodes: 8
[Topology][Flow] Connections: 7
[Topology][Flow] Generating flow layout
[Topology][Flow] Nodes: 2
[Topology][Flow] Connections: 1
[Topology][Flow] Generating flow layout
[Topology][Flow] Nodes: 8
[Topology][Flow] Connections: 7
[Topology][Flow] Generating flow layout
[Topology][Flow] Nodes: 2
[Topology][Flow] Connections: 1
[Topology][Flow] Generating flow layout
[Topology][Flow] Nodes: 8
[Topology][Flow] Connections: 7
[Topology][Flow] Generating flow layout
[Topology][Flow] Nodes: 2
[Topology][Flow] Connections: 1
✔ ECA:10 runtime — no live Execution means NOT_LIVE (273.396209ms)
✔ ECA:10 runtime — on-track without Execution stays unknown (50.576167ms)
✔ ECA:10 runtime — CAP_AV does not inflate live track status (45.040792ms)
✔ ECA:10 runtime — ECA:1–9 identities remain (34.404625ms)
✔ ECA:10 runtime — show blockers is not a write (23.03375ms)
✔ ECA:10 A — Live gate: Decision without started Execution is NOT_LIVE (5.295333ms)
✔ ECA:10 B — Active Execution live summary does not mutate (3.934ms)
✔ ECA:10 C — Progress known, baseline missing → TRACK UNKNOWN (0.207792ms)
✔ ECA:10 D — Valid negative deviation (0.162083ms)
✔ ECA:10 E — Favorable deviation does not claim Outcome (0.171458ms)
✔ ECA:10 F — Mixed change: progress up and new blocker (0.941583ms)
✔ ECA:10 G — Blocker vs Risk distinguished (0.505625ms)
✔ ECA:10 H — Risk alone is not blocked or off-track (0.464333ms)
✔ ECA:10 I — CAP_AV does not inflate capacity deviation (0.405791ms)
✔ ECA:10 J — Reported estimate is not confirmed progress (4.863042ms)
✔ ECA:10 K — What changed with prior observation (0.427625ms)
✔ ECA:10 L — No prior observation (0.197167ms)
✔ ECA:10 M — One primary attention item (0.203166ms)
✔ ECA:10 N — Acknowledged blocker is not unsolicited again (0.237917ms)
✔ ECA:10 O — Completion does not write Outcome (0.176333ms)
✔ ECA:10 P — Is Decision working does not infer Outcome (0.15125ms)
✔ ECA:10 Q — Read vs write (0.992167ms)
✔ ECA:10 R — Reassessment candidate does not mutate Decision (0.212458ms)
✔ ECA:10 S — Side question preserves live context without overlay (0.213625ms)
✔ ECA:10 T — Authority isolation (0.549917ms)
✔ ECA:10 sequence 1 — start then live review (0.274875ms)
✔ ECA:10 sequence 2 — new blocker attention (0.17175ms)
✔ ECA:10 sequence 3 — show blockers vs risks (0.257583ms)
✔ ECA:10 sequence 4 — missing baseline cannot determine behind (0.143ms)
✔ ECA:10 sequence 5 — valid deviation (0.123667ms)
✔ ECA:10 sequence 6 — reported estimate preserved (0.313208ms)
✔ ECA:10 sequence 7 — material deviation may suggest reassessment (0.219625ms)
✔ ECA:10 sequence 8 — completion Outcome boundary (0.286833ms)
✔ ECA:10 prompt A — No Execution → NOT_LIVE (0.158791ms)
✔ ECA:10 prompt B — Canonical Active Execution identity (0.152333ms)
✔ ECA:10 prompt C — Status fidelity ACTIVE not invented BLOCKED (0.217ms)
✔ ECA:10 prompt D — Known progress reports exact value (0.200666ms)
✔ ECA:10 prompt E — Unknown progress not estimated (0.199042ms)
✔ ECA:10 prompt F — ON_TRACK with valid reference (0.2155ms)
✔ ECA:10 prompt G — No false ON_TRACK without baseline (0.117167ms)
✔ ECA:10 prompt H — WATCH / POSSIBLE_DEVIATION (0.239834ms)
✔ ECA:10 prompt I — DEVIATING / OFF_TRACK (0.224375ms)
✔ ECA:10 prompt J — No reference → no invented deviation (0.176541ms)
✔ ECA:10 prompt K — BLOCKED from canonical blocker status (0.217375ms)
✔ ECA:10 prompt L — Risk ≠ Blocker (0.169083ms)
✔ ECA:10 prompt M — Deviation ≠ Cause (0.212625ms)
✔ ECA:10 prompt N — Possible contributor language bounded (0.170709ms)
✔ ECA:10 prompt O — CAP_AV semantic uncertainty (0.10775ms)
✔ ECA:10 prompt P — Observed vs expected distinction (0.141708ms)
✔ ECA:10 prompt Q — Importance / urgency / confidence stay unmerged (0.185834ms)
✔ ECA:10 prompt R — Milestone/blocker supports deviation without mutation (0.1325ms)
✔ ECA:10 prompt S — Goal safety (0.087084ms)
✔ ECA:10 prompt T — Decision safety (0.101458ms)
✔ ECA:10 prompt U — Outcome / Learning boundary (0.131375ms)
✔ ECA:10 prompt V — Attention ≠ forced intervention (0.168708ms)
✔ ECA:10 prompt W — Intervention guidance advisory only (0.222208ms)
✔ ECA:10 prompt X — Status question (0.158334ms)
✔ ECA:10 prompt Y — On-track question (0.225875ms)
✔ ECA:10 prompt Z — Why / causal safety (0.14375ms)
✔ ECA:10 prompt AA — What changed with and without history (0.289041ms)
✔ ECA:10 prompt AB — What should I do / bounded guidance (0.136292ms)
✔ ECA:10 prompt AC — Mutation request does not mutate (0.185041ms)
✔ ECA:10 prompt AD — Wrong/stale Scenario does not override Execution identity (0.127708ms)
✔ ECA:10 prompt AE — Ambiguous / no live Execution clarifies (0.111375ms)
✔ ECA:10 prompt AF — Refresh session preserves identity (0.160125ms)
✔ ECA:10 prompt AG — Duplicate Execution protection (0.102708ms)
✔ ECA:10 prompt AH — ECA:9 boundary when not live (0.179125ms)
✔ ECA:10 prompt AI — Zero ECA writes across samples (0.253ms)
✔ ECA:10 prompt AJ — No duplicate intelligence authority (0.16875ms)
✔ ECA:10 prompt multi-turn 1 — Start → live status (0.111083ms)
✔ ECA:10 prompt multi-turn 2 — Deviation → why causal safety (0.167709ms)
✔ ECA:10 prompt multi-turn 3 — Risk → attention without false intervention (0.142667ms)
✔ ECA:10 prompt multi-turn 4 — Deviation → manager guidance no mutation (0.128125ms)
✔ ECA:MAINT-2 semantics — AWAITING_DECISION means Decision needed, not candidate under review (0.391791ms)
✔ ECA:MAINT-2 A/B — Decision needed, no candidate: coherent no-candidate review (6.044584ms)
✔ ECA:MAINT-2 C — One valid candidate explained (3.478959ms)
✔ ECA:MAINT-2 D — Multiple candidates clarify (0.264ms)
✔ ECA:MAINT-2 E — Recommendation only does not become commitment candidate (0.185083ms)
✔ ECA:MAINT-2 E2 — Recommendation option may inform review only when present on recommendation judgment (0.177291ms)
✔ ECA:MAINT-2 F — Candidate under review: label and ECA:8 agree on confirmation semantics (0.152209ms)
✔ ECA:MAINT-2 G — Approved Decision does not keep Decision-needed chip (0.042125ms)
✔ ECA:MAINT-2 H — Subject fidelity on Capacity when decision needed (0.159334ms)
✔ ECA:MAINT-2 I — Refresh/lifecycle: label follows decisionState, not stale Awaiting decision wording (0.067917ms)
✔ ECA:MAINT-2 J — Mutation safety (0.140792ms)
▶ NPA-T ECA:1-FIX1 mutation proposal
  ✔ A. recognizes an explicit ADD and creates a read-only proposal (2.715ms)
  ✔ B. recognizes natural ADD variants without keyword-only risk detection (1.997584ms)
  ✔ C. recognizes confirmation and cancellation language as helpers only (0.299875ms)
  ✔ D. unresolved REMOVE target requires clarification and never guesses (0.165292ms)
  ✔ E. knowledge and hypothesis questions remain non-mutating (0.280334ms)
  ✔ F. duplicate identity is left to the canonical authority (0.092ms)
  ✔ G. proposal carries stable source and session-only provenance (0.1285ms)
  ✔ H. no writer or Stage mutation is represented by the proposal (0.068541ms)
  ✔ I. data uncertainty remains separate from mutation confirmation (0.089708ms)
  ✔ J. Decision and Execution imperatives are not ECA object mutations (0.130916ms)
  ✔ K. delete names the full object and never proposes ADD (0.128083ms)
✔ NPA-T ECA:1-FIX1 mutation proposal (6.623208ms)
[Topology][Flow] Generating flow layout
[Topology][Flow] Nodes: 8
[Topology][Flow] Connections: 7
[Topology][Flow] Generating flow layout
[Topology][Flow] Nodes: 2
[Topology][Flow] Connections: 1
[Topology][Flow] Generating flow layout
[Topology][Flow] Nodes: 8
[Topology][Flow] Connections: 7
[Topology][Flow] Generating flow layout
[Topology][Flow] Nodes: 2
[Topology][Flow] Connections: 1
[Topology][Flow] Generating flow layout
[Topology][Flow] Nodes: 8
[Topology][Flow] Connections: 7
[Topology][Flow] Generating flow layout
[Topology][Flow] Nodes: 2
[Topology][Flow] Connections: 1
[Topology][Flow] Generating flow layout
[Topology][Flow] Nodes: 8
[Topology][Flow] Connections: 7
[Topology][Flow] Generating flow layout
[Topology][Flow] Nodes: 2
[Topology][Flow] Connections: 1
[Topology][Flow] Generating flow layout
[Topology][Flow] Nodes: 8
[Topology][Flow] Connections: 7
[Topology][Flow] Generating flow layout
[Topology][Flow] Nodes: 2
[Topology][Flow] Connections: 1
[Topology][Flow] Generating flow layout
[Topology][Flow] Nodes: 8
[Topology][Flow] Connections: 7
[Topology][Flow] Generating flow layout
[Topology][Flow] Nodes: 2
[Topology][Flow] Connections: 1
[Topology][Flow] Generating flow layout
[Topology][Flow] Nodes: 8
[Topology][Flow] Connections: 7
[Topology][Flow] Generating flow layout
[Topology][Flow] Nodes: 2
[Topology][Flow] Connections: 1
[Topology][Flow] Generating flow layout
[Topology][Flow] Nodes: 8
[Topology][Flow] Connections: 7
[Topology][Flow] Generating flow layout
[Topology][Flow] Nodes: 2
[Topology][Flow] Connections: 1
[Topology][Flow] Generating flow layout
[Topology][Flow] Nodes: 8
[Topology][Flow] Connections: 7
[Topology][Flow] Generating flow layout
[Topology][Flow] Nodes: 2
[Topology][Flow] Connections: 1
[Topology][Flow] Generating flow layout
[Topology][Flow] Nodes: 8
[Topology][Flow] Connections: 7
[Topology][Hub] Generating hub layout
[Topology][Hub] Hub: Risk
[Topology][Hub] Satellites: 3
[Topology][Hub] Connections: 3
[Topology][Flow] Generating flow layout
[Topology][Flow] Nodes: 8
[Topology][Flow] Connections: 7
[Topology][Hub] Generating hub layout
[Topology][Hub] Hub: Risk
[Topology][Hub] Satellites: 3
[Topology][Hub] Connections: 3
[Topology][Flow] Generating flow layout
[Topology][Flow] Nodes: 8
[Topology][Flow] Connections: 7
[Topology][Hub] Generating hub layout
[Topology][Hub] Hub: Risk
[Topology][Hub] Satellites: 3
[Topology][Hub] Connections: 3
[Topology][Flow] Generating flow layout
[Topology][Flow] Nodes: 8
[Topology][Flow] Connections: 7
[Topology][Hub] Generating hub layout
[Topology][Hub] Hub: Risk
[Topology][Hub] Satellites: 3
[Topology][Hub] Connections: 3
[Topology][Flow] Generating flow layout
[Topology][Flow] Nodes: 8
[Topology][Flow] Connections: 7
[Topology][Hub] Generating hub layout
[Topology][Hub] Hub: Risk
[Topology][Hub] Satellites: 3
[Topology][Hub] Connections: 3
[Topology][Flow] Generating flow layout
[Topology][Flow] Nodes: 8
[Topology][Flow] Connections: 7
[Topology][Hub] Generating hub layout
[Topology][Hub] Hub: Risk
[Topology][Hub] Satellites: 3
[Topology][Hub] Connections: 3
[Topology][Flow] Generating flow layout
[Topology][Flow] Nodes: 8
[Topology][Flow] Connections: 7
[Topology][Flow] Generating flow layout
[Topology][Flow] Nodes: 2
[Topology][Flow] Connections: 1
[Topology][Flow] Generating flow layout
[Topology][Flow] Nodes: 8
[Topology][Flow] Connections: 7
[Topology][Hub] Generating hub layout
[Topology][Hub] Hub: Risk
[Topology][Hub] Satellites: 3
[Topology][Hub] Connections: 3
[Topology][Flow] Generating flow layout
[Topology][Flow] Nodes: 8
[Topology][Flow] Connections: 7
[Topology][Hub] Generating hub layout
[Topology][Hub] Hub: Risk
[Topology][Hub] Satellites: 3
[Topology][Hub] Connections: 3
[Topology][Flow] Generating flow layout
[Topology][Flow] Nodes: 8
[Topology][Flow] Connections: 7
[Topology][Hub] Generating hub layout
[Topology][Hub] Hub: Risk
[Topology][Hub] Satellites: 3
[Topology][Hub] Connections: 3
[Topology][Flow] Generating flow layout
[Topology][Flow] Nodes: 8
[Topology][Flow] Connections: 7
[Topology][Hub] Generating hub layout
[Topology][Hub] Hub: Risk
[Topology][Hub] Satellites: 3
[Topology][Hub] Connections: 3
[Topology][Flow] Generating flow layout
[Topology][Flow] Nodes: 8
[Topology][Flow] Connections: 7
[Topology][Hub] Generating hub layout
[Topology][Hub] Hub: Risk
[Topology][Hub] Satellites: 3
[Topology][Hub] Connections: 3
[Topology][Flow] Generating flow layout
[Topology][Flow] Nodes: 8
[Topology][Flow] Connections: 7
[Topology][Flow] Generating flow layout
[Topology][Flow] Nodes: 2
[Topology][Flow] Connections: 1
[Topology][Flow] Generating flow layout
[Topology][Flow] Nodes: 8
[Topology][Flow] Connections: 7
[Topology][Flow] Generating flow layout
[Topology][Flow] Nodes: 2
[Topology][Flow] Connections: 1
[Topology][Flow] Generating flow layout
[Topology][Flow] Nodes: 8
[Topology][Flow] Connections: 7
[Topology][Flow] Generating flow layout
[Topology][Flow] Nodes: 2
[Topology][Flow] Connections: 1
[Topology][Flow] Generating flow layout
[Topology][Flow] Nodes: 8
[Topology][Flow] Connections: 7
[Topology][Flow] Generating flow layout
[Topology][Flow] Nodes: 2
[Topology][Flow] Connections: 1
[Topology][Flow] Generating flow layout
[Topology][Flow] Nodes: 8
[Topology][Flow] Connections: 7
[Topology][Flow] Generating flow layout
[Topology][Flow] Nodes: 2
[Topology][Flow] Connections: 1
[Topology][Flow] Generating flow layout
[Topology][Flow] Nodes: 8
[Topology][Flow] Connections: 7
[Topology][Flow] Generating flow layout
[Topology][Flow] Nodes: 2
[Topology][Flow] Connections: 1
[Topology][Flow] Generating flow layout
[Topology][Flow] Nodes: 8
[Topology][Flow] Connections: 7
[Topology][Flow] Generating flow layout
[Topology][Flow] Nodes: 2
[Topology][Flow] Connections: 1
[Topology][Flow] Generating flow layout
[Topology][Flow] Nodes: 8
[Topology][Flow] Connections: 7
[Topology][Flow] Generating flow layout
[Topology][Flow] Nodes: 2
[Topology][Flow] Connections: 1
[Topology][Flow] Generating flow layout
[Topology][Flow] Nodes: 8
[Topology][Flow] Connections: 7
[Topology][Flow] Generating flow layout
[Topology][Flow] Nodes: 2
[Topology][Flow] Connections: 1
[Topology][Flow] Generating flow layout
[Topology][Flow] Nodes: 8
[Topology][Flow] Connections: 7
[Topology][Flow] Generating flow layout
[Topology][Flow] Nodes: 2
[Topology][Flow] Connections: 1
[Topology][Flow] Generating flow layout
[Topology][Flow] Nodes: 8
[Topology][Flow] Connections: 7
[Topology][Flow] Generating flow layout
[Topology][Flow] Nodes: 2
[Topology][Flow] Connections: 1
[Topology][Flow] Generating flow layout
[Topology][Flow] Nodes: 8
[Topology][Flow] Connections: 7
[Topology][Flow] Generating flow layout
[Topology][Flow] Nodes: 2
[Topology][Flow] Connections: 1
[Topology][Flow] Generating flow layout
[Topology][Flow] Nodes: 8
[Topology][Flow] Connections: 7
[Topology][Flow] Generating flow layout
[Topology][Flow] Nodes: 2
[Topology][Flow] Connections: 1
[Topology][Flow] Generating flow layout
[Topology][Flow] Nodes: 8
[Topology][Flow] Connections: 7
[Topology][Flow] Generating flow layout
[Topology][Flow] Nodes: 2
[Topology][Flow] Connections: 1
[Topology][Flow] Generating flow layout
[Topology][Flow] Nodes: 8
[Topology][Flow] Connections: 7
[Topology][Flow] Generating flow layout
[Topology][Flow] Nodes: 2
[Topology][Flow] Connections: 1
[Topology][Flow] Generating flow layout
[Topology][Flow] Nodes: 8
[Topology][Flow] Connections: 7
[Topology][Flow] Generating flow layout
[Topology][Flow] Nodes: 2
[Topology][Flow] Connections: 1
[Topology][Flow] Generating flow layout
[Topology][Flow] Nodes: 8
[Topology][Flow] Connections: 7
[Topology][Flow] Generating flow layout
[Topology][Flow] Nodes: 2
[Topology][Flow] Connections: 1
[Topology][Flow] Generating flow layout
[Topology][Flow] Nodes: 8
[Topology][Flow] Connections: 7
[Topology][Flow] Generating flow layout
[Topology][Flow] Nodes: 2
[Topology][Flow] Connections: 1
[Topology][Flow] Generating flow layout
[Topology][Flow] Nodes: 8
[Topology][Flow] Connections: 7
[Topology][Flow] Generating flow layout
[Topology][Flow] Nodes: 2
[Topology][Flow] Connections: 1
[Topology][Flow] Generating flow layout
[Topology][Flow] Nodes: 8
[Topology][Flow] Connections: 7
[Topology][Flow] Generating flow layout
[Topology][Flow] Nodes: 2
[Topology][Flow] Connections: 1
[Topology][Flow] Generating flow layout
[Topology][Flow] Nodes: 8
[Topology][Flow] Connections: 7
[Topology][Flow] Generating flow layout
[Topology][Flow] Nodes: 2
[Topology][Flow] Connections: 1
[Topology][Flow] Generating flow layout
[Topology][Flow] Nodes: 8
[Topology][Flow] Connections: 7
[Topology][Flow] Generating flow layout
[Topology][Flow] Nodes: 2
[Topology][Flow] Connections: 1
[Topology][Flow] Generating flow layout
[Topology][Flow] Nodes: 8
[Topology][Flow] Connections: 7
[Topology][Flow] Generating flow layout
[Topology][Flow] Nodes: 2
[Topology][Flow] Connections: 1
[Topology][Flow] Generating flow layout
[Topology][Flow] Nodes: 8
[Topology][Flow] Connections: 7
[Topology][Flow] Generating flow layout
[Topology][Flow] Nodes: 2
[Topology][Flow] Connections: 1
[Topology][Flow] Generating flow layout
[Topology][Flow] Nodes: 8
[Topology][Flow] Connections: 7
[Topology][Flow] Generating flow layout
[Topology][Flow] Nodes: 2
[Topology][Flow] Connections: 1
[Topology][Flow] Generating flow layout
[Topology][Flow] Nodes: 8
[Topology][Flow] Connections: 7
[Topology][Flow] Generating flow layout
[Topology][Flow] Nodes: 2
[Topology][Flow] Connections: 1
[Topology][Flow] Generating flow layout
[Topology][Flow] Nodes: 8
[Topology][Flow] Connections: 7
[Topology][Flow] Generating flow layout
[Topology][Flow] Nodes: 2
[Topology][Flow] Connections: 1
[Topology][Flow] Generating flow layout
[Topology][Flow] Nodes: 8
[Topology][Flow] Connections: 7
[Topology][Flow] Generating flow layout
[Topology][Flow] Nodes: 2
[Topology][Flow] Connections: 1
[Topology][Flow] Generating flow layout
[Topology][Flow] Nodes: 8
[Topology][Flow] Connections: 7
[Topology][Flow] Generating flow layout
[Topology][Flow] Nodes: 2
[Topology][Flow] Connections: 1
[Topology][Flow] Generating flow layout
[Topology][Flow] Nodes: 8
[Topology][Flow] Connections: 7
[Topology][Flow] Generating flow layout
[Topology][Flow] Nodes: 2
[Topology][Flow] Connections: 1
[Topology][Flow] Generating flow layout
[Topology][Flow] Nodes: 8
[Topology][Flow] Connections: 7
[Topology][Hub] Generating hub layout
[Topology][Hub] Hub: Capacity
[Topology][Hub] Satellites: 5
[Topology][Hub] Connections: 5
[Topology][Flow] Generating flow layout
[Topology][Flow] Nodes: 8
[Topology][Flow] Connections: 7
[Topology][Flow] Generating flow layout
[Topology][Flow] Nodes: 2
[Topology][Flow] Connections: 1
[Topology][Flow] Generating flow layout
[Topology][Flow] Nodes: 8
[Topology][Flow] Connections: 7
[Topology][Flow] Generating flow layout
[Topology][Flow] Nodes: 2
[Topology][Flow] Connections: 1
[Topology][Flow] Generating flow layout
[Topology][Flow] Nodes: 8
[Topology][Flow] Connections: 7
[Topology][Flow] Generating flow layout
[Topology][Flow] Nodes: 2
[Topology][Flow] Connections: 1
[Topology][Flow] Generating flow layout
[Topology][Flow] Nodes: 8
[Topology][Flow] Connections: 7
[Topology][Flow] Generating flow layout
[Topology][Flow] Nodes: 2
[Topology][Flow] Connections: 1
[Topology][Flow] Generating flow layout
[Topology][Flow] Nodes: 8
[Topology][Flow] Connections: 7
[Topology][Flow] Generating flow layout
[Topology][Flow] Nodes: 2
[Topology][Flow] Connections: 1
[Topology][Flow] Generating flow layout
[Topology][Flow] Nodes: 8
[Topology][Flow] Connections: 7
[Topology][Flow] Generating flow layout
[Topology][Flow] Nodes: 2
[Topology][Flow] Connections: 1
[Topology][Flow] Generating flow layout
[Topology][Flow] Nodes: 8
[Topology][Flow] Connections: 7
[Topology][Flow] Generating flow layout
[Topology][Flow] Nodes: 2
[Topology][Flow] Connections: 1
[Topology][Flow] Generating flow layout
[Topology][Flow] Nodes: 8
[Topology][Flow] Connections: 7
[Topology][Flow] Generating flow layout
[Topology][Flow] Nodes: 2
[Topology][Flow] Connections: 1
[Topology][Flow] Generating flow layout
[Topology][Flow] Nodes: 8
[Topology][Flow] Connections: 7
[Topology][Flow] Generating flow layout
[Topology][Flow] Nodes: 2
[Topology][Flow] Connections: 1
[Topology][Flow] Generating flow layout
[Topology][Flow] Nodes: 8
[Topology][Flow] Connections: 7
[Topology][Flow] Generating flow layout
[Topology][Flow] Nodes: 2
[Topology][Flow] Connections: 1
[Topology][Flow] Generating flow layout
[Topology][Flow] Nodes: 8
[Topology][Flow] Connections: 7
[Topology][Flow] Generating flow layout
[Topology][Flow] Nodes: 2
[Topology][Flow] Connections: 1
[Topology][Flow] Generating flow layout
[Topology][Flow] Nodes: 8
[Topology][Flow] Connections: 7
[Topology][Flow] Generating flow layout
[Topology][Flow] Nodes: 2
[Topology][Flow] Connections: 1
[Topology][Flow] Generating flow layout
[Topology][Flow] Nodes: 8
[Topology][Flow] Connections: 7
[Topology][Flow] Generating flow layout
[Topology][Flow] Nodes: 2
[Topology][Flow] Connections: 1
[Topology][Flow] Generating flow layout
[Topology][Flow] Nodes: 8
[Topology][Flow] Connections: 7
[Topology][Flow] Generating flow layout
[Topology][Flow] Nodes: 2
[Topology][Flow] Connections: 1
[Topology][Flow] Generating flow layout
[Topology][Flow] Nodes: 8
[Topology][Flow] Connections: 7
[Topology][Hub] Generating hub layout
[Topology][Hub] Hub: Risk
[Topology][Hub] Satellites: 3
[Topology][Hub] Connections: 3
[Topology][Flow] Generating flow layout
[Topology][Flow] Nodes: 8
[Topology][Flow] Connections: 7
[Topology][Hub] Generating hub layout
[Topology][Hub] Hub: Risk
[Topology][Hub] Satellites: 3
[Topology][Hub] Connections: 3
[Topology][Flow] Generating flow layout
[Topology][Flow] Nodes: 8
[Topology][Flow] Connections: 7
[Topology][Hub] Generating hub layout
[Topology][Hub] Hub: Risk
[Topology][Hub] Satellites: 3
[Topology][Hub] Connections: 3
[Topology][Flow] Generating flow layout
[Topology][Flow] Nodes: 8
[Topology][Flow] Connections: 7
[Topology][Hub] Generating hub layout
[Topology][Hub] Hub: Risk
[Topology][Hub] Satellites: 3
[Topology][Hub] Connections: 3
[Topology][Flow] Generating flow layout
[Topology][Flow] Nodes: 8
[Topology][Flow] Connections: 7
[Topology][Hub] Generating hub layout
[Topology][Hub] Hub: Risk
[Topology][Hub] Satellites: 3
[Topology][Hub] Connections: 3
[Topology][Flow] Generating flow layout
[Topology][Flow] Nodes: 8
[Topology][Flow] Connections: 7
[Topology][Flow] Generating flow layout
[Topology][Flow] Nodes: 2
[Topology][Flow] Connections: 1
[Topology][Flow] Generating flow layout
[Topology][Flow] Nodes: 8
[Topology][Flow] Connections: 7
[Topology][Flow] Generating flow layout
[Topology][Flow] Nodes: 2
[Topology][Flow] Connections: 1
[Topology][Flow] Generating flow layout
[Topology][Flow] Nodes: 8
[Topology][Flow] Connections: 7
[Topology][Flow] Generating flow layout
[Topology][Flow] Nodes: 2
[Topology][Flow] Connections: 1
[Topology][Flow] Generating flow layout
[Topology][Flow] Nodes: 8
[Topology][Flow] Connections: 7
[Topology][Flow] Generating flow layout
[Topology][Flow] Nodes: 2
[Topology][Flow] Connections: 1
[Topology][Flow] Generating flow layout
[Topology][Flow] Nodes: 8
[Topology][Flow] Connections: 7
[Topology][Flow] Generating flow layout
[Topology][Flow] Nodes: 2
[Topology][Flow] Connections: 1
[Topology][Flow] Generating flow layout
[Topology][Flow] Nodes: 8
[Topology][Flow] Connections: 7
[Topology][Flow] Generating flow layout
[Topology][Flow] Nodes: 2
[Topology][Flow] Connections: 1
[Topology][Flow] Generating flow layout
[Topology][Flow] Nodes: 8
[Topology][Flow] Connections: 7
[Topology][Flow] Generating flow layout
[Topology][Flow] Nodes: 2
[Topology][Flow] Connections: 1
[Topology][Flow] Generating flow layout
[Topology][Flow] Nodes: 8
[Topology][Flow] Connections: 7
[Topology][Flow] Generating flow layout
[Topology][Flow] Nodes: 2
[Topology][Flow] Connections: 1
[Topology][Flow] Generating flow layout
[Topology][Flow] Nodes: 8
[Topology][Flow] Connections: 7
[Topology][Flow] Generating flow layout
[Topology][Flow] Nodes: 2
[Topology][Flow] Connections: 1
[Topology][Flow] Generating flow layout
[Topology][Flow] Nodes: 8
[Topology][Flow] Connections: 7
[Topology][Flow] Generating flow layout
[Topology][Flow] Nodes: 2
[Topology][Flow] Connections: 1
[Topology][Flow] Generating flow layout
[Topology][Flow] Nodes: 8
[Topology][Flow] Connections: 7
[Topology][Flow] Generating flow layout
[Topology][Flow] Nodes: 2
[Topology][Flow] Connections: 1
[Topology][Flow] Generating flow layout
[Topology][Flow] Nodes: 8
[Topology][Flow] Connections: 7
[Topology][Flow] Generating flow layout
[Topology][Flow] Nodes: 2
[Topology][Flow] Connections: 1
[Topology][Flow] Generating flow layout
[Topology][Flow] Nodes: 8
[Topology][Flow] Connections: 7
[Topology][Flow] Generating flow layout
[Topology][Flow] Nodes: 2
[Topology][Flow] Connections: 1
[Topology][Flow] Generating flow layout
[Topology][Flow] Nodes: 8
[Topology][Flow] Connections: 7
[Topology][Flow] Generating flow layout
[Topology][Flow] Nodes: 2
[Topology][Flow] Connections: 1
[Topology][Flow] Generating flow layout
[Topology][Flow] Nodes: 8
[Topology][Flow] Connections: 7
[Topology][Flow] Generating flow layout
[Topology][Flow] Nodes: 2
[Topology][Flow] Connections: 1
[Topology][Flow] Generating flow layout
[Topology][Flow] Nodes: 8
[Topology][Flow] Connections: 7
[Topology][Flow] Generating flow layout
[Topology][Flow] Nodes: 2
[Topology][Flow] Connections: 1
[Topology][Flow] Generating flow layout
[Topology][Flow] Nodes: 8
[Topology][Flow] Connections: 7
[Topology][Flow] Generating flow layout
[Topology][Flow] Nodes: 2
[Topology][Flow] Connections: 1
[Topology][Flow] Generating flow layout
[Topology][Flow] Nodes: 8
[Topology][Flow] Connections: 7
[Topology][Flow] Generating flow layout
[Topology][Flow] Nodes: 2
[Topology][Flow] Connections: 1
[Topology][Flow] Generating flow layout
[Topology][Flow] Nodes: 8
[Topology][Flow] Connections: 7
[Topology][Flow] Generating flow layout
[Topology][Flow] Nodes: 2
[Topology][Flow] Connections: 1
[Topology][Flow] Generating flow layout
[Topology][Flow] Nodes: 8
[Topology][Flow] Connections: 7
[Topology][Flow] Generating flow layout
[Topology][Flow] Nodes: 2
[Topology][Flow] Connections: 1
[Topology][Flow] Generating flow layout
[Topology][Flow] Nodes: 8
[Topology][Flow] Connections: 7
[Topology][Flow] Generating flow layout
[Topology][Flow] Nodes: 2
[Topology][Flow] Connections: 1
[Topology][Flow] Generating flow layout
[Topology][Flow] Nodes: 8
[Topology][Flow] Connections: 7
[Topology][Flow] Generating flow layout
[Topology][Flow] Nodes: 2
[Topology][Flow] Connections: 1
[Topology][Flow] Generating flow layout
[Topology][Flow] Nodes: 8
[Topology][Flow] Connections: 7
[Topology][Flow] Generating flow layout
[Topology][Flow] Nodes: 2
[Topology][Flow] Connections: 1
[Topology][Flow] Generating flow layout
[Topology][Flow] Nodes: 8
[Topology][Flow] Connections: 7
[Topology][Flow] Generating flow layout
[Topology][Flow] Nodes: 2
[Topology][Flow] Connections: 1
[Topology][Flow] Generating flow layout
[Topology][Flow] Nodes: 8
[Topology][Flow] Connections: 7
[Topology][Flow] Generating flow layout
[Topology][Flow] Nodes: 2
[Topology][Flow] Connections: 1
[Topology][Flow] Generating flow layout
[Topology][Flow] Nodes: 8
[Topology][Flow] Connections: 7
[Topology][Flow] Generating flow layout
[Topology][Flow] Nodes: 2
[Topology][Flow] Connections: 1
[Topology][Flow] Generating flow layout
[Topology][Flow] Nodes: 8
[Topology][Flow] Connections: 7
[Topology][Flow] Generating flow layout
[Topology][Flow] Nodes: 2
[Topology][Flow] Connections: 1
[Topology][Flow] Generating flow layout
[Topology][Flow] Nodes: 8
[Topology][Flow] Connections: 7
[Topology][Flow] Generating flow layout
[Topology][Flow] Nodes: 2
[Topology][Flow] Connections: 1
[Topology][Flow] Generating flow layout
[Topology][Flow] Nodes: 8
[Topology][Flow] Connections: 7
[Topology][Flow] Generating flow layout
[Topology][Flow] Nodes: 2
[Topology][Flow] Connections: 1
[Topology][Flow] Generating flow layout
[Topology][Flow] Nodes: 8
[Topology][Flow] Connections: 7
[Topology][Flow] Generating flow layout
[Topology][Flow] Nodes: 2
[Topology][Flow] Connections: 1
[Topology][Flow] Generating flow layout
[Topology][Flow] Nodes: 8
[Topology][Flow] Connections: 7
[Topology][Flow] Generating flow layout
[Topology][Flow] Nodes: 2
[Topology][Flow] Connections: 1
[Topology][Flow] Generating flow layout
[Topology][Flow] Nodes: 8
[Topology][Flow] Connections: 7
[Topology][Flow] Generating flow layout
[Topology][Flow] Nodes: 2
[Topology][Flow] Connections: 1
[Topology][Flow] Generating flow layout
[Topology][Flow] Nodes: 8
[Topology][Flow] Connections: 7
[Topology][Flow] Generating flow layout
[Topology][Flow] Nodes: 2
[Topology][Flow] Connections: 1
[Topology][Flow] Generating flow layout
[Topology][Flow] Nodes: 8
[Topology][Flow] Connections: 7
[Topology][Flow] Generating flow layout
[Topology][Flow] Nodes: 2
[Topology][Flow] Connections: 1
[Topology][Flow] Generating flow layout
[Topology][Flow] Nodes: 8
[Topology][Flow] Connections: 7
[Topology][Flow] Generating flow layout
[Topology][Flow] Nodes: 2
[Topology][Flow] Connections: 1
[Topology][Flow] Generating flow layout
[Topology][Flow] Nodes: 8
[Topology][Flow] Connections: 7
[Topology][Flow] Generating flow layout
[Topology][Flow] Nodes: 2
[Topology][Flow] Connections: 1
[Topology][Flow] Generating flow layout
[Topology][Flow] Nodes: 8
[Topology][Flow] Connections: 7
[Topology][Flow] Generating flow layout
[Topology][Flow] Nodes: 2
[Topology][Flow] Connections: 1
▶ POST-ECA:2 Stage awareness
  ✔ A — Overview membership reports presentation-visible actors, not empty executive objects (210.5045ms)
  ✔ B — explicit objects question uses Stage composition, not Problems collection (61.946375ms)
  ✔ C/F — focused Risk reports focus plus remaining visible actors (63.240042ms)
  ✔ D — focus question answers focus only (38.285584ms)
  ✔ E — empty focus / nonempty Stage (20.001583ms)
  ✔ G — Queue contents are not Stage membership (16.065042ms)
  ✔ H — Problems collection does not substitute for Overview Stage (19.53225ms)
  ✔ I — Current Subject Executive Overview is not an empty Stage (23.248584ms)
  ✔ J/K/L — Stage correction binds to visibility, not You, and acknowledges when runtime confirms (39.770084ms)
  ✔ M — runtime disagreement does not mutate Stage (47.768875ms)
  ✖ N — Explain visible actor without prior focus (24.507083ms)
  ✔ O — pronoun continuity uses Stage order (34.407958ms)
  ✔ P — why visible uses known presentation reason or unknown (16.794375ms)
  ✔ Q — navigation answers follow current projection (57.115167ms)
  ✔ R — refresh uses canonical restored presentation (18.286875ms)
  ✔ S — visibility is not importance, priority, or causality (37.102458ms)
  ✔ T — read-only Stage questions do not write business or Stage state (7.488792ms)
  ✔ Sequence 1 — objects follow-up does not switch to Problems (21.4935ms)
  ✔ Sequence 5 — Stage inspection is a side question (72.775875ms)
✖ POST-ECA:2 Stage awareness (831.590083ms)
[Topology][Flow] Generating flow layout
[Topology][Flow] Nodes: 8
[Topology][Flow] Connections: 7
[Topology][Flow] Generating flow layout
[Topology][Flow] Nodes: 2
[Topology][Flow] Connections: 1
[Topology][Flow] Generating flow layout
[Topology][Flow] Nodes: 8
[Topology][Flow] Connections: 7
[Topology][Flow] Generating flow layout
[Topology][Flow] Nodes: 2
[Topology][Flow] Connections: 1
[Topology][Flow] Generating flow layout
[Topology][Flow] Nodes: 8
[Topology][Flow] Connections: 7
[Topology][Flow] Generating flow layout
[Topology][Flow] Nodes: 2
[Topology][Flow] Connections: 1
[Topology][Flow] Generating flow layout
[Topology][Flow] Nodes: 8
[Topology][Flow] Connections: 7
[Topology][Flow] Generating flow layout
[Topology][Flow] Nodes: 2
[Topology][Flow] Connections: 1
[Topology][Flow] Generating flow layout
[Topology][Flow] Nodes: 8
[Topology][Flow] Connections: 7
[Topology][Flow] Generating flow layout
[Topology][Flow] Nodes: 2
[Topology][Flow] Connections: 1
[Topology][Flow] Generating flow layout
[Topology][Flow] Nodes: 8
[Topology][Flow] Connections: 7
[Topology][Flow] Generating flow layout
[Topology][Flow] Nodes: 2
[Topology][Flow] Connections: 1
[Topology][Flow] Generating flow layout
[Topology][Flow] Nodes: 8
[Topology][Flow] Connections: 7
[Topology][Flow] Generating flow layout
[Topology][Flow] Nodes: 2
[Topology][Flow] Connections: 1
[Topology][Flow] Generating flow layout
[Topology][Flow] Nodes: 8
[Topology][Flow] Connections: 7
[Topology][Flow] Generating flow layout
[Topology][Flow] Nodes: 2
[Topology][Flow] Connections: 1
[Topology][Flow] Generating flow layout
[Topology][Flow] Nodes: 8
[Topology][Flow] Connections: 7
[Topology][Flow] Generating flow layout
[Topology][Flow] Nodes: 2
[Topology][Flow] Connections: 1
[Topology][Flow] Generating flow layout
[Topology][Flow] Nodes: 8
[Topology][Flow] Connections: 7
[Topology][Flow] Generating flow layout
[Topology][Flow] Nodes: 2
[Topology][Flow] Connections: 1
[Topology][Flow] Generating flow layout
[Topology][Flow] Nodes: 8
[Topology][Flow] Connections: 7
[Topology][Flow] Generating flow layout
[Topology][Flow] Nodes: 2
[Topology][Flow] Connections: 1
[Topology][Flow] Generating flow layout
[Topology][Flow] Nodes: 8
[Topology][Flow] Connections: 7
[Topology][Flow] Generating flow layout
[Topology][Flow] Nodes: 2
[Topology][Flow] Connections: 1
[Topology][Flow] Generating flow layout
[Topology][Flow] Nodes: 8
[Topology][Flow] Connections: 7
[Topology][Flow] Generating flow layout
[Topology][Flow] Nodes: 2
[Topology][Flow] Connections: 1
[Topology][Flow] Generating flow layout
[Topology][Flow] Nodes: 8
[Topology][Flow] Connections: 7
[Topology][Flow] Generating flow layout
[Topology][Flow] Nodes: 2
[Topology][Flow] Connections: 1
[Topology][Flow] Generating flow layout
[Topology][Flow] Nodes: 8
[Topology][Flow] Connections: 7
[Topology][Flow] Generating flow layout
[Topology][Flow] Nodes: 2
[Topology][Flow] Connections: 1
[Topology][Flow] Generating flow layout
[Topology][Flow] Nodes: 8
[Topology][Flow] Connections: 7
[Topology][Flow] Generating flow layout
[Topology][Flow] Nodes: 2
[Topology][Flow] Connections: 1
[Topology][Flow] Generating flow layout
[Topology][Flow] Nodes: 8
[Topology][Flow] Connections: 7
[Topology][Hub] Generating hub layout
[Topology][Hub] Hub: Risk
[Topology][Hub] Satellites: 3
[Topology][Hub] Connections: 3
[Topology][Flow] Generating flow layout
[Topology][Flow] Nodes: 8
[Topology][Flow] Connections: 7
[Topology][Hub] Generating hub layout
[Topology][Hub] Hub: Risk
[Topology][Hub] Satellites: 3
[Topology][Hub] Connections: 3
[Topology][Flow] Generating flow layout
[Topology][Flow] Nodes: 8
[Topology][Flow] Connections: 7
[Topology][Hub] Generating hub layout
[Topology][Hub] Hub: Risk
[Topology][Hub] Satellites: 3
[Topology][Hub] Connections: 3
[Topology][Flow] Generating flow layout
[Topology][Flow] Nodes: 8
[Topology][Flow] Connections: 7
[Topology][Hub] Generating hub layout
[Topology][Hub] Hub: Risk
[Topology][Hub] Satellites: 3
[Topology][Hub] Connections: 3
[Topology][Flow] Generating flow layout
[Topology][Flow] Nodes: 8
[Topology][Flow] Connections: 7
[Topology][Hub] Generating hub layout
[Topology][Hub] Hub: Risk
[Topology][Hub] Satellites: 3
[Topology][Hub] Connections: 3
[Topology][Flow] Generating flow layout
[Topology][Flow] Nodes: 8
[Topology][Flow] Connections: 7
[Topology][Flow] Generating flow layout
[Topology][Flow] Nodes: 2
[Topology][Flow] Connections: 1
[Topology][Flow] Generating flow layout
[Topology][Flow] Nodes: 8
[Topology][Flow] Connections: 7
[Topology][Hub] Generating hub layout
[Topology][Hub] Hub: Risk
[Topology][Hub] Satellites: 3
[Topology][Hub] Connections: 3
[Topology][Flow] Generating flow layout
[Topology][Flow] Nodes: 8
[Topology][Flow] Connections: 7
[Topology][Hub] Generating hub layout
[Topology][Hub] Hub: Risk
[Topology][Hub] Satellites: 3
[Topology][Hub] Connections: 3
[Topology][Flow] Generating flow layout
[Topology][Flow] Nodes: 8
[Topology][Flow] Connections: 7
[Topology][Hub] Generating hub layout
[Topology][Hub] Hub: Risk
[Topology][Hub] Satellites: 3
[Topology][Hub] Connections: 3
[Topology][Flow] Generating flow layout
[Topology][Flow] Nodes: 8
[Topology][Flow] Connections: 7
[Topology][Hub] Generating hub layout
[Topology][Hub] Hub: Risk
[Topology][Hub] Satellites: 3
[Topology][Hub] Connections: 3
[Topology][Flow] Generating flow layout
[Topology][Flow] Nodes: 8
[Topology][Flow] Connections: 7
[Topology][Hub] Generating hub layout
[Topology][Hub] Hub: Risk
[Topology][Hub] Satellites: 3
[Topology][Hub] Connections: 3
[Topology][Flow] Generating flow layout
[Topology][Flow] Nodes: 8
[Topology][Flow] Connections: 7
[Topology][Hub] Generating hub layout
[Topology][Hub] Hub: Risk
[Topology][Hub] Satellites: 3
[Topology][Hub] Connections: 3
[Topology][Flow] Generating flow layout
[Topology][Flow] Nodes: 8
[Topology][Flow] Connections: 7
[Topology][Hub] Generating hub layout
[Topology][Hub] Hub: Risk
[Topology][Hub] Satellites: 3
[Topology][Hub] Connections: 3
[Topology][Flow] Generating flow layout
[Topology][Flow] Nodes: 8
[Topology][Flow] Connections: 7
[Topology][Hub] Generating hub layout
[Topology][Hub] Hub: Risk
[Topology][Hub] Satellites: 3
[Topology][Hub] Connections: 3
[Topology][Flow] Generating flow layout
[Topology][Flow] Nodes: 8
[Topology][Flow] Connections: 7
[Topology][Flow] Generating flow layout
[Topology][Flow] Nodes: 2
[Topology][Flow] Connections: 1
[Topology][Flow] Generating flow layout
[Topology][Flow] Nodes: 8
[Topology][Flow] Connections: 7
[Topology][Flow] Generating flow layout
[Topology][Flow] Nodes: 2
[Topology][Flow] Connections: 1
[Topology][Flow] Generating flow layout
[Topology][Flow] Nodes: 8
[Topology][Flow] Connections: 7
[Topology][Flow] Generating flow layout
[Topology][Flow] Nodes: 2
[Topology][Flow] Connections: 1
[Topology][Flow] Generating flow layout
[Topology][Flow] Nodes: 8
[Topology][Flow] Connections: 7
[Topology][Flow] Generating flow layout
[Topology][Flow] Nodes: 2
[Topology][Flow] Connections: 1
[Topology][Flow] Generating flow layout
[Topology][Flow] Nodes: 8
[Topology][Flow] Connections: 7
[Topology][Flow] Generating flow layout
[Topology][Flow] Nodes: 2
[Topology][Flow] Connections: 1
[Topology][Flow] Generating flow layout
[Topology][Flow] Nodes: 8
[Topology][Flow] Connections: 7
[Topology][Flow] Generating flow layout
[Topology][Flow] Nodes: 2
[Topology][Flow] Connections: 1
[Topology][Flow] Generating flow layout
[Topology][Flow] Nodes: 8
[Topology][Flow] Connections: 7
[Topology][Flow] Generating flow layout
[Topology][Flow] Nodes: 2
[Topology][Flow] Connections: 1
[Topology][Flow] Generating flow layout
[Topology][Flow] Nodes: 8
[Topology][Flow] Connections: 7
[Topology][Flow] Generating flow layout
[Topology][Flow] Nodes: 2
[Topology][Flow] Connections: 1
[Topology][Flow] Generating flow layout
[Topology][Flow] Nodes: 8
[Topology][Flow] Connections: 7
[Topology][Flow] Generating flow layout
[Topology][Flow] Nodes: 2
[Topology][Flow] Connections: 1
[Topology][Flow] Generating flow layout
[Topology][Flow] Nodes: 8
[Topology][Flow] Connections: 7
[Topology][Flow] Generating flow layout
[Topology][Flow] Nodes: 2
[Topology][Flow] Connections: 1
[Topology][Flow] Generating flow layout
[Topology][Flow] Nodes: 8
[Topology][Flow] Connections: 7
[Topology][Flow] Generating flow layout
[Topology][Flow] Nodes: 2
[Topology][Flow] Connections: 1
[Topology][Flow] Generating flow layout
[Topology][Flow] Nodes: 8
[Topology][Flow] Connections: 7
[Topology][Flow] Generating flow layout
[Topology][Flow] Nodes: 2
[Topology][Flow] Connections: 1
[Topology][Flow] Generating flow layout
[Topology][Flow] Nodes: 8
[Topology][Flow] Connections: 7
[Topology][Flow] Generating flow layout
[Topology][Flow] Nodes: 2
[Topology][Flow] Connections: 1
[Topology][Flow] Generating flow layout
[Topology][Flow] Nodes: 8
[Topology][Flow] Connections: 7
[Topology][Flow] Generating flow layout
[Topology][Flow] Nodes: 2
[Topology][Flow] Connections: 1
[Topology][Flow] Generating flow layout
[Topology][Flow] Nodes: 8
[Topology][Flow] Connections: 7
[Topology][Flow] Generating flow layout
[Topology][Flow] Nodes: 2
[Topology][Flow] Connections: 1
[Topology][Flow] Generating flow layout
[Topology][Flow] Nodes: 8
[Topology][Flow] Connections: 7
[Topology][Flow] Generating flow layout
[Topology][Flow] Nodes: 2
[Topology][Flow] Connections: 1
[Topology][Flow] Generating flow layout
[Topology][Flow] Nodes: 8
[Topology][Flow] Connections: 7
[Topology][Flow] Generating flow layout
[Topology][Flow] Nodes: 2
[Topology][Flow] Connections: 1
[Topology][Flow] Generating flow layout
[Topology][Flow] Nodes: 8
[Topology][Flow] Connections: 7
[Topology][Flow] Generating flow layout
[Topology][Flow] Nodes: 2
[Topology][Flow] Connections: 1
[Topology][Flow] Generating flow layout
[Topology][Flow] Nodes: 8
[Topology][Flow] Connections: 7
[Topology][Flow] Generating flow layout
[Topology][Flow] Nodes: 2
[Topology][Flow] Connections: 1
[Topology][Flow] Generating flow layout
[Topology][Flow] Nodes: 8
[Topology][Flow] Connections: 7
[Topology][Flow] Generating flow layout
[Topology][Flow] Nodes: 2
[Topology][Flow] Connections: 1
[Topology][Flow] Generating flow layout
[Topology][Flow] Nodes: 8
[Topology][Flow] Connections: 7
[Topology][Flow] Generating flow layout
[Topology][Flow] Nodes: 2
[Topology][Flow] Connections: 1
[Topology][Flow] Generating flow layout
[Topology][Flow] Nodes: 8
[Topology][Flow] Connections: 7
[Topology][Flow] Generating flow layout
[Topology][Flow] Nodes: 2
[Topology][Flow] Connections: 1
[Topology][Flow] Generating flow layout
[Topology][Flow] Nodes: 8
[Topology][Flow] Connections: 7
[Topology][Flow] Generating flow layout
[Topology][Flow] Nodes: 2
[Topology][Flow] Connections: 1
[Topology][Flow] Generating flow layout
[Topology][Flow] Nodes: 8
[Topology][Flow] Connections: 7
[Topology][Flow] Generating flow layout
[Topology][Flow] Nodes: 2
[Topology][Flow] Connections: 1
[Topology][Flow] Generating flow layout
[Topology][Flow] Nodes: 8
[Topology][Flow] Connections: 7
[Topology][Flow] Generating flow layout
[Topology][Flow] Nodes: 2
[Topology][Flow] Connections: 1
[Topology][Flow] Generating flow layout
[Topology][Flow] Nodes: 8
[Topology][Flow] Connections: 7
[Topology][Flow] Generating flow layout
[Topology][Flow] Nodes: 2
[Topology][Flow] Connections: 1
[Topology][Flow] Generating flow layout
[Topology][Flow] Nodes: 8
[Topology][Flow] Connections: 7
[Topology][Flow] Generating flow layout
[Topology][Flow] Nodes: 2
[Topology][Flow] Connections: 1
[Topology][Flow] Generating flow layout
[Topology][Flow] Nodes: 8
[Topology][Flow] Connections: 7
[Topology][Flow] Generating flow layout
[Topology][Flow] Nodes: 2
[Topology][Flow] Connections: 1
[Topology][Flow] Generating flow layout
[Topology][Flow] Nodes: 8
[Topology][Flow] Connections: 7
[Topology][Flow] Generating flow layout
[Topology][Flow] Nodes: 2
[Topology][Flow] Connections: 1
[Topology][Flow] Generating flow layout
[Topology][Flow] Nodes: 8
[Topology][Flow] Connections: 7
[Topology][Flow] Generating flow layout
[Topology][Flow] Nodes: 2
[Topology][Flow] Connections: 1
[Topology][Flow] Generating flow layout
[Topology][Flow] Nodes: 8
[Topology][Flow] Connections: 7
[Topology][Flow] Generating flow layout
[Topology][Flow] Nodes: 2
[Topology][Flow] Connections: 1
[Topology][Flow] Generating flow layout
[Topology][Flow] Nodes: 8
[Topology][Flow] Connections: 7
[Topology][Flow] Generating flow layout
[Topology][Flow] Nodes: 2
[Topology][Flow] Connections: 1
[Topology][Flow] Generating flow layout
[Topology][Flow] Nodes: 8
[Topology][Flow] Connections: 7
[Topology][Flow] Generating flow layout
[Topology][Flow] Nodes: 2
[Topology][Flow] Connections: 1
[Topology][Flow] Generating flow layout
[Topology][Flow] Nodes: 8
[Topology][Flow] Connections: 7
[Topology][Flow] Generating flow layout
[Topology][Flow] Nodes: 2
[Topology][Flow] Connections: 1
[Topology][Flow] Generating flow layout
[Topology][Flow] Nodes: 8
[Topology][Flow] Connections: 7
[Topology][Flow] Generating flow layout
[Topology][Flow] Nodes: 2
[Topology][Flow] Connections: 1
[Topology][Flow] Generating flow layout
[Topology][Flow] Nodes: 8
[Topology][Flow] Connections: 7
[Topology][Flow] Generating flow layout
[Topology][Flow] Nodes: 2
[Topology][Flow] Connections: 1
▶ POST-ECA:3 Data Library conversation
  ✔ A — explain all CSV files uses Data Library, not generic match (203.706084ms)
  ✔ B — explian Data is not an entity-match failure (77.117ms)
  ✔ C — explain Data source is a concept answer (19.725166ms)
  ✔ D — CSV availability does not ask for an Outcome (15.614125ms)
  ✔ E — empty library (16.310209ms)
  ✔ F — multiple sources list actual names only (1.9785ms)
  ✔ G — pending is not accepted evidence (5.17175ms)
  ✔ H — multiple pending (2.792625ms)
  ✔ I/J — specific source vs unknown (1.814042ms)
  ✔ K — source pronoun binds the second listed file (5.023042ms)
  ✔ L — Stage focus does not block CSV inventory (57.496042ms)
  ✔ M/N — provenance vs inventory (74.068667ms)
  ✔ O — ECA:4 existing-data bridge (21.169291ms)
  ✔ P — CAP_AV stays unconfirmed (3.989709ms)
  ✔ Q — removed source is not active (3.523ms)
  ✔ R — refresh matches restored library (1.198125ms)
  ✔ S — library existence is not Stage visibility (42.465584ms)
  ✔ T — read questions write nothing (25.656375ms)
  ✔ Sequence 1 — Stage then CSV (40.503125ms)
  ✔ Sequence 2 — list then second file (28.81825ms)
  ✔ Sequence 6 — objective continuity after CSV side question (38.820458ms)
✔ POST-ECA:3 Data Library conversation (688.80525ms)
[Topology][Flow] Generating flow layout
[Topology][Flow] Nodes: 8
[Topology][Flow] Connections: 7
[Topology][Flow] Generating flow layout
[Topology][Flow] Nodes: 2
[Topology][Flow] Connections: 1
[Topology][Flow] Generating flow layout
[Topology][Flow] Nodes: 8
[Topology][Flow] Connections: 7
[Topology][Flow] Generating flow layout
[Topology][Flow] Nodes: 2
[Topology][Flow] Connections: 1
[Topology][Flow] Generating flow layout
[Topology][Flow] Nodes: 8
[Topology][Flow] Connections: 7
[Topology][Flow] Generating flow layout
[Topology][Flow] Nodes: 2
[Topology][Flow] Connections: 1
[Topology][Flow] Generating flow layout
[Topology][Flow] Nodes: 8
[Topology][Flow] Connections: 7
[Topology][Flow] Generating flow layout
[Topology][Flow] Nodes: 2
[Topology][Flow] Connections: 1
[Topology][Flow] Generating flow layout
[Topology][Flow] Nodes: 8
[Topology][Flow] Connections: 7
[Topology][Flow] Generating flow layout
[Topology][Flow] Nodes: 2
[Topology][Flow] Connections: 1
[Topology][Flow] Generating flow layout
[Topology][Flow] Nodes: 8
[Topology][Flow] Connections: 7
[Topology][Flow] Generating flow layout
[Topology][Flow] Nodes: 2
[Topology][Flow] Connections: 1
[Topology][Flow] Generating flow layout
[Topology][Flow] Nodes: 8
[Topology][Flow] Connections: 7
[Topology][Flow] Generating flow layout
[Topology][Flow] Nodes: 2
[Topology][Flow] Connections: 1
[Topology][Flow] Generating flow layout
[Topology][Flow] Nodes: 8
[Topology][Flow] Connections: 7
[Topology][Flow] Generating flow layout
[Topology][Flow] Nodes: 2
[Topology][Flow] Connections: 1
[Topology][Flow] Generating flow layout
[Topology][Flow] Nodes: 8
[Topology][Flow] Connections: 7
[Topology][Flow] Generating flow layout
[Topology][Flow] Nodes: 2
[Topology][Flow] Connections: 1
[Topology][Flow] Generating flow layout
[Topology][Flow] Nodes: 8
[Topology][Flow] Connections: 7
[Topology][Flow] Generating flow layout
[Topology][Flow] Nodes: 2
[Topology][Flow] Connections: 1
[Topology][Flow] Generating flow layout
[Topology][Flow] Nodes: 8
[Topology][Flow] Connections: 7
[Topology][Flow] Generating flow layout
[Topology][Flow] Nodes: 2
[Topology][Flow] Connections: 1
[Topology][Flow] Generating flow layout
[Topology][Flow] Nodes: 8
[Topology][Flow] Connections: 7
[Topology][Flow] Generating flow layout
[Topology][Flow] Nodes: 2
[Topology][Flow] Connections: 1
[Topology][Flow] Generating flow layout
[Topology][Flow] Nodes: 8
[Topology][Flow] Connections: 7
[Topology][Flow] Generating flow layout
[Topology][Flow] Nodes: 2
[Topology][Flow] Connections: 1
[Topology][Flow] Generating flow layout
[Topology][Flow] Nodes: 8
[Topology][Flow] Connections: 7
[Topology][Flow] Generating flow layout
[Topology][Flow] Nodes: 2
[Topology][Flow] Connections: 1
[Topology][Flow] Generating flow layout
[Topology][Flow] Nodes: 8
[Topology][Flow] Connections: 7
[Topology][Flow] Generating flow layout
[Topology][Flow] Nodes: 2
[Topology][Flow] Connections: 1
[Topology][Flow] Generating flow layout
[Topology][Flow] Nodes: 8
[Topology][Flow] Connections: 7
[Topology][Flow] Generating flow layout
[Topology][Flow] Nodes: 2
[Topology][Flow] Connections: 1
[Topology][Flow] Generating flow layout
[Topology][Flow] Nodes: 8
[Topology][Flow] Connections: 7
[Topology][Flow] Generating flow layout
[Topology][Flow] Nodes: 2
[Topology][Flow] Connections: 1
[Topology][Flow] Generating flow layout
[Topology][Flow] Nodes: 8
[Topology][Flow] Connections: 7
[Topology][Flow] Generating flow layout
[Topology][Flow] Nodes: 2
[Topology][Flow] Connections: 1
[Topology][Flow] Generating flow layout
[Topology][Flow] Nodes: 8
[Topology][Flow] Connections: 7
[Topology][Flow] Generating flow layout
[Topology][Flow] Nodes: 2
[Topology][Flow] Connections: 1
[Topology][Flow] Generating flow layout
[Topology][Flow] Nodes: 8
[Topology][Flow] Connections: 7
[Topology][Flow] Generating flow layout
[Topology][Flow] Nodes: 2
[Topology][Flow] Connections: 1
[Topology][Flow] Generating flow layout
[Topology][Flow] Nodes: 8
[Topology][Flow] Connections: 7
[Topology][Flow] Generating flow layout
[Topology][Flow] Nodes: 2
[Topology][Flow] Connections: 1
[Topology][Flow] Generating flow layout
[Topology][Flow] Nodes: 8
[Topology][Flow] Connections: 7
[Topology][Flow] Generating flow layout
[Topology][Flow] Nodes: 2
[Topology][Flow] Connections: 1
[Topology][Flow] Generating flow layout
[Topology][Flow] Nodes: 8
[Topology][Flow] Connections: 7
[Topology][Flow] Generating flow layout
[Topology][Flow] Nodes: 2
[Topology][Flow] Connections: 1
[Topology][Flow] Generating flow layout
[Topology][Flow] Nodes: 8
[Topology][Flow] Connections: 7
[Topology][Flow] Generating flow layout
[Topology][Flow] Nodes: 2
[Topology][Flow] Connections: 1
[Topology][Flow] Generating flow layout
[Topology][Flow] Nodes: 8
[Topology][Flow] Connections: 7
[Topology][Flow] Generating flow layout
[Topology][Flow] Nodes: 2
[Topology][Flow] Connections: 1
[Topology][Flow] Generating flow layout
[Topology][Flow] Nodes: 8
[Topology][Flow] Connections: 7
[Topology][Flow] Generating flow layout
[Topology][Flow] Nodes: 2
[Topology][Flow] Connections: 1
[Topology][Flow] Generating flow layout
[Topology][Flow] Nodes: 8
[Topology][Flow] Connections: 7
[Topology][Flow] Generating flow layout
[Topology][Flow] Nodes: 2
[Topology][Flow] Connections: 1
[Topology][Flow] Generating flow layout
[Topology][Flow] Nodes: 8
[Topology][Flow] Connections: 7
[Topology][Flow] Generating flow layout
[Topology][Flow] Nodes: 2
[Topology][Flow] Connections: 1
[Topology][Flow] Generating flow layout
[Topology][Flow] Nodes: 8
[Topology][Flow] Connections: 7
[Topology][Flow] Generating flow layout
[Topology][Flow] Nodes: 2
[Topology][Flow] Connections: 1
[Topology][Flow] Generating flow layout
[Topology][Flow] Nodes: 8
[Topology][Flow] Connections: 7
[Topology][Flow] Generating flow layout
[Topology][Flow] Nodes: 2
[Topology][Flow] Connections: 1
[Topology][Flow] Generating flow layout
[Topology][Flow] Nodes: 8
[Topology][Flow] Connections: 7
[Topology][Flow] Generating flow layout
[Topology][Flow] Nodes: 2
[Topology][Flow] Connections: 1
[Topology][Flow] Generating flow layout
[Topology][Flow] Nodes: 8
[Topology][Flow] Connections: 7
[Topology][Flow] Generating flow layout
[Topology][Flow] Nodes: 2
[Topology][Flow] Connections: 1
[Topology][Flow] Generating flow layout
[Topology][Flow] Nodes: 8
[Topology][Flow] Connections: 7
[Topology][Flow] Generating flow layout
[Topology][Flow] Nodes: 2
[Topology][Flow] Connections: 1
[Topology][Flow] Generating flow layout
[Topology][Flow] Nodes: 8
[Topology][Flow] Connections: 7
[Topology][Flow] Generating flow layout
[Topology][Flow] Nodes: 2
[Topology][Flow] Connections: 1
[Topology][Flow] Generating flow layout
[Topology][Flow] Nodes: 8
[Topology][Flow] Connections: 7
[Topology][Flow] Generating flow layout
[Topology][Flow] Nodes: 2
[Topology][Flow] Connections: 1
[Topology][Flow] Generating flow layout
[Topology][Flow] Nodes: 8
[Topology][Flow] Connections: 7
[Topology][Flow] Generating flow layout
[Topology][Flow] Nodes: 2
[Topology][Flow] Connections: 1
[Topology][Flow] Generating flow layout
[Topology][Flow] Nodes: 8
[Topology][Flow] Connections: 7
[Topology][Flow] Generating flow layout
[Topology][Flow] Nodes: 2
[Topology][Flow] Connections: 1
[Topology][Flow] Generating flow layout
[Topology][Flow] Nodes: 8
[Topology][Flow] Connections: 7
[Topology][Flow] Generating flow layout
[Topology][Flow] Nodes: 2
[Topology][Flow] Connections: 1
[Topology][Flow] Generating flow layout
[Topology][Flow] Nodes: 8
[Topology][Flow] Connections: 7
[Topology][Flow] Generating flow layout
[Topology][Flow] Nodes: 2
[Topology][Flow] Connections: 1
[Topology][Flow] Generating flow layout
[Topology][Flow] Nodes: 8
[Topology][Flow] Connections: 7
[Topology][Flow] Generating flow layout
[Topology][Flow] Nodes: 2
[Topology][Flow] Connections: 1
[Topology][Flow] Generating flow layout
[Topology][Flow] Nodes: 8
[Topology][Flow] Connections: 7
[Topology][Flow] Generating flow layout
[Topology][Flow] Nodes: 2
[Topology][Flow] Connections: 1
[Topology][Flow] Generating flow layout
[Topology][Flow] Nodes: 8
[Topology][Flow] Connections: 7
[Topology][Flow] Generating flow layout
[Topology][Flow] Nodes: 2
[Topology][Flow] Connections: 1
[Topology][Flow] Generating flow layout
[Topology][Flow] Nodes: 8
[Topology][Flow] Connections: 7
[Topology][Flow] Generating flow layout
[Topology][Flow] Nodes: 2
[Topology][Flow] Connections: 1
[Topology][Flow] Generating flow layout
[Topology][Flow] Nodes: 8
[Topology][Flow] Connections: 7
[Topology][Flow] Generating flow layout
[Topology][Flow] Nodes: 2
[Topology][Flow] Connections: 1
[Topology][Flow] Generating flow layout
[Topology][Flow] Nodes: 8
[Topology][Flow] Connections: 7
[Topology][Flow] Generating flow layout
[Topology][Flow] Nodes: 2
[Topology][Flow] Connections: 1
[Topology][Flow] Generating flow layout
[Topology][Flow] Nodes: 8
[Topology][Flow] Connections: 7
[Topology][Flow] Generating flow layout
[Topology][Flow] Nodes: 2
[Topology][Flow] Connections: 1
[Topology][Flow] Generating flow layout
[Topology][Flow] Nodes: 8
[Topology][Flow] Connections: 7
[Topology][Flow] Generating flow layout
[Topology][Flow] Nodes: 2
[Topology][Flow] Connections: 1
[Topology][Flow] Generating flow layout
[Topology][Flow] Nodes: 8
[Topology][Flow] Connections: 7
[Topology][Flow] Generating flow layout
[Topology][Flow] Nodes: 2
[Topology][Flow] Connections: 1
[Topology][Flow] Generating flow layout
[Topology][Flow] Nodes: 8
[Topology][Flow] Connections: 7
[Topology][Flow] Generating flow layout
[Topology][Flow] Nodes: 2
[Topology][Flow] Connections: 1
[Topology][Flow] Generating flow layout
[Topology][Flow] Nodes: 8
[Topology][Flow] Connections: 7
[Topology][Hub] Generating hub layout
[Topology][Hub] Hub: Risk
[Topology][Hub] Satellites: 3
[Topology][Hub] Connections: 3
[Topology][Flow] Generating flow layout
[Topology][Flow] Nodes: 8
[Topology][Flow] Connections: 7
[Topology][Hub] Generating hub layout
[Topology][Hub] Hub: Risk
[Topology][Hub] Satellites: 3
[Topology][Hub] Connections: 3
[Topology][Flow] Generating flow layout
[Topology][Flow] Nodes: 8
[Topology][Flow] Connections: 7
[Topology][Hub] Generating hub layout
[Topology][Hub] Hub: Risk
[Topology][Hub] Satellites: 3
[Topology][Hub] Connections: 3
[Topology][Flow] Generating flow layout
[Topology][Flow] Nodes: 8
[Topology][Flow] Connections: 7
[Topology][Hub] Generating hub layout
[Topology][Hub] Hub: Risk
[Topology][Hub] Satellites: 3
[Topology][Hub] Connections: 3
[Topology][Flow] Generating flow layout
[Topology][Flow] Nodes: 8
[Topology][Flow] Connections: 7
[Topology][Hub] Generating hub layout
[Topology][Hub] Hub: Risk
[Topology][Hub] Satellites: 3
[Topology][Hub] Connections: 3
[Topology][Flow] Generating flow layout
[Topology][Flow] Nodes: 8
[Topology][Flow] Connections: 7
[Topology][Flow] Generating flow layout
[Topology][Flow] Nodes: 2
[Topology][Flow] Connections: 1
[Topology][Flow] Generating flow layout
[Topology][Flow] Nodes: 8
[Topology][Flow] Connections: 7
[Topology][Flow] Generating flow layout
[Topology][Flow] Nodes: 2
[Topology][Flow] Connections: 1
[Topology][Flow] Generating flow layout
[Topology][Flow] Nodes: 8
[Topology][Flow] Connections: 7
[Topology][Flow] Generating flow layout
[Topology][Flow] Nodes: 2
[Topology][Flow] Connections: 1
[Topology][Flow] Generating flow layout
[Topology][Flow] Nodes: 8
[Topology][Flow] Connections: 7
[Topology][Flow] Generating flow layout
[Topology][Flow] Nodes: 2
[Topology][Flow] Connections: 1
[Topology][Flow] Generating flow layout
[Topology][Flow] Nodes: 8
[Topology][Flow] Connections: 7
[Topology][Flow] Generating flow layout
[Topology][Flow] Nodes: 2
[Topology][Flow] Connections: 1
[Topology][Flow] Generating flow layout
[Topology][Flow] Nodes: 8
[Topology][Flow] Connections: 7
[Topology][Flow] Generating flow layout
[Topology][Flow] Nodes: 2
[Topology][Flow] Connections: 1
[Topology][Flow] Generating flow layout
[Topology][Flow] Nodes: 8
[Topology][Flow] Connections: 7
[Topology][Flow] Generating flow layout
[Topology][Flow] Nodes: 2
[Topology][Flow] Connections: 1
[Topology][Flow] Generating flow layout
[Topology][Flow] Nodes: 8
[Topology][Flow] Connections: 7
[Topology][Flow] Generating flow layout
[Topology][Flow] Nodes: 2
[Topology][Flow] Connections: 1
[Topology][Flow] Generating flow layout
[Topology][Flow] Nodes: 8
[Topology][Flow] Connections: 7
[Topology][Flow] Generating flow layout
[Topology][Flow] Nodes: 2
[Topology][Flow] Connections: 1
[Topology][Flow] Generating flow layout
[Topology][Flow] Nodes: 8
[Topology][Flow] Connections: 7
[Topology][Flow] Generating flow layout
[Topology][Flow] Nodes: 2
[Topology][Flow] Connections: 1
[Topology][Flow] Generating flow layout
[Topology][Flow] Nodes: 8
[Topology][Flow] Connections: 7
[Topology][Flow] Generating flow layout
[Topology][Flow] Nodes: 2
[Topology][Flow] Connections: 1
[Topology][Flow] Generating flow layout
[Topology][Flow] Nodes: 8
[Topology][Flow] Connections: 7
[Topology][Flow] Generating flow layout
[Topology][Flow] Nodes: 2
[Topology][Flow] Connections: 1
[Topology][Flow] Generating flow layout
[Topology][Flow] Nodes: 8
[Topology][Flow] Connections: 7
[Topology][Flow] Generating flow layout
[Topology][Flow] Nodes: 2
[Topology][Flow] Connections: 1
[Topology][Flow] Generating flow layout
[Topology][Flow] Nodes: 8
[Topology][Flow] Connections: 7
[Topology][Flow] Generating flow layout
[Topology][Flow] Nodes: 2
[Topology][Flow] Connections: 1
[Topology][Flow] Generating flow layout
[Topology][Flow] Nodes: 8
[Topology][Flow] Connections: 7
[Topology][Flow] Generating flow layout
[Topology][Flow] Nodes: 2
[Topology][Flow] Connections: 1
[Topology][Flow] Generating flow layout
[Topology][Flow] Nodes: 8
[Topology][Flow] Connections: 7
[Topology][Flow] Generating flow layout
[Topology][Flow] Nodes: 2
[Topology][Flow] Connections: 1
[Topology][Flow] Generating flow layout
[Topology][Flow] Nodes: 8
[Topology][Flow] Connections: 7
[Topology][Flow] Generating flow layout
[Topology][Flow] Nodes: 2
[Topology][Flow] Connections: 1
[Topology][Flow] Generating flow layout
[Topology][Flow] Nodes: 8
[Topology][Flow] Connections: 7
[Topology][Flow] Generating flow layout
[Topology][Flow] Nodes: 2
[Topology][Flow] Connections: 1
[Topology][Flow] Generating flow layout
[Topology][Flow] Nodes: 8
[Topology][Flow] Connections: 7
[Topology][Flow] Generating flow layout
[Topology][Flow] Nodes: 2
[Topology][Flow] Connections: 1
[Topology][Flow] Generating flow layout
[Topology][Flow] Nodes: 8
[Topology][Flow] Connections: 7
[Topology][Flow] Generating flow layout
[Topology][Flow] Nodes: 2
[Topology][Flow] Connections: 1
[Topology][Flow] Generating flow layout
[Topology][Flow] Nodes: 8
[Topology][Flow] Connections: 7
[Topology][Flow] Generating flow layout
[Topology][Flow] Nodes: 2
[Topology][Flow] Connections: 1
[Topology][Flow] Generating flow layout
[Topology][Flow] Nodes: 8
[Topology][Flow] Connections: 7
[Topology][Flow] Generating flow layout
[Topology][Flow] Nodes: 2
[Topology][Flow] Connections: 1
[Topology][Flow] Generating flow layout
[Topology][Flow] Nodes: 8
[Topology][Flow] Connections: 7
[Topology][Flow] Generating flow layout
[Topology][Flow] Nodes: 2
[Topology][Flow] Connections: 1
[Topology][Flow] Generating flow layout
[Topology][Flow] Nodes: 8
[Topology][Flow] Connections: 7
[Topology][Flow] Generating flow layout
[Topology][Flow] Nodes: 2
[Topology][Flow] Connections: 1
[Topology][Flow] Generating flow layout
[Topology][Flow] Nodes: 8
[Topology][Flow] Connections: 7
[Topology][Flow] Generating flow layout
[Topology][Flow] Nodes: 2
[Topology][Flow] Connections: 1
[Topology][Flow] Generating flow layout
[Topology][Flow] Nodes: 8
[Topology][Flow] Connections: 7
[Topology][Flow] Generating flow layout
[Topology][Flow] Nodes: 2
[Topology][Flow] Connections: 1
[Topology][Flow] Generating flow layout
[Topology][Flow] Nodes: 8
[Topology][Flow] Connections: 7
[Topology][Flow] Generating flow layout
[Topology][Flow] Nodes: 2
[Topology][Flow] Connections: 1
[Topology][Flow] Generating flow layout
[Topology][Flow] Nodes: 8
[Topology][Flow] Connections: 7
[Topology][Flow] Generating flow layout
[Topology][Flow] Nodes: 2
[Topology][Flow] Connections: 1
[Topology][Flow] Generating flow layout
[Topology][Flow] Nodes: 8
[Topology][Flow] Connections: 7
[Topology][Flow] Generating flow layout
[Topology][Flow] Nodes: 2
[Topology][Flow] Connections: 1
[Topology][Flow] Generating flow layout
[Topology][Flow] Nodes: 8
[Topology][Flow] Connections: 7
[Topology][Flow] Generating flow layout
[Topology][Flow] Nodes: 2
[Topology][Flow] Connections: 1
[Topology][Flow] Generating flow layout
[Topology][Flow] Nodes: 8
[Topology][Flow] Connections: 7
[Topology][Flow] Generating flow layout
[Topology][Flow] Nodes: 2
[Topology][Flow] Connections: 1
[Topology][Flow] Generating flow layout
[Topology][Flow] Nodes: 8
[Topology][Flow] Connections: 7
[Topology][Flow] Generating flow layout
[Topology][Flow] Nodes: 2
[Topology][Flow] Connections: 1
[Topology][Flow] Generating flow layout
[Topology][Flow] Nodes: 8
[Topology][Flow] Connections: 7
[Topology][Flow] Generating flow layout
[Topology][Flow] Nodes: 2
[Topology][Flow] Connections: 1
[Topology][Flow] Generating flow layout
[Topology][Flow] Nodes: 8
[Topology][Flow] Connections: 7
[Topology][Flow] Generating flow layout
[Topology][Flow] Nodes: 2
[Topology][Flow] Connections: 1
[Topology][Flow] Generating flow layout
[Topology][Flow] Nodes: 8
[Topology][Flow] Connections: 7
[Topology][Flow] Generating flow layout
[Topology][Flow] Nodes: 2
[Topology][Flow] Connections: 1
[Topology][Flow] Generating flow layout
[Topology][Flow] Nodes: 8
[Topology][Flow] Connections: 7
[Topology][Flow] Generating flow layout
[Topology][Flow] Nodes: 2
[Topology][Flow] Connections: 1
[Topology][Flow] Generating flow layout
[Topology][Flow] Nodes: 8
[Topology][Flow] Connections: 7
[Topology][Flow] Generating flow layout
[Topology][Flow] Nodes: 2
[Topology][Flow] Connections: 1
[Topology][Flow] Generating flow layout
[Topology][Flow] Nodes: 8
[Topology][Flow] Connections: 7
[Topology][Flow] Generating flow layout
[Topology][Flow] Nodes: 2
[Topology][Flow] Connections: 1
[Topology][Flow] Generating flow layout
[Topology][Flow] Nodes: 8
[Topology][Flow] Connections: 7
[Topology][Flow] Generating flow layout
[Topology][Flow] Nodes: 2
[Topology][Flow] Connections: 1
[Topology][Flow] Generating flow layout
[Topology][Flow] Nodes: 8
[Topology][Flow] Connections: 7
[Topology][Flow] Generating flow layout
[Topology][Flow] Nodes: 2
[Topology][Flow] Connections: 1
[Topology][Flow] Generating flow layout
[Topology][Flow] Nodes: 8
[Topology][Flow] Connections: 7
[Topology][Flow] Generating flow layout
[Topology][Flow] Nodes: 2
[Topology][Flow] Connections: 1
[Topology][Flow] Generating flow layout
[Topology][Flow] Nodes: 8
[Topology][Flow] Connections: 7
[Topology][Flow] Generating flow layout
[Topology][Flow] Nodes: 2
[Topology][Flow] Connections: 1
[Topology][Flow] Generating flow layout
[Topology][Flow] Nodes: 8
[Topology][Flow] Connections: 7
[Topology][Flow] Generating flow layout
[Topology][Flow] Nodes: 2
[Topology][Flow] Connections: 1
[Topology][Flow] Generating flow layout
[Topology][Flow] Nodes: 8
[Topology][Flow] Connections: 7
[Topology][Flow] Generating flow layout
[Topology][Flow] Nodes: 2
[Topology][Flow] Connections: 1
[Topology][Flow] Generating flow layout
[Topology][Flow] Nodes: 8
[Topology][Flow] Connections: 7
[Topology][Flow] Generating flow layout
[Topology][Flow] Nodes: 2
[Topology][Flow] Connections: 1
[Topology][Flow] Generating flow layout
[Topology][Flow] Nodes: 8
[Topology][Flow] Connections: 7
[Topology][Flow] Generating flow layout
[Topology][Flow] Nodes: 2
[Topology][Flow] Connections: 1
[Topology][Flow] Generating flow layout
[Topology][Flow] Nodes: 8
[Topology][Flow] Connections: 7
[Topology][Flow] Generating flow layout
[Topology][Flow] Nodes: 2
[Topology][Flow] Connections: 1
[Topology][Flow] Generating flow layout
[Topology][Flow] Nodes: 8
[Topology][Flow] Connections: 7
[Topology][Flow] Generating flow layout
[Topology][Flow] Nodes: 2
[Topology][Flow] Connections: 1
[Topology][Flow] Generating flow layout
[Topology][Flow] Nodes: 8
[Topology][Flow] Connections: 7
[Topology][Flow] Generating flow layout
[Topology][Flow] Nodes: 2
[Topology][Flow] Connections: 1
[Topology][Flow] Generating flow layout
[Topology][Flow] Nodes: 8
[Topology][Flow] Connections: 7
[Topology][Flow] Generating flow layout
[Topology][Flow] Nodes: 2
[Topology][Flow] Connections: 1
[Topology][Flow] Generating flow layout
[Topology][Flow] Nodes: 8
[Topology][Flow] Connections: 7
[Topology][Flow] Generating flow layout
[Topology][Flow] Nodes: 2
[Topology][Flow] Connections: 1
[Topology][Flow] Generating flow layout
[Topology][Flow] Nodes: 8
[Topology][Flow] Connections: 7
[Topology][Flow] Generating flow layout
[Topology][Flow] Nodes: 2
[Topology][Flow] Connections: 1
[Topology][Flow] Generating flow layout
[Topology][Flow] Nodes: 8
[Topology][Flow] Connections: 7
[Topology][Flow] Generating flow layout
[Topology][Flow] Nodes: 2
[Topology][Flow] Connections: 1
[Topology][Flow] Generating flow layout
[Topology][Flow] Nodes: 8
[Topology][Flow] Connections: 7
[Topology][Flow] Generating flow layout
[Topology][Flow] Nodes: 2
[Topology][Flow] Connections: 1
[Topology][Flow] Generating flow layout
[Topology][Flow] Nodes: 8
[Topology][Flow] Connections: 7
[Topology][Flow] Generating flow layout
[Topology][Flow] Nodes: 2
[Topology][Flow] Connections: 1
[Topology][Flow] Generating flow layout
[Topology][Flow] Nodes: 8
[Topology][Flow] Connections: 7
[Topology][Flow] Generating flow layout
[Topology][Flow] Nodes: 2
[Topology][Flow] Connections: 1
[Topology][Flow] Generating flow layout
[Topology][Flow] Nodes: 8
[Topology][Flow] Connections: 7
[Topology][Flow] Generating flow layout
[Topology][Flow] Nodes: 2
[Topology][Flow] Connections: 1
[Topology][Flow] Generating flow layout
[Topology][Flow] Nodes: 8
[Topology][Flow] Connections: 7
[Topology][Flow] Generating flow layout
[Topology][Flow] Nodes: 2
[Topology][Flow] Connections: 1
[Topology][Flow] Generating flow layout
[Topology][Flow] Nodes: 8
[Topology][Flow] Connections: 7
[Topology][Flow] Generating flow layout
[Topology][Flow] Nodes: 2
[Topology][Flow] Connections: 1
[Topology][Flow] Generating flow layout
[Topology][Flow] Nodes: 8
[Topology][Flow] Connections: 7
[Topology][Flow] Generating flow layout
[Topology][Flow] Nodes: 2
[Topology][Flow] Connections: 1
[Topology][Flow] Generating flow layout
[Topology][Flow] Nodes: 8
[Topology][Flow] Connections: 7
[Topology][Flow] Generating flow layout
[Topology][Flow] Nodes: 2
[Topology][Flow] Connections: 1
[Topology][Flow] Generating flow layout
[Topology][Flow] Nodes: 8
[Topology][Flow] Connections: 7
[Topology][Flow] Generating flow layout
[Topology][Flow] Nodes: 2
[Topology][Flow] Connections: 1
[Topology][Flow] Generating flow layout
[Topology][Flow] Nodes: 8
[Topology][Flow] Connections: 7
[Topology][Flow] Generating flow layout
[Topology][Flow] Nodes: 2
[Topology][Flow] Connections: 1
[Topology][Flow] Generating flow layout
[Topology][Flow] Nodes: 8
[Topology][Flow] Connections: 7
[Topology][Flow] Generating flow layout
[Topology][Flow] Nodes: 2
[Topology][Flow] Connections: 1
[Topology][Flow] Generating flow layout
[Topology][Flow] Nodes: 8
[Topology][Flow] Connections: 7
[Topology][Flow] Generating flow layout
[Topology][Flow] Nodes: 2
[Topology][Flow] Connections: 1
[Topology][Flow] Generating flow layout
[Topology][Flow] Nodes: 8
[Topology][Flow] Connections: 7
[Topology][Flow] Generating flow layout
[Topology][Flow] Nodes: 2
[Topology][Flow] Connections: 1
[Topology][Flow] Generating flow layout
[Topology][Flow] Nodes: 8
[Topology][Flow] Connections: 7
[Topology][Flow] Generating flow layout
[Topology][Flow] Nodes: 2
[Topology][Flow] Connections: 1
[Topology][Flow] Generating flow layout
[Topology][Flow] Nodes: 8
[Topology][Flow] Connections: 7
[Topology][Flow] Generating flow layout
[Topology][Flow] Nodes: 2
[Topology][Flow] Connections: 1
[Topology][Flow] Generating flow layout
[Topology][Flow] Nodes: 8
[Topology][Flow] Connections: 7
[Topology][Flow] Generating flow layout
[Topology][Flow] Nodes: 2
[Topology][Flow] Connections: 1
▶ POST-ECA:3-FIX1 Data Library inventory routing
  ✔ A — exact blocking query uses Data Library census, not Scenario (241.108625ms)
  ✔ B — active Scenario does not hijack the blocking query (83.129833ms)
  ✔ C — Stage focus on Approve Repricing does not hijack inventory (65.871625ms)
  ✔ D — project scope counts CSV sources, not the Project object (31.568417ms)
  ✔ E — status binds to CSV files (24.179417ms)
  ✔ F — count only (21.825667ms)
  ✔ G — names only (27.509125ms)
  ✔ H — status only (23.130958ms)
  ✔ I — multi-clause Data Library request (34.947208ms)
  ✔ J — empty library (27.712459ms)
  ✔ K — pending vs in use (2.273334ms)
  ✔ L — removed source is not active inventory (1.170167ms)
  ✔ M — library inventory outranks a selected CSV explanation (36.531542ms)
  ✔ N — current Problem does not hijack CSV inventory (29.170417ms)
  ✔ O — current Risk does not hijack CSV inventory (30.792917ms)
  ✔ P — inventory does not ask which Outcome (10.408417ms)
  ✔ Q — non-Data project question stays on Problems (35.229875ms)
  ✔ R — specific provenance is not full library inventory (29.808958ms)
  ✔ S — ECA:6 treats inventory as a side question and can resume (38.131584ms)
  ✔ T — inventory is read-only (32.147291ms)
  ✔ Sequence 1 — Stage and Problems then blocking query (105.154667ms)
  ✔ Sequence 2 — Scenario, Data side question, resume (37.873833ms)
  ✔ Sequence 3 — list then pending source (40.47825ms)
  ✔ Sequence 4 — inventory then provenance (26.768708ms)
  ✔ Sequence 5 — business, data, business (40.180208ms)
  ✔ generalized inventory utterances still reach DATA-ADV:1 (1.257792ms)
✔ POST-ECA:3-FIX1 Data Library inventory routing (1079.708833ms)
[Topology][Flow] Generating flow layout
[Topology][Flow] Nodes: 8
[Topology][Flow] Connections: 7
[Topology][Flow] Generating flow layout
[Topology][Flow] Nodes: 2
[Topology][Flow] Connections: 1
[Topology][Flow] Generating flow layout
[Topology][Flow] Nodes: 8
[Topology][Flow] Connections: 7
[Topology][Flow] Generating flow layout
[Topology][Flow] Nodes: 2
[Topology][Flow] Connections: 1
[Topology][Flow] Generating flow layout
[Topology][Flow] Nodes: 8
[Topology][Flow] Connections: 7
[Topology][Flow] Generating flow layout
[Topology][Flow] Nodes: 2
[Topology][Flow] Connections: 1
[Topology][Flow] Generating flow layout
[Topology][Flow] Nodes: 8
[Topology][Flow] Connections: 7
[Topology][Flow] Generating flow layout
[Topology][Flow] Nodes: 2
[Topology][Flow] Connections: 1
[Topology][Flow] Generating flow layout
[Topology][Flow] Nodes: 8
[Topology][Flow] Connections: 7
[Topology][Flow] Generating flow layout
[Topology][Flow] Nodes: 2
[Topology][Flow] Connections: 1
[Topology][Flow] Generating flow layout
[Topology][Flow] Nodes: 8
[Topology][Flow] Connections: 7
[Topology][Flow] Generating flow layout
[Topology][Flow] Nodes: 2
[Topology][Flow] Connections: 1
[Topology][Flow] Generating flow layout
[Topology][Flow] Nodes: 8
[Topology][Flow] Connections: 7
[Topology][Flow] Generating flow layout
[Topology][Flow] Nodes: 2
[Topology][Flow] Connections: 1
[Topology][Flow] Generating flow layout
[Topology][Flow] Nodes: 8
[Topology][Flow] Connections: 7
[Topology][Flow] Generating flow layout
[Topology][Flow] Nodes: 2
[Topology][Flow] Connections: 1
[Topology][Flow] Generating flow layout
[Topology][Flow] Nodes: 8
[Topology][Flow] Connections: 7
[Topology][Flow] Generating flow layout
[Topology][Flow] Nodes: 2
[Topology][Flow] Connections: 1
[Topology][Flow] Generating flow layout
[Topology][Flow] Nodes: 8
[Topology][Flow] Connections: 7
[Topology][Flow] Generating flow layout
[Topology][Flow] Nodes: 2
[Topology][Flow] Connections: 1
[Topology][Flow] Generating flow layout
[Topology][Flow] Nodes: 8
[Topology][Flow] Connections: 7
[Topology][Flow] Generating flow layout
[Topology][Flow] Nodes: 2
[Topology][Flow] Connections: 1
[Topology][Flow] Generating flow layout
[Topology][Flow] Nodes: 8
[Topology][Flow] Connections: 7
[Topology][Flow] Generating flow layout
[Topology][Flow] Nodes: 2
[Topology][Flow] Connections: 1
[Topology][Flow] Generating flow layout
[Topology][Flow] Nodes: 8
[Topology][Flow] Connections: 7
[Topology][Flow] Generating flow layout
[Topology][Flow] Nodes: 2
[Topology][Flow] Connections: 1
[Topology][Flow] Generating flow layout
[Topology][Flow] Nodes: 8
[Topology][Flow] Connections: 7
[Topology][Flow] Generating flow layout
[Topology][Flow] Nodes: 2
[Topology][Flow] Connections: 1
[Topology][Flow] Generating flow layout
[Topology][Flow] Nodes: 8
[Topology][Flow] Connections: 7
[Topology][Flow] Generating flow layout
[Topology][Flow] Nodes: 2
[Topology][Flow] Connections: 1
[Topology][Flow] Generating flow layout
[Topology][Flow] Nodes: 8
[Topology][Flow] Connections: 7
[Topology][Flow] Generating flow layout
[Topology][Flow] Nodes: 2
[Topology][Flow] Connections: 1
[Topology][Flow] Generating flow layout
[Topology][Flow] Nodes: 8
[Topology][Flow] Connections: 7
[Topology][Flow] Generating flow layout
[Topology][Flow] Nodes: 2
[Topology][Flow] Connections: 1
[Topology][Flow] Generating flow layout
[Topology][Flow] Nodes: 8
[Topology][Flow] Connections: 7
[Topology][Flow] Generating flow layout
[Topology][Flow] Nodes: 2
[Topology][Flow] Connections: 1
[Topology][Flow] Generating flow layout
[Topology][Flow] Nodes: 8
[Topology][Flow] Connections: 7
[Topology][Flow] Generating flow layout
[Topology][Flow] Nodes: 2
[Topology][Flow] Connections: 1
[Topology][Flow] Generating flow layout
[Topology][Flow] Nodes: 8
[Topology][Flow] Connections: 7
[Topology][Flow] Generating flow layout
[Topology][Flow] Nodes: 2
[Topology][Flow] Connections: 1
[Topology][Flow] Generating flow layout
[Topology][Flow] Nodes: 8
[Topology][Flow] Connections: 7
[Topology][Flow] Generating flow layout
[Topology][Flow] Nodes: 2
[Topology][Flow] Connections: 1
[Topology][Flow] Generating flow layout
[Topology][Flow] Nodes: 8
[Topology][Flow] Connections: 7
[Topology][Flow] Generating flow layout
[Topology][Flow] Nodes: 2
[Topology][Flow] Connections: 1
[Topology][Flow] Generating flow layout
[Topology][Flow] Nodes: 8
[Topology][Flow] Connections: 7
[Topology][Flow] Generating flow layout
[Topology][Flow] Nodes: 2
[Topology][Flow] Connections: 1
[Topology][Flow] Generating flow layout
[Topology][Flow] Nodes: 8
[Topology][Flow] Connections: 7
[Topology][Flow] Generating flow layout
[Topology][Flow] Nodes: 2
[Topology][Flow] Connections: 1
[Topology][Flow] Generating flow layout
[Topology][Flow] Nodes: 8
[Topology][Flow] Connections: 7
[Topology][Flow] Generating flow layout
[Topology][Flow] Nodes: 2
[Topology][Flow] Connections: 1
[Topology][Flow] Generating flow layout
[Topology][Flow] Nodes: 8
[Topology][Flow] Connections: 7
[Topology][Flow] Generating flow layout
[Topology][Flow] Nodes: 2
[Topology][Flow] Connections: 1
[Topology][Flow] Generating flow layout
[Topology][Flow] Nodes: 8
[Topology][Flow] Connections: 7
[Topology][Flow] Generating flow layout
[Topology][Flow] Nodes: 2
[Topology][Flow] Connections: 1
[Topology][Flow] Generating flow layout
[Topology][Flow] Nodes: 8
[Topology][Flow] Connections: 7
[Topology][Flow] Generating flow layout
[Topology][Flow] Nodes: 2
[Topology][Flow] Connections: 1
[Topology][Flow] Generating flow layout
[Topology][Flow] Nodes: 8
[Topology][Flow] Connections: 7
[Topology][Flow] Generating flow layout
[Topology][Flow] Nodes: 2
[Topology][Flow] Connections: 1
[Topology][Flow] Generating flow layout
[Topology][Flow] Nodes: 8
[Topology][Flow] Connections: 7
[Topology][Flow] Generating flow layout
[Topology][Flow] Nodes: 2
[Topology][Flow] Connections: 1
[Topology][Flow] Generating flow layout
[Topology][Flow] Nodes: 8
[Topology][Flow] Connections: 7
[Topology][Flow] Generating flow layout
[Topology][Flow] Nodes: 2
[Topology][Flow] Connections: 1
[Topology][Flow] Generating flow layout
[Topology][Flow] Nodes: 8
[Topology][Flow] Connections: 7
[Topology][Flow] Generating flow layout
[Topology][Flow] Nodes: 2
[Topology][Flow] Connections: 1
[Topology][Flow] Generating flow layout
[Topology][Flow] Nodes: 8
[Topology][Flow] Connections: 7
[Topology][Flow] Generating flow layout
[Topology][Flow] Nodes: 2
[Topology][Flow] Connections: 1
[Topology][Flow] Generating flow layout
[Topology][Flow] Nodes: 8
[Topology][Flow] Connections: 7
[Topology][Flow] Generating flow layout
[Topology][Flow] Nodes: 2
[Topology][Flow] Connections: 1
[Topology][Flow] Generating flow layout
[Topology][Flow] Nodes: 8
[Topology][Flow] Connections: 7
[Topology][Flow] Generating flow layout
[Topology][Flow] Nodes: 2
[Topology][Flow] Connections: 1
[Topology][Flow] Generating flow layout
[Topology][Flow] Nodes: 8
[Topology][Flow] Connections: 7
[Topology][Flow] Generating flow layout
[Topology][Flow] Nodes: 2
[Topology][Flow] Connections: 1
[Topology][Flow] Generating flow layout
[Topology][Flow] Nodes: 8
[Topology][Flow] Connections: 7
[Topology][Flow] Generating flow layout
[Topology][Flow] Nodes: 2
[Topology][Flow] Connections: 1
[Topology][Flow] Generating flow layout
[Topology][Flow] Nodes: 8
[Topology][Flow] Connections: 7
[Topology][Flow] Generating flow layout
[Topology][Flow] Nodes: 2
[Topology][Flow] Connections: 1
[Topology][Flow] Generating flow layout
[Topology][Flow] Nodes: 8
[Topology][Flow] Connections: 7
[Topology][Flow] Generating flow layout
[Topology][Flow] Nodes: 2
[Topology][Flow] Connections: 1
[Topology][Flow] Generating flow layout
[Topology][Flow] Nodes: 8
[Topology][Flow] Connections: 7
[Topology][Flow] Generating flow layout
[Topology][Flow] Nodes: 2
[Topology][Flow] Connections: 1
[Topology][Flow] Generating flow layout
[Topology][Flow] Nodes: 8
[Topology][Flow] Connections: 7
[Topology][Flow] Generating flow layout
[Topology][Flow] Nodes: 2
[Topology][Flow] Connections: 1
[Topology][Flow] Generating flow layout
[Topology][Flow] Nodes: 8
[Topology][Flow] Connections: 7
[Topology][Flow] Generating flow layout
[Topology][Flow] Nodes: 2
[Topology][Flow] Connections: 1
[Topology][Flow] Generating flow layout
[Topology][Flow] Nodes: 8
[Topology][Flow] Connections: 7
[Topology][Flow] Generating flow layout
[Topology][Flow] Nodes: 2
[Topology][Flow] Connections: 1
[Topology][Flow] Generating flow layout
[Topology][Flow] Nodes: 8
[Topology][Flow] Connections: 7
[Topology][Flow] Generating flow layout
[Topology][Flow] Nodes: 2
[Topology][Flow] Connections: 1
[Topology][Flow] Generating flow layout
[Topology][Flow] Nodes: 8
[Topology][Flow] Connections: 7
[Topology][Flow] Generating flow layout
[Topology][Flow] Nodes: 2
[Topology][Flow] Connections: 1
[Topology][Flow] Generating flow layout
[Topology][Flow] Nodes: 8
[Topology][Flow] Connections: 7
[Topology][Flow] Generating flow layout
[Topology][Flow] Nodes: 2
[Topology][Flow] Connections: 1
[Topology][Flow] Generating flow layout
[Topology][Flow] Nodes: 8
[Topology][Flow] Connections: 7
[Topology][Flow] Generating flow layout
[Topology][Flow] Nodes: 2
[Topology][Flow] Connections: 1
[Topology][Flow] Generating flow layout
[Topology][Flow] Nodes: 8
[Topology][Flow] Connections: 7
[Topology][Flow] Generating flow layout
[Topology][Flow] Nodes: 2
[Topology][Flow] Connections: 1
[Topology][Flow] Generating flow layout
[Topology][Flow] Nodes: 8
[Topology][Flow] Connections: 7
[Topology][Flow] Generating flow layout
[Topology][Flow] Nodes: 2
[Topology][Flow] Connections: 1
[Topology][Flow] Generating flow layout
[Topology][Flow] Nodes: 8
[Topology][Flow] Connections: 7
[Topology][Flow] Generating flow layout
[Topology][Flow] Nodes: 2
[Topology][Flow] Connections: 1
[Topology][Flow] Generating flow layout
[Topology][Flow] Nodes: 8
[Topology][Flow] Connections: 7
[Topology][Flow] Generating flow layout
[Topology][Flow] Nodes: 2
[Topology][Flow] Connections: 1
[Topology][Flow] Generating flow layout
[Topology][Flow] Nodes: 8
[Topology][Flow] Connections: 7
[Topology][Flow] Generating flow layout
[Topology][Flow] Nodes: 2
[Topology][Flow] Connections: 1
[Topology][Flow] Generating flow layout
[Topology][Flow] Nodes: 8
[Topology][Flow] Connections: 7
[Topology][Flow] Generating flow layout
[Topology][Flow] Nodes: 2
[Topology][Flow] Connections: 1
[Topology][Flow] Generating flow layout
[Topology][Flow] Nodes: 8
[Topology][Flow] Connections: 7
[Topology][Flow] Generating flow layout
[Topology][Flow] Nodes: 2
[Topology][Flow] Connections: 1
[Topology][Flow] Generating flow layout
[Topology][Flow] Nodes: 8
[Topology][Flow] Connections: 7
[Topology][Flow] Generating flow layout
[Topology][Flow] Nodes: 2
[Topology][Flow] Connections: 1
[Topology][Flow] Generating flow layout
[Topology][Flow] Nodes: 8
[Topology][Flow] Connections: 7
[Topology][Flow] Generating flow layout
[Topology][Flow] Nodes: 2
[Topology][Flow] Connections: 1
[Topology][Flow] Generating flow layout
[Topology][Flow] Nodes: 8
[Topology][Flow] Connections: 7
[Topology][Flow] Generating flow layout
[Topology][Flow] Nodes: 2
[Topology][Flow] Connections: 1
[Topology][Flow] Generating flow layout
[Topology][Flow] Nodes: 8
[Topology][Flow] Connections: 7
[Topology][Flow] Generating flow layout
[Topology][Flow] Nodes: 2
[Topology][Flow] Connections: 1
[Topology][Flow] Generating flow layout
[Topology][Flow] Nodes: 8
[Topology][Flow] Connections: 7
[Topology][Flow] Generating flow layout
[Topology][Flow] Nodes: 2
[Topology][Flow] Connections: 1
[Topology][Flow] Generating flow layout
[Topology][Flow] Nodes: 8
[Topology][Flow] Connections: 7
[Topology][Flow] Generating flow layout
[Topology][Flow] Nodes: 2
[Topology][Flow] Connections: 1
[Topology][Flow] Generating flow layout
[Topology][Flow] Nodes: 8
[Topology][Flow] Connections: 7
[Topology][Flow] Generating flow layout
[Topology][Flow] Nodes: 2
[Topology][Flow] Connections: 1
[Topology][Flow] Generating flow layout
[Topology][Flow] Nodes: 8
[Topology][Flow] Connections: 7
[Topology][Flow] Generating flow layout
[Topology][Flow] Nodes: 2
[Topology][Flow] Connections: 1
[Topology][Flow] Generating flow layout
[Topology][Flow] Nodes: 8
[Topology][Flow] Connections: 7
[Topology][Flow] Generating flow layout
[Topology][Flow] Nodes: 2
[Topology][Flow] Connections: 1
[Topology][Flow] Generating flow layout
[Topology][Flow] Nodes: 8
[Topology][Flow] Connections: 7
[Topology][Flow] Generating flow layout
[Topology][Flow] Nodes: 2
[Topology][Flow] Connections: 1
[Topology][Flow] Generating flow layout
[Topology][Flow] Nodes: 8
[Topology][Flow] Connections: 7
[Topology][Flow] Generating flow layout
[Topology][Flow] Nodes: 2
[Topology][Flow] Connections: 1
[Topology][Flow] Generating flow layout
[Topology][Flow] Nodes: 8
[Topology][Flow] Connections: 7
[Topology][Flow] Generating flow layout
[Topology][Flow] Nodes: 2
[Topology][Flow] Connections: 1
[Topology][Flow] Generating flow layout
[Topology][Flow] Nodes: 8
[Topology][Flow] Connections: 7
[Topology][Flow] Generating flow layout
[Topology][Flow] Nodes: 2
[Topology][Flow] Connections: 1
[Topology][Flow] Generating flow layout
[Topology][Flow] Nodes: 8
[Topology][Flow] Connections: 7
[Topology][Flow] Generating flow layout
[Topology][Flow] Nodes: 2
[Topology][Flow] Connections: 1
[Topology][Flow] Generating flow layout
[Topology][Flow] Nodes: 8
[Topology][Flow] Connections: 7
[Topology][Flow] Generating flow layout
[Topology][Flow] Nodes: 2
[Topology][Flow] Connections: 1
[Topology][Flow] Generating flow layout
[Topology][Flow] Nodes: 8
[Topology][Flow] Connections: 7
[Topology][Flow] Generating flow layout
[Topology][Flow] Nodes: 2
[Topology][Flow] Connections: 1
[Topology][Flow] Generating flow layout
[Topology][Flow] Nodes: 8
[Topology][Flow] Connections: 7
[Topology][Flow] Generating flow layout
[Topology][Flow] Nodes: 2
[Topology][Flow] Connections: 1
[Topology][Flow] Generating flow layout
[Topology][Flow] Nodes: 8
[Topology][Flow] Connections: 7
[Topology][Flow] Generating flow layout
[Topology][Flow] Nodes: 2
[Topology][Flow] Connections: 1
[Topology][Flow] Generating flow layout
[Topology][Flow] Nodes: 8
[Topology][Flow] Connections: 7
[Topology][Flow] Generating flow layout
[Topology][Flow] Nodes: 2
[Topology][Flow] Connections: 1
[Topology][Flow] Generating flow layout
[Topology][Flow] Nodes: 8
[Topology][Flow] Connections: 7
[Topology][Flow] Generating flow layout
[Topology][Flow] Nodes: 2
[Topology][Flow] Connections: 1
[Topology][Flow] Generating flow layout
[Topology][Flow] Nodes: 8
[Topology][Flow] Connections: 7
[Topology][Flow] Generating flow layout
[Topology][Flow] Nodes: 2
[Topology][Flow] Connections: 1
[Topology][Flow] Generating flow layout
[Topology][Flow] Nodes: 8
[Topology][Flow] Connections: 7
[Topology][Flow] Generating flow layout
[Topology][Flow] Nodes: 2
[Topology][Flow] Connections: 1
[Topology][Flow] Generating flow layout
[Topology][Flow] Nodes: 8
[Topology][Flow] Connections: 7
[Topology][Hub] Generating hub layout
[Topology][Hub] Hub: Risk
[Topology][Hub] Satellites: 3
[Topology][Hub] Connections: 3
[Topology][Flow] Generating flow layout
[Topology][Flow] Nodes: 8
[Topology][Flow] Connections: 7
[Topology][Hub] Generating hub layout
[Topology][Hub] Hub: Risk
[Topology][Hub] Satellites: 3
[Topology][Hub] Connections: 3
[Topology][Flow] Generating flow layout
[Topology][Flow] Nodes: 8
[Topology][Flow] Connections: 7
[Topology][Hub] Generating hub layout
[Topology][Hub] Hub: Risk
[Topology][Hub] Satellites: 3
[Topology][Hub] Connections: 3
[Topology][Flow] Generating flow layout
[Topology][Flow] Nodes: 8
[Topology][Flow] Connections: 7
[Topology][Hub] Generating hub layout
[Topology][Hub] Hub: Risk
[Topology][Hub] Satellites: 3
[Topology][Hub] Connections: 3
[Topology][Flow] Generating flow layout
[Topology][Flow] Nodes: 8
[Topology][Flow] Connections: 7
[Topology][Hub] Generating hub layout
[Topology][Hub] Hub: Risk
[Topology][Hub] Satellites: 3
[Topology][Hub] Connections: 3
[Topology][Flow] Generating flow layout
[Topology][Flow] Nodes: 8
[Topology][Flow] Connections: 7
[Topology][Hub] Generating hub layout
[Topology][Hub] Hub: Risk
[Topology][Hub] Satellites: 3
[Topology][Hub] Connections: 3
[Topology][Flow] Generating flow layout
[Topology][Flow] Nodes: 8
[Topology][Flow] Connections: 7
[Topology][Hub] Generating hub layout
[Topology][Hub] Hub: Risk
[Topology][Hub] Satellites: 3
[Topology][Hub] Connections: 3
[Topology][Flow] Generating flow layout
[Topology][Flow] Nodes: 8
[Topology][Flow] Connections: 7
[Topology][Hub] Generating hub layout
[Topology][Hub] Hub: Risk
[Topology][Hub] Satellites: 3
[Topology][Hub] Connections: 3
▶ POST-ECA:3-FIX2 CSV content reasoning
  ✔ A — field coverage names actual columns, not Which one (239.095125ms)
  ✔ B — CAP_AV remains ambiguous and asks for meaning (112.393041ms)
  ✔ C — BKL question escapes pending CAP_AV clarification (3.899917ms)
  ✔ D — BKL unknown does not invent meaning (2.37475ms)
  ✔ E — KPI capability is not inventory (2.135959ms)
  ✔ F — evidence relevance is not forced BKL clarification (2.192833ms)
  ✔ G — bounded conclusion is not inventory (0.898917ms)
  ✔ H — row count does not require unresolved meanings (0.81125ms)
  ✔ I/J — numeric observation without invented meaning (0.888208ms)
  ✔ K — pending source can be inspected, not accepted evidence (1.557041ms)
  ✔ L — confirmed source uses accepted status (8.8715ms)
  ✔ M — I don't know does not loop CAP_AV (2.805625ms)
  ✔ N — explicit confirmation uses canonical writer (1.334041ms)
  ✔ O — this CSV continues the selected source (1.66275ms)
  ✔ P — explicit source switch (3.406166ms)
  ✔ Q — FIX1 inventory still works (1.173292ms)
  ✔ R — provenance remains object-specific (34.527083ms)
  ✔ S — ECA:6 side question (3.247375ms)
  ✔ T — analytical questions are read-only (30.2495ms)
  ✔ Sequence 1 — exact reported conversation (113.048541ms)
  ✔ Sequence 2 — clarification escape then KPI (40.590833ms)
  ✔ Sequence 3 — unknown then continue (4.145958ms)
  ✔ Sequence 4 — confirm then re-evaluate (3.424917ms)
  ✔ Sequence 5 — CSV then object evidence (70.909542ms)
  ✔ Sequence 6 — business, data, business (118.024584ms)
  ✔ Sequence 7 — Stage then CSV evidence about Risk (72.779708ms)
  ✔ Sequence 8 — no fabricated KPI from unknown fields (1.380875ms)
✔ POST-ECA:3-FIX2 CSV content reasoning (879.523584ms)
[WorkspaceRegistry][Init] {
  version: 'NW-A:1',
  workspaceCount: 1,
  activeWorkspaceId: 'demo_workspace'
}
[ActiveWorkspace][Resolved] {
  workspaceId: 'demo_workspace',
  workspaceName: 'Demo Workspace',
  status: 'active',
  createdAt: '2026-06-19T00:00:00.000Z',
  updatedAt: '2026-06-19T00:00:00.000Z',
  lastOpenedAt: '2026-06-19T00:00:00.000Z',
  domain: null,
  objectCount: null,
  dataSourceCount: null,
  metadata: { source: 'demo_runtime_migration', phase: 'NW-A:1' }
}
[WorkspaceRegistry][Mutation] {
  type: 'upsertWorkspace',
  activeWorkspaceId: 'demo_workspace',
  workspaceCount: 2
}
[ActiveWorkspace][Resolved] {
  workspaceId: 'demo_workspace',
  workspaceName: 'Demo Workspace',
  status: 'active',
  createdAt: '2026-06-19T00:00:00.000Z',
  updatedAt: '2026-06-19T00:00:00.000Z',
  lastOpenedAt: '2026-06-19T00:00:00.000Z',
  domain: null,
  objectCount: null,
  dataSourceCount: null,
  metadata: { source: 'demo_runtime_migration', phase: 'NW-A:1' }
}
[WorkspaceRegistry][Mutation] {
  type: 'setActiveWorkspace',
  activeWorkspaceId: 'eca_risk_handoff_munc9vlk',
  workspaceCount: 2
}
[ActiveWorkspace][Resolved] {
  workspaceId: 'eca_risk_handoff_munc9vlk',
  workspaceName: 'ECA Risk Handoff',
  status: 'active',
  createdAt: '2026-09-30T00:00:18.487Z',
  updatedAt: '2026-09-30T00:00:18.487Z',
  lastOpenedAt: '2026-09-30T00:00:18.487Z',
  domain: null,
  objectCount: 0,
  dataSourceCount: 0,
  metadata: { lifecycle: 'empty_workspace', phase: 'NW-A:3' }
}
[WorkspaceLifecycle] Created Workspace {
  workspaceId: 'eca_risk_handoff_munc9vlk',
  workspaceName: 'ECA Risk Handoff'
}
[NexoraRiskFoundation] {
  workspaceId: 'eca_risk_handoff_munc9vlk',
  riskId: 'wrisk_eca_risk_handoff_munc9vlk_supplier_delay_2026_09_30t00_00_18_492z',
  action: 'created',
  tags: [
    '[DS61_RISK_FOUNDATION]',
    '[RISK_INTELLIGENCE_FOUNDATION]',
    '[RISK_STORAGE_READY]',
    '[RISK_CRUD_READY]',
    '[DS62_READY]',
    '[DS_6_1_COMPLETE]'
  ],
  phase: 'DS-6:1'
}
[WorkspaceRegistry][Init] {
  version: 'NW-A:1',
  workspaceCount: 1,
  activeWorkspaceId: 'demo_workspace'
}
[ActiveWorkspace][Resolved] {
  workspaceId: 'demo_workspace',
  workspaceName: 'Demo Workspace',
  status: 'active',
  createdAt: '2026-06-19T00:00:00.000Z',
  updatedAt: '2026-06-19T00:00:00.000Z',
  lastOpenedAt: '2026-06-19T00:00:00.000Z',
  domain: null,
  objectCount: null,
  dataSourceCount: null,
  metadata: { source: 'demo_runtime_migration', phase: 'NW-A:1' }
}
[WorkspaceRegistry][Mutation] {
  type: 'upsertWorkspace',
  activeWorkspaceId: 'demo_workspace',
  workspaceCount: 2
}
[ActiveWorkspace][Resolved] {
  workspaceId: 'demo_workspace',
  workspaceName: 'Demo Workspace',
  status: 'active',
  createdAt: '2026-06-19T00:00:00.000Z',
  updatedAt: '2026-06-19T00:00:00.000Z',
  lastOpenedAt: '2026-06-19T00:00:00.000Z',
  domain: null,
  objectCount: null,
  dataSourceCount: null,
  metadata: { source: 'demo_runtime_migration', phase: 'NW-A:1' }
}
[WorkspaceRegistry][Mutation] {
  type: 'setActiveWorkspace',
  activeWorkspaceId: 'eca_risk_handoff_munc9vlp',
  workspaceCount: 2
}
[ActiveWorkspace][Resolved] {
  workspaceId: 'eca_risk_handoff_munc9vlp',
  workspaceName: 'ECA Risk Handoff',
  status: 'active',
  createdAt: '2026-09-30T00:00:18.493Z',
  updatedAt: '2026-09-30T00:00:18.493Z',
  lastOpenedAt: '2026-09-30T00:00:18.493Z',
  domain: null,
  objectCount: 0,
  dataSourceCount: 0,
  metadata: { lifecycle: 'empty_workspace', phase: 'NW-A:3' }
}
[WorkspaceLifecycle] Created Workspace {
  workspaceId: 'eca_risk_handoff_munc9vlp',
  workspaceName: 'ECA Risk Handoff'
}
[WorkspaceRegistry][Init] {
  version: 'NW-A:1',
  workspaceCount: 1,
  activeWorkspaceId: 'demo_workspace'
}
[ActiveWorkspace][Resolved] {
  workspaceId: 'demo_workspace',
  workspaceName: 'Demo Workspace',
  status: 'active',
  createdAt: '2026-06-19T00:00:00.000Z',
  updatedAt: '2026-06-19T00:00:00.000Z',
  lastOpenedAt: '2026-06-19T00:00:00.000Z',
  domain: null,
  objectCount: null,
  dataSourceCount: null,
  metadata: { source: 'demo_runtime_migration', phase: 'NW-A:1' }
}
[WorkspaceRegistry][Mutation] {
  type: 'upsertWorkspace',
  activeWorkspaceId: 'demo_workspace',
  workspaceCount: 2
}
[ActiveWorkspace][Resolved] {
  workspaceId: 'demo_workspace',
  workspaceName: 'Demo Workspace',
  status: 'active',
  createdAt: '2026-06-19T00:00:00.000Z',
  updatedAt: '2026-06-19T00:00:00.000Z',
  lastOpenedAt: '2026-06-19T00:00:00.000Z',
  domain: null,
  objectCount: null,
  dataSourceCount: null,
  metadata: { source: 'demo_runtime_migration', phase: 'NW-A:1' }
}
[WorkspaceRegistry][Mutation] {
  type: 'setActiveWorkspace',
  activeWorkspaceId: 'eca_risk_handoff_munc9vls',
  workspaceCount: 2
}
[ActiveWorkspace][Resolved] {
  workspaceId: 'eca_risk_handoff_munc9vls',
  workspaceName: 'ECA Risk Handoff',
  status: 'active',
  createdAt: '2026-09-30T00:00:18.496Z',
  updatedAt: '2026-09-30T00:00:18.496Z',
  lastOpenedAt: '2026-09-30T00:00:18.496Z',
  domain: null,
  objectCount: 0,
  dataSourceCount: 0,
  metadata: { lifecycle: 'empty_workspace', phase: 'NW-A:3' }
}
[WorkspaceLifecycle] Created Workspace {
  workspaceId: 'eca_risk_handoff_munc9vls',
  workspaceName: 'ECA Risk Handoff'
}
[WorkspaceRegistry][Init] {
  version: 'NW-A:1',
  workspaceCount: 1,
  activeWorkspaceId: 'demo_workspace'
}
[ActiveWorkspace][Resolved] {
  workspaceId: 'demo_workspace',
  workspaceName: 'Demo Workspace',
  status: 'active',
  createdAt: '2026-06-19T00:00:00.000Z',
  updatedAt: '2026-06-19T00:00:00.000Z',
  lastOpenedAt: '2026-06-19T00:00:00.000Z',
  domain: null,
  objectCount: null,
  dataSourceCount: null,
  metadata: { source: 'demo_runtime_migration', phase: 'NW-A:1' }
}
[WorkspaceRegistry][Mutation] {
  type: 'upsertWorkspace',
  activeWorkspaceId: 'demo_workspace',
  workspaceCount: 2
}
[ActiveWorkspace][Resolved] {
  workspaceId: 'demo_workspace',
  workspaceName: 'Demo Workspace',
  status: 'active',
  createdAt: '2026-06-19T00:00:00.000Z',
  updatedAt: '2026-06-19T00:00:00.000Z',
  lastOpenedAt: '2026-06-19T00:00:00.000Z',
  domain: null,
  objectCount: null,
  dataSourceCount: null,
  metadata: { source: 'demo_runtime_migration', phase: 'NW-A:1' }
}
[WorkspaceRegistry][Mutation] {
  type: 'setActiveWorkspace',
  activeWorkspaceId: 'eca_risk_handoff_munc9vls',
  workspaceCount: 2
}
[ActiveWorkspace][Resolved] {
  workspaceId: 'eca_risk_handoff_munc9vls',
  workspaceName: 'ECA Risk Handoff',
  status: 'active',
  createdAt: '2026-09-30T00:00:18.496Z',
  updatedAt: '2026-09-30T00:00:18.496Z',
  lastOpenedAt: '2026-09-30T00:00:18.496Z',
  domain: null,
  objectCount: 0,
  dataSourceCount: 0,
  metadata: { lifecycle: 'empty_workspace', phase: 'NW-A:3' }
}
[WorkspaceLifecycle] Created Workspace {
  workspaceId: 'eca_risk_handoff_munc9vls',
  workspaceName: 'ECA Risk Handoff'
}
✔ A. confirmed ECA proposal hands off exactly once to the canonical Risk writer (7.56175ms)
✔ B. cancellation or missing confirmation performs no write (2.389625ms)
✔ C. stale or replaced proposal cannot be confirmed (0.3605ms)
✔ D. Decision, Execution, and Problem proposals are isolated from the Risk writer (0.252ms)
▶ NPA-T ECA:1 working conversation context
  ✔ preserves a subject for a pronoun follow-up (3.660167ms)
  ✔ switches subject while preserving Stage focus separately (0.230792ms)
  ✔ keeps collection questions from inheriting the focused object (0.129375ms)
  ✔ clarifies ambiguity instead of guessing (1.872708ms)
  ✔ keeps knowledge intent read-only and gates mutation proposals (0.974334ms)
  ✔ retains source and field semantics without certifying them (2.439709ms)
  ✔ marks working context session-scoped and does not invent refresh durability (0.234542ms)
  ✔ A. simple continuity keeps Capacity Gap (0.117292ms)
  ✔ SYS:1-FIX1 — after explicit click, Explain it prefers Stage focus over stale recent collection member (0.108542ms)
  ✔ PRE-RMS:FIX1 — named conversational subject outranks stale recent collection member without a click (1.14325ms)
  ✔ PRE-RMS:FIX1 — failed unresolved named lookup does not keep a stale collection member for Investigate it (0.414417ms)
  ✔ B. pronoun evidence follows Delivery Risk, not Stage focus (0.223833ms)
  ✔ C. subject switching retains both comparison references (0.323834ms)
  ✔ D. collection questions stay separate from Stage focus (0.209542ms)
  ✔ E. ambiguity uses bounded explicit candidates (0.718875ms)
  ✔ F. knowledge intent remains read-only (0.234917ms)
  ✔ G. mutation is proposed but never executed (0.526416ms)
  ✔ H. data context preserves candidate semantic status and provenance (0.179ms)
  ✔ I. comparison criterion changes without decision commitment (0.223083ms)
  ✔ J. WHO-to-NEXT diagnostics keep unknown WHY explicit (0.183792ms)
  ✔ explicit current meaning outranks active and Stage context (0.137417ms)
  ✔ MRA:3-FIX1 collection ordinal outranks leftover meaning objectReference (0.267584ms)
  ✔ stale lastCollection is not an ordinal pool after an out-of-collection subject (0.180208ms)
✔ NPA-T ECA:1 working conversation context (15.806958ms)
[Topology][Flow] Generating flow layout
[Topology][Flow] Nodes: 8
[Topology][Flow] Connections: 7
[Topology][Flow] Generating flow layout
[Topology][Flow] Nodes: 2
[Topology][Flow] Connections: 1
[Topology][Flow] Generating flow layout
[Topology][Flow] Nodes: 8
[Topology][Flow] Connections: 7
[Topology][Flow] Generating flow layout
[Topology][Flow] Nodes: 2
[Topology][Flow] Connections: 1
[Topology][Flow] Generating flow layout
[Topology][Flow] Nodes: 8
[Topology][Flow] Connections: 7
[Topology][Flow] Generating flow layout
[Topology][Flow] Nodes: 2
[Topology][Flow] Connections: 1
[Topology][Flow] Generating flow layout
[Topology][Flow] Nodes: 8
[Topology][Flow] Connections: 7
[Topology][Flow] Generating flow layout
[Topology][Flow] Nodes: 2
[Topology][Flow] Connections: 1
[Topology][Flow] Generating flow layout
[Topology][Flow] Nodes: 8
[Topology][Flow] Connections: 7
[Topology][Flow] Generating flow layout
[Topology][Flow] Nodes: 2
[Topology][Flow] Connections: 1
[Topology][Flow] Generating flow layout
[Topology][Flow] Nodes: 8
[Topology][Flow] Connections: 7
[Topology][Flow] Generating flow layout
[Topology][Flow] Nodes: 2
[Topology][Flow] Connections: 1
[Topology][Flow] Generating flow layout
[Topology][Flow] Nodes: 8
[Topology][Flow] Connections: 7
[Topology][Flow] Generating flow layout
[Topology][Flow] Nodes: 2
[Topology][Flow] Connections: 1
[Topology][Flow] Generating flow layout
[Topology][Flow] Nodes: 8
[Topology][Flow] Connections: 7
[Topology][Hub] Generating hub layout
[Topology][Hub] Hub: Risk
[Topology][Hub] Satellites: 3
[Topology][Hub] Connections: 3
[Topology][Flow] Generating flow layout
[Topology][Flow] Nodes: 8
[Topology][Flow] Connections: 7
[Topology][Hub] Generating hub layout
[Topology][Hub] Hub: Risk
[Topology][Hub] Satellites: 3
[Topology][Hub] Connections: 3
[Topology][Flow] Generating flow layout
[Topology][Flow] Nodes: 8
[Topology][Flow] Connections: 7
[Topology][Hub] Generating hub layout
[Topology][Hub] Hub: Risk
[Topology][Hub] Satellites: 3
[Topology][Hub] Connections: 3
[Topology][Flow] Generating flow layout
[Topology][Flow] Nodes: 8
[Topology][Flow] Connections: 7
[Topology][Hub] Generating hub layout
[Topology][Hub] Hub: Risk
[Topology][Hub] Satellites: 3
[Topology][Hub] Connections: 3
[Topology][Flow] Generating flow layout
[Topology][Flow] Nodes: 8
[Topology][Flow] Connections: 7
[Topology][Hub] Generating hub layout
[Topology][Hub] Hub: Risk
[Topology][Hub] Satellites: 3
[Topology][Hub] Connections: 3
[Topology][Flow] Generating flow layout
[Topology][Flow] Nodes: 8
[Topology][Flow] Connections: 7
[Topology][Flow] Generating flow layout
[Topology][Flow] Nodes: 2
[Topology][Flow] Connections: 1
[Topology][Flow] Generating flow layout
[Topology][Flow] Nodes: 8
[Topology][Flow] Connections: 7
[Topology][Flow] Generating flow layout
[Topology][Flow] Nodes: 2
[Topology][Flow] Connections: 1
[Topology][Flow] Generating flow layout
[Topology][Flow] Nodes: 8
[Topology][Flow] Connections: 7
[Topology][Flow] Generating flow layout
[Topology][Flow] Nodes: 2
[Topology][Flow] Connections: 1
[Topology][Flow] Generating flow layout
[Topology][Flow] Nodes: 8
[Topology][Flow] Connections: 7
[Topology][Flow] Generating flow layout
[Topology][Flow] Nodes: 2
[Topology][Flow] Connections: 1
[Topology][Flow] Generating flow layout
[Topology][Flow] Nodes: 8
[Topology][Flow] Connections: 7
[Topology][Flow] Generating flow layout
[Topology][Flow] Nodes: 2
[Topology][Flow] Connections: 1
[Topology][Flow] Generating flow layout
[Topology][Flow] Nodes: 8
[Topology][Flow] Connections: 7
[Topology][Flow] Generating flow layout
[Topology][Flow] Nodes: 2
[Topology][Flow] Connections: 1
[Topology][Flow] Generating flow layout
[Topology][Flow] Nodes: 8
[Topology][Flow] Connections: 7
[Topology][Flow] Generating flow layout
[Topology][Flow] Nodes: 2
[Topology][Flow] Connections: 1
[Topology][Flow] Generating flow layout
[Topology][Flow] Nodes: 8
[Topology][Flow] Connections: 7
[Topology][Flow] Generating flow layout
[Topology][Flow] Nodes: 2
[Topology][Flow] Connections: 1
[Topology][Flow] Generating flow layout
[Topology][Flow] Nodes: 8
[Topology][Flow] Connections: 7
[Topology][Flow] Generating flow layout
[Topology][Flow] Nodes: 2
[Topology][Flow] Connections: 1
[Topology][Flow] Generating flow layout
[Topology][Flow] Nodes: 8
[Topology][Flow] Connections: 7
[Topology][Flow] Generating flow layout
[Topology][Flow] Nodes: 2
[Topology][Flow] Connections: 1
[Topology][Flow] Generating flow layout
[Topology][Flow] Nodes: 8
[Topology][Flow] Connections: 7
[Topology][Flow] Generating flow layout
[Topology][Flow] Nodes: 2
[Topology][Flow] Connections: 1
[Topology][Flow] Generating flow layout
[Topology][Flow] Nodes: 8
[Topology][Flow] Connections: 7
[Topology][Flow] Generating flow layout
[Topology][Flow] Nodes: 2
[Topology][Flow] Connections: 1
[Topology][Flow] Generating flow layout
[Topology][Flow] Nodes: 8
[Topology][Flow] Connections: 7
[Topology][Flow] Generating flow layout
[Topology][Flow] Nodes: 2
[Topology][Flow] Connections: 1
[Topology][Flow] Generating flow layout
[Topology][Flow] Nodes: 8
[Topology][Flow] Connections: 7
[Topology][Flow] Generating flow layout
[Topology][Flow] Nodes: 2
[Topology][Flow] Connections: 1
[Topology][Flow] Generating flow layout
[Topology][Flow] Nodes: 8
[Topology][Flow] Connections: 7
[Topology][Flow] Generating flow layout
[Topology][Flow] Nodes: 2
[Topology][Flow] Connections: 1
[Topology][Flow] Generating flow layout
[Topology][Flow] Nodes: 8
[Topology][Flow] Connections: 7
[Topology][Flow] Generating flow layout
[Topology][Flow] Nodes: 2
[Topology][Flow] Connections: 1
[Topology][Flow] Generating flow layout
[Topology][Flow] Nodes: 8
[Topology][Flow] Connections: 7
[Topology][Flow] Generating flow layout
[Topology][Flow] Nodes: 2
[Topology][Flow] Connections: 1
[Topology][Flow] Generating flow layout
[Topology][Flow] Nodes: 8
[Topology][Flow] Connections: 7
[Topology][Flow] Generating flow layout
[Topology][Flow] Nodes: 2
[Topology][Flow] Connections: 1
[Topology][Flow] Generating flow layout
[Topology][Flow] Nodes: 8
[Topology][Flow] Connections: 7
[Topology][Flow] Generating flow layout
[Topology][Flow] Nodes: 2
[Topology][Flow] Connections: 1
[Topology][Flow] Generating flow layout
[Topology][Flow] Nodes: 8
[Topology][Flow] Connections: 7
[Topology][Flow] Generating flow layout
[Topology][Flow] Nodes: 2
[Topology][Flow] Connections: 1
[Topology][Flow] Generating flow layout
[Topology][Flow] Nodes: 8
[Topology][Flow] Connections: 7
[Topology][Flow] Generating flow layout
[Topology][Flow] Nodes: 2
[Topology][Flow] Connections: 1
[Topology][Flow] Generating flow layout
[Topology][Flow] Nodes: 8
[Topology][Flow] Connections: 7
[Topology][Flow] Generating flow layout
[Topology][Flow] Nodes: 2
[Topology][Flow] Connections: 1
[Topology][Flow] Generating flow layout
[Topology][Flow] Nodes: 8
[Topology][Flow] Connections: 7
[Topology][Flow] Generating flow layout
[Topology][Flow] Nodes: 2
[Topology][Flow] Connections: 1
[Topology][Flow] Generating flow layout
[Topology][Flow] Nodes: 8
[Topology][Flow] Connections: 7
[Topology][Flow] Generating flow layout
[Topology][Flow] Nodes: 2
[Topology][Flow] Connections: 1
[Topology][Flow] Generating flow layout
[Topology][Flow] Nodes: 8
[Topology][Flow] Connections: 7
[Topology][Flow] Generating flow layout
[Topology][Flow] Nodes: 2
[Topology][Flow] Connections: 1
[Topology][Flow] Generating flow layout
[Topology][Flow] Nodes: 8
[Topology][Flow] Connections: 7
[Topology][Flow] Generating flow layout
[Topology][Flow] Nodes: 2
[Topology][Flow] Connections: 1
[Topology][Flow] Generating flow layout
[Topology][Flow] Nodes: 8
[Topology][Flow] Connections: 7
[Topology][Flow] Generating flow layout
[Topology][Flow] Nodes: 2
[Topology][Flow] Connections: 1
[Topology][Flow] Generating flow layout
[Topology][Flow] Nodes: 8
[Topology][Flow] Connections: 7
[Topology][Flow] Generating flow layout
[Topology][Flow] Nodes: 2
[Topology][Flow] Connections: 1
[Topology][Flow] Generating flow layout
[Topology][Flow] Nodes: 8
[Topology][Flow] Connections: 7
[Topology][Flow] Generating flow layout
[Topology][Flow] Nodes: 2
[Topology][Flow] Connections: 1
[Topology][Flow] Generating flow layout
[Topology][Flow] Nodes: 8
[Topology][Flow] Connections: 7
[Topology][Flow] Generating flow layout
[Topology][Flow] Nodes: 2
[Topology][Flow] Connections: 1
[Topology][Flow] Generating flow layout
[Topology][Flow] Nodes: 8
[Topology][Flow] Connections: 7
[Topology][Flow] Generating flow layout
[Topology][Flow] Nodes: 2
[Topology][Flow] Connections: 1
[Topology][Flow] Generating flow layout
[Topology][Flow] Nodes: 8
[Topology][Flow] Connections: 7
[Topology][Flow] Generating flow layout
[Topology][Flow] Nodes: 2
[Topology][Flow] Connections: 1
[Topology][Flow] Generating flow layout
[Topology][Flow] Nodes: 8
[Topology][Flow] Connections: 7
[Topology][Flow] Generating flow layout
[Topology][Flow] Nodes: 2
[Topology][Flow] Connections: 1
[Topology][Flow] Generating flow layout
[Topology][Flow] Nodes: 8
[Topology][Flow] Connections: 7
[Topology][Flow] Generating flow layout
[Topology][Flow] Nodes: 2
[Topology][Flow] Connections: 1
[Topology][Flow] Generating flow layout
[Topology][Flow] Nodes: 8
[Topology][Flow] Connections: 7
[Topology][Flow] Generating flow layout
[Topology][Flow] Nodes: 2
[Topology][Flow] Connections: 1
[Topology][Flow] Generating flow layout
[Topology][Flow] Nodes: 8
[Topology][Flow] Connections: 7
[Topology][Flow] Generating flow layout
[Topology][Flow] Nodes: 2
[Topology][Flow] Connections: 1
[Topology][Flow] Generating flow layout
[Topology][Flow] Nodes: 8
[Topology][Flow] Connections: 7
[Topology][Flow] Generating flow layout
[Topology][Flow] Nodes: 2
[Topology][Flow] Connections: 1
[Topology][Flow] Generating flow layout
[Topology][Flow] Nodes: 8
[Topology][Flow] Connections: 7
[Topology][Flow] Generating flow layout
[Topology][Flow] Nodes: 2
[Topology][Flow] Connections: 1
[Topology][Flow] Generating flow layout
[Topology][Flow] Nodes: 8
[Topology][Flow] Connections: 7
[Topology][Flow] Generating flow layout
[Topology][Flow] Nodes: 2
[Topology][Flow] Connections: 1
[Topology][Flow] Generating flow layout
[Topology][Flow] Nodes: 8
[Topology][Flow] Connections: 7
[Topology][Flow] Generating flow layout
[Topology][Flow] Nodes: 2
[Topology][Flow] Connections: 1
[Topology][Flow] Generating flow layout
[Topology][Flow] Nodes: 8
[Topology][Flow] Connections: 7
[Topology][Flow] Generating flow layout
[Topology][Flow] Nodes: 2
[Topology][Flow] Connections: 1
[Topology][Flow] Generating flow layout
[Topology][Flow] Nodes: 8
[Topology][Flow] Connections: 7
[Topology][Flow] Generating flow layout
[Topology][Flow] Nodes: 2
[Topology][Flow] Connections: 1
[Topology][Flow] Generating flow layout
[Topology][Flow] Nodes: 8
[Topology][Flow] Connections: 7
[Topology][Flow] Generating flow layout
[Topology][Flow] Nodes: 2
[Topology][Flow] Connections: 1
[Topology][Flow] Generating flow layout
[Topology][Flow] Nodes: 8
[Topology][Flow] Connections: 7
[Topology][Flow] Generating flow layout
[Topology][Flow] Nodes: 2
[Topology][Flow] Connections: 1
[Topology][Flow] Generating flow layout
[Topology][Flow] Nodes: 8
[Topology][Flow] Connections: 7
[Topology][Flow] Generating flow layout
[Topology][Flow] Nodes: 2
[Topology][Flow] Connections: 1
[Topology][Flow] Generating flow layout
[Topology][Flow] Nodes: 8
[Topology][Flow] Connections: 7
[Topology][Flow] Generating flow layout
[Topology][Flow] Nodes: 2
[Topology][Flow] Connections: 1
[Topology][Flow] Generating flow layout
[Topology][Flow] Nodes: 8
[Topology][Flow] Connections: 7
[Topology][Flow] Generating flow layout
[Topology][Flow] Nodes: 2
[Topology][Flow] Connections: 1
[Topology][Flow] Generating flow layout
[Topology][Flow] Nodes: 8
[Topology][Flow] Connections: 7
[Topology][Flow] Generating flow layout
[Topology][Flow] Nodes: 2
[Topology][Flow] Connections: 1
[Topology][Flow] Generating flow layout
[Topology][Flow] Nodes: 8
[Topology][Flow] Connections: 7
[Topology][Flow] Generating flow layout
[Topology][Flow] Nodes: 2
[Topology][Flow] Connections: 1
[Topology][Flow] Generating flow layout
[Topology][Flow] Nodes: 8
[Topology][Flow] Connections: 7
[Topology][Flow] Generating flow layout
[Topology][Flow] Nodes: 2
[Topology][Flow] Connections: 1
[Topology][Flow] Generating flow layout
[Topology][Flow] Nodes: 8
[Topology][Flow] Connections: 7
[Topology][Flow] Generating flow layout
[Topology][Flow] Nodes: 2
[Topology][Flow] Connections: 1
[Topology][Flow] Generating flow layout
[Topology][Flow] Nodes: 8
[Topology][Flow] Connections: 7
[Topology][Flow] Generating flow layout
[Topology][Flow] Nodes: 2
[Topology][Flow] Connections: 1
[Topology][Flow] Generating flow layout
[Topology][Flow] Nodes: 8
[Topology][Flow] Connections: 7
[Topology][Flow] Generating flow layout
[Topology][Flow] Nodes: 2
[Topology][Flow] Connections: 1
[Topology][Flow] Generating flow layout
[Topology][Flow] Nodes: 8
[Topology][Flow] Connections: 7
[Topology][Flow] Generating flow layout
[Topology][Flow] Nodes: 2
[Topology][Flow] Connections: 1
[Topology][Flow] Generating flow layout
[Topology][Flow] Nodes: 8
[Topology][Flow] Connections: 7
[Topology][Flow] Generating flow layout
[Topology][Flow] Nodes: 2
[Topology][Flow] Connections: 1
[Topology][Flow] Generating flow layout
[Topology][Flow] Nodes: 8
[Topology][Flow] Connections: 7
[Topology][Flow] Generating flow layout
[Topology][Flow] Nodes: 2
[Topology][Flow] Connections: 1
[Topology][Flow] Generating flow layout
[Topology][Flow] Nodes: 8
[Topology][Flow] Connections: 7
[Topology][Flow] Generating flow layout
[Topology][Flow] Nodes: 2
[Topology][Flow] Connections: 1
[Topology][Flow] Generating flow layout
[Topology][Flow] Nodes: 8
[Topology][Flow] Connections: 7
[Topology][Flow] Generating flow layout
[Topology][Flow] Nodes: 2
[Topology][Flow] Connections: 1
[Topology][Flow] Generating flow layout
[Topology][Flow] Nodes: 8
[Topology][Flow] Connections: 7
[Topology][Flow] Generating flow layout
[Topology][Flow] Nodes: 2
[Topology][Flow] Connections: 1
[Topology][Flow] Generating flow layout
[Topology][Flow] Nodes: 8
[Topology][Flow] Connections: 7
[Topology][Flow] Generating flow layout
[Topology][Flow] Nodes: 2
[Topology][Flow] Connections: 1
[Topology][Flow] Generating flow layout
[Topology][Flow] Nodes: 8
[Topology][Flow] Connections: 7
[Topology][Flow] Generating flow layout
[Topology][Flow] Nodes: 2
[Topology][Flow] Connections: 1
[Topology][Flow] Generating flow layout
[Topology][Flow] Nodes: 8
[Topology][Flow] Connections: 7
[Topology][Flow] Generating flow layout
[Topology][Flow] Nodes: 2
[Topology][Flow] Connections: 1
[Topology][Flow] Generating flow layout
[Topology][Flow] Nodes: 8
[Topology][Flow] Connections: 7
[Topology][Flow] Generating flow layout
[Topology][Flow] Nodes: 2
[Topology][Flow] Connections: 1
[Topology][Flow] Generating flow layout
[Topology][Flow] Nodes: 8
[Topology][Flow] Connections: 7
[Topology][Flow] Generating flow layout
[Topology][Flow] Nodes: 2
[Topology][Flow] Connections: 1
[Topology][Flow] Generating flow layout
[Topology][Flow] Nodes: 8
[Topology][Flow] Connections: 7
[Topology][Flow] Generating flow layout
[Topology][Flow] Nodes: 2
[Topology][Flow] Connections: 1
[Topology][Flow] Generating flow layout
[Topology][Flow] Nodes: 8
[Topology][Flow] Connections: 7
[Topology][Flow] Generating flow layout
[Topology][Flow] Nodes: 2
[Topology][Flow] Connections: 1
[Topology][Flow] Generating flow layout
[Topology][Flow] Nodes: 8
[Topology][Flow] Connections: 7
[Topology][Flow] Generating flow layout
[Topology][Flow] Nodes: 2
[Topology][Flow] Connections: 1
[Topology][Flow] Generating flow layout
[Topology][Flow] Nodes: 8
[Topology][Flow] Connections: 7
[Topology][Flow] Generating flow layout
[Topology][Flow] Nodes: 2
[Topology][Flow] Connections: 1
[Topology][Flow] Generating flow layout
[Topology][Flow] Nodes: 8
[Topology][Flow] Connections: 7
[Topology][Flow] Generating flow layout
[Topology][Flow] Nodes: 2
[Topology][Flow] Connections: 1
[Topology][Flow] Generating flow layout
[Topology][Flow] Nodes: 8
[Topology][Flow] Connections: 7
[Topology][Flow] Generating flow layout
[Topology][Flow] Nodes: 2
[Topology][Flow] Connections: 1
[Topology][Flow] Generating flow layout
[Topology][Flow] Nodes: 8
[Topology][Flow] Connections: 7
[Topology][Flow] Generating flow layout
[Topology][Flow] Nodes: 2
[Topology][Flow] Connections: 1
[Topology][Flow] Generating flow layout
[Topology][Flow] Nodes: 8
[Topology][Flow] Connections: 7
[Topology][Flow] Generating flow layout
[Topology][Flow] Nodes: 2
[Topology][Flow] Connections: 1
[Topology][Flow] Generating flow layout
[Topology][Flow] Nodes: 8
[Topology][Flow] Connections: 7
[Topology][Flow] Generating flow layout
[Topology][Flow] Nodes: 2
[Topology][Flow] Connections: 1
[Topology][Flow] Generating flow layout
[Topology][Flow] Nodes: 8
[Topology][Flow] Connections: 7
[Topology][Flow] Generating flow layout
[Topology][Flow] Nodes: 2
[Topology][Flow] Connections: 1
[Topology][Flow] Generating flow layout
[Topology][Flow] Nodes: 8
[Topology][Flow] Connections: 7
[Topology][Flow] Generating flow layout
[Topology][Flow] Nodes: 2
[Topology][Flow] Connections: 1
[Topology][Flow] Generating flow layout
[Topology][Flow] Nodes: 8
[Topology][Flow] Connections: 7
[Topology][Flow] Generating flow layout
[Topology][Flow] Nodes: 2
[Topology][Flow] Connections: 1
[Topology][Flow] Generating flow layout
[Topology][Flow] Nodes: 8
[Topology][Flow] Connections: 7
[Topology][Flow] Generating flow layout
[Topology][Flow] Nodes: 2
[Topology][Flow] Connections: 1
[Topology][Flow] Generating flow layout
[Topology][Flow] Nodes: 8
[Topology][Flow] Connections: 7
[Topology][Flow] Generating flow layout
[Topology][Flow] Nodes: 2
[Topology][Flow] Connections: 1
[Topology][Flow] Generating flow layout
[Topology][Flow] Nodes: 8
[Topology][Flow] Connections: 7
[Topology][Flow] Generating flow layout
[Topology][Flow] Nodes: 2
[Topology][Flow] Connections: 1
[Topology][Flow] Generating flow layout
[Topology][Flow] Nodes: 8
[Topology][Flow] Connections: 7
[Topology][Flow] Generating flow layout
[Topology][Flow] Nodes: 2
[Topology][Flow] Connections: 1
[Topology][Flow] Generating flow layout
[Topology][Flow] Nodes: 8
[Topology][Flow] Connections: 7
[Topology][Flow] Generating flow layout
[Topology][Flow] Nodes: 2
[Topology][Flow] Connections: 1
[Topology][Flow] Generating flow layout
[Topology][Flow] Nodes: 8
[Topology][Flow] Connections: 7
[Topology][Flow] Generating flow layout
[Topology][Flow] Nodes: 2
[Topology][Flow] Connections: 1
[Topology][Flow] Generating flow layout
[Topology][Flow] Nodes: 8
[Topology][Flow] Connections: 7
[Topology][Flow] Generating flow layout
[Topology][Flow] Nodes: 2
[Topology][Flow] Connections: 1
[Topology][Flow] Generating flow layout
[Topology][Flow] Nodes: 8
[Topology][Flow] Connections: 7
[Topology][Flow] Generating flow layout
[Topology][Flow] Nodes: 2
[Topology][Flow] Connections: 1
[Topology][Flow] Generating flow layout
[Topology][Flow] Nodes: 8
[Topology][Flow] Connections: 7
[Topology][Flow] Generating flow layout
[Topology][Flow] Nodes: 2
[Topology][Flow] Connections: 1
[Topology][Flow] Generating flow layout
[Topology][Flow] Nodes: 8
[Topology][Flow] Connections: 7
[Topology][Flow] Generating flow layout
[Topology][Flow] Nodes: 2
[Topology][Flow] Connections: 1
[Topology][Flow] Generating flow layout
[Topology][Flow] Nodes: 8
[Topology][Flow] Connections: 7
[Topology][Flow] Generating flow layout
[Topology][Flow] Nodes: 2
[Topology][Flow] Connections: 1
[Topology][Flow] Generating flow layout
[Topology][Flow] Nodes: 8
[Topology][Flow] Connections: 7
[Topology][Flow] Generating flow layout
[Topology][Flow] Nodes: 2
[Topology][Flow] Connections: 1
[Topology][Flow] Generating flow layout
[Topology][Flow] Nodes: 8
[Topology][Flow] Connections: 7
[Topology][Flow] Generating flow layout
[Topology][Flow] Nodes: 2
[Topology][Flow] Connections: 1
[Topology][Flow] Generating flow layout
[Topology][Flow] Nodes: 8
[Topology][Flow] Connections: 7
[Topology][Flow] Generating flow layout
[Topology][Flow] Nodes: 2
[Topology][Flow] Connections: 1
[Topology][Flow] Generating flow layout
[Topology][Flow] Nodes: 8
[Topology][Flow] Connections: 7
[Topology][Flow] Generating flow layout
[Topology][Flow] Nodes: 2
[Topology][Flow] Connections: 1
[Topology][Flow] Generating flow layout
[Topology][Flow] Nodes: 8
[Topology][Flow] Connections: 7
[Topology][Flow] Generating flow layout
[Topology][Flow] Nodes: 2
[Topology][Flow] Connections: 1
[Topology][Flow] Generating flow layout
[Topology][Flow] Nodes: 8
[Topology][Flow] Connections: 7
[Topology][Flow] Generating flow layout
[Topology][Flow] Nodes: 2
[Topology][Flow] Connections: 1
[Topology][Flow] Generating flow layout
[Topology][Flow] Nodes: 8
[Topology][Flow] Connections: 7
[Topology][Flow] Generating flow layout
[Topology][Flow] Nodes: 2
[Topology][Flow] Connections: 1
[Topology][Flow] Generating flow layout
[Topology][Flow] Nodes: 8
[Topology][Flow] Connections: 7
[Topology][Flow] Generating flow layout
[Topology][Flow] Nodes: 2
[Topology][Flow] Connections: 1
[Topology][Flow] Generating flow layout
[Topology][Flow] Nodes: 8
[Topology][Flow] Connections: 7
[Topology][Flow] Generating flow layout
[Topology][Flow] Nodes: 2
[Topology][Flow] Connections: 1
[Topology][Flow] Generating flow layout
[Topology][Flow] Nodes: 8
[Topology][Flow] Connections: 7
[Topology][Flow] Generating flow layout
[Topology][Flow] Nodes: 2
[Topology][Flow] Connections: 1
[Topology][Flow] Generating flow layout
[Topology][Flow] Nodes: 8
[Topology][Flow] Connections: 7
[Topology][Flow] Generating flow layout
[Topology][Flow] Nodes: 2
[Topology][Flow] Connections: 1
[Topology][Flow] Generating flow layout
[Topology][Flow] Nodes: 8
[Topology][Flow] Connections: 7
[Topology][Flow] Generating flow layout
[Topology][Flow] Nodes: 2
[Topology][Flow] Connections: 1
[Topology][Flow] Generating flow layout
[Topology][Flow] Nodes: 8
[Topology][Flow] Connections: 7
[Topology][Flow] Generating flow layout
[Topology][Flow] Nodes: 2
[Topology][Flow] Connections: 1
[Topology][Flow] Generating flow layout
[Topology][Flow] Nodes: 8
[Topology][Flow] Connections: 7
[Topology][Flow] Generating flow layout
[Topology][Flow] Nodes: 2
[Topology][Flow] Connections: 1
[Topology][Flow] Generating flow layout
[Topology][Flow] Nodes: 8
[Topology][Flow] Connections: 7
[Topology][Flow] Generating flow layout
[Topology][Flow] Nodes: 2
[Topology][Flow] Connections: 1
[Topology][Flow] Generating flow layout
[Topology][Flow] Nodes: 8
[Topology][Flow] Connections: 7
[Topology][Flow] Generating flow layout
[Topology][Flow] Nodes: 2
[Topology][Flow] Connections: 1
[Topology][Flow] Generating flow layout
[Topology][Flow] Nodes: 8
[Topology][Flow] Connections: 7
[Topology][Flow] Generating flow layout
[Topology][Flow] Nodes: 2
[Topology][Flow] Connections: 1
[Topology][Flow] Generating flow layout
[Topology][Flow] Nodes: 8
[Topology][Flow] Connections: 7
[Topology][Flow] Generating flow layout
[Topology][Flow] Nodes: 2
[Topology][Flow] Connections: 1
[Topology][Flow] Generating flow layout
[Topology][Flow] Nodes: 8
[Topology][Flow] Connections: 7
[Topology][Flow] Generating flow layout
[Topology][Flow] Nodes: 2
[Topology][Flow] Connections: 1
[Topology][Flow] Generating flow layout
[Topology][Flow] Nodes: 8
[Topology][Flow] Connections: 7
[Topology][Flow] Generating flow layout
[Topology][Flow] Nodes: 2
[Topology][Flow] Connections: 1
[Topology][Flow] Generating flow layout
[Topology][Flow] Nodes: 8
[Topology][Flow] Connections: 7
[Topology][Flow] Generating flow layout
[Topology][Flow] Nodes: 2
[Topology][Flow] Connections: 1
[Topology][Flow] Generating flow layout
[Topology][Flow] Nodes: 8
[Topology][Flow] Connections: 7
[Topology][Flow] Generating flow layout
[Topology][Flow] Nodes: 2
[Topology][Flow] Connections: 1
[Topology][Flow] Generating flow layout
[Topology][Flow] Nodes: 8
[Topology][Flow] Connections: 7
[Topology][Flow] Generating flow layout
[Topology][Flow] Nodes: 2
[Topology][Flow] Connections: 1
[Topology][Flow] Generating flow layout
[Topology][Flow] Nodes: 8
[Topology][Flow] Connections: 7
[Topology][Flow] Generating flow layout
[Topology][Flow] Nodes: 2
[Topology][Flow] Connections: 1
[Topology][Flow] Generating flow layout
[Topology][Flow] Nodes: 8
[Topology][Flow] Connections: 7
[Topology][Flow] Generating flow layout
[Topology][Flow] Nodes: 2
[Topology][Flow] Connections: 1
[Topology][Flow] Generating flow layout
[Topology][Flow] Nodes: 8
[Topology][Flow] Connections: 7
[Topology][Flow] Generating flow layout
[Topology][Flow] Nodes: 2
[Topology][Flow] Connections: 1
[Topology][Flow] Generating flow layout
[Topology][Flow] Nodes: 8
[Topology][Flow] Connections: 7
[Topology][Flow] Generating flow layout
[Topology][Flow] Nodes: 2
[Topology][Flow] Connections: 1
[Topology][Flow] Generating flow layout
[Topology][Flow] Nodes: 8
[Topology][Flow] Connections: 7
[Topology][Flow] Generating flow layout
[Topology][Flow] Nodes: 2
[Topology][Flow] Connections: 1
[Topology][Flow] Generating flow layout
[Topology][Flow] Nodes: 8
[Topology][Flow] Connections: 7
[Topology][Flow] Generating flow layout
[Topology][Flow] Nodes: 2
[Topology][Flow] Connections: 1
[Topology][Flow] Generating flow layout
[Topology][Flow] Nodes: 8
[Topology][Flow] Connections: 7
[Topology][Flow] Generating flow layout
[Topology][Flow] Nodes: 2
[Topology][Flow] Connections: 1
[Topology][Flow] Generating flow layout
[Topology][Flow] Nodes: 8
[Topology][Flow] Connections: 7
[Topology][Flow] Generating flow layout
[Topology][Flow] Nodes: 2
[Topology][Flow] Connections: 1
[Topology][Flow] Generating flow layout
[Topology][Flow] Nodes: 8
[Topology][Flow] Connections: 7
[Topology][Flow] Generating flow layout
[Topology][Flow] Nodes: 2
[Topology][Flow] Connections: 1
[Topology][Flow] Generating flow layout
[Topology][Flow] Nodes: 8
[Topology][Flow] Connections: 7
[Topology][Flow] Generating flow layout
[Topology][Flow] Nodes: 2
[Topology][Flow] Connections: 1
[Topology][Flow] Generating flow layout
[Topology][Flow] Nodes: 8
[Topology][Flow] Connections: 7
[Topology][Flow] Generating flow layout
[Topology][Flow] Nodes: 2
[Topology][Flow] Connections: 1
[Topology][Flow] Generating flow layout
[Topology][Flow] Nodes: 8
[Topology][Flow] Connections: 7
[Topology][Flow] Generating flow layout
[Topology][Flow] Nodes: 2
[Topology][Flow] Connections: 1
[Topology][Flow] Generating flow layout
[Topology][Flow] Nodes: 8
[Topology][Flow] Connections: 7
[Topology][Flow] Generating flow layout
[Topology][Flow] Nodes: 2
[Topology][Flow] Connections: 1
[Topology][Flow] Generating flow layout
[Topology][Flow] Nodes: 8
[Topology][Flow] Connections: 7
[Topology][Flow] Generating flow layout
[Topology][Flow] Nodes: 2
[Topology][Flow] Connections: 1
[Topology][Flow] Generating flow layout
[Topology][Flow] Nodes: 8
[Topology][Flow] Connections: 7
[Topology][Flow] Generating flow layout
[Topology][Flow] Nodes: 2
[Topology][Flow] Connections: 1
[Topology][Flow] Generating flow layout
[Topology][Flow] Nodes: 8
[Topology][Flow] Connections: 7
[Topology][Flow] Generating flow layout
[Topology][Flow] Nodes: 2
[Topology][Flow] Connections: 1
[Topology][Flow] Generating flow layout
[Topology][Flow] Nodes: 8
[Topology][Flow] Connections: 7
[Topology][Flow] Generating flow layout
[Topology][Flow] Nodes: 2
[Topology][Flow] Connections: 1
[Topology][Flow] Generating flow layout
[Topology][Flow] Nodes: 8
[Topology][Flow] Connections: 7
[Topology][Flow] Generating flow layout
[Topology][Flow] Nodes: 2
[Topology][Flow] Connections: 1
[Topology][Flow] Generating flow layout
[Topology][Flow] Nodes: 8
[Topology][Flow] Connections: 7
[Topology][Flow] Generating flow layout
[Topology][Flow] Nodes: 2
[Topology][Flow] Connections: 1
[Topology][Flow] Generating flow layout
[Topology][Flow] Nodes: 8
[Topology][Flow] Connections: 7
[Topology][Flow] Generating flow layout
[Topology][Flow] Nodes: 2
[Topology][Flow] Connections: 1
[Topology][Flow] Generating flow layout
[Topology][Flow] Nodes: 8
[Topology][Flow] Connections: 7
[Topology][Flow] Generating flow layout
[Topology][Flow] Nodes: 2
[Topology][Flow] Connections: 1
[Topology][Flow] Generating flow layout
[Topology][Flow] Nodes: 8
[Topology][Flow] Connections: 7
[Topology][Flow] Generating flow layout
[Topology][Flow] Nodes: 2
[Topology][Flow] Connections: 1
[Topology][Flow] Generating flow layout
[Topology][Flow] Nodes: 8
[Topology][Flow] Connections: 7
[Topology][Flow] Generating flow layout
[Topology][Flow] Nodes: 2
[Topology][Flow] Connections: 1
[Topology][Flow] Generating flow layout
[Topology][Flow] Nodes: 8
[Topology][Flow] Connections: 7
[Topology][Flow] Generating flow layout
[Topology][Flow] Nodes: 2
[Topology][Flow] Connections: 1
[Topology][Flow] Generating flow layout
[Topology][Flow] Nodes: 8
[Topology][Flow] Connections: 7
[Topology][Flow] Generating flow layout
[Topology][Flow] Nodes: 2
[Topology][Flow] Connections: 1
[Topology][Flow] Generating flow layout
[Topology][Flow] Nodes: 8
[Topology][Flow] Connections: 7
[Topology][Flow] Generating flow layout
[Topology][Flow] Nodes: 2
[Topology][Flow] Connections: 1
[Topology][Flow] Generating flow layout
[Topology][Flow] Nodes: 8
[Topology][Flow] Connections: 7
[Topology][Flow] Generating flow layout
[Topology][Flow] Nodes: 2
[Topology][Flow] Connections: 1
[Topology][Flow] Generating flow layout
[Topology][Flow] Nodes: 8
[Topology][Flow] Connections: 7
[Topology][Flow] Generating flow layout
[Topology][Flow] Nodes: 2
[Topology][Flow] Connections: 1
[Topology][Flow] Generating flow layout
[Topology][Flow] Nodes: 8
[Topology][Flow] Connections: 7
[Topology][Flow] Generating flow layout
[Topology][Flow] Nodes: 2
[Topology][Flow] Connections: 1
[Topology][Flow] Generating flow layout
[Topology][Flow] Nodes: 8
[Topology][Flow] Connections: 7
[Topology][Flow] Generating flow layout
[Topology][Flow] Nodes: 2
[Topology][Flow] Connections: 1
[Topology][Flow] Generating flow layout
[Topology][Flow] Nodes: 8
[Topology][Flow] Connections: 7
[Topology][Flow] Generating flow layout
[Topology][Flow] Nodes: 2
[Topology][Flow] Connections: 1
[Topology][Flow] Generating flow layout
[Topology][Flow] Nodes: 8
[Topology][Flow] Connections: 7
[Topology][Flow] Generating flow layout
[Topology][Flow] Nodes: 2
[Topology][Flow] Connections: 1
[Topology][Flow] Generating flow layout
[Topology][Flow] Nodes: 8
[Topology][Flow] Connections: 7
[Topology][Flow] Generating flow layout
[Topology][Flow] Nodes: 2
[Topology][Flow] Connections: 1
[Topology][Flow] Generating flow layout
[Topology][Flow] Nodes: 8
[Topology][Flow] Connections: 7
[Topology][Flow] Generating flow layout
[Topology][Flow] Nodes: 2
[Topology][Flow] Connections: 1
[Topology][Flow] Generating flow layout
[Topology][Flow] Nodes: 8
[Topology][Flow] Connections: 7
[Topology][Flow] Generating flow layout
[Topology][Flow] Nodes: 2
[Topology][Flow] Connections: 1
[Topology][Flow] Generating flow layout
[Topology][Flow] Nodes: 8
[Topology][Flow] Connections: 7
[Topology][Flow] Generating flow layout
[Topology][Flow] Nodes: 2
[Topology][Flow] Connections: 1
[Topology][Flow] Generating flow layout
[Topology][Flow] Nodes: 8
[Topology][Flow] Connections: 7
[Topology][Flow] Generating flow layout
[Topology][Flow] Nodes: 2
[Topology][Flow] Connections: 1
[Topology][Flow] Generating flow layout
[Topology][Flow] Nodes: 8
[Topology][Flow] Connections: 7
[Topology][Flow] Generating flow layout
[Topology][Flow] Nodes: 2
[Topology][Flow] Connections: 1
[Topology][Flow] Generating flow layout
[Topology][Flow] Nodes: 8
[Topology][Flow] Connections: 7
[Topology][Flow] Generating flow layout
[Topology][Flow] Nodes: 2
[Topology][Flow] Connections: 1
[Topology][Flow] Generating flow layout
[Topology][Flow] Nodes: 8
[Topology][Flow] Connections: 7
[Topology][Flow] Generating flow layout
[Topology][Flow] Nodes: 2
[Topology][Flow] Connections: 1
[Topology][Flow] Generating flow layout
[Topology][Flow] Nodes: 8
[Topology][Flow] Connections: 7
[Topology][Flow] Generating flow layout
[Topology][Flow] Nodes: 2
[Topology][Flow] Connections: 1
[Topology][Flow] Generating flow layout
[Topology][Flow] Nodes: 8
[Topology][Flow] Connections: 7
[Topology][Flow] Generating flow layout
[Topology][Flow] Nodes: 2
[Topology][Flow] Connections: 1
▶ MRA:2 systemic manager-readiness
  ✔ C3 unknown member does not empty the Problems collection (175.316417ms)
  ✔ C3 count grammar and C2 Stage-meta SHOW share typed owners (134.056417ms)
  ✔ C8 delete never degrades into add (21.209917ms)
  ✔ C1 ordinal binds collection members, not Stage watches (53.829ms)
  ✔ C1 knowledge follow-up stays on the confirmed object (44.391875ms)
  ✖ C1 contrastive other binds the sibling Problem, not Outcome clarification (83.259292ms)
  ✔ C1 first-problem ordinal binds collection membership, not unknown member (59.696ms)
  ✔ C6 data support questions stay on DATA-ADV (73.215667ms)
  ✔ C7 sequential Approve and start share one Decision runtime (43.52925ms)
  ✔ C5 SHOW does not re-attach leftover recommendation language (26.545917ms)
  ✔ C4 manager copy does not leak internal requirement codes (6.624458ms)
  ✔ generalization: collection query variants share the same interpreter (0.089417ms)
  ✔ MRA:3-FIX1 C1 second-one after compare binds the listed Scenario (50.163541ms)
  ✔ MRA:3-FIX1 C1 first problem then it stays on that Problem (165.4135ms)
  ✔ MRA:3-FIX1 knowledge mention then investigate it (60.196709ms)
  ✔ MRA:3-FIX1 mutation topic change does not confirm an unnamed add (49.948791ms)
  ✔ MRA:3-FIX1 Overview collection Stage lifecycle stays internally consistent (78.323958ms)
  ✔ MRA:3-FIX1 manager copy does not leak implementation ids (54.473959ms)
✖ MRA:2 systemic manager-readiness (1181.411875ms)
[Topology][Flow] Generating flow layout
[Topology][Flow] Nodes: 8
[Topology][Flow] Connections: 7
[Topology][Flow] Generating flow layout
[Topology][Flow] Nodes: 2
[Topology][Flow] Connections: 1
[Topology][Flow] Generating flow layout
[Topology][Flow] Nodes: 8
[Topology][Flow] Connections: 7
[Topology][Flow] Generating flow layout
[Topology][Flow] Nodes: 2
[Topology][Flow] Connections: 1
[Topology][Flow] Generating flow layout
[Topology][Flow] Nodes: 8
[Topology][Flow] Connections: 7
[Topology][Flow] Generating flow layout
[Topology][Flow] Nodes: 2
[Topology][Flow] Connections: 1
[Topology][Flow] Generating flow layout
[Topology][Flow] Nodes: 8
[Topology][Flow] Connections: 7
[Topology][Flow] Generating flow layout
[Topology][Flow] Nodes: 2
[Topology][Flow] Connections: 1
[Topology][Flow] Generating flow layout
[Topology][Flow] Nodes: 8
[Topology][Flow] Connections: 7
[Topology][Flow] Generating flow layout
[Topology][Flow] Nodes: 2
[Topology][Flow] Connections: 1
[Topology][Flow] Generating flow layout
[Topology][Flow] Nodes: 8
[Topology][Flow] Connections: 7
[Topology][Flow] Generating flow layout
[Topology][Flow] Nodes: 2
[Topology][Flow] Connections: 1
[Topology][Flow] Generating flow layout
[Topology][Flow] Nodes: 8
[Topology][Flow] Connections: 7
[Topology][Flow] Generating flow layout
[Topology][Flow] Nodes: 2
[Topology][Flow] Connections: 1
[Topology][Flow] Generating flow layout
[Topology][Flow] Nodes: 8
[Topology][Flow] Connections: 7
[Topology][Flow] Generating flow layout
[Topology][Flow] Nodes: 2
[Topology][Flow] Connections: 1
[Topology][Flow] Generating flow layout
[Topology][Flow] Nodes: 8
[Topology][Flow] Connections: 7
[Topology][Flow] Generating flow layout
[Topology][Flow] Nodes: 2
[Topology][Flow] Connections: 1
[Topology][Flow] Generating flow layout
[Topology][Flow] Nodes: 8
[Topology][Flow] Connections: 7
[Topology][Hub] Generating hub layout
[Topology][Hub] Hub: Revenue
[Topology][Hub] Satellites: 4
[Topology][Hub] Connections: 4
[Topology][Flow] Generating flow layout
[Topology][Flow] Nodes: 8
[Topology][Flow] Connections: 7
[Topology][Flow] Generating flow layout
[Topology][Flow] Nodes: 2
[Topology][Flow] Connections: 1
[Topology][Flow] Generating flow layout
[Topology][Flow] Nodes: 8
[Topology][Flow] Connections: 7
[Topology][Flow] Generating flow layout
[Topology][Flow] Nodes: 2
[Topology][Flow] Connections: 1
[Topology][Flow] Generating flow layout
[Topology][Flow] Nodes: 8
[Topology][Flow] Connections: 7
[Topology][Flow] Generating flow layout
[Topology][Flow] Nodes: 2
[Topology][Flow] Connections: 1
[Topology][Flow] Generating flow layout
[Topology][Flow] Nodes: 8
[Topology][Flow] Connections: 7
[Topology][Flow] Generating flow layout
[Topology][Flow] Nodes: 2
[Topology][Flow] Connections: 1
[Topology][Flow] Generating flow layout
[Topology][Flow] Nodes: 8
[Topology][Flow] Connections: 7
[Topology][Flow] Generating flow layout
[Topology][Flow] Nodes: 2
[Topology][Flow] Connections: 1
[Topology][Flow] Generating flow layout
[Topology][Flow] Nodes: 8
[Topology][Flow] Connections: 7
[Topology][Flow] Generating flow layout
[Topology][Flow] Nodes: 2
[Topology][Flow] Connections: 1
[Topology][Flow] Generating flow layout
[Topology][Flow] Nodes: 8
[Topology][Flow] Connections: 7
[Topology][Flow] Generating flow layout
[Topology][Flow] Nodes: 2
[Topology][Flow] Connections: 1
[Topology][Flow] Generating flow layout
[Topology][Flow] Nodes: 8
[Topology][Flow] Connections: 7
[Topology][Flow] Generating flow layout
[Topology][Flow] Nodes: 2
[Topology][Flow] Connections: 1
[Topology][Flow] Generating flow layout
[Topology][Flow] Nodes: 8
[Topology][Flow] Connections: 7
[Topology][Flow] Generating flow layout
[Topology][Flow] Nodes: 2
[Topology][Flow] Connections: 1
[Topology][Flow] Generating flow layout
[Topology][Flow] Nodes: 8
[Topology][Flow] Connections: 7
[Topology][Flow] Generating flow layout
[Topology][Flow] Nodes: 2
[Topology][Flow] Connections: 1
[Topology][Flow] Generating flow layout
[Topology][Flow] Nodes: 8
[Topology][Flow] Connections: 7
[Topology][Flow] Generating flow layout
[Topology][Flow] Nodes: 2
[Topology][Flow] Connections: 1
[Topology][Flow] Generating flow layout
[Topology][Flow] Nodes: 8
[Topology][Flow] Connections: 7
[Topology][Flow] Generating flow layout
[Topology][Flow] Nodes: 2
[Topology][Flow] Connections: 1
[Topology][Flow] Generating flow layout
[Topology][Flow] Nodes: 8
[Topology][Flow] Connections: 7
[Topology][Flow] Generating flow layout
[Topology][Flow] Nodes: 2
[Topology][Flow] Connections: 1
[Topology][Flow] Generating flow layout
[Topology][Flow] Nodes: 8
[Topology][Flow] Connections: 7
[Topology][Flow] Generating flow layout
[Topology][Flow] Nodes: 2
[Topology][Flow] Connections: 1
[Topology][Flow] Generating flow layout
[Topology][Flow] Nodes: 8
[Topology][Flow] Connections: 7
[Topology][Flow] Generating flow layout
[Topology][Flow] Nodes: 2
[Topology][Flow] Connections: 1
[Topology][Flow] Generating flow layout
[Topology][Flow] Nodes: 8
[Topology][Flow] Connections: 7
[Topology][Flow] Generating flow layout
[Topology][Flow] Nodes: 2
[Topology][Flow] Connections: 1
[Topology][Flow] Generating flow layout
[Topology][Flow] Nodes: 8
[Topology][Flow] Connections: 7
[Topology][Flow] Generating flow layout
[Topology][Flow] Nodes: 2
[Topology][Flow] Connections: 1
[Topology][Flow] Generating flow layout
[Topology][Flow] Nodes: 8
[Topology][Flow] Connections: 7
[Topology][Flow] Generating flow layout
[Topology][Flow] Nodes: 2
[Topology][Flow] Connections: 1
[Topology][Flow] Generating flow layout
[Topology][Flow] Nodes: 8
[Topology][Flow] Connections: 7
[Topology][Flow] Generating flow layout
[Topology][Flow] Nodes: 2
[Topology][Flow] Connections: 1
[Topology][Flow] Generating flow layout
[Topology][Flow] Nodes: 8
[Topology][Flow] Connections: 7
[Topology][Flow] Generating flow layout
[Topology][Flow] Nodes: 2
[Topology][Flow] Connections: 1
[Topology][Flow] Generating flow layout
[Topology][Flow] Nodes: 8
[Topology][Flow] Connections: 7
[Topology][Flow] Generating flow layout
[Topology][Flow] Nodes: 2
[Topology][Flow] Connections: 1
[Topology][Flow] Generating flow layout
[Topology][Flow] Nodes: 8
[Topology][Flow] Connections: 7
[Topology][Flow] Generating flow layout
[Topology][Flow] Nodes: 2
[Topology][Flow] Connections: 1
[Topology][Flow] Generating flow layout
[Topology][Flow] Nodes: 8
[Topology][Flow] Connections: 7
[Topology][Flow] Generating flow layout
[Topology][Flow] Nodes: 2
[Topology][Flow] Connections: 1
[Topology][Flow] Generating flow layout
[Topology][Flow] Nodes: 8
[Topology][Flow] Connections: 7
[Topology][Flow] Generating flow layout
[Topology][Flow] Nodes: 2
[Topology][Flow] Connections: 1
[Topology][Flow] Generating flow layout
[Topology][Flow] Nodes: 8
[Topology][Flow] Connections: 7
[Topology][Flow] Generating flow layout
[Topology][Flow] Nodes: 2
[Topology][Flow] Connections: 1
[Topology][Flow] Generating flow layout
[Topology][Flow] Nodes: 8
[Topology][Flow] Connections: 7
[Topology][Flow] Generating flow layout
[Topology][Flow] Nodes: 2
[Topology][Flow] Connections: 1
[Topology][Flow] Generating flow layout
[Topology][Flow] Nodes: 8
[Topology][Flow] Connections: 7
[Topology][Flow] Generating flow layout
[Topology][Flow] Nodes: 2
[Topology][Flow] Connections: 1
[Topology][Flow] Generating flow layout
[Topology][Flow] Nodes: 8
[Topology][Flow] Connections: 7
[Topology][Flow] Generating flow layout
[Topology][Flow] Nodes: 2
[Topology][Flow] Connections: 1
[Topology][Flow] Generating flow layout
[Topology][Flow] Nodes: 8
[Topology][Flow] Connections: 7
[Topology][Flow] Generating flow layout
[Topology][Flow] Nodes: 2
[Topology][Flow] Connections: 1
[Topology][Flow] Generating flow layout
[Topology][Flow] Nodes: 8
[Topology][Flow] Connections: 7
[Topology][Flow] Generating flow layout
[Topology][Flow] Nodes: 2
[Topology][Flow] Connections: 1
[Topology][Flow] Generating flow layout
[Topology][Flow] Nodes: 8
[Topology][Flow] Connections: 7
[Topology][Flow] Generating flow layout
[Topology][Flow] Nodes: 2
[Topology][Flow] Connections: 1
[Topology][Flow] Generating flow layout
[Topology][Flow] Nodes: 8
[Topology][Flow] Connections: 7
[Topology][Flow] Generating flow layout
[Topology][Flow] Nodes: 2
[Topology][Flow] Connections: 1
[Topology][Flow] Generating flow layout
[Topology][Flow] Nodes: 8
[Topology][Flow] Connections: 7
[Topology][Flow] Generating flow layout
[Topology][Flow] Nodes: 2
[Topology][Flow] Connections: 1
[Topology][Flow] Generating flow layout
[Topology][Flow] Nodes: 8
[Topology][Flow] Connections: 7
[Topology][Flow] Generating flow layout
[Topology][Flow] Nodes: 2
[Topology][Flow] Connections: 1
[Topology][Flow] Generating flow layout
[Topology][Flow] Nodes: 8
[Topology][Flow] Connections: 7
[Topology][Flow] Generating flow layout
[Topology][Flow] Nodes: 2
[Topology][Flow] Connections: 1
[Topology][Flow] Generating flow layout
[Topology][Flow] Nodes: 8
[Topology][Flow] Connections: 7
[Topology][Flow] Generating flow layout
[Topology][Flow] Nodes: 2
[Topology][Flow] Connections: 1
[Topology][Flow] Generating flow layout
[Topology][Flow] Nodes: 8
[Topology][Flow] Connections: 7
[Topology][Hub] Generating hub layout
[Topology][Hub] Hub: Capacity
[Topology][Hub] Satellites: 5
[Topology][Hub] Connections: 5
[Topology][Flow] Generating flow layout
[Topology][Flow] Nodes: 8
[Topology][Flow] Connections: 7
[Topology][Hub] Generating hub layout
[Topology][Hub] Hub: Capacity
[Topology][Hub] Satellites: 5
[Topology][Hub] Connections: 5
[Topology][Flow] Generating flow layout
[Topology][Flow] Nodes: 8
[Topology][Flow] Connections: 7
[Topology][Hub] Generating hub layout
[Topology][Hub] Hub: Capacity
[Topology][Hub] Satellites: 5
[Topology][Hub] Connections: 5
[Topology][Flow] Generating flow layout
[Topology][Flow] Nodes: 8
[Topology][Flow] Connections: 7
[Topology][Hub] Generating hub layout
[Topology][Hub] Hub: Capacity
[Topology][Hub] Satellites: 5
[Topology][Hub] Connections: 5
[Topology][Flow] Generating flow layout
[Topology][Flow] Nodes: 8
[Topology][Flow] Connections: 7
[Topology][Hub] Generating hub layout
[Topology][Hub] Hub: Capacity
[Topology][Hub] Satellites: 5
[Topology][Hub] Connections: 5
[Topology][Flow] Generating flow layout
[Topology][Flow] Nodes: 8
[Topology][Flow] Connections: 7
[Topology][Flow] Generating flow layout
[Topology][Flow] Nodes: 2
[Topology][Flow] Connections: 1
[Topology][Flow] Generating flow layout
[Topology][Flow] Nodes: 8
[Topology][Flow] Connections: 7
[Topology][Flow] Generating flow layout
[Topology][Flow] Nodes: 2
[Topology][Flow] Connections: 1
[Topology][Flow] Generating flow layout
[Topology][Flow] Nodes: 8
[Topology][Flow] Connections: 7
[Topology][Flow] Generating flow layout
[Topology][Flow] Nodes: 2
[Topology][Flow] Connections: 1
[Topology][Flow] Generating flow layout
[Topology][Flow] Nodes: 8
[Topology][Flow] Connections: 7
[Topology][Flow] Generating flow layout
[Topology][Flow] Nodes: 2
[Topology][Flow] Connections: 1
[Topology][Flow] Generating flow layout
[Topology][Flow] Nodes: 8
[Topology][Flow] Connections: 7
[Topology][Hub] Generating hub layout
[Topology][Hub] Hub: Risk
[Topology][Hub] Satellites: 3
[Topology][Hub] Connections: 3
[Topology][Flow] Generating flow layout
[Topology][Flow] Nodes: 8
[Topology][Flow] Connections: 7
[Topology][Hub] Generating hub layout
[Topology][Hub] Hub: Risk
[Topology][Hub] Satellites: 3
[Topology][Hub] Connections: 3
[Topology][Flow] Generating flow layout
[Topology][Flow] Nodes: 8
[Topology][Flow] Connections: 7
[Topology][Hub] Generating hub layout
[Topology][Hub] Hub: Risk
[Topology][Hub] Satellites: 3
[Topology][Hub] Connections: 3
[Topology][Flow] Generating flow layout
[Topology][Flow] Nodes: 8
[Topology][Flow] Connections: 7
[Topology][Hub] Generating hub layout
[Topology][Hub] Hub: Risk
[Topology][Hub] Satellites: 3
[Topology][Hub] Connections: 3
[Topology][Flow] Generating flow layout
[Topology][Flow] Nodes: 8
[Topology][Flow] Connections: 7
[Topology][Hub] Generating hub layout
[Topology][Hub] Hub: Risk
[Topology][Hub] Satellites: 3
[Topology][Hub] Connections: 3
[Topology][Flow] Generating flow layout
[Topology][Flow] Nodes: 8
[Topology][Flow] Connections: 7
[Topology][Flow] Generating flow layout
[Topology][Flow] Nodes: 2
[Topology][Flow] Connections: 1
[Topology][Flow] Generating flow layout
[Topology][Flow] Nodes: 8
[Topology][Flow] Connections: 7
[Topology][Flow] Generating flow layout
[Topology][Flow] Nodes: 2
[Topology][Flow] Connections: 1
[Topology][Flow] Generating flow layout
[Topology][Flow] Nodes: 8
[Topology][Flow] Connections: 7
[Topology][Flow] Generating flow layout
[Topology][Flow] Nodes: 2
[Topology][Flow] Connections: 1
[Topology][Flow] Generating flow layout
[Topology][Flow] Nodes: 8
[Topology][Flow] Connections: 7
[Topology][Flow] Generating flow layout
[Topology][Flow] Nodes: 2
[Topology][Flow] Connections: 1
[Topology][Flow] Generating flow layout
[Topology][Flow] Nodes: 8
[Topology][Flow] Connections: 7
[Topology][Flow] Generating flow layout
[Topology][Flow] Nodes: 2
[Topology][Flow] Connections: 1
[Topology][Flow] Generating flow layout
[Topology][Flow] Nodes: 8
[Topology][Flow] Connections: 7
[Topology][Flow] Generating flow layout
[Topology][Flow] Nodes: 2
[Topology][Flow] Connections: 1
[Topology][Flow] Generating flow layout
[Topology][Flow] Nodes: 8
[Topology][Flow] Connections: 7
[Topology][Flow] Generating flow layout
[Topology][Flow] Nodes: 2
[Topology][Flow] Connections: 1
[Topology][Flow] Generating flow layout
[Topology][Flow] Nodes: 8
[Topology][Flow] Connections: 7
[Topology][Flow] Generating flow layout
[Topology][Flow] Nodes: 2
[Topology][Flow] Connections: 1
[Topology][Flow] Generating flow layout
[Topology][Flow] Nodes: 8
[Topology][Flow] Connections: 7
[Topology][Flow] Generating flow layout
[Topology][Flow] Nodes: 2
[Topology][Flow] Connections: 1
[Topology][Flow] Generating flow layout
[Topology][Flow] Nodes: 8
[Topology][Flow] Connections: 7
[Topology][Flow] Generating flow layout
[Topology][Flow] Nodes: 2
[Topology][Flow] Connections: 1
[Topology][Flow] Generating flow layout
[Topology][Flow] Nodes: 8
[Topology][Flow] Connections: 7
[Topology][Flow] Generating flow layout
[Topology][Flow] Nodes: 2
[Topology][Flow] Connections: 1
[Topology][Flow] Generating flow layout
[Topology][Flow] Nodes: 8
[Topology][Flow] Connections: 7
[Topology][Flow] Generating flow layout
[Topology][Flow] Nodes: 2
[Topology][Flow] Connections: 1
[Topology][Flow] Generating flow layout
[Topology][Flow] Nodes: 8
[Topology][Flow] Connections: 7
[Topology][Flow] Generating flow layout
[Topology][Flow] Nodes: 2
[Topology][Flow] Connections: 1
[Topology][Flow] Generating flow layout
[Topology][Flow] Nodes: 8
[Topology][Flow] Connections: 7
[Topology][Flow] Generating flow layout
[Topology][Flow] Nodes: 2
[Topology][Flow] Connections: 1
[Topology][Flow] Generating flow layout
[Topology][Flow] Nodes: 8
[Topology][Flow] Connections: 7
[Topology][Flow] Generating flow layout
[Topology][Flow] Nodes: 2
[Topology][Flow] Connections: 1
[Topology][Flow] Generating flow layout
[Topology][Flow] Nodes: 8
[Topology][Flow] Connections: 7
[Topology][Flow] Generating flow layout
[Topology][Flow] Nodes: 2
[Topology][Flow] Connections: 1
[Topology][Flow] Generating flow layout
[Topology][Flow] Nodes: 8
[Topology][Flow] Connections: 7
[Topology][Flow] Generating flow layout
[Topology][Flow] Nodes: 2
[Topology][Flow] Connections: 1
[Topology][Flow] Generating flow layout
[Topology][Flow] Nodes: 8
[Topology][Flow] Connections: 7
[Topology][Flow] Generating flow layout
[Topology][Flow] Nodes: 2
[Topology][Flow] Connections: 1
[Topology][Flow] Generating flow layout
[Topology][Flow] Nodes: 8
[Topology][Flow] Connections: 7
[Topology][Flow] Generating flow layout
[Topology][Flow] Nodes: 2
[Topology][Flow] Connections: 1
[Topology][Flow] Generating flow layout
[Topology][Flow] Nodes: 8
[Topology][Flow] Connections: 7
[Topology][Flow] Generating flow layout
[Topology][Flow] Nodes: 2
[Topology][Flow] Connections: 1
[Topology][Flow] Generating flow layout
[Topology][Flow] Nodes: 8
[Topology][Flow] Connections: 7
[Topology][Flow] Generating flow layout
[Topology][Flow] Nodes: 2
[Topology][Flow] Connections: 1
[Topology][Flow] Generating flow layout
[Topology][Flow] Nodes: 8
[Topology][Flow] Connections: 7
[Topology][Flow] Generating flow layout
[Topology][Flow] Nodes: 2
[Topology][Flow] Connections: 1
[Topology][Flow] Generating flow layout
[Topology][Flow] Nodes: 8
[Topology][Flow] Connections: 7
[Topology][Flow] Generating flow layout
[Topology][Flow] Nodes: 2
[Topology][Flow] Connections: 1
[Topology][Flow] Generating flow layout
[Topology][Flow] Nodes: 8
[Topology][Flow] Connections: 7
[Topology][Flow] Generating flow layout
[Topology][Flow] Nodes: 2
[Topology][Flow] Connections: 1
[Topology][Flow] Generating flow layout
[Topology][Flow] Nodes: 8
[Topology][Flow] Connections: 7
[Topology][Flow] Generating flow layout
[Topology][Flow] Nodes: 2
[Topology][Flow] Connections: 1
[Topology][Flow] Generating flow layout
[Topology][Flow] Nodes: 8
[Topology][Flow] Connections: 7
[Topology][Flow] Generating flow layout
[Topology][Flow] Nodes: 2
[Topology][Flow] Connections: 1
[Topology][Flow] Generating flow layout
[Topology][Flow] Nodes: 8
[Topology][Flow] Connections: 7
[Topology][Flow] Generating flow layout
[Topology][Flow] Nodes: 2
[Topology][Flow] Connections: 1
[Topology][Flow] Generating flow layout
[Topology][Flow] Nodes: 8
[Topology][Flow] Connections: 7
[Topology][Flow] Generating flow layout
[Topology][Flow] Nodes: 2
[Topology][Flow] Connections: 1
[Topology][Flow] Generating flow layout
[Topology][Flow] Nodes: 8
[Topology][Flow] Connections: 7
[Topology][Flow] Generating flow layout
[Topology][Flow] Nodes: 2
[Topology][Flow] Connections: 1
[Topology][Flow] Generating flow layout
[Topology][Flow] Nodes: 8
[Topology][Flow] Connections: 7
[Topology][Flow] Generating flow layout
[Topology][Flow] Nodes: 2
[Topology][Flow] Connections: 1
[Topology][Flow] Generating flow layout
[Topology][Flow] Nodes: 8
[Topology][Flow] Connections: 7
[Topology][Flow] Generating flow layout
[Topology][Flow] Nodes: 2
[Topology][Flow] Connections: 1
[Topology][Flow] Generating flow layout
[Topology][Flow] Nodes: 8
[Topology][Flow] Connections: 7
[Topology][Flow] Generating flow layout
[Topology][Flow] Nodes: 2
[Topology][Flow] Connections: 1
[Topology][Flow] Generating flow layout
[Topology][Flow] Nodes: 8
[Topology][Flow] Connections: 7
[Topology][Flow] Generating flow layout
[Topology][Flow] Nodes: 2
[Topology][Flow] Connections: 1
[Topology][Flow] Generating flow layout
[Topology][Flow] Nodes: 8
[Topology][Flow] Connections: 7
[Topology][Flow] Generating flow layout
[Topology][Flow] Nodes: 2
[Topology][Flow] Connections: 1
[Topology][Flow] Generating flow layout
[Topology][Flow] Nodes: 8
[Topology][Flow] Connections: 7
[Topology][Flow] Generating flow layout
[Topology][Flow] Nodes: 2
[Topology][Flow] Connections: 1
[Topology][Flow] Generating flow layout
[Topology][Flow] Nodes: 8
[Topology][Flow] Connections: 7
[Topology][Flow] Generating flow layout
[Topology][Flow] Nodes: 2
[Topology][Flow] Connections: 1
[Topology][Flow] Generating flow layout
[Topology][Flow] Nodes: 8
[Topology][Flow] Connections: 7
[Topology][Flow] Generating flow layout
[Topology][Flow] Nodes: 2
[Topology][Flow] Connections: 1
[Topology][Flow] Generating flow layout
[Topology][Flow] Nodes: 8
[Topology][Flow] Connections: 7
[Topology][Flow] Generating flow layout
[Topology][Flow] Nodes: 2
[Topology][Flow] Connections: 1
[Topology][Flow] Generating flow layout
[Topology][Flow] Nodes: 8
[Topology][Flow] Connections: 7
[Topology][Flow] Generating flow layout
[Topology][Flow] Nodes: 2
[Topology][Flow] Connections: 1
▶ MRA:3-FINAL-FIX1-FIX1 composition fidelity
  ✔ mandatory Stage click → Capacity Gap → explain it composes the Problem (374.622583ms)
  ✔ Test A: Scenario → Capacity Gap → explain it is Capacity Gap (65.332917ms)
  ✔ Test B: CSV → Capacity Gap → explain it is Capacity Gap (59.038958ms)
  ✔ Test C: Capacity Gap → Demand Surge → explain it is Demand Surge (46.583541ms)
  ✔ Test D: Scenario → Capacity KPI → explain it is Capacity (87.837291ms)
  ✔ Test E: Problem → Risk → explain it is Risk (42.969917ms)
  ✔ Test F: Scenario → Approve Repricing → explain it is the Decision (67.74225ms)
  ✔ Test G: Decision → Pricing Rollout → explain it is the Execution (44.111792ms)
  ✔ FIX2-FIX1: Scenario → CSV inventory → explain it is the CSV (63.903041ms)
  ✔ legitimate Demand Surge explain remains Scenario explanation (20.389875ms)
  ✔ look at Capacity Gap is navigation, not merged into explain (14.633625ms)
✔ MRA:3-FINAL-FIX1-FIX1 composition fidelity (888.119583ms)
[Topology][Flow] Generating flow layout
[Topology][Flow] Nodes: 8
[Topology][Flow] Connections: 7
[Topology][Flow] Generating flow layout
[Topology][Flow] Nodes: 2
[Topology][Flow] Connections: 1
[Topology][Flow] Generating flow layout
[Topology][Flow] Nodes: 8
[Topology][Flow] Connections: 7
[Topology][Flow] Generating flow layout
[Topology][Flow] Nodes: 2
[Topology][Flow] Connections: 1
[Topology][Flow] Generating flow layout
[Topology][Flow] Nodes: 8
[Topology][Flow] Connections: 7
[Topology][Flow] Generating flow layout
[Topology][Flow] Nodes: 2
[Topology][Flow] Connections: 1
[Topology][Flow] Generating flow layout
[Topology][Flow] Nodes: 8
[Topology][Flow] Connections: 7
[Topology][Flow] Generating flow layout
[Topology][Flow] Nodes: 2
[Topology][Flow] Connections: 1
[Topology][Flow] Generating flow layout
[Topology][Flow] Nodes: 8
[Topology][Flow] Connections: 7
[Topology][Flow] Generating flow layout
[Topology][Flow] Nodes: 2
[Topology][Flow] Connections: 1
[Topology][Flow] Generating flow layout
[Topology][Flow] Nodes: 8
[Topology][Flow] Connections: 7
[Topology][Flow] Generating flow layout
[Topology][Flow] Nodes: 2
[Topology][Flow] Connections: 1
[Topology][Flow] Generating flow layout
[Topology][Flow] Nodes: 8
[Topology][Flow] Connections: 7
[Topology][Flow] Generating flow layout
[Topology][Flow] Nodes: 2
[Topology][Flow] Connections: 1
[Topology][Flow] Generating flow layout
[Topology][Flow] Nodes: 8
[Topology][Flow] Connections: 7
[Topology][Flow] Generating flow layout
[Topology][Flow] Nodes: 2
[Topology][Flow] Connections: 1
[Topology][Flow] Generating flow layout
[Topology][Flow] Nodes: 8
[Topology][Flow] Connections: 7
[Topology][Flow] Generating flow layout
[Topology][Flow] Nodes: 2
[Topology][Flow] Connections: 1
[Topology][Flow] Generating flow layout
[Topology][Flow] Nodes: 8
[Topology][Flow] Connections: 7
[Topology][Flow] Generating flow layout
[Topology][Flow] Nodes: 2
[Topology][Flow] Connections: 1
[Topology][Flow] Generating flow layout
[Topology][Flow] Nodes: 8
[Topology][Flow] Connections: 7
[Topology][Flow] Generating flow layout
[Topology][Flow] Nodes: 2
[Topology][Flow] Connections: 1
[Topology][Flow] Generating flow layout
[Topology][Flow] Nodes: 8
[Topology][Flow] Connections: 7
[Topology][Flow] Generating flow layout
[Topology][Flow] Nodes: 2
[Topology][Flow] Connections: 1
[Topology][Flow] Generating flow layout
[Topology][Flow] Nodes: 8
[Topology][Flow] Connections: 7
[Topology][Flow] Generating flow layout
[Topology][Flow] Nodes: 2
[Topology][Flow] Connections: 1
[Topology][Flow] Generating flow layout
[Topology][Flow] Nodes: 8
[Topology][Flow] Connections: 7
[Topology][Flow] Generating flow layout
[Topology][Flow] Nodes: 2
[Topology][Flow] Connections: 1
[Topology][Flow] Generating flow layout
[Topology][Flow] Nodes: 8
[Topology][Flow] Connections: 7
[Topology][Flow] Generating flow layout
[Topology][Flow] Nodes: 2
[Topology][Flow] Connections: 1
[Topology][Flow] Generating flow layout
[Topology][Flow] Nodes: 8
[Topology][Flow] Connections: 7
[Topology][Flow] Generating flow layout
[Topology][Flow] Nodes: 2
[Topology][Flow] Connections: 1
[Topology][Flow] Generating flow layout
[Topology][Flow] Nodes: 8
[Topology][Flow] Connections: 7
[Topology][Flow] Generating flow layout
[Topology][Flow] Nodes: 2
[Topology][Flow] Connections: 1
[Topology][Flow] Generating flow layout
[Topology][Flow] Nodes: 8
[Topology][Flow] Connections: 7
[Topology][Flow] Generating flow layout
[Topology][Flow] Nodes: 2
[Topology][Flow] Connections: 1
[Topology][Flow] Generating flow layout
[Topology][Flow] Nodes: 8
[Topology][Flow] Connections: 7
[Topology][Flow] Generating flow layout
[Topology][Flow] Nodes: 2
[Topology][Flow] Connections: 1
[Topology][Flow] Generating flow layout
[Topology][Flow] Nodes: 8
[Topology][Flow] Connections: 7
[Topology][Flow] Generating flow layout
[Topology][Flow] Nodes: 2
[Topology][Flow] Connections: 1
[Topology][Flow] Generating flow layout
[Topology][Flow] Nodes: 8
[Topology][Flow] Connections: 7
[Topology][Flow] Generating flow layout
[Topology][Flow] Nodes: 2
[Topology][Flow] Connections: 1
[Topology][Flow] Generating flow layout
[Topology][Flow] Nodes: 8
[Topology][Flow] Connections: 7
[Topology][Flow] Generating flow layout
[Topology][Flow] Nodes: 2
[Topology][Flow] Connections: 1
[Topology][Flow] Generating flow layout
[Topology][Flow] Nodes: 8
[Topology][Flow] Connections: 7
[Topology][Flow] Generating flow layout
[Topology][Flow] Nodes: 2
[Topology][Flow] Connections: 1
[Topology][Flow] Generating flow layout
[Topology][Flow] Nodes: 8
[Topology][Flow] Connections: 7
[Topology][Flow] Generating flow layout
[Topology][Flow] Nodes: 2
[Topology][Flow] Connections: 1
[Topology][Flow] Generating flow layout
[Topology][Flow] Nodes: 8
[Topology][Flow] Connections: 7
[Topology][Flow] Generating flow layout
[Topology][Flow] Nodes: 2
[Topology][Flow] Connections: 1
[Topology][Flow] Generating flow layout
[Topology][Flow] Nodes: 8
[Topology][Flow] Connections: 7
[Topology][Flow] Generating flow layout
[Topology][Flow] Nodes: 2
[Topology][Flow] Connections: 1
[Topology][Flow] Generating flow layout
[Topology][Flow] Nodes: 8
[Topology][Flow] Connections: 7
[Topology][Flow] Generating flow layout
[Topology][Flow] Nodes: 2
[Topology][Flow] Connections: 1
[Topology][Flow] Generating flow layout
[Topology][Flow] Nodes: 8
[Topology][Flow] Connections: 7
[Topology][Flow] Generating flow layout
[Topology][Flow] Nodes: 2
[Topology][Flow] Connections: 1
[Topology][Flow] Generating flow layout
[Topology][Flow] Nodes: 8
[Topology][Flow] Connections: 7
[Topology][Hub] Generating hub layout
[Topology][Hub] Hub: Capacity
[Topology][Hub] Satellites: 5
[Topology][Hub] Connections: 5
[Topology][Flow] Generating flow layout
[Topology][Flow] Nodes: 8
[Topology][Flow] Connections: 7
[Topology][Hub] Generating hub layout
[Topology][Hub] Hub: Capacity
[Topology][Hub] Satellites: 5
[Topology][Hub] Connections: 5
[Topology][Flow] Generating flow layout
[Topology][Flow] Nodes: 8
[Topology][Flow] Connections: 7
[Topology][Hub] Generating hub layout
[Topology][Hub] Hub: Capacity
[Topology][Hub] Satellites: 5
[Topology][Hub] Connections: 5
[Topology][Flow] Generating flow layout
[Topology][Flow] Nodes: 8
[Topology][Flow] Connections: 7
[Topology][Hub] Generating hub layout
[Topology][Hub] Hub: Capacity
[Topology][Hub] Satellites: 5
[Topology][Hub] Connections: 5
[Topology][Flow] Generating flow layout
[Topology][Flow] Nodes: 8
[Topology][Flow] Connections: 7
[Topology][Hub] Generating hub layout
[Topology][Hub] Hub: Capacity
[Topology][Hub] Satellites: 5
[Topology][Hub] Connections: 5
[Topology][Flow] Generating flow layout
[Topology][Flow] Nodes: 8
[Topology][Flow] Connections: 7
[Topology][Flow] Generating flow layout
[Topology][Flow] Nodes: 2
[Topology][Flow] Connections: 1
[Topology][Flow] Generating flow layout
[Topology][Flow] Nodes: 8
[Topology][Flow] Connections: 7
[Topology][Flow] Generating flow layout
[Topology][Flow] Nodes: 2
[Topology][Flow] Connections: 1
[Topology][Flow] Generating flow layout
[Topology][Flow] Nodes: 8
[Topology][Flow] Connections: 7
[Topology][Flow] Generating flow layout
[Topology][Flow] Nodes: 2
[Topology][Flow] Connections: 1
[Topology][Flow] Generating flow layout
[Topology][Flow] Nodes: 8
[Topology][Flow] Connections: 7
[Topology][Flow] Generating flow layout
[Topology][Flow] Nodes: 2
[Topology][Flow] Connections: 1
[Topology][Flow] Generating flow layout
[Topology][Flow] Nodes: 8
[Topology][Flow] Connections: 7
[Topology][Flow] Generating flow layout
[Topology][Flow] Nodes: 2
[Topology][Flow] Connections: 1
[Topology][Flow] Generating flow layout
[Topology][Flow] Nodes: 8
[Topology][Flow] Connections: 7
[Topology][Flow] Generating flow layout
[Topology][Flow] Nodes: 2
[Topology][Flow] Connections: 1
[Topology][Flow] Generating flow layout
[Topology][Flow] Nodes: 8
[Topology][Flow] Connections: 7
[Topology][Flow] Generating flow layout
[Topology][Flow] Nodes: 2
[Topology][Flow] Connections: 1
[Topology][Flow] Generating flow layout
[Topology][Flow] Nodes: 8
[Topology][Flow] Connections: 7
[Topology][Flow] Generating flow layout
[Topology][Flow] Nodes: 2
[Topology][Flow] Connections: 1
[Topology][Flow] Generating flow layout
[Topology][Flow] Nodes: 8
[Topology][Flow] Connections: 7
[Topology][Flow] Generating flow layout
[Topology][Flow] Nodes: 2
[Topology][Flow] Connections: 1
[Topology][Flow] Generating flow layout
[Topology][Flow] Nodes: 8
[Topology][Flow] Connections: 7
[Topology][Flow] Generating flow layout
[Topology][Flow] Nodes: 2
[Topology][Flow] Connections: 1
[Topology][Flow] Generating flow layout
[Topology][Flow] Nodes: 8
[Topology][Flow] Connections: 7
[Topology][Flow] Generating flow layout
[Topology][Flow] Nodes: 2
[Topology][Flow] Connections: 1
[Topology][Flow] Generating flow layout
[Topology][Flow] Nodes: 8
[Topology][Flow] Connections: 7
[Topology][Flow] Generating flow layout
[Topology][Flow] Nodes: 2
[Topology][Flow] Connections: 1
[Topology][Flow] Generating flow layout
[Topology][Flow] Nodes: 8
[Topology][Flow] Connections: 7
[Topology][Flow] Generating flow layout
[Topology][Flow] Nodes: 2
[Topology][Flow] Connections: 1
[Topology][Flow] Generating flow layout
[Topology][Flow] Nodes: 8
[Topology][Flow] Connections: 7
[Topology][Flow] Generating flow layout
[Topology][Flow] Nodes: 2
[Topology][Flow] Connections: 1
[Topology][Flow] Generating flow layout
[Topology][Flow] Nodes: 8
[Topology][Flow] Connections: 7
[Topology][Flow] Generating flow layout
[Topology][Flow] Nodes: 2
[Topology][Flow] Connections: 1
[Topology][Flow] Generating flow layout
[Topology][Flow] Nodes: 8
[Topology][Flow] Connections: 7
[Topology][Flow] Generating flow layout
[Topology][Flow] Nodes: 2
[Topology][Flow] Connections: 1
[Topology][Flow] Generating flow layout
[Topology][Flow] Nodes: 8
[Topology][Flow] Connections: 7
[Topology][Flow] Generating flow layout
[Topology][Flow] Nodes: 2
[Topology][Flow] Connections: 1
[Topology][Flow] Generating flow layout
[Topology][Flow] Nodes: 8
[Topology][Flow] Connections: 7
[Topology][Flow] Generating flow layout
[Topology][Flow] Nodes: 2
[Topology][Flow] Connections: 1
[Topology][Flow] Generating flow layout
[Topology][Flow] Nodes: 8
[Topology][Flow] Connections: 7
[Topology][Flow] Generating flow layout
[Topology][Flow] Nodes: 2
[Topology][Flow] Connections: 1
[Topology][Flow] Generating flow layout
[Topology][Flow] Nodes: 8
[Topology][Flow] Connections: 7
[Topology][Flow] Generating flow layout
[Topology][Flow] Nodes: 2
[Topology][Flow] Connections: 1
[Topology][Flow] Generating flow layout
[Topology][Flow] Nodes: 8
[Topology][Flow] Connections: 7
[Topology][Flow] Generating flow layout
[Topology][Flow] Nodes: 2
[Topology][Flow] Connections: 1
[Topology][Flow] Generating flow layout
[Topology][Flow] Nodes: 8
[Topology][Flow] Connections: 7
[Topology][Flow] Generating flow layout
[Topology][Flow] Nodes: 2
[Topology][Flow] Connections: 1
[Topology][Flow] Generating flow layout
[Topology][Flow] Nodes: 8
[Topology][Flow] Connections: 7
[Topology][Flow] Generating flow layout
[Topology][Flow] Nodes: 2
[Topology][Flow] Connections: 1
[Topology][Flow] Generating flow layout
[Topology][Flow] Nodes: 8
[Topology][Flow] Connections: 7
[Topology][Flow] Generating flow layout
[Topology][Flow] Nodes: 2
[Topology][Flow] Connections: 1
[Topology][Flow] Generating flow layout
[Topology][Flow] Nodes: 8
[Topology][Flow] Connections: 7
[Topology][Flow] Generating flow layout
[Topology][Flow] Nodes: 2
[Topology][Flow] Connections: 1
[Topology][Flow] Generating flow layout
[Topology][Flow] Nodes: 8
[Topology][Flow] Connections: 7
[Topology][Flow] Generating flow layout
[Topology][Flow] Nodes: 2
[Topology][Flow] Connections: 1
[Topology][Flow] Generating flow layout
[Topology][Flow] Nodes: 8
[Topology][Flow] Connections: 7
[Topology][Flow] Generating flow layout
[Topology][Flow] Nodes: 2
[Topology][Flow] Connections: 1
[Topology][Flow] Generating flow layout
[Topology][Flow] Nodes: 8
[Topology][Flow] Connections: 7
[Topology][Flow] Generating flow layout
[Topology][Flow] Nodes: 2
[Topology][Flow] Connections: 1
[Topology][Flow] Generating flow layout
[Topology][Flow] Nodes: 8
[Topology][Flow] Connections: 7
[Topology][Flow] Generating flow layout
[Topology][Flow] Nodes: 2
[Topology][Flow] Connections: 1
[Topology][Flow] Generating flow layout
[Topology][Flow] Nodes: 8
[Topology][Flow] Connections: 7
[Topology][Flow] Generating flow layout
[Topology][Flow] Nodes: 2
[Topology][Flow] Connections: 1
[Topology][Flow] Generating flow layout
[Topology][Flow] Nodes: 8
[Topology][Flow] Connections: 7
[Topology][Flow] Generating flow layout
[Topology][Flow] Nodes: 2
[Topology][Flow] Connections: 1
[Topology][Flow] Generating flow layout
[Topology][Flow] Nodes: 8
[Topology][Flow] Connections: 7
[Topology][Flow] Generating flow layout
[Topology][Flow] Nodes: 2
[Topology][Flow] Connections: 1
[Topology][Flow] Generating flow layout
[Topology][Flow] Nodes: 8
[Topology][Flow] Connections: 7
[Topology][Flow] Generating flow layout
[Topology][Flow] Nodes: 2
[Topology][Flow] Connections: 1
[Topology][Flow] Generating flow layout
[Topology][Flow] Nodes: 8
[Topology][Flow] Connections: 7
[Topology][Flow] Generating flow layout
[Topology][Flow] Nodes: 2
[Topology][Flow] Connections: 1
[Topology][Flow] Generating flow layout
[Topology][Flow] Nodes: 8
[Topology][Flow] Connections: 7
[Topology][Flow] Generating flow layout
[Topology][Flow] Nodes: 2
[Topology][Flow] Connections: 1
[Topology][Flow] Generating flow layout
[Topology][Flow] Nodes: 8
[Topology][Flow] Connections: 7
[Topology][Flow] Generating flow layout
[Topology][Flow] Nodes: 2
[Topology][Flow] Connections: 1
[Topology][Flow] Generating flow layout
[Topology][Flow] Nodes: 8
[Topology][Flow] Connections: 7
[Topology][Hub] Generating hub layout
[Topology][Hub] Hub: Revenue
[Topology][Hub] Satellites: 4
[Topology][Hub] Connections: 4
[Topology][Flow] Generating flow layout
[Topology][Flow] Nodes: 8
[Topology][Flow] Connections: 7
[Topology][Flow] Generating flow layout
[Topology][Flow] Nodes: 2
[Topology][Flow] Connections: 1
[Topology][Flow] Generating flow layout
[Topology][Flow] Nodes: 8
[Topology][Flow] Connections: 7
[Topology][Flow] Generating flow layout
[Topology][Flow] Nodes: 2
[Topology][Flow] Connections: 1
[Topology][Flow] Generating flow layout
[Topology][Flow] Nodes: 8
[Topology][Flow] Connections: 7
[Topology][Flow] Generating flow layout
[Topology][Flow] Nodes: 2
[Topology][Flow] Connections: 1
[Topology][Flow] Generating flow layout
[Topology][Flow] Nodes: 8
[Topology][Flow] Connections: 7
[Topology][Flow] Generating flow layout
[Topology][Flow] Nodes: 2
[Topology][Flow] Connections: 1
[Topology][Flow] Generating flow layout
[Topology][Flow] Nodes: 8
[Topology][Flow] Connections: 7
[Topology][Flow] Generating flow layout
[Topology][Flow] Nodes: 2
[Topology][Flow] Connections: 1
[Topology][Flow] Generating flow layout
[Topology][Flow] Nodes: 8
[Topology][Flow] Connections: 7
[Topology][Flow] Generating flow layout
[Topology][Flow] Nodes: 2
[Topology][Flow] Connections: 1
[Topology][Flow] Generating flow layout
[Topology][Flow] Nodes: 8
[Topology][Flow] Connections: 7
[Topology][Flow] Generating flow layout
[Topology][Flow] Nodes: 2
[Topology][Flow] Connections: 1
[Topology][Flow] Generating flow layout
[Topology][Flow] Nodes: 8
[Topology][Flow] Connections: 7
[Topology][Flow] Generating flow layout
[Topology][Flow] Nodes: 2
[Topology][Flow] Connections: 1
[Topology][Flow] Generating flow layout
[Topology][Flow] Nodes: 8
[Topology][Flow] Connections: 7
[Topology][Flow] Generating flow layout
[Topology][Flow] Nodes: 2
[Topology][Flow] Connections: 1
[Topology][Flow] Generating flow layout
[Topology][Flow] Nodes: 8
[Topology][Flow] Connections: 7
[Topology][Flow] Generating flow layout
[Topology][Flow] Nodes: 2
[Topology][Flow] Connections: 1
[Topology][Flow] Generating flow layout
[Topology][Flow] Nodes: 8
[Topology][Flow] Connections: 7
[Topology][Flow] Generating flow layout
[Topology][Flow] Nodes: 2
[Topology][Flow] Connections: 1
[Topology][Flow] Generating flow layout
[Topology][Flow] Nodes: 8
[Topology][Flow] Connections: 7
[Topology][Flow] Generating flow layout
[Topology][Flow] Nodes: 2
[Topology][Flow] Connections: 1
[Topology][Flow] Generating flow layout
[Topology][Flow] Nodes: 8
[Topology][Flow] Connections: 7
[Topology][Flow] Generating flow layout
[Topology][Flow] Nodes: 2
[Topology][Flow] Connections: 1
[Topology][Flow] Generating flow layout
[Topology][Flow] Nodes: 8
[Topology][Flow] Connections: 7
[Topology][Flow] Generating flow layout
[Topology][Flow] Nodes: 2
[Topology][Flow] Connections: 1
[Topology][Flow] Generating flow layout
[Topology][Flow] Nodes: 8
[Topology][Flow] Connections: 7
[Topology][Flow] Generating flow layout
[Topology][Flow] Nodes: 2
[Topology][Flow] Connections: 1
[Topology][Flow] Generating flow layout
[Topology][Flow] Nodes: 8
[Topology][Flow] Connections: 7
[Topology][Flow] Generating flow layout
[Topology][Flow] Nodes: 2
[Topology][Flow] Connections: 1
[Topology][Flow] Generating flow layout
[Topology][Flow] Nodes: 8
[Topology][Flow] Connections: 7
[Topology][Flow] Generating flow layout
[Topology][Flow] Nodes: 2
[Topology][Flow] Connections: 1
▶ MRA:3-FINAL-FIX1 isolated/live referent parity (CC:5)
  ✔ Test A: Scenarios → CSV → Capacity Gap → explain it is Capacity Gap (369.639416ms)
  ✔ Test B: Scenarios → CSV → Margin Pressure → explain it is Margin Pressure (88.3105ms)
  ✔ Test C: CSV → KPI → explain it is the KPI (81.168625ms)
  ✔ Test D: Problem → Scenario → explain it is the Scenario (75.599375ms)
  ✔ Test E: Scenario → CSV inventory → explain it is the CSV (FIX2-FIX1) (38.06725ms)
  ✔ Test F: Decision → Execution → explain it is the Execution (42.293125ms)
  ✔ Stage click does not keep an older Stage object after the manager re-names Capacity Gap (91.300709ms)
  ✔ Test G: CSV → Problem → HELP → ambiguous it clarifies (70.708083ms)
✔ MRA:3-FINAL-FIX1 isolated/live referent parity (CC:5) (858.589416ms)
[Topology][Flow] Generating flow layout
[Topology][Flow] Nodes: 8
[Topology][Flow] Connections: 7
[Topology][Flow] Generating flow layout
[Topology][Flow] Nodes: 2
[Topology][Flow] Connections: 1
[Topology][Flow] Generating flow layout
[Topology][Flow] Nodes: 8
[Topology][Flow] Connections: 7
[Topology][Flow] Generating flow layout
[Topology][Flow] Nodes: 2
[Topology][Flow] Connections: 1
[Topology][Flow] Generating flow layout
[Topology][Flow] Nodes: 8
[Topology][Flow] Connections: 7
[Topology][Flow] Generating flow layout
[Topology][Flow] Nodes: 2
[Topology][Flow] Connections: 1
[Topology][Flow] Generating flow layout
[Topology][Flow] Nodes: 8
[Topology][Flow] Connections: 7
[Topology][Flow] Generating flow layout
[Topology][Flow] Nodes: 2
[Topology][Flow] Connections: 1
[Topology][Flow] Generating flow layout
[Topology][Flow] Nodes: 8
[Topology][Flow] Connections: 7
[Topology][Flow] Generating flow layout
[Topology][Flow] Nodes: 2
[Topology][Flow] Connections: 1
[Topology][Flow] Generating flow layout
[Topology][Flow] Nodes: 8
[Topology][Flow] Connections: 7
[Topology][Flow] Generating flow layout
[Topology][Flow] Nodes: 2
[Topology][Flow] Connections: 1
[Topology][Flow] Generating flow layout
[Topology][Flow] Nodes: 8
[Topology][Flow] Connections: 7
[Topology][Flow] Generating flow layout
[Topology][Flow] Nodes: 2
[Topology][Flow] Connections: 1
[Topology][Flow] Generating flow layout
[Topology][Flow] Nodes: 8
[Topology][Flow] Connections: 7
[Topology][Flow] Generating flow layout
[Topology][Flow] Nodes: 2
[Topology][Flow] Connections: 1
[Topology][Flow] Generating flow layout
[Topology][Flow] Nodes: 8
[Topology][Flow] Connections: 7
[Topology][Flow] Generating flow layout
[Topology][Flow] Nodes: 2
[Topology][Flow] Connections: 1
[Topology][Flow] Generating flow layout
[Topology][Flow] Nodes: 8
[Topology][Flow] Connections: 7
[Topology][Flow] Generating flow layout
[Topology][Flow] Nodes: 2
[Topology][Flow] Connections: 1
[Topology][Flow] Generating flow layout
[Topology][Flow] Nodes: 8
[Topology][Flow] Connections: 7
[Topology][Flow] Generating flow layout
[Topology][Flow] Nodes: 2
[Topology][Flow] Connections: 1
[Topology][Flow] Generating flow layout
[Topology][Flow] Nodes: 8
[Topology][Flow] Connections: 7
[Topology][Flow] Generating flow layout
[Topology][Flow] Nodes: 2
[Topology][Flow] Connections: 1
[Topology][Flow] Generating flow layout
[Topology][Flow] Nodes: 8
[Topology][Flow] Connections: 7
[Topology][Flow] Generating flow layout
[Topology][Flow] Nodes: 2
[Topology][Flow] Connections: 1
[Topology][Flow] Generating flow layout
[Topology][Flow] Nodes: 8
[Topology][Flow] Connections: 7
[Topology][Flow] Generating flow layout
[Topology][Flow] Nodes: 2
[Topology][Flow] Connections: 1
[Topology][Flow] Generating flow layout
[Topology][Flow] Nodes: 8
[Topology][Flow] Connections: 7
[Topology][Flow] Generating flow layout
[Topology][Flow] Nodes: 2
[Topology][Flow] Connections: 1
[Topology][Flow] Generating flow layout
[Topology][Flow] Nodes: 8
[Topology][Flow] Connections: 7
[Topology][Flow] Generating flow layout
[Topology][Flow] Nodes: 2
[Topology][Flow] Connections: 1
[Topology][Flow] Generating flow layout
[Topology][Flow] Nodes: 8
[Topology][Flow] Connections: 7
[Topology][Flow] Generating flow layout
[Topology][Flow] Nodes: 2
[Topology][Flow] Connections: 1
[Topology][Flow] Generating flow layout
[Topology][Flow] Nodes: 8
[Topology][Flow] Connections: 7
[Topology][Flow] Generating flow layout
[Topology][Flow] Nodes: 2
[Topology][Flow] Connections: 1
[Topology][Flow] Generating flow layout
[Topology][Flow] Nodes: 8
[Topology][Flow] Connections: 7
[Topology][Flow] Generating flow layout
[Topology][Flow] Nodes: 2
[Topology][Flow] Connections: 1
[Topology][Flow] Generating flow layout
[Topology][Flow] Nodes: 8
[Topology][Flow] Connections: 7
[Topology][Flow] Generating flow layout
[Topology][Flow] Nodes: 2
[Topology][Flow] Connections: 1
[Topology][Flow] Generating flow layout
[Topology][Flow] Nodes: 8
[Topology][Flow] Connections: 7
[Topology][Flow] Generating flow layout
[Topology][Flow] Nodes: 2
[Topology][Flow] Connections: 1
[Topology][Flow] Generating flow layout
[Topology][Flow] Nodes: 8
[Topology][Flow] Connections: 7
[Topology][Flow] Generating flow layout
[Topology][Flow] Nodes: 2
[Topology][Flow] Connections: 1
[Topology][Flow] Generating flow layout
[Topology][Flow] Nodes: 8
[Topology][Flow] Connections: 7
[Topology][Flow] Generating flow layout
[Topology][Flow] Nodes: 2
[Topology][Flow] Connections: 1
[Topology][Flow] Generating flow layout
[Topology][Flow] Nodes: 8
[Topology][Flow] Connections: 7
[Topology][Flow] Generating flow layout
[Topology][Flow] Nodes: 2
[Topology][Flow] Connections: 1
[Topology][Flow] Generating flow layout
[Topology][Flow] Nodes: 8
[Topology][Flow] Connections: 7
[Topology][Flow] Generating flow layout
[Topology][Flow] Nodes: 2
[Topology][Flow] Connections: 1
[Topology][Flow] Generating flow layout
[Topology][Flow] Nodes: 8
[Topology][Flow] Connections: 7
[Topology][Flow] Generating flow layout
[Topology][Flow] Nodes: 2
[Topology][Flow] Connections: 1
[Topology][Flow] Generating flow layout
[Topology][Flow] Nodes: 8
[Topology][Flow] Connections: 7
[Topology][Flow] Generating flow layout
[Topology][Flow] Nodes: 2
[Topology][Flow] Connections: 1
[Topology][Flow] Generating flow layout
[Topology][Flow] Nodes: 8
[Topology][Flow] Connections: 7
[Topology][Flow] Generating flow layout
[Topology][Flow] Nodes: 2
[Topology][Flow] Connections: 1
[Topology][Flow] Generating flow layout
[Topology][Flow] Nodes: 8
[Topology][Flow] Connections: 7
[Topology][Flow] Generating flow layout
[Topology][Flow] Nodes: 2
[Topology][Flow] Connections: 1
[Topology][Flow] Generating flow layout
[Topology][Flow] Nodes: 8
[Topology][Flow] Connections: 7
[Topology][Flow] Generating flow layout
[Topology][Flow] Nodes: 2
[Topology][Flow] Connections: 1
[Topology][Flow] Generating flow layout
[Topology][Flow] Nodes: 8
[Topology][Flow] Connections: 7
[Topology][Flow] Generating flow layout
[Topology][Flow] Nodes: 2
[Topology][Flow] Connections: 1
[Topology][Flow] Generating flow layout
[Topology][Flow] Nodes: 8
[Topology][Flow] Connections: 7
[Topology][Hub] Generating hub layout
[Topology][Hub] Hub: Capacity
[Topology][Hub] Satellites: 5
[Topology][Hub] Connections: 5
[Topology][Flow] Generating flow layout
[Topology][Flow] Nodes: 8
[Topology][Flow] Connections: 7
[Topology][Hub] Generating hub layout
[Topology][Hub] Hub: Capacity
[Topology][Hub] Satellites: 5
[Topology][Hub] Connections: 5
[Topology][Flow] Generating flow layout
[Topology][Flow] Nodes: 8
[Topology][Flow] Connections: 7
[Topology][Hub] Generating hub layout
[Topology][Hub] Hub: Capacity
[Topology][Hub] Satellites: 5
[Topology][Hub] Connections: 5
[Topology][Flow] Generating flow layout
[Topology][Flow] Nodes: 8
[Topology][Flow] Connections: 7
[Topology][Hub] Generating hub layout
[Topology][Hub] Hub: Capacity
[Topology][Hub] Satellites: 5
[Topology][Hub] Connections: 5
[Topology][Flow] Generating flow layout
[Topology][Flow] Nodes: 8
[Topology][Flow] Connections: 7
[Topology][Hub] Generating hub layout
[Topology][Hub] Hub: Capacity
[Topology][Hub] Satellites: 5
[Topology][Hub] Connections: 5
[Topology][Flow] Generating flow layout
[Topology][Flow] Nodes: 8
[Topology][Flow] Connections: 7
[Topology][Flow] Generating flow layout
[Topology][Flow] Nodes: 2
[Topology][Flow] Connections: 1
[Topology][Flow] Generating flow layout
[Topology][Flow] Nodes: 8
[Topology][Flow] Connections: 7
[Topology][Flow] Generating flow layout
[Topology][Flow] Nodes: 2
[Topology][Flow] Connections: 1
[Topology][Flow] Generating flow layout
[Topology][Flow] Nodes: 8
[Topology][Flow] Connections: 7
[Topology][Flow] Generating flow layout
[Topology][Flow] Nodes: 2
[Topology][Flow] Connections: 1
[Topology][Flow] Generating flow layout
[Topology][Flow] Nodes: 8
[Topology][Flow] Connections: 7
[Topology][Flow] Generating flow layout
[Topology][Flow] Nodes: 2
[Topology][Flow] Connections: 1
[Topology][Flow] Generating flow layout
[Topology][Flow] Nodes: 8
[Topology][Flow] Connections: 7
[Topology][Flow] Generating flow layout
[Topology][Flow] Nodes: 2
[Topology][Flow] Connections: 1
[Topology][Flow] Generating flow layout
[Topology][Flow] Nodes: 8
[Topology][Flow] Connections: 7
[Topology][Flow] Generating flow layout
[Topology][Flow] Nodes: 2
[Topology][Flow] Connections: 1
[Topology][Flow] Generating flow layout
[Topology][Flow] Nodes: 8
[Topology][Flow] Connections: 7
[Topology][Flow] Generating flow layout
[Topology][Flow] Nodes: 2
[Topology][Flow] Connections: 1
[Topology][Flow] Generating flow layout
[Topology][Flow] Nodes: 8
[Topology][Flow] Connections: 7
[Topology][Flow] Generating flow layout
[Topology][Flow] Nodes: 2
[Topology][Flow] Connections: 1
[Topology][Flow] Generating flow layout
[Topology][Flow] Nodes: 8
[Topology][Flow] Connections: 7
[Topology][Flow] Generating flow layout
[Topology][Flow] Nodes: 2
[Topology][Flow] Connections: 1
[Topology][Flow] Generating flow layout
[Topology][Flow] Nodes: 8
[Topology][Flow] Connections: 7
[Topology][Flow] Generating flow layout
[Topology][Flow] Nodes: 2
[Topology][Flow] Connections: 1
[Topology][Flow] Generating flow layout
[Topology][Flow] Nodes: 8
[Topology][Flow] Connections: 7
[Topology][Flow] Generating flow layout
[Topology][Flow] Nodes: 2
[Topology][Flow] Connections: 1
[Topology][Flow] Generating flow layout
[Topology][Flow] Nodes: 8
[Topology][Flow] Connections: 7
[Topology][Flow] Generating flow layout
[Topology][Flow] Nodes: 2
[Topology][Flow] Connections: 1
[Topology][Flow] Generating flow layout
[Topology][Flow] Nodes: 8
[Topology][Flow] Connections: 7
[Topology][Flow] Generating flow layout
[Topology][Flow] Nodes: 2
[Topology][Flow] Connections: 1
[Topology][Flow] Generating flow layout
[Topology][Flow] Nodes: 8
[Topology][Flow] Connections: 7
[Topology][Flow] Generating flow layout
[Topology][Flow] Nodes: 2
[Topology][Flow] Connections: 1
[Topology][Flow] Generating flow layout
[Topology][Flow] Nodes: 8
[Topology][Flow] Connections: 7
[Topology][Flow] Generating flow layout
[Topology][Flow] Nodes: 2
[Topology][Flow] Connections: 1
[Topology][Flow] Generating flow layout
[Topology][Flow] Nodes: 8
[Topology][Flow] Connections: 7
[Topology][Flow] Generating flow layout
[Topology][Flow] Nodes: 2
[Topology][Flow] Connections: 1
[Topology][Flow] Generating flow layout
[Topology][Flow] Nodes: 8
[Topology][Flow] Connections: 7
[Topology][Flow] Generating flow layout
[Topology][Flow] Nodes: 2
[Topology][Flow] Connections: 1
[Topology][Flow] Generating flow layout
[Topology][Flow] Nodes: 8
[Topology][Flow] Connections: 7
[Topology][Flow] Generating flow layout
[Topology][Flow] Nodes: 2
[Topology][Flow] Connections: 1
[Topology][Flow] Generating flow layout
[Topology][Flow] Nodes: 8
[Topology][Flow] Connections: 7
[Topology][Flow] Generating flow layout
[Topology][Flow] Nodes: 2
[Topology][Flow] Connections: 1
[Topology][Flow] Generating flow layout
[Topology][Flow] Nodes: 8
[Topology][Flow] Connections: 7
[Topology][Flow] Generating flow layout
[Topology][Flow] Nodes: 2
[Topology][Flow] Connections: 1
[Topology][Flow] Generating flow layout
[Topology][Flow] Nodes: 8
[Topology][Flow] Connections: 7
[Topology][Flow] Generating flow layout
[Topology][Flow] Nodes: 2
[Topology][Flow] Connections: 1
[Topology][Flow] Generating flow layout
[Topology][Flow] Nodes: 8
[Topology][Flow] Connections: 7
[Topology][Flow] Generating flow layout
[Topology][Flow] Nodes: 2
[Topology][Flow] Connections: 1
[Topology][Flow] Generating flow layout
[Topology][Flow] Nodes: 8
[Topology][Flow] Connections: 7
[Topology][Flow] Generating flow layout
[Topology][Flow] Nodes: 2
[Topology][Flow] Connections: 1
[Topology][Flow] Generating flow layout
[Topology][Flow] Nodes: 8
[Topology][Flow] Connections: 7
[Topology][Flow] Generating flow layout
[Topology][Flow] Nodes: 2
[Topology][Flow] Connections: 1
[Topology][Flow] Generating flow layout
[Topology][Flow] Nodes: 8
[Topology][Flow] Connections: 7
[Topology][Flow] Generating flow layout
[Topology][Flow] Nodes: 2
[Topology][Flow] Connections: 1
[Topology][Flow] Generating flow layout
[Topology][Flow] Nodes: 8
[Topology][Flow] Connections: 7
[Topology][Flow] Generating flow layout
[Topology][Flow] Nodes: 2
[Topology][Flow] Connections: 1
[Topology][Flow] Generating flow layout
[Topology][Flow] Nodes: 8
[Topology][Flow] Connections: 7
[Topology][Flow] Generating flow layout
[Topology][Flow] Nodes: 2
[Topology][Flow] Connections: 1
[Topology][Flow] Generating flow layout
[Topology][Flow] Nodes: 8
[Topology][Flow] Connections: 7
[Topology][Flow] Generating flow layout
[Topology][Flow] Nodes: 2
[Topology][Flow] Connections: 1
[Topology][Flow] Generating flow layout
[Topology][Flow] Nodes: 8
[Topology][Flow] Connections: 7
[Topology][Flow] Generating flow layout
[Topology][Flow] Nodes: 2
[Topology][Flow] Connections: 1
[Topology][Flow] Generating flow layout
[Topology][Flow] Nodes: 8
[Topology][Flow] Connections: 7
[Topology][Flow] Generating flow layout
[Topology][Flow] Nodes: 2
[Topology][Flow] Connections: 1
[Topology][Flow] Generating flow layout
[Topology][Flow] Nodes: 8
[Topology][Flow] Connections: 7
[Topology][Flow] Generating flow layout
[Topology][Flow] Nodes: 2
[Topology][Flow] Connections: 1
[Topology][Flow] Generating flow layout
[Topology][Flow] Nodes: 8
[Topology][Flow] Connections: 7
[Topology][Flow] Generating flow layout
[Topology][Flow] Nodes: 2
[Topology][Flow] Connections: 1
[Topology][Flow] Generating flow layout
[Topology][Flow] Nodes: 8
[Topology][Flow] Connections: 7
[Topology][Flow] Generating flow layout
[Topology][Flow] Nodes: 2
[Topology][Flow] Connections: 1
[Topology][Flow] Generating flow layout
[Topology][Flow] Nodes: 8
[Topology][Flow] Connections: 7
[Topology][Flow] Generating flow layout
[Topology][Flow] Nodes: 2
[Topology][Flow] Connections: 1
[Topology][Flow] Generating flow layout
[Topology][Flow] Nodes: 8
[Topology][Flow] Connections: 7
[Topology][Flow] Generating flow layout
[Topology][Flow] Nodes: 2
[Topology][Flow] Connections: 1
[Topology][Flow] Generating flow layout
[Topology][Flow] Nodes: 8
[Topology][Flow] Connections: 7
[Topology][Hub] Generating hub layout
[Topology][Hub] Hub: Delivery
[Topology][Hub] Satellites: 5
[Topology][Hub] Connections: 5
[Topology][Flow] Generating flow layout
[Topology][Flow] Nodes: 8
[Topology][Flow] Connections: 7
[Topology][Hub] Generating hub layout
[Topology][Hub] Hub: Delivery
[Topology][Hub] Satellites: 5
[Topology][Hub] Connections: 5
[Topology][Flow] Generating flow layout
[Topology][Flow] Nodes: 8
[Topology][Flow] Connections: 7
[Topology][Flow] Generating flow layout
[Topology][Flow] Nodes: 2
[Topology][Flow] Connections: 1
[Topology][Flow] Generating flow layout
[Topology][Flow] Nodes: 8
[Topology][Flow] Connections: 7
[Topology][Hub] Generating hub layout
[Topology][Hub] Hub: Delivery
[Topology][Hub] Satellites: 5
[Topology][Hub] Connections: 5
[Topology][Flow] Generating flow layout
[Topology][Flow] Nodes: 8
[Topology][Flow] Connections: 7
[Topology][Hub] Generating hub layout
[Topology][Hub] Hub: Delivery
[Topology][Hub] Satellites: 5
[Topology][Hub] Connections: 5
[Topology][Flow] Generating flow layout
[Topology][Flow] Nodes: 8
[Topology][Flow] Connections: 7
[Topology][Hub] Generating hub layout
[Topology][Hub] Hub: Delivery
[Topology][Hub] Satellites: 5
[Topology][Hub] Connections: 5
[Topology][Flow] Generating flow layout
[Topology][Flow] Nodes: 8
[Topology][Flow] Connections: 7
[Topology][Hub] Generating hub layout
[Topology][Hub] Hub: Delivery
[Topology][Hub] Satellites: 5
[Topology][Hub] Connections: 5
▶ MRA:3-FIX2-FIX1 cross-domain referential continuity
  ✔ Test A: Scenarios → CSV inventory → explain it resolves the CSV (293.409875ms)
  ✔ Test B: CSV → Capacity Gap → explain it resolves the Problem (120.732792ms)
  ✔ Test C: Problem → Scenario → explain it resolves the Scenario (61.889917ms)
  ✔ Test D: Scenario → KPI → explain it resolves Capacity (65.915041ms)
  ✔ Test E: unique CSV inventory → tell me more about it stays on the CSV (32.142041ms)
  ✔ Test F: CSV then unrelated question then it does not guess (44.820916ms)
  ✔ Decision then named Execution then explain it follows the newer referent (33.697541ms)
  ✔ FIX2 first-problem then explain it still binds Capacity Gap (85.991208ms)
✔ MRA:3-FIX2-FIX1 cross-domain referential continuity (739.408333ms)
[Topology][Flow] Generating flow layout
[Topology][Flow] Nodes: 8
[Topology][Flow] Connections: 7
[Topology][Flow] Generating flow layout
[Topology][Flow] Nodes: 2
[Topology][Flow] Connections: 1
[Topology][Flow] Generating flow layout
[Topology][Flow] Nodes: 8
[Topology][Flow] Connections: 7
[Topology][Hub] Generating hub layout
[Topology][Hub] Hub: Delivery
[Topology][Hub] Satellites: 5
[Topology][Hub] Connections: 5
[Topology][Flow] Generating flow layout
[Topology][Flow] Nodes: 8
[Topology][Flow] Connections: 7
[Topology][Hub] Generating hub layout
[Topology][Hub] Hub: Delivery
[Topology][Hub] Satellites: 5
[Topology][Hub] Connections: 5
[Topology][Flow] Generating flow layout
[Topology][Flow] Nodes: 8
[Topology][Flow] Connections: 7
[Topology][Hub] Generating hub layout
[Topology][Hub] Hub: Delivery
[Topology][Hub] Satellites: 5
[Topology][Hub] Connections: 5
[Topology][Flow] Generating flow layout
[Topology][Flow] Nodes: 8
[Topology][Flow] Connections: 7
[Topology][Hub] Generating hub layout
[Topology][Hub] Hub: Delivery
[Topology][Hub] Satellites: 5
[Topology][Hub] Connections: 5
[Topology][Flow] Generating flow layout
[Topology][Flow] Nodes: 8
[Topology][Flow] Connections: 7
[Topology][Hub] Generating hub layout
[Topology][Hub] Hub: Delivery
[Topology][Hub] Satellites: 5
[Topology][Hub] Connections: 5
[Topology][Flow] Generating flow layout
[Topology][Flow] Nodes: 8
[Topology][Flow] Connections: 7
[Topology][Hub] Generating hub layout
[Topology][Hub] Hub: Delivery
[Topology][Hub] Satellites: 5
[Topology][Hub] Connections: 5
[Topology][Flow] Generating flow layout
[Topology][Flow] Nodes: 8
[Topology][Flow] Connections: 7
[Topology][Hub] Generating hub layout
[Topology][Hub] Hub: Delivery
[Topology][Hub] Satellites: 5
[Topology][Hub] Connections: 5
[Topology][Flow] Generating flow layout
[Topology][Flow] Nodes: 8
[Topology][Flow] Connections: 7
[Topology][Hub] Generating hub layout
[Topology][Hub] Hub: Delivery
[Topology][Hub] Satellites: 5
[Topology][Hub] Connections: 5
[Topology][Flow] Generating flow layout
[Topology][Flow] Nodes: 8
[Topology][Flow] Connections: 7
[Topology][Hub] Generating hub layout
[Topology][Hub] Hub: Delivery
[Topology][Hub] Satellites: 5
[Topology][Hub] Connections: 5
[Topology][Flow] Generating flow layout
[Topology][Flow] Nodes: 8
[Topology][Flow] Connections: 7
[Topology][Hub] Generating hub layout
[Topology][Hub] Hub: Delivery
[Topology][Hub] Satellites: 5
[Topology][Hub] Connections: 5
[Topology][Flow] Generating flow layout
[Topology][Flow] Nodes: 8
[Topology][Flow] Connections: 7
[Topology][Hub] Generating hub layout
[Topology][Hub] Hub: Delivery
[Topology][Hub] Satellites: 5
[Topology][Hub] Connections: 5
[Topology][Flow] Generating flow layout
[Topology][Flow] Nodes: 8
[Topology][Flow] Connections: 7
[Topology][Hub] Generating hub layout
[Topology][Hub] Hub: Delivery
[Topology][Hub] Satellites: 5
[Topology][Hub] Connections: 5
[Topology][Flow] Generating flow layout
[Topology][Flow] Nodes: 8
[Topology][Flow] Connections: 7
[Topology][Hub] Generating hub layout
[Topology][Hub] Hub: Delivery
[Topology][Hub] Satellites: 5
[Topology][Hub] Connections: 5
[Topology][Flow] Generating flow layout
[Topology][Flow] Nodes: 8
[Topology][Flow] Connections: 7
[Topology][Hub] Generating hub layout
[Topology][Hub] Hub: Delivery
[Topology][Hub] Satellites: 5
[Topology][Hub] Connections: 5
[Topology][Flow] Generating flow layout
[Topology][Flow] Nodes: 8
[Topology][Flow] Connections: 7
[Topology][Flow] Generating flow layout
[Topology][Flow] Nodes: 2
[Topology][Flow] Connections: 1
[Topology][Flow] Generating flow layout
[Topology][Flow] Nodes: 8
[Topology][Flow] Connections: 7
[Topology][Flow] Generating flow layout
[Topology][Flow] Nodes: 2
[Topology][Flow] Connections: 1
[Topology][Flow] Generating flow layout
[Topology][Flow] Nodes: 8
[Topology][Flow] Connections: 7
[Topology][Flow] Generating flow layout
[Topology][Flow] Nodes: 2
[Topology][Flow] Connections: 1
[Topology][Flow] Generating flow layout
[Topology][Flow] Nodes: 8
[Topology][Flow] Connections: 7
[Topology][Flow] Generating flow layout
[Topology][Flow] Nodes: 2
[Topology][Flow] Connections: 1
[Topology][Flow] Generating flow layout
[Topology][Flow] Nodes: 8
[Topology][Flow] Connections: 7
[Topology][Flow] Generating flow layout
[Topology][Flow] Nodes: 2
[Topology][Flow] Connections: 1
[Topology][Flow] Generating flow layout
[Topology][Flow] Nodes: 8
[Topology][Flow] Connections: 7
[Topology][Flow] Generating flow layout
[Topology][Flow] Nodes: 2
[Topology][Flow] Connections: 1
[Topology][Flow] Generating flow layout
[Topology][Flow] Nodes: 8
[Topology][Flow] Connections: 7
[Topology][Flow] Generating flow layout
[Topology][Flow] Nodes: 2
[Topology][Flow] Connections: 1
[Topology][Flow] Generating flow layout
[Topology][Flow] Nodes: 8
[Topology][Flow] Connections: 7
[Topology][Flow] Generating flow layout
[Topology][Flow] Nodes: 2
[Topology][Flow] Connections: 1
[Topology][Flow] Generating flow layout
[Topology][Flow] Nodes: 8
[Topology][Flow] Connections: 7
[Topology][Flow] Generating flow layout
[Topology][Flow] Nodes: 2
[Topology][Flow] Connections: 1
[Topology][Flow] Generating flow layout
[Topology][Flow] Nodes: 8
[Topology][Flow] Connections: 7
[Topology][Flow] Generating flow layout
[Topology][Flow] Nodes: 2
[Topology][Flow] Connections: 1
[Topology][Flow] Generating flow layout
[Topology][Flow] Nodes: 8
[Topology][Flow] Connections: 7
[Topology][Flow] Generating flow layout
[Topology][Flow] Nodes: 2
[Topology][Flow] Connections: 1
[Topology][Flow] Generating flow layout
[Topology][Flow] Nodes: 8
[Topology][Flow] Connections: 7
[Topology][Flow] Generating flow layout
[Topology][Flow] Nodes: 2
[Topology][Flow] Connections: 1
[Topology][Flow] Generating flow layout
[Topology][Flow] Nodes: 8
[Topology][Flow] Connections: 7
[Topology][Flow] Generating flow layout
[Topology][Flow] Nodes: 2
[Topology][Flow] Connections: 1
[Topology][Flow] Generating flow layout
[Topology][Flow] Nodes: 8
[Topology][Flow] Connections: 7
[Topology][Hub] Generating hub layout
[Topology][Hub] Hub: Delivery
[Topology][Hub] Satellites: 5
[Topology][Hub] Connections: 5
[Topology][Flow] Generating flow layout
[Topology][Flow] Nodes: 8
[Topology][Flow] Connections: 7
[Topology][Hub] Generating hub layout
[Topology][Hub] Hub: Delivery
[Topology][Hub] Satellites: 5
[Topology][Hub] Connections: 5
[Topology][Flow] Generating flow layout
[Topology][Flow] Nodes: 8
[Topology][Flow] Connections: 7
[Topology][Hub] Generating hub layout
[Topology][Hub] Hub: Delivery
[Topology][Hub] Satellites: 5
[Topology][Hub] Connections: 5
[Topology][Flow] Generating flow layout
[Topology][Flow] Nodes: 8
[Topology][Flow] Connections: 7
[Topology][Hub] Generating hub layout
[Topology][Hub] Hub: Capacity
[Topology][Hub] Satellites: 5
[Topology][Hub] Connections: 5
[Topology][Flow] Generating flow layout
[Topology][Flow] Nodes: 8
[Topology][Flow] Connections: 7
[Topology][Hub] Generating hub layout
[Topology][Hub] Hub: Capacity
[Topology][Hub] Satellites: 5
[Topology][Hub] Connections: 5
[Topology][Flow] Generating flow layout
[Topology][Flow] Nodes: 8
[Topology][Flow] Connections: 7
[Topology][Hub] Generating hub layout
[Topology][Hub] Hub: Capacity
[Topology][Hub] Satellites: 5
[Topology][Hub] Connections: 5
[Topology][Flow] Generating flow layout
[Topology][Flow] Nodes: 8
[Topology][Flow] Connections: 7
[Topology][Hub] Generating hub layout
[Topology][Hub] Hub: Capacity
[Topology][Hub] Satellites: 5
[Topology][Hub] Connections: 5
[Topology][Flow] Generating flow layout
[Topology][Flow] Nodes: 8
[Topology][Flow] Connections: 7
[Topology][Hub] Generating hub layout
[Topology][Hub] Hub: Capacity
[Topology][Hub] Satellites: 5
[Topology][Hub] Connections: 5
[Topology][Flow] Generating flow layout
[Topology][Flow] Nodes: 8
[Topology][Flow] Connections: 7
[Topology][Hub] Generating hub layout
[Topology][Hub] Hub: Capacity
[Topology][Hub] Satellites: 5
[Topology][Hub] Connections: 5
[Topology][Flow] Generating flow layout
[Topology][Flow] Nodes: 8
[Topology][Flow] Connections: 7
[Topology][Hub] Generating hub layout
[Topology][Hub] Hub: Capacity
[Topology][Hub] Satellites: 5
[Topology][Hub] Connections: 5
[Topology][Flow] Generating flow layout
[Topology][Flow] Nodes: 8
[Topology][Flow] Connections: 7
[Topology][Hub] Generating hub layout
[Topology][Hub] Hub: Capacity
[Topology][Hub] Satellites: 5
[Topology][Hub] Connections: 5
[Topology][Flow] Generating flow layout
[Topology][Flow] Nodes: 8
[Topology][Flow] Connections: 7
[Topology][Flow] Generating flow layout
[Topology][Flow] Nodes: 2
[Topology][Flow] Connections: 1
[Topology][Flow] Generating flow layout
[Topology][Flow] Nodes: 8
[Topology][Flow] Connections: 7
[Topology][Flow] Generating flow layout
[Topology][Flow] Nodes: 2
[Topology][Flow] Connections: 1
[Topology][Flow] Generating flow layout
[Topology][Flow] Nodes: 8
[Topology][Flow] Connections: 7
[Topology][Flow] Generating flow layout
[Topology][Flow] Nodes: 2
[Topology][Flow] Connections: 1
[Topology][Flow] Generating flow layout
[Topology][Flow] Nodes: 8
[Topology][Flow] Connections: 7
[Topology][Flow] Generating flow layout
[Topology][Flow] Nodes: 2
[Topology][Flow] Connections: 1
[Topology][Flow] Generating flow layout
[Topology][Flow] Nodes: 8
[Topology][Flow] Connections: 7
[Topology][Flow] Generating flow layout
[Topology][Flow] Nodes: 2
[Topology][Flow] Connections: 1
[Topology][Flow] Generating flow layout
[Topology][Flow] Nodes: 8
[Topology][Flow] Connections: 7
[Topology][Flow] Generating flow layout
[Topology][Flow] Nodes: 2
[Topology][Flow] Connections: 1
[Topology][Flow] Generating flow layout
[Topology][Flow] Nodes: 8
[Topology][Flow] Connections: 7
[Topology][Flow] Generating flow layout
[Topology][Flow] Nodes: 2
[Topology][Flow] Connections: 1
[Topology][Flow] Generating flow layout
[Topology][Flow] Nodes: 8
[Topology][Flow] Connections: 7
[Topology][Flow] Generating flow layout
[Topology][Flow] Nodes: 2
[Topology][Flow] Connections: 1
[Topology][Flow] Generating flow layout
[Topology][Flow] Nodes: 8
[Topology][Flow] Connections: 7
[Topology][Flow] Generating flow layout
[Topology][Flow] Nodes: 2
[Topology][Flow] Connections: 1
[Topology][Flow] Generating flow layout
[Topology][Flow] Nodes: 8
[Topology][Flow] Connections: 7
[Topology][Flow] Generating flow layout
[Topology][Flow] Nodes: 2
[Topology][Flow] Connections: 1
[Topology][Flow] Generating flow layout
[Topology][Flow] Nodes: 8
[Topology][Flow] Connections: 7
[Topology][Flow] Generating flow layout
[Topology][Flow] Nodes: 2
[Topology][Flow] Connections: 1
[Topology][Flow] Generating flow layout
[Topology][Flow] Nodes: 8
[Topology][Flow] Connections: 7
[Topology][Flow] Generating flow layout
[Topology][Flow] Nodes: 2
[Topology][Flow] Connections: 1
[Topology][Flow] Generating flow layout
[Topology][Flow] Nodes: 8
[Topology][Flow] Connections: 7
[Topology][Flow] Generating flow layout
[Topology][Flow] Nodes: 2
[Topology][Flow] Connections: 1
[Topology][Flow] Generating flow layout
[Topology][Flow] Nodes: 8
[Topology][Flow] Connections: 7
[Topology][Flow] Generating flow layout
[Topology][Flow] Nodes: 2
[Topology][Flow] Connections: 1
[Topology][Flow] Generating flow layout
[Topology][Flow] Nodes: 8
[Topology][Flow] Connections: 7
[Topology][Flow] Generating flow layout
[Topology][Flow] Nodes: 2
[Topology][Flow] Connections: 1
[Topology][Flow] Generating flow layout
[Topology][Flow] Nodes: 8
[Topology][Flow] Connections: 7
[Topology][Flow] Generating flow layout
[Topology][Flow] Nodes: 2
[Topology][Flow] Connections: 1
[Topology][Flow] Generating flow layout
[Topology][Flow] Nodes: 8
[Topology][Flow] Connections: 7
[Topology][Flow] Generating flow layout
[Topology][Flow] Nodes: 2
[Topology][Flow] Connections: 1
[Topology][Flow] Generating flow layout
[Topology][Flow] Nodes: 8
[Topology][Flow] Connections: 7
[Topology][Flow] Generating flow layout
[Topology][Flow] Nodes: 2
[Topology][Flow] Connections: 1
[Topology][Flow] Generating flow layout
[Topology][Flow] Nodes: 8
[Topology][Flow] Connections: 7
[Topology][Flow] Generating flow layout
[Topology][Flow] Nodes: 2
[Topology][Flow] Connections: 1
[Topology][Flow] Generating flow layout
[Topology][Flow] Nodes: 8
[Topology][Flow] Connections: 7
[Topology][Hub] Generating hub layout
[Topology][Hub] Hub: Capacity
[Topology][Hub] Satellites: 5
[Topology][Hub] Connections: 5
[Topology][Flow] Generating flow layout
[Topology][Flow] Nodes: 8
[Topology][Flow] Connections: 7
[Topology][Hub] Generating hub layout
[Topology][Hub] Hub: Capacity
[Topology][Hub] Satellites: 5
[Topology][Hub] Connections: 5
[Topology][Flow] Generating flow layout
[Topology][Flow] Nodes: 8
[Topology][Flow] Connections: 7
[Topology][Flow] Generating flow layout
[Topology][Flow] Nodes: 2
[Topology][Flow] Connections: 1
[Topology][Flow] Generating flow layout
[Topology][Flow] Nodes: 8
[Topology][Flow] Connections: 7
[Topology][Flow] Generating flow layout
[Topology][Flow] Nodes: 2
[Topology][Flow] Connections: 1
[Topology][Flow] Generating flow layout
[Topology][Flow] Nodes: 8
[Topology][Flow] Connections: 7
[Topology][Flow] Generating flow layout
[Topology][Flow] Nodes: 2
[Topology][Flow] Connections: 1
[Topology][Flow] Generating flow layout
[Topology][Flow] Nodes: 8
[Topology][Flow] Connections: 7
[Topology][Flow] Generating flow layout
[Topology][Flow] Nodes: 2
[Topology][Flow] Connections: 1
[Topology][Flow] Generating flow layout
[Topology][Flow] Nodes: 8
[Topology][Flow] Connections: 7
[Topology][Flow] Generating flow layout
[Topology][Flow] Nodes: 2
[Topology][Flow] Connections: 1
[Topology][Flow] Generating flow layout
[Topology][Flow] Nodes: 8
[Topology][Flow] Connections: 7
[Topology][Flow] Generating flow layout
[Topology][Flow] Nodes: 2
[Topology][Flow] Connections: 1
[Topology][Flow] Generating flow layout
[Topology][Flow] Nodes: 8
[Topology][Flow] Connections: 7
[Topology][Flow] Generating flow layout
[Topology][Flow] Nodes: 2
[Topology][Flow] Connections: 1
[Topology][Flow] Generating flow layout
[Topology][Flow] Nodes: 8
[Topology][Flow] Connections: 7
[Topology][Flow] Generating flow layout
[Topology][Flow] Nodes: 2
[Topology][Flow] Connections: 1
[Topology][Flow] Generating flow layout
[Topology][Flow] Nodes: 8
[Topology][Flow] Connections: 7
[Topology][Hub] Generating hub layout
[Topology][Hub] Hub: Delivery
[Topology][Hub] Satellites: 5
[Topology][Hub] Connections: 5
[Topology][Flow] Generating flow layout
[Topology][Flow] Nodes: 8
[Topology][Flow] Connections: 7
[Topology][Hub] Generating hub layout
[Topology][Hub] Hub: Delivery
[Topology][Hub] Satellites: 5
[Topology][Hub] Connections: 5
[Topology][Flow] Generating flow layout
[Topology][Flow] Nodes: 8
[Topology][Flow] Connections: 7
[Topology][Flow] Generating flow layout
[Topology][Flow] Nodes: 2
[Topology][Flow] Connections: 1
[Topology][Flow] Generating flow layout
[Topology][Flow] Nodes: 8
[Topology][Flow] Connections: 7
[Topology][Hub] Generating hub layout
[Topology][Hub] Hub: Delivery
[Topology][Hub] Satellites: 5
[Topology][Hub] Connections: 5
[Topology][Flow] Generating flow layout
[Topology][Flow] Nodes: 8
[Topology][Flow] Connections: 7
[Topology][Hub] Generating hub layout
[Topology][Hub] Hub: Delivery
[Topology][Hub] Satellites: 5
[Topology][Hub] Connections: 5
[Topology][Flow] Generating flow layout
[Topology][Flow] Nodes: 8
[Topology][Flow] Connections: 7
[Topology][Hub] Generating hub layout
[Topology][Hub] Hub: Delivery
[Topology][Hub] Satellites: 5
[Topology][Hub] Connections: 5
[Topology][Flow] Generating flow layout
[Topology][Flow] Nodes: 8
[Topology][Flow] Connections: 7
[Topology][Hub] Generating hub layout
[Topology][Hub] Hub: Delivery
[Topology][Hub] Satellites: 5
[Topology][Hub] Connections: 5
[Topology][Flow] Generating flow layout
[Topology][Flow] Nodes: 8
[Topology][Flow] Connections: 7
[Topology][Flow] Generating flow layout
[Topology][Flow] Nodes: 2
[Topology][Flow] Connections: 1
[Topology][Flow] Generating flow layout
[Topology][Flow] Nodes: 8
[Topology][Flow] Connections: 7
[Topology][Flow] Generating flow layout
[Topology][Flow] Nodes: 2
[Topology][Flow] Connections: 1
[Topology][Flow] Generating flow layout
[Topology][Flow] Nodes: 8
[Topology][Flow] Connections: 7
[Topology][Flow] Generating flow layout
[Topology][Flow] Nodes: 2
[Topology][Flow] Connections: 1
[Topology][Flow] Generating flow layout
[Topology][Flow] Nodes: 8
[Topology][Flow] Connections: 7
[Topology][Flow] Generating flow layout
[Topology][Flow] Nodes: 2
[Topology][Flow] Connections: 1
[Topology][Flow] Generating flow layout
[Topology][Flow] Nodes: 8
[Topology][Flow] Connections: 7
[Topology][Flow] Generating flow layout
[Topology][Flow] Nodes: 2
[Topology][Flow] Connections: 1
[Topology][Flow] Generating flow layout
[Topology][Flow] Nodes: 8
[Topology][Flow] Connections: 7
[Topology][Flow] Generating flow layout
[Topology][Flow] Nodes: 2
[Topology][Flow] Connections: 1
[Topology][Flow] Generating flow layout
[Topology][Flow] Nodes: 8
[Topology][Flow] Connections: 7
[Topology][Flow] Generating flow layout
[Topology][Flow] Nodes: 2
[Topology][Flow] Connections: 1
[Topology][Flow] Generating flow layout
[Topology][Flow] Nodes: 8
[Topology][Flow] Connections: 7
[Topology][Flow] Generating flow layout
[Topology][Flow] Nodes: 2
[Topology][Flow] Connections: 1
[Topology][Flow] Generating flow layout
[Topology][Flow] Nodes: 8
[Topology][Flow] Connections: 7
[Topology][Flow] Generating flow layout
[Topology][Flow] Nodes: 2
[Topology][Flow] Connections: 1
[Topology][Flow] Generating flow layout
[Topology][Flow] Nodes: 8
[Topology][Flow] Connections: 7
[Topology][Flow] Generating flow layout
[Topology][Flow] Nodes: 2
[Topology][Flow] Connections: 1
[Topology][Flow] Generating flow layout
[Topology][Flow] Nodes: 8
[Topology][Flow] Connections: 7
[Topology][Flow] Generating flow layout
[Topology][Flow] Nodes: 2
[Topology][Flow] Connections: 1
[Topology][Flow] Generating flow layout
[Topology][Flow] Nodes: 8
[Topology][Flow] Connections: 7
[Topology][Flow] Generating flow layout
[Topology][Flow] Nodes: 2
[Topology][Flow] Connections: 1
[Topology][Flow] Generating flow layout
[Topology][Flow] Nodes: 8
[Topology][Flow] Connections: 7
[Topology][Flow] Generating flow layout
[Topology][Flow] Nodes: 2
[Topology][Flow] Connections: 1
[Topology][Flow] Generating flow layout
[Topology][Flow] Nodes: 8
[Topology][Flow] Connections: 7
[Topology][Hub] Generating hub layout
[Topology][Hub] Hub: Delivery
[Topology][Hub] Satellites: 5
[Topology][Hub] Connections: 5
[Topology][Flow] Generating flow layout
[Topology][Flow] Nodes: 8
[Topology][Flow] Connections: 7
[Topology][Hub] Generating hub layout
[Topology][Hub] Hub: Delivery
[Topology][Hub] Satellites: 5
[Topology][Hub] Connections: 5
[Topology][Flow] Generating flow layout
[Topology][Flow] Nodes: 8
[Topology][Flow] Connections: 7
[Topology][Hub] Generating hub layout
[Topology][Hub] Hub: Delivery
[Topology][Hub] Satellites: 5
[Topology][Hub] Connections: 5
[Topology][Flow] Generating flow layout
[Topology][Flow] Nodes: 8
[Topology][Flow] Connections: 7
[Topology][Hub] Generating hub layout
[Topology][Hub] Hub: Capacity
[Topology][Hub] Satellites: 5
[Topology][Hub] Connections: 5
[Topology][Flow] Generating flow layout
[Topology][Flow] Nodes: 8
[Topology][Flow] Connections: 7
[Topology][Hub] Generating hub layout
[Topology][Hub] Hub: Capacity
[Topology][Hub] Satellites: 5
[Topology][Hub] Connections: 5
[Topology][Flow] Generating flow layout
[Topology][Flow] Nodes: 8
[Topology][Flow] Connections: 7
[Topology][Hub] Generating hub layout
[Topology][Hub] Hub: Capacity
[Topology][Hub] Satellites: 5
[Topology][Hub] Connections: 5
[Topology][Flow] Generating flow layout
[Topology][Flow] Nodes: 8
[Topology][Flow] Connections: 7
[Topology][Hub] Generating hub layout
[Topology][Hub] Hub: Capacity
[Topology][Hub] Satellites: 5
[Topology][Hub] Connections: 5
[Topology][Flow] Generating flow layout
[Topology][Flow] Nodes: 8
[Topology][Flow] Connections: 7
[Topology][Hub] Generating hub layout
[Topology][Hub] Hub: Capacity
[Topology][Hub] Satellites: 5
[Topology][Hub] Connections: 5
[Topology][Flow] Generating flow layout
[Topology][Flow] Nodes: 8
[Topology][Flow] Connections: 7
[Topology][Hub] Generating hub layout
[Topology][Hub] Hub: Capacity
[Topology][Hub] Satellites: 5
[Topology][Hub] Connections: 5
[Topology][Flow] Generating flow layout
[Topology][Flow] Nodes: 8
[Topology][Flow] Connections: 7
[Topology][Hub] Generating hub layout
[Topology][Hub] Hub: Capacity
[Topology][Hub] Satellites: 5
[Topology][Hub] Connections: 5
[Topology][Flow] Generating flow layout
[Topology][Flow] Nodes: 8
[Topology][Flow] Connections: 7
[Topology][Hub] Generating hub layout
[Topology][Hub] Hub: Capacity
[Topology][Hub] Satellites: 5
[Topology][Hub] Connections: 5
▶ MRA:3-FIX2 referential continuity and clarification
  ✔ unseen referential continuations keep the named object (473.891125ms)
  ✔ look at capcity prefers the active Problem over the Capacity KPI (51.486666ms)
  ✔ look at demnd prefers Demand Surge over similarly named siblings after Scenarios (44.677125ms)
  ✔ pending clarification does not consume Explain that as proceed (59.370333ms)
  ✔ Risk proposal then Explain that does not confirm mutation (28.883417ms)
  ✔ Risk proposal then yes does not silently write an unnamed Risk (24.149042ms)
  ✔ explicit Capacity still outranks stale Problem context (22.140167ms)
  ✔ Sequence A: Problems then named Problem then return then Explain it (56.400875ms)
  ✔ Sequence B: compare then second one then What's going on with that? (93.416333ms)
  ✔ Sequence C: pending clarification then Explain that stays referential (65.653875ms)
  ✔ isolated NLU may still pick the exact-stem object when no conversational context exists (1.143417ms)
✔ MRA:3-FIX2 referential continuity and clarification (922.669792ms)
[Topology][Flow] Generating flow layout
[Topology][Flow] Nodes: 8
[Topology][Flow] Connections: 7
[Topology][Flow] Generating flow layout
[Topology][Flow] Nodes: 2
[Topology][Flow] Connections: 1
[Topology][Flow] Generating flow layout
[Topology][Flow] Nodes: 8
[Topology][Flow] Connections: 7
[Topology][Flow] Generating flow layout
[Topology][Flow] Nodes: 2
[Topology][Flow] Connections: 1
[Topology][Flow] Generating flow layout
[Topology][Flow] Nodes: 8
[Topology][Flow] Connections: 7
[Topology][Flow] Generating flow layout
[Topology][Flow] Nodes: 2
[Topology][Flow] Connections: 1
[Topology][Flow] Generating flow layout
[Topology][Flow] Nodes: 8
[Topology][Flow] Connections: 7
[Topology][Flow] Generating flow layout
[Topology][Flow] Nodes: 2
[Topology][Flow] Connections: 1
[Topology][Flow] Generating flow layout
[Topology][Flow] Nodes: 8
[Topology][Flow] Connections: 7
[Topology][Flow] Generating flow layout
[Topology][Flow] Nodes: 2
[Topology][Flow] Connections: 1
[Topology][Flow] Generating flow layout
[Topology][Flow] Nodes: 8
[Topology][Flow] Connections: 7
[Topology][Flow] Generating flow layout
[Topology][Flow] Nodes: 2
[Topology][Flow] Connections: 1
[Topology][Flow] Generating flow layout
[Topology][Flow] Nodes: 8
[Topology][Flow] Connections: 7
[Topology][Flow] Generating flow layout
[Topology][Flow] Nodes: 2
[Topology][Flow] Connections: 1
[Topology][Flow] Generating flow layout
[Topology][Flow] Nodes: 8
[Topology][Flow] Connections: 7
[Topology][Flow] Generating flow layout
[Topology][Flow] Nodes: 2
[Topology][Flow] Connections: 1
[Topology][Flow] Generating flow layout
[Topology][Flow] Nodes: 8
[Topology][Flow] Connections: 7
[Topology][Flow] Generating flow layout
[Topology][Flow] Nodes: 2
[Topology][Flow] Connections: 1
[Topology][Flow] Generating flow layout
[Topology][Flow] Nodes: 8
[Topology][Flow] Connections: 7
[Topology][Flow] Generating flow layout
[Topology][Flow] Nodes: 2
[Topology][Flow] Connections: 1
[Topology][Flow] Generating flow layout
[Topology][Flow] Nodes: 8
[Topology][Flow] Connections: 7
[Topology][Flow] Generating flow layout
[Topology][Flow] Nodes: 2
[Topology][Flow] Connections: 1
[Topology][Flow] Generating flow layout
[Topology][Flow] Nodes: 8
[Topology][Flow] Connections: 7
[Topology][Flow] Generating flow layout
[Topology][Flow] Nodes: 2
[Topology][Flow] Connections: 1
[Topology][Flow] Generating flow layout
[Topology][Flow] Nodes: 8
[Topology][Flow] Connections: 7
[Topology][Flow] Generating flow layout
[Topology][Flow] Nodes: 2
[Topology][Flow] Connections: 1
[Topology][Flow] Generating flow layout
[Topology][Flow] Nodes: 8
[Topology][Flow] Connections: 7
[Topology][Flow] Generating flow layout
[Topology][Flow] Nodes: 2
[Topology][Flow] Connections: 1
[Topology][Flow] Generating flow layout
[Topology][Flow] Nodes: 8
[Topology][Flow] Connections: 7
[Topology][Flow] Generating flow layout
[Topology][Flow] Nodes: 2
[Topology][Flow] Connections: 1
[Topology][Flow] Generating flow layout
[Topology][Flow] Nodes: 8
[Topology][Flow] Connections: 7
[Topology][Flow] Generating flow layout
[Topology][Flow] Nodes: 2
[Topology][Flow] Connections: 1
[Topology][Flow] Generating flow layout
[Topology][Flow] Nodes: 8
[Topology][Flow] Connections: 7
[Topology][Flow] Generating flow layout
[Topology][Flow] Nodes: 2
[Topology][Flow] Connections: 1
[Topology][Flow] Generating flow layout
[Topology][Flow] Nodes: 8
[Topology][Flow] Connections: 7
[Topology][Flow] Generating flow layout
[Topology][Flow] Nodes: 2
[Topology][Flow] Connections: 1
[Topology][Flow] Generating flow layout
[Topology][Flow] Nodes: 8
[Topology][Flow] Connections: 7
[Topology][Flow] Generating flow layout
[Topology][Flow] Nodes: 2
[Topology][Flow] Connections: 1
[Topology][Flow] Generating flow layout
[Topology][Flow] Nodes: 8
[Topology][Flow] Connections: 7
[Topology][Flow] Generating flow layout
[Topology][Flow] Nodes: 2
[Topology][Flow] Connections: 1
[Topology][Flow] Generating flow layout
[Topology][Flow] Nodes: 8
[Topology][Flow] Connections: 7
[Topology][Flow] Generating flow layout
[Topology][Flow] Nodes: 2
[Topology][Flow] Connections: 1
[Topology][Flow] Generating flow layout
[Topology][Flow] Nodes: 8
[Topology][Flow] Connections: 7
[Topology][Flow] Generating flow layout
[Topology][Flow] Nodes: 2
[Topology][Flow] Connections: 1
[Topology][Flow] Generating flow layout
[Topology][Flow] Nodes: 8
[Topology][Flow] Connections: 7
[Topology][Flow] Generating flow layout
[Topology][Flow] Nodes: 2
[Topology][Flow] Connections: 1
[Topology][Flow] Generating flow layout
[Topology][Flow] Nodes: 8
[Topology][Flow] Connections: 7
[Topology][Flow] Generating flow layout
[Topology][Flow] Nodes: 2
[Topology][Flow] Connections: 1
[Topology][Flow] Generating flow layout
[Topology][Flow] Nodes: 8
[Topology][Flow] Connections: 7
[Topology][Flow] Generating flow layout
[Topology][Flow] Nodes: 2
[Topology][Flow] Connections: 1
[Topology][Flow] Generating flow layout
[Topology][Flow] Nodes: 8
[Topology][Flow] Connections: 7
[Topology][Flow] Generating flow layout
[Topology][Flow] Nodes: 2
[Topology][Flow] Connections: 1
[Topology][Flow] Generating flow layout
[Topology][Flow] Nodes: 8
[Topology][Flow] Connections: 7
[Topology][Flow] Generating flow layout
[Topology][Flow] Nodes: 2
[Topology][Flow] Connections: 1
[Topology][Flow] Generating flow layout
[Topology][Flow] Nodes: 8
[Topology][Flow] Connections: 7
[Topology][Flow] Generating flow layout
[Topology][Flow] Nodes: 2
[Topology][Flow] Connections: 1
[Topology][Flow] Generating flow layout
[Topology][Flow] Nodes: 8
[Topology][Flow] Connections: 7
[Topology][Flow] Generating flow layout
[Topology][Flow] Nodes: 2
[Topology][Flow] Connections: 1
[Topology][Flow] Generating flow layout
[Topology][Flow] Nodes: 8
[Topology][Flow] Connections: 7
[Topology][Flow] Generating flow layout
[Topology][Flow] Nodes: 2
[Topology][Flow] Connections: 1
[Topology][Flow] Generating flow layout
[Topology][Flow] Nodes: 8
[Topology][Flow] Connections: 7
[Topology][Flow] Generating flow layout
[Topology][Flow] Nodes: 2
[Topology][Flow] Connections: 1
[Topology][Flow] Generating flow layout
[Topology][Flow] Nodes: 8
[Topology][Flow] Connections: 7
[Topology][Flow] Generating flow layout
[Topology][Flow] Nodes: 2
[Topology][Flow] Connections: 1
[Topology][Flow] Generating flow layout
[Topology][Flow] Nodes: 8
[Topology][Flow] Connections: 7
[Topology][Flow] Generating flow layout
[Topology][Flow] Nodes: 2
[Topology][Flow] Connections: 1
[Topology][Flow] Generating flow layout
[Topology][Flow] Nodes: 8
[Topology][Flow] Connections: 7
[Topology][Flow] Generating flow layout
[Topology][Flow] Nodes: 2
[Topology][Flow] Connections: 1
[Topology][Flow] Generating flow layout
[Topology][Flow] Nodes: 8
[Topology][Flow] Connections: 7
[Topology][Flow] Generating flow layout
[Topology][Flow] Nodes: 2
[Topology][Flow] Connections: 1
[Topology][Flow] Generating flow layout
[Topology][Flow] Nodes: 8
[Topology][Flow] Connections: 7
[Topology][Flow] Generating flow layout
[Topology][Flow] Nodes: 2
[Topology][Flow] Connections: 1
[Topology][Flow] Generating flow layout
[Topology][Flow] Nodes: 8
[Topology][Flow] Connections: 7
[Topology][Flow] Generating flow layout
[Topology][Flow] Nodes: 2
[Topology][Flow] Connections: 1
[Topology][Flow] Generating flow layout
[Topology][Flow] Nodes: 8
[Topology][Flow] Connections: 7
[Topology][Flow] Generating flow layout
[Topology][Flow] Nodes: 2
[Topology][Flow] Connections: 1
[Topology][Flow] Generating flow layout
[Topology][Flow] Nodes: 8
[Topology][Flow] Connections: 7
[Topology][Flow] Generating flow layout
[Topology][Flow] Nodes: 2
[Topology][Flow] Connections: 1
[Topology][Flow] Generating flow layout
[Topology][Flow] Nodes: 8
[Topology][Flow] Connections: 7
[Topology][Flow] Generating flow layout
[Topology][Flow] Nodes: 2
[Topology][Flow] Connections: 1
[Topology][Flow] Generating flow layout
[Topology][Flow] Nodes: 8
[Topology][Flow] Connections: 7
[Topology][Flow] Generating flow layout
[Topology][Flow] Nodes: 2
[Topology][Flow] Connections: 1
[Topology][Flow] Generating flow layout
[Topology][Flow] Nodes: 8
[Topology][Flow] Connections: 7
[Topology][Flow] Generating flow layout
[Topology][Flow] Nodes: 2
[Topology][Flow] Connections: 1
[Topology][Flow] Generating flow layout
[Topology][Flow] Nodes: 8
[Topology][Flow] Connections: 7
[Topology][Flow] Generating flow layout
[Topology][Flow] Nodes: 2
[Topology][Flow] Connections: 1
[Topology][Flow] Generating flow layout
[Topology][Flow] Nodes: 8
[Topology][Flow] Connections: 7
[Topology][Flow] Generating flow layout
[Topology][Flow] Nodes: 2
[Topology][Flow] Connections: 1
[Topology][Flow] Generating flow layout
[Topology][Flow] Nodes: 8
[Topology][Flow] Connections: 7
[Topology][Flow] Generating flow layout
[Topology][Flow] Nodes: 2
[Topology][Flow] Connections: 1
[Topology][Flow] Generating flow layout
[Topology][Flow] Nodes: 8
[Topology][Flow] Connections: 7
[Topology][Flow] Generating flow layout
[Topology][Flow] Nodes: 2
[Topology][Flow] Connections: 1
[Topology][Flow] Generating flow layout
[Topology][Flow] Nodes: 8
[Topology][Flow] Connections: 7
[Topology][Flow] Generating flow layout
[Topology][Flow] Nodes: 2
[Topology][Flow] Connections: 1
[Topology][Flow] Generating flow layout
[Topology][Flow] Nodes: 8
[Topology][Flow] Connections: 7
[Topology][Flow] Generating flow layout
[Topology][Flow] Nodes: 2
[Topology][Flow] Connections: 1
[Topology][Flow] Generating flow layout
[Topology][Flow] Nodes: 8
[Topology][Flow] Connections: 7
[Topology][Flow] Generating flow layout
[Topology][Flow] Nodes: 2
[Topology][Flow] Connections: 1
[Topology][Flow] Generating flow layout
[Topology][Flow] Nodes: 8
[Topology][Flow] Connections: 7
[Topology][Flow] Generating flow layout
[Topology][Flow] Nodes: 2
[Topology][Flow] Connections: 1
[Topology][Flow] Generating flow layout
[Topology][Flow] Nodes: 8
[Topology][Flow] Connections: 7
[Topology][Flow] Generating flow layout
[Topology][Flow] Nodes: 2
[Topology][Flow] Connections: 1
[Topology][Flow] Generating flow layout
[Topology][Flow] Nodes: 8
[Topology][Flow] Connections: 7
[Topology][Flow] Generating flow layout
[Topology][Flow] Nodes: 2
[Topology][Flow] Connections: 1
[Topology][Flow] Generating flow layout
[Topology][Flow] Nodes: 8
[Topology][Flow] Connections: 7
[Topology][Flow] Generating flow layout
[Topology][Flow] Nodes: 2
[Topology][Flow] Connections: 1
[Topology][Flow] Generating flow layout
[Topology][Flow] Nodes: 8
[Topology][Flow] Connections: 7
[Topology][Flow] Generating flow layout
[Topology][Flow] Nodes: 2
[Topology][Flow] Connections: 1
[Topology][Flow] Generating flow layout
[Topology][Flow] Nodes: 8
[Topology][Flow] Connections: 7
[Topology][Flow] Generating flow layout
[Topology][Flow] Nodes: 2
[Topology][Flow] Connections: 1
[Topology][Flow] Generating flow layout
[Topology][Flow] Nodes: 8
[Topology][Flow] Connections: 7
[Topology][Flow] Generating flow layout
[Topology][Flow] Nodes: 2
[Topology][Flow] Connections: 1
[Topology][Flow] Generating flow layout
[Topology][Flow] Nodes: 8
[Topology][Flow] Connections: 7
[Topology][Flow] Generating flow layout
[Topology][Flow] Nodes: 2
[Topology][Flow] Connections: 1
[Topology][Flow] Generating flow layout
[Topology][Flow] Nodes: 8
[Topology][Flow] Connections: 7
[Topology][Flow] Generating flow layout
[Topology][Flow] Nodes: 2
[Topology][Flow] Connections: 1
[Topology][Flow] Generating flow layout
[Topology][Flow] Nodes: 8
[Topology][Flow] Connections: 7
[Topology][Flow] Generating flow layout
[Topology][Flow] Nodes: 2
[Topology][Flow] Connections: 1
[Topology][Flow] Generating flow layout
[Topology][Flow] Nodes: 8
[Topology][Flow] Connections: 7
[Topology][Flow] Generating flow layout
[Topology][Flow] Nodes: 2
[Topology][Flow] Connections: 1
[Topology][Flow] Generating flow layout
[Topology][Flow] Nodes: 8
[Topology][Flow] Connections: 7
[Topology][Flow] Generating flow layout
[Topology][Flow] Nodes: 2
[Topology][Flow] Connections: 1
[Topology][Flow] Generating flow layout
[Topology][Flow] Nodes: 8
[Topology][Flow] Connections: 7
[Topology][Flow] Generating flow layout
[Topology][Flow] Nodes: 2
[Topology][Flow] Connections: 1
[Topology][Flow] Generating flow layout
[Topology][Flow] Nodes: 8
[Topology][Flow] Connections: 7
[Topology][Flow] Generating flow layout
[Topology][Flow] Nodes: 2
[Topology][Flow] Connections: 1
[Topology][Flow] Generating flow layout
[Topology][Flow] Nodes: 8
[Topology][Flow] Connections: 7
[Topology][Flow] Generating flow layout
[Topology][Flow] Nodes: 2
[Topology][Flow] Connections: 1
[Topology][Flow] Generating flow layout
[Topology][Flow] Nodes: 8
[Topology][Flow] Connections: 7
[Topology][Flow] Generating flow layout
[Topology][Flow] Nodes: 2
[Topology][Flow] Connections: 1
[Topology][Flow] Generating flow layout
[Topology][Flow] Nodes: 8
[Topology][Flow] Connections: 7
[Topology][Flow] Generating flow layout
[Topology][Flow] Nodes: 2
[Topology][Flow] Connections: 1
[Topology][Flow] Generating flow layout
[Topology][Flow] Nodes: 8
[Topology][Flow] Connections: 7
[Topology][Flow] Generating flow layout
[Topology][Flow] Nodes: 2
[Topology][Flow] Connections: 1
[Topology][Flow] Generating flow layout
[Topology][Flow] Nodes: 8
[Topology][Flow] Connections: 7
[Topology][Flow] Generating flow layout
[Topology][Flow] Nodes: 2
[Topology][Flow] Connections: 1
[Topology][Flow] Generating flow layout
[Topology][Flow] Nodes: 8
[Topology][Flow] Connections: 7
[Topology][Flow] Generating flow layout
[Topology][Flow] Nodes: 2
[Topology][Flow] Connections: 1
[Topology][Flow] Generating flow layout
[Topology][Flow] Nodes: 8
[Topology][Flow] Connections: 7
[Topology][Flow] Generating flow layout
[Topology][Flow] Nodes: 2
[Topology][Flow] Connections: 1
[Topology][Flow] Generating flow layout
[Topology][Flow] Nodes: 8
[Topology][Flow] Connections: 7
[Topology][Flow] Generating flow layout
[Topology][Flow] Nodes: 2
[Topology][Flow] Connections: 1
[Topology][Flow] Generating flow layout
[Topology][Flow] Nodes: 8
[Topology][Flow] Connections: 7
[Topology][Flow] Generating flow layout
[Topology][Flow] Nodes: 2
[Topology][Flow] Connections: 1
[Topology][Flow] Generating flow layout
[Topology][Flow] Nodes: 8
[Topology][Flow] Connections: 7
[Topology][Flow] Generating flow layout
[Topology][Flow] Nodes: 2
[Topology][Flow] Connections: 1
[Topology][Flow] Generating flow layout
[Topology][Flow] Nodes: 8
[Topology][Flow] Connections: 7
[Topology][Flow] Generating flow layout
[Topology][Flow] Nodes: 2
[Topology][Flow] Connections: 1
[Topology][Flow] Generating flow layout
[Topology][Flow] Nodes: 8
[Topology][Flow] Connections: 7
[Topology][Flow] Generating flow layout
[Topology][Flow] Nodes: 2
[Topology][Flow] Connections: 1
[Topology][Flow] Generating flow layout
[Topology][Flow] Nodes: 8
[Topology][Flow] Connections: 7
[Topology][Flow] Generating flow layout
[Topology][Flow] Nodes: 2
[Topology][Flow] Connections: 1
[Topology][Flow] Generating flow layout
[Topology][Flow] Nodes: 8
[Topology][Flow] Connections: 7
[Topology][Hub] Generating hub layout
[Topology][Hub] Hub: Capacity
[Topology][Hub] Satellites: 5
[Topology][Hub] Connections: 5
[Topology][Flow] Generating flow layout
[Topology][Flow] Nodes: 8
[Topology][Flow] Connections: 7
[Topology][Hub] Generating hub layout
[Topology][Hub] Hub: Capacity
[Topology][Hub] Satellites: 5
[Topology][Hub] Connections: 5
[Topology][Flow] Generating flow layout
[Topology][Flow] Nodes: 8
[Topology][Flow] Connections: 7
[Topology][Hub] Generating hub layout
[Topology][Hub] Hub: Capacity
[Topology][Hub] Satellites: 5
[Topology][Hub] Connections: 5
[Topology][Flow] Generating flow layout
[Topology][Flow] Nodes: 8
[Topology][Flow] Connections: 7
[Topology][Hub] Generating hub layout
[Topology][Hub] Hub: Capacity
[Topology][Hub] Satellites: 5
[Topology][Hub] Connections: 5
[Topology][Flow] Generating flow layout
[Topology][Flow] Nodes: 8
[Topology][Flow] Connections: 7
[Topology][Hub] Generating hub layout
[Topology][Hub] Hub: Capacity
[Topology][Hub] Satellites: 5
[Topology][Hub] Connections: 5
[Topology][Flow] Generating flow layout
[Topology][Flow] Nodes: 8
[Topology][Flow] Connections: 7
[Topology][Flow] Generating flow layout
[Topology][Flow] Nodes: 2
[Topology][Flow] Connections: 1
[Topology][Flow] Generating flow layout
[Topology][Flow] Nodes: 8
[Topology][Flow] Connections: 7
[Topology][Hub] Generating hub layout
[Topology][Hub] Hub: Risk
[Topology][Hub] Satellites: 3
[Topology][Hub] Connections: 3
[Topology][Flow] Generating flow layout
[Topology][Flow] Nodes: 8
[Topology][Flow] Connections: 7
[Topology][Hub] Generating hub layout
[Topology][Hub] Hub: Risk
[Topology][Hub] Satellites: 3
[Topology][Hub] Connections: 3
[Topology][Flow] Generating flow layout
[Topology][Flow] Nodes: 8
[Topology][Flow] Connections: 7
[Topology][Hub] Generating hub layout
[Topology][Hub] Hub: Risk
[Topology][Hub] Satellites: 3
[Topology][Hub] Connections: 3
[Topology][Flow] Generating flow layout
[Topology][Flow] Nodes: 8
[Topology][Flow] Connections: 7
[Topology][Hub] Generating hub layout
[Topology][Hub] Hub: Risk
[Topology][Hub] Satellites: 3
[Topology][Hub] Connections: 3
[Topology][Flow] Generating flow layout
[Topology][Flow] Nodes: 8
[Topology][Flow] Connections: 7
[Topology][Hub] Generating hub layout
[Topology][Hub] Hub: Risk
[Topology][Hub] Satellites: 3
[Topology][Hub] Connections: 3
[Topology][Flow] Generating flow layout
[Topology][Flow] Nodes: 8
[Topology][Flow] Connections: 7
[Topology][Flow] Generating flow layout
[Topology][Flow] Nodes: 2
[Topology][Flow] Connections: 1
[Topology][Flow] Generating flow layout
[Topology][Flow] Nodes: 8
[Topology][Flow] Connections: 7
[Topology][Flow] Generating flow layout
[Topology][Flow] Nodes: 2
[Topology][Flow] Connections: 1
[Topology][Flow] Generating flow layout
[Topology][Flow] Nodes: 8
[Topology][Flow] Connections: 7
[Topology][Flow] Generating flow layout
[Topology][Flow] Nodes: 2
[Topology][Flow] Connections: 1
[Topology][Flow] Generating flow layout
[Topology][Flow] Nodes: 8
[Topology][Flow] Connections: 7
[Topology][Flow] Generating flow layout
[Topology][Flow] Nodes: 2
[Topology][Flow] Connections: 1
[Topology][Flow] Generating flow layout
[Topology][Flow] Nodes: 8
[Topology][Flow] Connections: 7
[Topology][Flow] Generating flow layout
[Topology][Flow] Nodes: 2
[Topology][Flow] Connections: 1
[Topology][Flow] Generating flow layout
[Topology][Flow] Nodes: 8
[Topology][Flow] Connections: 7
[Topology][Flow] Generating flow layout
[Topology][Flow] Nodes: 2
[Topology][Flow] Connections: 1
[Topology][Flow] Generating flow layout
[Topology][Flow] Nodes: 8
[Topology][Flow] Connections: 7
[Topology][Flow] Generating flow layout
[Topology][Flow] Nodes: 2
[Topology][Flow] Connections: 1
[Topology][Flow] Generating flow layout
[Topology][Flow] Nodes: 8
[Topology][Flow] Connections: 7
[Topology][Flow] Generating flow layout
[Topology][Flow] Nodes: 2
[Topology][Flow] Connections: 1
[Topology][Flow] Generating flow layout
[Topology][Flow] Nodes: 8
[Topology][Flow] Connections: 7
[Topology][Flow] Generating flow layout
[Topology][Flow] Nodes: 2
[Topology][Flow] Connections: 1
[Topology][Flow] Generating flow layout
[Topology][Flow] Nodes: 8
[Topology][Flow] Connections: 7
[Topology][Flow] Generating flow layout
[Topology][Flow] Nodes: 2
[Topology][Flow] Connections: 1
[Topology][Flow] Generating flow layout
[Topology][Flow] Nodes: 8
[Topology][Flow] Connections: 7
[Topology][Flow] Generating flow layout
[Topology][Flow] Nodes: 2
[Topology][Flow] Connections: 1
[Topology][Flow] Generating flow layout
[Topology][Flow] Nodes: 8
[Topology][Flow] Connections: 7
[Topology][Flow] Generating flow layout
[Topology][Flow] Nodes: 2
[Topology][Flow] Connections: 1
[Topology][Flow] Generating flow layout
[Topology][Flow] Nodes: 8
[Topology][Flow] Connections: 7
[Topology][Flow] Generating flow layout
[Topology][Flow] Nodes: 2
[Topology][Flow] Connections: 1
[Topology][Flow] Generating flow layout
[Topology][Flow] Nodes: 8
[Topology][Flow] Connections: 7
[Topology][Flow] Generating flow layout
[Topology][Flow] Nodes: 2
[Topology][Flow] Connections: 1
[Topology][Flow] Generating flow layout
[Topology][Flow] Nodes: 8
[Topology][Flow] Connections: 7
[Topology][Flow] Generating flow layout
[Topology][Flow] Nodes: 2
[Topology][Flow] Connections: 1
[Topology][Flow] Generating flow layout
[Topology][Flow] Nodes: 8
[Topology][Flow] Connections: 7
[Topology][Flow] Generating flow layout
[Topology][Flow] Nodes: 2
[Topology][Flow] Connections: 1
[Topology][Flow] Generating flow layout
[Topology][Flow] Nodes: 8
[Topology][Flow] Connections: 7
[Topology][Flow] Generating flow layout
[Topology][Flow] Nodes: 2
[Topology][Flow] Connections: 1
[Topology][Flow] Generating flow layout
[Topology][Flow] Nodes: 8
[Topology][Flow] Connections: 7
[Topology][Flow] Generating flow layout
[Topology][Flow] Nodes: 2
[Topology][Flow] Connections: 1
[Topology][Flow] Generating flow layout
[Topology][Flow] Nodes: 8
[Topology][Flow] Connections: 7
[Topology][Flow] Generating flow layout
[Topology][Flow] Nodes: 2
[Topology][Flow] Connections: 1
[Topology][Flow] Generating flow layout
[Topology][Flow] Nodes: 8
[Topology][Flow] Connections: 7
[Topology][Flow] Generating flow layout
[Topology][Flow] Nodes: 2
[Topology][Flow] Connections: 1
[Topology][Flow] Generating flow layout
[Topology][Flow] Nodes: 8
[Topology][Flow] Connections: 7
[Topology][Flow] Generating flow layout
[Topology][Flow] Nodes: 2
[Topology][Flow] Connections: 1
[Topology][Flow] Generating flow layout
[Topology][Flow] Nodes: 8
[Topology][Flow] Connections: 7
[Topology][Flow] Generating flow layout
[Topology][Flow] Nodes: 2
[Topology][Flow] Connections: 1
[Topology][Flow] Generating flow layout
[Topology][Flow] Nodes: 8
[Topology][Flow] Connections: 7
[Topology][Flow] Generating flow layout
[Topology][Flow] Nodes: 2
[Topology][Flow] Connections: 1
[Topology][Flow] Generating flow layout
[Topology][Flow] Nodes: 8
[Topology][Flow] Connections: 7
[Topology][Flow] Generating flow layout
[Topology][Flow] Nodes: 2
[Topology][Flow] Connections: 1
[Topology][Flow] Generating flow layout
[Topology][Flow] Nodes: 8
[Topology][Flow] Connections: 7
[Topology][Flow] Generating flow layout
[Topology][Flow] Nodes: 2
[Topology][Flow] Connections: 1
[Topology][Flow] Generating flow layout
[Topology][Flow] Nodes: 8
[Topology][Flow] Connections: 7
[Topology][Flow] Generating flow layout
[Topology][Flow] Nodes: 2
[Topology][Flow] Connections: 1
[Topology][Flow] Generating flow layout
[Topology][Flow] Nodes: 8
[Topology][Flow] Connections: 7
[Topology][Flow] Generating flow layout
[Topology][Flow] Nodes: 2
[Topology][Flow] Connections: 1
[Topology][Flow] Generating flow layout
[Topology][Flow] Nodes: 8
[Topology][Flow] Connections: 7
[Topology][Flow] Generating flow layout
[Topology][Flow] Nodes: 2
[Topology][Flow] Connections: 1
[Topology][Flow] Generating flow layout
[Topology][Flow] Nodes: 8
[Topology][Flow] Connections: 7
[Topology][Flow] Generating flow layout
[Topology][Flow] Nodes: 2
[Topology][Flow] Connections: 1
[Topology][Flow] Generating flow layout
[Topology][Flow] Nodes: 8
[Topology][Flow] Connections: 7
[Topology][Flow] Generating flow layout
[Topology][Flow] Nodes: 2
[Topology][Flow] Connections: 1
[Topology][Flow] Generating flow layout
[Topology][Flow] Nodes: 8
[Topology][Flow] Connections: 7
[Topology][Flow] Generating flow layout
[Topology][Flow] Nodes: 2
[Topology][Flow] Connections: 1
[Topology][Flow] Generating flow layout
[Topology][Flow] Nodes: 8
[Topology][Flow] Connections: 7
[Topology][Flow] Generating flow layout
[Topology][Flow] Nodes: 2
[Topology][Flow] Connections: 1
[Topology][Flow] Generating flow layout
[Topology][Flow] Nodes: 8
[Topology][Flow] Connections: 7
[Topology][Flow] Generating flow layout
[Topology][Flow] Nodes: 2
[Topology][Flow] Connections: 1
[Topology][Flow] Generating flow layout
[Topology][Flow] Nodes: 8
[Topology][Flow] Connections: 7
[Topology][Flow] Generating flow layout
[Topology][Flow] Nodes: 2
[Topology][Flow] Connections: 1
[Topology][Flow] Generating flow layout
[Topology][Flow] Nodes: 8
[Topology][Flow] Connections: 7
[Topology][Flow] Generating flow layout
[Topology][Flow] Nodes: 2
[Topology][Flow] Connections: 1
[Topology][Flow] Generating flow layout
[Topology][Flow] Nodes: 8
[Topology][Flow] Connections: 7
[Topology][Flow] Generating flow layout
[Topology][Flow] Nodes: 2
[Topology][Flow] Connections: 1
[Topology][Flow] Generating flow layout
[Topology][Flow] Nodes: 8
[Topology][Flow] Connections: 7
[Topology][Flow] Generating flow layout
[Topology][Flow] Nodes: 2
[Topology][Flow] Connections: 1
[Topology][Flow] Generating flow layout
[Topology][Flow] Nodes: 8
[Topology][Flow] Connections: 7
[Topology][Flow] Generating flow layout
[Topology][Flow] Nodes: 2
[Topology][Flow] Connections: 1
[Topology][Flow] Generating flow layout
[Topology][Flow] Nodes: 8
[Topology][Flow] Connections: 7
[Topology][Flow] Generating flow layout
[Topology][Flow] Nodes: 2
[Topology][Flow] Connections: 1
[Topology][Flow] Generating flow layout
[Topology][Flow] Nodes: 8
[Topology][Flow] Connections: 7
[Topology][Flow] Generating flow layout
[Topology][Flow] Nodes: 2
[Topology][Flow] Connections: 1
[Topology][Flow] Generating flow layout
[Topology][Flow] Nodes: 8
[Topology][Flow] Connections: 7
[Topology][Flow] Generating flow layout
[Topology][Flow] Nodes: 2
[Topology][Flow] Connections: 1
[Topology][Flow] Generating flow layout
[Topology][Flow] Nodes: 8
[Topology][Flow] Connections: 7
[Topology][Flow] Generating flow layout
[Topology][Flow] Nodes: 2
[Topology][Flow] Connections: 1
[Topology][Flow] Generating flow layout
[Topology][Flow] Nodes: 8
[Topology][Flow] Connections: 7
[Topology][Flow] Generating flow layout
[Topology][Flow] Nodes: 2
[Topology][Flow] Connections: 1
[Topology][Flow] Generating flow layout
[Topology][Flow] Nodes: 8
[Topology][Flow] Connections: 7
[Topology][Flow] Generating flow layout
[Topology][Flow] Nodes: 2
[Topology][Flow] Connections: 1
[Topology][Flow] Generating flow layout
[Topology][Flow] Nodes: 8
[Topology][Flow] Connections: 7
[Topology][Flow] Generating flow layout
[Topology][Flow] Nodes: 2
[Topology][Flow] Connections: 1
[Topology][Flow] Generating flow layout
[Topology][Flow] Nodes: 8
[Topology][Flow] Connections: 7
[Topology][Flow] Generating flow layout
[Topology][Flow] Nodes: 2
[Topology][Flow] Connections: 1
[Topology][Flow] Generating flow layout
[Topology][Flow] Nodes: 8
[Topology][Flow] Connections: 7
[Topology][Flow] Generating flow layout
[Topology][Flow] Nodes: 2
[Topology][Flow] Connections: 1
[Topology][Flow] Generating flow layout
[Topology][Flow] Nodes: 8
[Topology][Flow] Connections: 7
[Topology][Flow] Generating flow layout
[Topology][Flow] Nodes: 2
[Topology][Flow] Connections: 1
▶ MRA:3-RECERT-FIX1 deictic follow-up fidelity
  ✔ Test A: collection then Demand Surge then tell me more stays Demand Surge (423.33325ms)
  ✔ Test B: Capacity Expansion Plan then tell me more stays that Scenario (34.5445ms)
  ✔ Test C: Pricing Response then tell me more stays Pricing Response (39.03025ms)
  ✔ Demand Surge operations keep the same subject (152.189667ms)
  ✔ explicit named follow-up outranks continuity (43.695875ms)
  ✔ cross-object deictic follow-ups keep the named subject (213.293333ms)
  ✔ historical CSV then Problem explain it is unchanged (55.788292ms)
  ✔ unrelated interruption then it clarifies instead of guessing a Scenario (40.974417ms)
✔ MRA:3-RECERT-FIX1 deictic follow-up fidelity (1003.910958ms)
[Topology][Flow] Generating flow layout
[Topology][Flow] Nodes: 8
[Topology][Flow] Connections: 7
[Topology][Flow] Generating flow layout
[Topology][Flow] Nodes: 2
[Topology][Flow] Connections: 1
[Topology][Flow] Generating flow layout
[Topology][Flow] Nodes: 8
[Topology][Flow] Connections: 7
[Topology][Flow] Generating flow layout
[Topology][Flow] Nodes: 2
[Topology][Flow] Connections: 1
[Topology][Flow] Generating flow layout
[Topology][Flow] Nodes: 8
[Topology][Flow] Connections: 7
[Topology][Flow] Generating flow layout
[Topology][Flow] Nodes: 2
[Topology][Flow] Connections: 1
[Topology][Flow] Generating flow layout
[Topology][Flow] Nodes: 8
[Topology][Flow] Connections: 7
[Topology][Flow] Generating flow layout
[Topology][Flow] Nodes: 2
[Topology][Flow] Connections: 1
[Topology][Flow] Generating flow layout
[Topology][Flow] Nodes: 8
[Topology][Flow] Connections: 7
[Topology][Flow] Generating flow layout
[Topology][Flow] Nodes: 2
[Topology][Flow] Connections: 1
[Topology][Flow] Generating flow layout
[Topology][Flow] Nodes: 8
[Topology][Flow] Connections: 7
[Topology][Flow] Generating flow layout
[Topology][Flow] Nodes: 2
[Topology][Flow] Connections: 1
[Topology][Flow] Generating flow layout
[Topology][Flow] Nodes: 8
[Topology][Flow] Connections: 7
[Topology][Flow] Generating flow layout
[Topology][Flow] Nodes: 2
[Topology][Flow] Connections: 1
[Topology][Flow] Generating flow layout
[Topology][Flow] Nodes: 8
[Topology][Flow] Connections: 7
[Topology][Flow] Generating flow layout
[Topology][Flow] Nodes: 2
[Topology][Flow] Connections: 1
[Topology][Flow] Generating flow layout
[Topology][Flow] Nodes: 8
[Topology][Flow] Connections: 7
[Topology][Flow] Generating flow layout
[Topology][Flow] Nodes: 2
[Topology][Flow] Connections: 1
[Topology][Flow] Generating flow layout
[Topology][Flow] Nodes: 8
[Topology][Flow] Connections: 7
[Topology][Flow] Generating flow layout
[Topology][Flow] Nodes: 2
[Topology][Flow] Connections: 1
[Topology][Flow] Generating flow layout
[Topology][Flow] Nodes: 8
[Topology][Flow] Connections: 7
[Topology][Flow] Generating flow layout
[Topology][Flow] Nodes: 2
[Topology][Flow] Connections: 1
[Topology][Flow] Generating flow layout
[Topology][Flow] Nodes: 8
[Topology][Flow] Connections: 7
[Topology][Flow] Generating flow layout
[Topology][Flow] Nodes: 2
[Topology][Flow] Connections: 1
[Topology][Flow] Generating flow layout
[Topology][Flow] Nodes: 8
[Topology][Flow] Connections: 7
[Topology][Flow] Generating flow layout
[Topology][Flow] Nodes: 2
[Topology][Flow] Connections: 1
[Topology][Flow] Generating flow layout
[Topology][Flow] Nodes: 8
[Topology][Flow] Connections: 7
[Topology][Flow] Generating flow layout
[Topology][Flow] Nodes: 2
[Topology][Flow] Connections: 1
[Topology][Flow] Generating flow layout
[Topology][Flow] Nodes: 8
[Topology][Flow] Connections: 7
[Topology][Flow] Generating flow layout
[Topology][Flow] Nodes: 2
[Topology][Flow] Connections: 1
[Topology][Flow] Generating flow layout
[Topology][Flow] Nodes: 8
[Topology][Flow] Connections: 7
[Topology][Flow] Generating flow layout
[Topology][Flow] Nodes: 2
[Topology][Flow] Connections: 1
[Topology][Flow] Generating flow layout
[Topology][Flow] Nodes: 8
[Topology][Flow] Connections: 7
[Topology][Flow] Generating flow layout
[Topology][Flow] Nodes: 2
[Topology][Flow] Connections: 1
[Topology][Flow] Generating flow layout
[Topology][Flow] Nodes: 8
[Topology][Flow] Connections: 7
[Topology][Flow] Generating flow layout
[Topology][Flow] Nodes: 2
[Topology][Flow] Connections: 1
[Topology][Flow] Generating flow layout
[Topology][Flow] Nodes: 8
[Topology][Flow] Connections: 7
[Topology][Flow] Generating flow layout
[Topology][Flow] Nodes: 2
[Topology][Flow] Connections: 1
[Topology][Flow] Generating flow layout
[Topology][Flow] Nodes: 8
[Topology][Flow] Connections: 7
[Topology][Flow] Generating flow layout
[Topology][Flow] Nodes: 2
[Topology][Flow] Connections: 1
[Topology][Flow] Generating flow layout
[Topology][Flow] Nodes: 8
[Topology][Flow] Connections: 7
[Topology][Flow] Generating flow layout
[Topology][Flow] Nodes: 2
[Topology][Flow] Connections: 1
[Topology][Flow] Generating flow layout
[Topology][Flow] Nodes: 8
[Topology][Flow] Connections: 7
[Topology][Flow] Generating flow layout
[Topology][Flow] Nodes: 2
[Topology][Flow] Connections: 1
[Topology][Flow] Generating flow layout
[Topology][Flow] Nodes: 8
[Topology][Flow] Connections: 7
[Topology][Flow] Generating flow layout
[Topology][Flow] Nodes: 2
[Topology][Flow] Connections: 1
[Topology][Flow] Generating flow layout
[Topology][Flow] Nodes: 8
[Topology][Flow] Connections: 7
[Topology][Flow] Generating flow layout
[Topology][Flow] Nodes: 2
[Topology][Flow] Connections: 1
[Topology][Flow] Generating flow layout
[Topology][Flow] Nodes: 8
[Topology][Flow] Connections: 7
[Topology][Flow] Generating flow layout
[Topology][Flow] Nodes: 2
[Topology][Flow] Connections: 1
[Topology][Flow] Generating flow layout
[Topology][Flow] Nodes: 8
[Topology][Flow] Connections: 7
[Topology][Flow] Generating flow layout
[Topology][Flow] Nodes: 2
[Topology][Flow] Connections: 1
[Topology][Flow] Generating flow layout
[Topology][Flow] Nodes: 8
[Topology][Flow] Connections: 7
[Topology][Flow] Generating flow layout
[Topology][Flow] Nodes: 2
[Topology][Flow] Connections: 1
[Topology][Flow] Generating flow layout
[Topology][Flow] Nodes: 8
[Topology][Flow] Connections: 7
[Topology][Flow] Generating flow layout
[Topology][Flow] Nodes: 2
[Topology][Flow] Connections: 1
[Topology][Flow] Generating flow layout
[Topology][Flow] Nodes: 8
[Topology][Flow] Connections: 7
[Topology][Flow] Generating flow layout
[Topology][Flow] Nodes: 2
[Topology][Flow] Connections: 1
[Topology][Flow] Generating flow layout
[Topology][Flow] Nodes: 8
[Topology][Flow] Connections: 7
[Topology][Flow] Generating flow layout
[Topology][Flow] Nodes: 2
[Topology][Flow] Connections: 1
[Topology][Flow] Generating flow layout
[Topology][Flow] Nodes: 8
[Topology][Flow] Connections: 7
[Topology][Flow] Generating flow layout
[Topology][Flow] Nodes: 2
[Topology][Flow] Connections: 1
[Topology][Flow] Generating flow layout
[Topology][Flow] Nodes: 8
[Topology][Flow] Connections: 7
[Topology][Flow] Generating flow layout
[Topology][Flow] Nodes: 2
[Topology][Flow] Connections: 1
[Topology][Flow] Generating flow layout
[Topology][Flow] Nodes: 8
[Topology][Flow] Connections: 7
[Topology][Flow] Generating flow layout
[Topology][Flow] Nodes: 2
[Topology][Flow] Connections: 1
[Topology][Flow] Generating flow layout
[Topology][Flow] Nodes: 8
[Topology][Flow] Connections: 7
[Topology][Flow] Generating flow layout
[Topology][Flow] Nodes: 2
[Topology][Flow] Connections: 1
[Topology][Flow] Generating flow layout
[Topology][Flow] Nodes: 8
[Topology][Flow] Connections: 7
[Topology][Flow] Generating flow layout
[Topology][Flow] Nodes: 2
[Topology][Flow] Connections: 1
[Topology][Flow] Generating flow layout
[Topology][Flow] Nodes: 8
[Topology][Flow] Connections: 7
[Topology][Flow] Generating flow layout
[Topology][Flow] Nodes: 2
[Topology][Flow] Connections: 1
[Topology][Flow] Generating flow layout
[Topology][Flow] Nodes: 8
[Topology][Flow] Connections: 7
[Topology][Flow] Generating flow layout
[Topology][Flow] Nodes: 2
[Topology][Flow] Connections: 1
[Topology][Flow] Generating flow layout
[Topology][Flow] Nodes: 8
[Topology][Flow] Connections: 7
[Topology][Flow] Generating flow layout
[Topology][Flow] Nodes: 2
[Topology][Flow] Connections: 1
[Topology][Flow] Generating flow layout
[Topology][Flow] Nodes: 8
[Topology][Flow] Connections: 7
[Topology][Flow] Generating flow layout
[Topology][Flow] Nodes: 2
[Topology][Flow] Connections: 1
[Topology][Flow] Generating flow layout
[Topology][Flow] Nodes: 8
[Topology][Flow] Connections: 7
[Topology][Flow] Generating flow layout
[Topology][Flow] Nodes: 2
[Topology][Flow] Connections: 1
[Topology][Flow] Generating flow layout
[Topology][Flow] Nodes: 8
[Topology][Flow] Connections: 7
[Topology][Flow] Generating flow layout
[Topology][Flow] Nodes: 2
[Topology][Flow] Connections: 1
[Topology][Flow] Generating flow layout
[Topology][Flow] Nodes: 8
[Topology][Flow] Connections: 7
[Topology][Flow] Generating flow layout
[Topology][Flow] Nodes: 2
[Topology][Flow] Connections: 1
[Topology][Flow] Generating flow layout
[Topology][Flow] Nodes: 8
[Topology][Flow] Connections: 7
[Topology][Flow] Generating flow layout
[Topology][Flow] Nodes: 2
[Topology][Flow] Connections: 1
[Topology][Flow] Generating flow layout
[Topology][Flow] Nodes: 8
[Topology][Flow] Connections: 7
[Topology][Flow] Generating flow layout
[Topology][Flow] Nodes: 2
[Topology][Flow] Connections: 1
[Topology][Flow] Generating flow layout
[Topology][Flow] Nodes: 8
[Topology][Flow] Connections: 7
[Topology][Flow] Generating flow layout
[Topology][Flow] Nodes: 2
[Topology][Flow] Connections: 1
[Topology][Flow] Generating flow layout
[Topology][Flow] Nodes: 8
[Topology][Flow] Connections: 7
[Topology][Flow] Generating flow layout
[Topology][Flow] Nodes: 2
[Topology][Flow] Connections: 1
[Topology][Flow] Generating flow layout
[Topology][Flow] Nodes: 8
[Topology][Flow] Connections: 7
[Topology][Flow] Generating flow layout
[Topology][Flow] Nodes: 2
[Topology][Flow] Connections: 1
[Topology][Flow] Generating flow layout
[Topology][Flow] Nodes: 8
[Topology][Flow] Connections: 7
[Topology][Flow] Generating flow layout
[Topology][Flow] Nodes: 2
[Topology][Flow] Connections: 1
[Topology][Flow] Generating flow layout
[Topology][Flow] Nodes: 8
[Topology][Flow] Connections: 7
[Topology][Flow] Generating flow layout
[Topology][Flow] Nodes: 2
[Topology][Flow] Connections: 1
[Topology][Flow] Generating flow layout
[Topology][Flow] Nodes: 8
[Topology][Flow] Connections: 7
[Topology][Flow] Generating flow layout
[Topology][Flow] Nodes: 2
[Topology][Flow] Connections: 1
[Topology][Flow] Generating flow layout
[Topology][Flow] Nodes: 8
[Topology][Flow] Connections: 7
[Topology][Flow] Generating flow layout
[Topology][Flow] Nodes: 2
[Topology][Flow] Connections: 1
[Topology][Flow] Generating flow layout
[Topology][Flow] Nodes: 8
[Topology][Flow] Connections: 7
[Topology][Flow] Generating flow layout
[Topology][Flow] Nodes: 2
[Topology][Flow] Connections: 1
[Topology][Flow] Generating flow layout
[Topology][Flow] Nodes: 8
[Topology][Flow] Connections: 7
[Topology][Flow] Generating flow layout
[Topology][Flow] Nodes: 2
[Topology][Flow] Connections: 1
[Topology][Flow] Generating flow layout
[Topology][Flow] Nodes: 8
[Topology][Flow] Connections: 7
[Topology][Flow] Generating flow layout
[Topology][Flow] Nodes: 2
[Topology][Flow] Connections: 1
[Topology][Flow] Generating flow layout
[Topology][Flow] Nodes: 8
[Topology][Flow] Connections: 7
[Topology][Flow] Generating flow layout
[Topology][Flow] Nodes: 2
[Topology][Flow] Connections: 1
[Topology][Flow] Generating flow layout
[Topology][Flow] Nodes: 8
[Topology][Flow] Connections: 7
[Topology][Flow] Generating flow layout
[Topology][Flow] Nodes: 2
[Topology][Flow] Connections: 1
[Topology][Flow] Generating flow layout
[Topology][Flow] Nodes: 8
[Topology][Flow] Connections: 7
[Topology][Flow] Generating flow layout
[Topology][Flow] Nodes: 2
[Topology][Flow] Connections: 1
[Topology][Flow] Generating flow layout
[Topology][Flow] Nodes: 8
[Topology][Flow] Connections: 7
[Topology][Flow] Generating flow layout
[Topology][Flow] Nodes: 2
[Topology][Flow] Connections: 1
[Topology][Flow] Generating flow layout
[Topology][Flow] Nodes: 8
[Topology][Flow] Connections: 7
[Topology][Flow] Generating flow layout
[Topology][Flow] Nodes: 2
[Topology][Flow] Connections: 1
[Topology][Flow] Generating flow layout
[Topology][Flow] Nodes: 8
[Topology][Flow] Connections: 7
[Topology][Flow] Generating flow layout
[Topology][Flow] Nodes: 2
[Topology][Flow] Connections: 1
[Topology][Flow] Generating flow layout
[Topology][Flow] Nodes: 8
[Topology][Flow] Connections: 7
[Topology][Flow] Generating flow layout
[Topology][Flow] Nodes: 2
[Topology][Flow] Connections: 1
[Topology][Flow] Generating flow layout
[Topology][Flow] Nodes: 8
[Topology][Flow] Connections: 7
[Topology][Flow] Generating flow layout
[Topology][Flow] Nodes: 2
[Topology][Flow] Connections: 1
[Topology][Flow] Generating flow layout
[Topology][Flow] Nodes: 8
[Topology][Flow] Connections: 7
[Topology][Flow] Generating flow layout
[Topology][Flow] Nodes: 2
[Topology][Flow] Connections: 1
[Topology][Flow] Generating flow layout
[Topology][Flow] Nodes: 8
[Topology][Flow] Connections: 7
[Topology][Flow] Generating flow layout
[Topology][Flow] Nodes: 2
[Topology][Flow] Connections: 1
[Topology][Flow] Generating flow layout
[Topology][Flow] Nodes: 8
[Topology][Flow] Connections: 7
[Topology][Flow] Generating flow layout
[Topology][Flow] Nodes: 2
[Topology][Flow] Connections: 1
[Topology][Flow] Generating flow layout
[Topology][Flow] Nodes: 8
[Topology][Flow] Connections: 7
[Topology][Flow] Generating flow layout
[Topology][Flow] Nodes: 2
[Topology][Flow] Connections: 1
[Topology][Flow] Generating flow layout
[Topology][Flow] Nodes: 8
[Topology][Flow] Connections: 7
[Topology][Flow] Generating flow layout
[Topology][Flow] Nodes: 2
[Topology][Flow] Connections: 1
[Topology][Flow] Generating flow layout
[Topology][Flow] Nodes: 8
[Topology][Flow] Connections: 7
[Topology][Flow] Generating flow layout
[Topology][Flow] Nodes: 2
[Topology][Flow] Connections: 1
[Topology][Flow] Generating flow layout
[Topology][Flow] Nodes: 8
[Topology][Flow] Connections: 7
[Topology][Flow] Generating flow layout
[Topology][Flow] Nodes: 2
[Topology][Flow] Connections: 1
[Topology][Flow] Generating flow layout
[Topology][Flow] Nodes: 8
[Topology][Flow] Connections: 7
[Topology][Flow] Generating flow layout
[Topology][Flow] Nodes: 2
[Topology][Flow] Connections: 1
[Topology][Flow] Generating flow layout
[Topology][Flow] Nodes: 8
[Topology][Flow] Connections: 7
[Topology][Flow] Generating flow layout
[Topology][Flow] Nodes: 2
[Topology][Flow] Connections: 1
[Topology][Flow] Generating flow layout
[Topology][Flow] Nodes: 8
[Topology][Flow] Connections: 7
[Topology][Flow] Generating flow layout
[Topology][Flow] Nodes: 2
[Topology][Flow] Connections: 1
[Topology][Flow] Generating flow layout
[Topology][Flow] Nodes: 8
[Topology][Flow] Connections: 7
[Topology][Flow] Generating flow layout
[Topology][Flow] Nodes: 2
[Topology][Flow] Connections: 1
[Topology][Flow] Generating flow layout
[Topology][Flow] Nodes: 8
[Topology][Flow] Connections: 7
[Topology][Flow] Generating flow layout
[Topology][Flow] Nodes: 2
[Topology][Flow] Connections: 1
[Topology][Flow] Generating flow layout
[Topology][Flow] Nodes: 8
[Topology][Flow] Connections: 7
[Topology][Flow] Generating flow layout
[Topology][Flow] Nodes: 2
[Topology][Flow] Connections: 1
[Topology][Flow] Generating flow layout
[Topology][Flow] Nodes: 8
[Topology][Flow] Connections: 7
[Topology][Flow] Generating flow layout
[Topology][Flow] Nodes: 2
[Topology][Flow] Connections: 1
[Topology][Flow] Generating flow layout
[Topology][Flow] Nodes: 8
[Topology][Flow] Connections: 7
[Topology][Flow] Generating flow layout
[Topology][Flow] Nodes: 2
[Topology][Flow] Connections: 1
[Topology][Flow] Generating flow layout
[Topology][Flow] Nodes: 8
[Topology][Flow] Connections: 7
[Topology][Flow] Generating flow layout
[Topology][Flow] Nodes: 2
[Topology][Flow] Connections: 1
[Topology][Flow] Generating flow layout
[Topology][Flow] Nodes: 8
[Topology][Flow] Connections: 7
[Topology][Flow] Generating flow layout
[Topology][Flow] Nodes: 2
[Topology][Flow] Connections: 1
[Topology][Flow] Generating flow layout
[Topology][Flow] Nodes: 8
[Topology][Flow] Connections: 7
[Topology][Flow] Generating flow layout
[Topology][Flow] Nodes: 2
[Topology][Flow] Connections: 1
[Topology][Flow] Generating flow layout
[Topology][Flow] Nodes: 8
[Topology][Flow] Connections: 7
[Topology][Flow] Generating flow layout
[Topology][Flow] Nodes: 2
[Topology][Flow] Connections: 1
[Topology][Flow] Generating flow layout
[Topology][Flow] Nodes: 8
[Topology][Flow] Connections: 7
[Topology][Flow] Generating flow layout
[Topology][Flow] Nodes: 2
[Topology][Flow] Connections: 1
[Topology][Flow] Generating flow layout
[Topology][Flow] Nodes: 8
[Topology][Flow] Connections: 7
[Topology][Hub] Generating hub layout
[Topology][Hub] Hub: Capacity
[Topology][Hub] Satellites: 5
[Topology][Hub] Connections: 5
[Topology][Flow] Generating flow layout
[Topology][Flow] Nodes: 8
[Topology][Flow] Connections: 7
[Topology][Hub] Generating hub layout
[Topology][Hub] Hub: Capacity
[Topology][Hub] Satellites: 5
[Topology][Hub] Connections: 5
[Topology][Flow] Generating flow layout
[Topology][Flow] Nodes: 8
[Topology][Flow] Connections: 7
[Topology][Hub] Generating hub layout
[Topology][Hub] Hub: Capacity
[Topology][Hub] Satellites: 5
[Topology][Hub] Connections: 5
[Topology][Flow] Generating flow layout
[Topology][Flow] Nodes: 8
[Topology][Flow] Connections: 7
[Topology][Hub] Generating hub layout
[Topology][Hub] Hub: Capacity
[Topology][Hub] Satellites: 5
[Topology][Hub] Connections: 5
[Topology][Flow] Generating flow layout
[Topology][Flow] Nodes: 8
[Topology][Flow] Connections: 7
[Topology][Hub] Generating hub layout
[Topology][Hub] Hub: Capacity
[Topology][Hub] Satellites: 5
[Topology][Hub] Connections: 5
[Topology][Flow] Generating flow layout
[Topology][Flow] Nodes: 8
[Topology][Flow] Connections: 7
[Topology][Flow] Generating flow layout
[Topology][Flow] Nodes: 2
[Topology][Flow] Connections: 1
[Topology][Flow] Generating flow layout
[Topology][Flow] Nodes: 8
[Topology][Flow] Connections: 7
[Topology][Hub] Generating hub layout
[Topology][Hub] Hub: Risk
[Topology][Hub] Satellites: 3
[Topology][Hub] Connections: 3
[Topology][Flow] Generating flow layout
[Topology][Flow] Nodes: 8
[Topology][Flow] Connections: 7
[Topology][Hub] Generating hub layout
[Topology][Hub] Hub: Risk
[Topology][Hub] Satellites: 3
[Topology][Hub] Connections: 3
[Topology][Flow] Generating flow layout
[Topology][Flow] Nodes: 8
[Topology][Flow] Connections: 7
[Topology][Hub] Generating hub layout
[Topology][Hub] Hub: Risk
[Topology][Hub] Satellites: 3
[Topology][Hub] Connections: 3
[Topology][Flow] Generating flow layout
[Topology][Flow] Nodes: 8
[Topology][Flow] Connections: 7
[Topology][Hub] Generating hub layout
[Topology][Hub] Hub: Risk
[Topology][Hub] Satellites: 3
[Topology][Hub] Connections: 3
[Topology][Flow] Generating flow layout
[Topology][Flow] Nodes: 8
[Topology][Flow] Connections: 7
[Topology][Hub] Generating hub layout
[Topology][Hub] Hub: Risk
[Topology][Hub] Satellites: 3
[Topology][Hub] Connections: 3
[Topology][Flow] Generating flow layout
[Topology][Flow] Nodes: 8
[Topology][Flow] Connections: 7
[Topology][Flow] Generating flow layout
[Topology][Flow] Nodes: 2
[Topology][Flow] Connections: 1
[Topology][Flow] Generating flow layout
[Topology][Flow] Nodes: 8
[Topology][Flow] Connections: 7
[Topology][Flow] Generating flow layout
[Topology][Flow] Nodes: 2
[Topology][Flow] Connections: 1
[Topology][Flow] Generating flow layout
[Topology][Flow] Nodes: 8
[Topology][Flow] Connections: 7
[Topology][Flow] Generating flow layout
[Topology][Flow] Nodes: 2
[Topology][Flow] Connections: 1
[Topology][Flow] Generating flow layout
[Topology][Flow] Nodes: 8
[Topology][Flow] Connections: 7
[Topology][Flow] Generating flow layout
[Topology][Flow] Nodes: 2
[Topology][Flow] Connections: 1
[Topology][Flow] Generating flow layout
[Topology][Flow] Nodes: 8
[Topology][Flow] Connections: 7
[Topology][Flow] Generating flow layout
[Topology][Flow] Nodes: 2
[Topology][Flow] Connections: 1
[Topology][Flow] Generating flow layout
[Topology][Flow] Nodes: 8
[Topology][Flow] Connections: 7
[Topology][Flow] Generating flow layout
[Topology][Flow] Nodes: 2
[Topology][Flow] Connections: 1
[Topology][Flow] Generating flow layout
[Topology][Flow] Nodes: 8
[Topology][Flow] Connections: 7
[Topology][Flow] Generating flow layout
[Topology][Flow] Nodes: 2
[Topology][Flow] Connections: 1
[Topology][Flow] Generating flow layout
[Topology][Flow] Nodes: 8
[Topology][Flow] Connections: 7
[Topology][Flow] Generating flow layout
[Topology][Flow] Nodes: 2
[Topology][Flow] Connections: 1
[Topology][Flow] Generating flow layout
[Topology][Flow] Nodes: 8
[Topology][Flow] Connections: 7
[Topology][Flow] Generating flow layout
[Topology][Flow] Nodes: 2
[Topology][Flow] Connections: 1
[Topology][Flow] Generating flow layout
[Topology][Flow] Nodes: 8
[Topology][Flow] Connections: 7
[Topology][Flow] Generating flow layout
[Topology][Flow] Nodes: 2
[Topology][Flow] Connections: 1
[Topology][Flow] Generating flow layout
[Topology][Flow] Nodes: 8
[Topology][Flow] Connections: 7
[Topology][Flow] Generating flow layout
[Topology][Flow] Nodes: 2
[Topology][Flow] Connections: 1
[Topology][Flow] Generating flow layout
[Topology][Flow] Nodes: 8
[Topology][Flow] Connections: 7
[Topology][Flow] Generating flow layout
[Topology][Flow] Nodes: 2
[Topology][Flow] Connections: 1
[Topology][Flow] Generating flow layout
[Topology][Flow] Nodes: 8
[Topology][Flow] Connections: 7
[Topology][Flow] Generating flow layout
[Topology][Flow] Nodes: 2
[Topology][Flow] Connections: 1
[Topology][Flow] Generating flow layout
[Topology][Flow] Nodes: 8
[Topology][Flow] Connections: 7
[Topology][Flow] Generating flow layout
[Topology][Flow] Nodes: 2
[Topology][Flow] Connections: 1
[Topology][Flow] Generating flow layout
[Topology][Flow] Nodes: 8
[Topology][Flow] Connections: 7
[Topology][Flow] Generating flow layout
[Topology][Flow] Nodes: 2
[Topology][Flow] Connections: 1
[Topology][Flow] Generating flow layout
[Topology][Flow] Nodes: 8
[Topology][Flow] Connections: 7
[Topology][Flow] Generating flow layout
[Topology][Flow] Nodes: 2
[Topology][Flow] Connections: 1
[Topology][Flow] Generating flow layout
[Topology][Flow] Nodes: 8
[Topology][Flow] Connections: 7
[Topology][Flow] Generating flow layout
[Topology][Flow] Nodes: 2
[Topology][Flow] Connections: 1
[Topology][Flow] Generating flow layout
[Topology][Flow] Nodes: 8
[Topology][Flow] Connections: 7
[Topology][Flow] Generating flow layout
[Topology][Flow] Nodes: 2
[Topology][Flow] Connections: 1
[Topology][Flow] Generating flow layout
[Topology][Flow] Nodes: 8
[Topology][Flow] Connections: 7
[Topology][Flow] Generating flow layout
[Topology][Flow] Nodes: 2
[Topology][Flow] Connections: 1
[Topology][Flow] Generating flow layout
[Topology][Flow] Nodes: 8
[Topology][Flow] Connections: 7
[Topology][Flow] Generating flow layout
[Topology][Flow] Nodes: 2
[Topology][Flow] Connections: 1
[Topology][Flow] Generating flow layout
[Topology][Flow] Nodes: 8
[Topology][Flow] Connections: 7
[Topology][Flow] Generating flow layout
[Topology][Flow] Nodes: 2
[Topology][Flow] Connections: 1
▶ MRA:3-RECERT-FIX2 targeted investigation fidelity
  ✔ investigate it is not a FOCUS navigation of a deictic token (47.98025ms)
  ✔ A: Demand Surge then investigate it stays Demand Surge (241.86875ms)
  ✔ live-like pending attention review cannot capture investigate it (51.635916ms)
  ✔ B: look deeper into it stays Demand Surge (37.221042ms)
  ✔ C: what else do we know about it stays Demand Surge (53.833417ms)
  ✔ D–F: evidence / importance / missing keep Demand Surge continuity (89.910333ms)
  ✔ preserve explain / tell me more / how-sure / impact (132.773333ms)
  ✔ explicit Investigate Capacity Expansion Plan / Margin Pressure still changes subject (45.93025ms)
  ✔ cross-object investigate it keeps the named subject (114.7985ms)
  ✔ CSV then Capacity Gap then investigate it stays Capacity Gap (60.297875ms)
  ✔ selection utterance without a deictic referent may still use attention (10.9375ms)
  ✔ ambiguous investigate it without a subject clarifies instead of promoting attention (23.342125ms)
✔ MRA:3-RECERT-FIX2 targeted investigation fidelity (915.043ms)
[Topology][Flow] Generating flow layout
[Topology][Flow] Nodes: 8
[Topology][Flow] Connections: 7
[Topology][Flow] Generating flow layout
[Topology][Flow] Nodes: 2
[Topology][Flow] Connections: 1
[Topology][Flow] Generating flow layout
[Topology][Flow] Nodes: 8
[Topology][Flow] Connections: 7
[Topology][Hub] Generating hub layout
[Topology][Hub] Hub: Risk
[Topology][Hub] Satellites: 3
[Topology][Hub] Connections: 3
[Topology][Flow] Generating flow layout
[Topology][Flow] Nodes: 8
[Topology][Flow] Connections: 7
[Topology][Hub] Generating hub layout
[Topology][Hub] Hub: Risk
[Topology][Hub] Satellites: 3
[Topology][Hub] Connections: 3
[Topology][Flow] Generating flow layout
[Topology][Flow] Nodes: 8
[Topology][Flow] Connections: 7
[Topology][Hub] Generating hub layout
[Topology][Hub] Hub: Risk
[Topology][Hub] Satellites: 3
[Topology][Hub] Connections: 3
[Topology][Flow] Generating flow layout
[Topology][Flow] Nodes: 8
[Topology][Flow] Connections: 7
[Topology][Hub] Generating hub layout
[Topology][Hub] Hub: Risk
[Topology][Hub] Satellites: 3
[Topology][Hub] Connections: 3
[Topology][Flow] Generating flow layout
[Topology][Flow] Nodes: 8
[Topology][Flow] Connections: 7
[Topology][Hub] Generating hub layout
[Topology][Hub] Hub: Risk
[Topology][Hub] Satellites: 3
[Topology][Hub] Connections: 3
[Topology][Flow] Generating flow layout
[Topology][Flow] Nodes: 8
[Topology][Flow] Connections: 7
[Topology][Hub] Generating hub layout
[Topology][Hub] Hub: Risk
[Topology][Hub] Satellites: 3
[Topology][Hub] Connections: 3
[Topology][Flow] Generating flow layout
[Topology][Flow] Nodes: 8
[Topology][Flow] Connections: 7
[Topology][Hub] Generating hub layout
[Topology][Hub] Hub: Risk
[Topology][Hub] Satellites: 3
[Topology][Hub] Connections: 3
[Topology][Flow] Generating flow layout
[Topology][Flow] Nodes: 8
[Topology][Flow] Connections: 7
[Topology][Hub] Generating hub layout
[Topology][Hub] Hub: Risk
[Topology][Hub] Satellites: 3
[Topology][Hub] Connections: 3
[Topology][Flow] Generating flow layout
[Topology][Flow] Nodes: 8
[Topology][Flow] Connections: 7
[Topology][Flow] Generating flow layout
[Topology][Flow] Nodes: 2
[Topology][Flow] Connections: 1
[Topology][Flow] Generating flow layout
[Topology][Flow] Nodes: 8
[Topology][Flow] Connections: 7
[Topology][Flow] Generating flow layout
[Topology][Flow] Nodes: 2
[Topology][Flow] Connections: 1
[Topology][Flow] Generating flow layout
[Topology][Flow] Nodes: 8
[Topology][Flow] Connections: 7
[Topology][Flow] Generating flow layout
[Topology][Flow] Nodes: 2
[Topology][Flow] Connections: 1
[Topology][Flow] Generating flow layout
[Topology][Flow] Nodes: 8
[Topology][Flow] Connections: 7
[Topology][Flow] Generating flow layout
[Topology][Flow] Nodes: 2
[Topology][Flow] Connections: 1
[Topology][Flow] Generating flow layout
[Topology][Flow] Nodes: 8
[Topology][Flow] Connections: 7
[Topology][Flow] Generating flow layout
[Topology][Flow] Nodes: 2
[Topology][Flow] Connections: 1
[Topology][Flow] Generating flow layout
[Topology][Flow] Nodes: 8
[Topology][Flow] Connections: 7
[Topology][Flow] Generating flow layout
[Topology][Flow] Nodes: 2
[Topology][Flow] Connections: 1
[Topology][Flow] Generating flow layout
[Topology][Flow] Nodes: 8
[Topology][Flow] Connections: 7
[Topology][Flow] Generating flow layout
[Topology][Flow] Nodes: 2
[Topology][Flow] Connections: 1
[Topology][Flow] Generating flow layout
[Topology][Flow] Nodes: 8
[Topology][Flow] Connections: 7
[Topology][Flow] Generating flow layout
[Topology][Flow] Nodes: 2
[Topology][Flow] Connections: 1
[Topology][Flow] Generating flow layout
[Topology][Flow] Nodes: 8
[Topology][Flow] Connections: 7
[Topology][Flow] Generating flow layout
[Topology][Flow] Nodes: 2
[Topology][Flow] Connections: 1
[Topology][Flow] Generating flow layout
[Topology][Flow] Nodes: 8
[Topology][Flow] Connections: 7
[Topology][Flow] Generating flow layout
[Topology][Flow] Nodes: 2
[Topology][Flow] Connections: 1
[Topology][Flow] Generating flow layout
[Topology][Flow] Nodes: 8
[Topology][Flow] Connections: 7
[Topology][Flow] Generating flow layout
[Topology][Flow] Nodes: 2
[Topology][Flow] Connections: 1
[Topology][Flow] Generating flow layout
[Topology][Flow] Nodes: 8
[Topology][Flow] Connections: 7
[Topology][Flow] Generating flow layout
[Topology][Flow] Nodes: 2
[Topology][Flow] Connections: 1
[Topology][Flow] Generating flow layout
[Topology][Flow] Nodes: 8
[Topology][Flow] Connections: 7
[Topology][Flow] Generating flow layout
[Topology][Flow] Nodes: 2
[Topology][Flow] Connections: 1
[Topology][Flow] Generating flow layout
[Topology][Flow] Nodes: 8
[Topology][Flow] Connections: 7
[Topology][Flow] Generating flow layout
[Topology][Flow] Nodes: 2
[Topology][Flow] Connections: 1
[Topology][Flow] Generating flow layout
[Topology][Flow] Nodes: 8
[Topology][Flow] Connections: 7
[Topology][Flow] Generating flow layout
[Topology][Flow] Nodes: 2
[Topology][Flow] Connections: 1
[Topology][Flow] Generating flow layout
[Topology][Flow] Nodes: 8
[Topology][Flow] Connections: 7
[Topology][Flow] Generating flow layout
[Topology][Flow] Nodes: 2
[Topology][Flow] Connections: 1
[Topology][Flow] Generating flow layout
[Topology][Flow] Nodes: 8
[Topology][Flow] Connections: 7
[Topology][Flow] Generating flow layout
[Topology][Flow] Nodes: 2
[Topology][Flow] Connections: 1
[Topology][Flow] Generating flow layout
[Topology][Flow] Nodes: 8
[Topology][Flow] Connections: 7
[Topology][Flow] Generating flow layout
[Topology][Flow] Nodes: 2
[Topology][Flow] Connections: 1
[Topology][Flow] Generating flow layout
[Topology][Flow] Nodes: 8
[Topology][Flow] Connections: 7
[Topology][Flow] Generating flow layout
[Topology][Flow] Nodes: 2
[Topology][Flow] Connections: 1
[Topology][Flow] Generating flow layout
[Topology][Flow] Nodes: 8
[Topology][Flow] Connections: 7
[Topology][Flow] Generating flow layout
[Topology][Flow] Nodes: 2
[Topology][Flow] Connections: 1
[Topology][Flow] Generating flow layout
[Topology][Flow] Nodes: 8
[Topology][Flow] Connections: 7
[Topology][Flow] Generating flow layout
[Topology][Flow] Nodes: 2
[Topology][Flow] Connections: 1
▶ MRA:3-RECERT-FIX3-FIX1 Manager–Object parity
  ✔ A: canonical Risk outranks stale NCA Margin Pressure for a deictic investigation (330.839459ms)
  ✔ B: Demand Surge remains the Manager–Object subject (50.498ms)
  ✔ C: Capacity Gap remains the Manager–Object subject (37.174625ms)
  ✔ D: an explicit named investigation changes the Manager–Object subject (45.521583ms)
  ✔ E: no established subject retains existing attention selection (16.281834ms)
✔ MRA:3-RECERT-FIX3-FIX1 Manager–Object parity (482.728416ms)
[Topology][Flow] Generating flow layout
[Topology][Flow] Nodes: 8
[Topology][Flow] Connections: 7
[Topology][Flow] Generating flow layout
[Topology][Flow] Nodes: 2
[Topology][Flow] Connections: 1
[Topology][Flow] Generating flow layout
[Topology][Flow] Nodes: 8
[Topology][Flow] Connections: 7
[Topology][Flow] Generating flow layout
[Topology][Flow] Nodes: 2
[Topology][Flow] Connections: 1
[Topology][Flow] Generating flow layout
[Topology][Flow] Nodes: 8
[Topology][Flow] Connections: 7
[Topology][Flow] Generating flow layout
[Topology][Flow] Nodes: 2
[Topology][Flow] Connections: 1
[Topology][Flow] Generating flow layout
[Topology][Flow] Nodes: 8
[Topology][Flow] Connections: 7
[Topology][Flow] Generating flow layout
[Topology][Flow] Nodes: 2
[Topology][Flow] Connections: 1
[Topology][Flow] Generating flow layout
[Topology][Flow] Nodes: 8
[Topology][Flow] Connections: 7
[Topology][Flow] Generating flow layout
[Topology][Flow] Nodes: 2
[Topology][Flow] Connections: 1
[Topology][Flow] Generating flow layout
[Topology][Flow] Nodes: 8
[Topology][Flow] Connections: 7
[Topology][Flow] Generating flow layout
[Topology][Flow] Nodes: 2
[Topology][Flow] Connections: 1
[Topology][Flow] Generating flow layout
[Topology][Flow] Nodes: 8
[Topology][Flow] Connections: 7
[Topology][Flow] Generating flow layout
[Topology][Flow] Nodes: 2
[Topology][Flow] Connections: 1
[Topology][Flow] Generating flow layout
[Topology][Flow] Nodes: 8
[Topology][Flow] Connections: 7
[Topology][Flow] Generating flow layout
[Topology][Flow] Nodes: 2
[Topology][Flow] Connections: 1
[Topology][Flow] Generating flow layout
[Topology][Flow] Nodes: 8
[Topology][Flow] Connections: 7
[Topology][Flow] Generating flow layout
[Topology][Flow] Nodes: 2
[Topology][Flow] Connections: 1
[Topology][Flow] Generating flow layout
[Topology][Flow] Nodes: 8
[Topology][Flow] Connections: 7
[Topology][Flow] Generating flow layout
[Topology][Flow] Nodes: 2
[Topology][Flow] Connections: 1
[Topology][Flow] Generating flow layout
[Topology][Flow] Nodes: 8
[Topology][Flow] Connections: 7
[Topology][Flow] Generating flow layout
[Topology][Flow] Nodes: 2
[Topology][Flow] Connections: 1
[Topology][Flow] Generating flow layout
[Topology][Flow] Nodes: 8
[Topology][Flow] Connections: 7
[Topology][Flow] Generating flow layout
[Topology][Flow] Nodes: 2
[Topology][Flow] Connections: 1
[Topology][Flow] Generating flow layout
[Topology][Flow] Nodes: 8
[Topology][Flow] Connections: 7
[Topology][Flow] Generating flow layout
[Topology][Flow] Nodes: 2
[Topology][Flow] Connections: 1
[Topology][Flow] Generating flow layout
[Topology][Flow] Nodes: 8
[Topology][Flow] Connections: 7
[Topology][Flow] Generating flow layout
[Topology][Flow] Nodes: 2
[Topology][Flow] Connections: 1
[Topology][Flow] Generating flow layout
[Topology][Flow] Nodes: 8
[Topology][Flow] Connections: 7
[Topology][Flow] Generating flow layout
[Topology][Flow] Nodes: 2
[Topology][Flow] Connections: 1
[Topology][Flow] Generating flow layout
[Topology][Flow] Nodes: 8
[Topology][Flow] Connections: 7
[Topology][Flow] Generating flow layout
[Topology][Flow] Nodes: 2
[Topology][Flow] Connections: 1
[Topology][Flow] Generating flow layout
[Topology][Flow] Nodes: 8
[Topology][Flow] Connections: 7
[Topology][Flow] Generating flow layout
[Topology][Flow] Nodes: 2
[Topology][Flow] Connections: 1
[Topology][Flow] Generating flow layout
[Topology][Flow] Nodes: 8
[Topology][Flow] Connections: 7
[Topology][Flow] Generating flow layout
[Topology][Flow] Nodes: 2
[Topology][Flow] Connections: 1
[Topology][Flow] Generating flow layout
[Topology][Flow] Nodes: 8
[Topology][Flow] Connections: 7
[Topology][Flow] Generating flow layout
[Topology][Flow] Nodes: 2
[Topology][Flow] Connections: 1
[Topology][Flow] Generating flow layout
[Topology][Flow] Nodes: 8
[Topology][Flow] Connections: 7
[Topology][Flow] Generating flow layout
[Topology][Flow] Nodes: 2
[Topology][Flow] Connections: 1
[Topology][Flow] Generating flow layout
[Topology][Flow] Nodes: 8
[Topology][Flow] Connections: 7
[Topology][Flow] Generating flow layout
[Topology][Flow] Nodes: 2
[Topology][Flow] Connections: 1
[Topology][Flow] Generating flow layout
[Topology][Flow] Nodes: 8
[Topology][Flow] Connections: 7
[Topology][Flow] Generating flow layout
[Topology][Flow] Nodes: 2
[Topology][Flow] Connections: 1
[Topology][Flow] Generating flow layout
[Topology][Flow] Nodes: 8
[Topology][Flow] Connections: 7
[Topology][Flow] Generating flow layout
[Topology][Flow] Nodes: 2
[Topology][Flow] Connections: 1
[Topology][Flow] Generating flow layout
[Topology][Flow] Nodes: 8
[Topology][Flow] Connections: 7
[Topology][Flow] Generating flow layout
[Topology][Flow] Nodes: 2
[Topology][Flow] Connections: 1
[Topology][Flow] Generating flow layout
[Topology][Flow] Nodes: 8
[Topology][Flow] Connections: 7
[Topology][Flow] Generating flow layout
[Topology][Flow] Nodes: 2
[Topology][Flow] Connections: 1
[Topology][Flow] Generating flow layout
[Topology][Flow] Nodes: 8
[Topology][Flow] Connections: 7
[Topology][Flow] Generating flow layout
[Topology][Flow] Nodes: 2
[Topology][Flow] Connections: 1
[Topology][Flow] Generating flow layout
[Topology][Flow] Nodes: 8
[Topology][Flow] Connections: 7
[Topology][Flow] Generating flow layout
[Topology][Flow] Nodes: 2
[Topology][Flow] Connections: 1
[Topology][Flow] Generating flow layout
[Topology][Flow] Nodes: 8
[Topology][Flow] Connections: 7
[Topology][Flow] Generating flow layout
[Topology][Flow] Nodes: 2
[Topology][Flow] Connections: 1
[Topology][Flow] Generating flow layout
[Topology][Flow] Nodes: 8
[Topology][Flow] Connections: 7
[Topology][Flow] Generating flow layout
[Topology][Flow] Nodes: 2
[Topology][Flow] Connections: 1
[Topology][Flow] Generating flow layout
[Topology][Flow] Nodes: 8
[Topology][Flow] Connections: 7
[Topology][Flow] Generating flow layout
[Topology][Flow] Nodes: 2
[Topology][Flow] Connections: 1
[Topology][Flow] Generating flow layout
[Topology][Flow] Nodes: 8
[Topology][Flow] Connections: 7
[Topology][Flow] Generating flow layout
[Topology][Flow] Nodes: 2
[Topology][Flow] Connections: 1
[Topology][Flow] Generating flow layout
[Topology][Flow] Nodes: 8
[Topology][Flow] Connections: 7
[Topology][Flow] Generating flow layout
[Topology][Flow] Nodes: 2
[Topology][Flow] Connections: 1
[Topology][Flow] Generating flow layout
[Topology][Flow] Nodes: 8
[Topology][Flow] Connections: 7
[Topology][Flow] Generating flow layout
[Topology][Flow] Nodes: 2
[Topology][Flow] Connections: 1
[Topology][Flow] Generating flow layout
[Topology][Flow] Nodes: 8
[Topology][Flow] Connections: 7
[Topology][Flow] Generating flow layout
[Topology][Flow] Nodes: 2
[Topology][Flow] Connections: 1
[Topology][Flow] Generating flow layout
[Topology][Flow] Nodes: 8
[Topology][Flow] Connections: 7
[Topology][Flow] Generating flow layout
[Topology][Flow] Nodes: 2
[Topology][Flow] Connections: 1
[Topology][Flow] Generating flow layout
[Topology][Flow] Nodes: 8
[Topology][Flow] Connections: 7
[Topology][Flow] Generating flow layout
[Topology][Flow] Nodes: 2
[Topology][Flow] Connections: 1
[Topology][Flow] Generating flow layout
[Topology][Flow] Nodes: 8
[Topology][Flow] Connections: 7
[Topology][Flow] Generating flow layout
[Topology][Flow] Nodes: 2
[Topology][Flow] Connections: 1
[Topology][Flow] Generating flow layout
[Topology][Flow] Nodes: 8
[Topology][Flow] Connections: 7
[Topology][Flow] Generating flow layout
[Topology][Flow] Nodes: 2
[Topology][Flow] Connections: 1
[Topology][Flow] Generating flow layout
[Topology][Flow] Nodes: 8
[Topology][Flow] Connections: 7
[Topology][Flow] Generating flow layout
[Topology][Flow] Nodes: 2
[Topology][Flow] Connections: 1
[Topology][Flow] Generating flow layout
[Topology][Flow] Nodes: 8
[Topology][Flow] Connections: 7
[Topology][Flow] Generating flow layout
[Topology][Flow] Nodes: 2
[Topology][Flow] Connections: 1
[Topology][Flow] Generating flow layout
[Topology][Flow] Nodes: 8
[Topology][Flow] Connections: 7
[Topology][Flow] Generating flow layout
[Topology][Flow] Nodes: 2
[Topology][Flow] Connections: 1
[Topology][Flow] Generating flow layout
[Topology][Flow] Nodes: 8
[Topology][Flow] Connections: 7
[Topology][Flow] Generating flow layout
[Topology][Flow] Nodes: 2
[Topology][Flow] Connections: 1
[Topology][Flow] Generating flow layout
[Topology][Flow] Nodes: 8
[Topology][Flow] Connections: 7
[Topology][Flow] Generating flow layout
[Topology][Flow] Nodes: 2
[Topology][Flow] Connections: 1
[Topology][Flow] Generating flow layout
[Topology][Flow] Nodes: 8
[Topology][Flow] Connections: 7
[Topology][Flow] Generating flow layout
[Topology][Flow] Nodes: 2
[Topology][Flow] Connections: 1
[Topology][Flow] Generating flow layout
[Topology][Flow] Nodes: 8
[Topology][Flow] Connections: 7
[Topology][Flow] Generating flow layout
[Topology][Flow] Nodes: 2
[Topology][Flow] Connections: 1
[Topology][Flow] Generating flow layout
[Topology][Flow] Nodes: 8
[Topology][Flow] Connections: 7
[Topology][Flow] Generating flow layout
[Topology][Flow] Nodes: 2
[Topology][Flow] Connections: 1
[Topology][Flow] Generating flow layout
[Topology][Flow] Nodes: 8
[Topology][Flow] Connections: 7
[Topology][Flow] Generating flow layout
[Topology][Flow] Nodes: 2
[Topology][Flow] Connections: 1
[Topology][Flow] Generating flow layout
[Topology][Flow] Nodes: 8
[Topology][Flow] Connections: 7
[Topology][Flow] Generating flow layout
[Topology][Flow] Nodes: 2
[Topology][Flow] Connections: 1
[Topology][Flow] Generating flow layout
[Topology][Flow] Nodes: 8
[Topology][Flow] Connections: 7
[Topology][Flow] Generating flow layout
[Topology][Flow] Nodes: 2
[Topology][Flow] Connections: 1
[Topology][Flow] Generating flow layout
[Topology][Flow] Nodes: 8
[Topology][Flow] Connections: 7
[Topology][Flow] Generating flow layout
[Topology][Flow] Nodes: 2
[Topology][Flow] Connections: 1
[Topology][Flow] Generating flow layout
[Topology][Flow] Nodes: 8
[Topology][Flow] Connections: 7
[Topology][Flow] Generating flow layout
[Topology][Flow] Nodes: 2
[Topology][Flow] Connections: 1
[Topology][Flow] Generating flow layout
[Topology][Flow] Nodes: 8
[Topology][Flow] Connections: 7
[Topology][Flow] Generating flow layout
[Topology][Flow] Nodes: 2
[Topology][Flow] Connections: 1
[Topology][Flow] Generating flow layout
[Topology][Flow] Nodes: 8
[Topology][Flow] Connections: 7
[Topology][Flow] Generating flow layout
[Topology][Flow] Nodes: 2
[Topology][Flow] Connections: 1
[Topology][Flow] Generating flow layout
[Topology][Flow] Nodes: 8
[Topology][Flow] Connections: 7
[Topology][Flow] Generating flow layout
[Topology][Flow] Nodes: 2
[Topology][Flow] Connections: 1
[Topology][Flow] Generating flow layout
[Topology][Flow] Nodes: 8
[Topology][Flow] Connections: 7
[Topology][Flow] Generating flow layout
[Topology][Flow] Nodes: 2
[Topology][Flow] Connections: 1
[Topology][Flow] Generating flow layout
[Topology][Flow] Nodes: 8
[Topology][Flow] Connections: 7
[Topology][Flow] Generating flow layout
[Topology][Flow] Nodes: 2
[Topology][Flow] Connections: 1
[Topology][Flow] Generating flow layout
[Topology][Flow] Nodes: 8
[Topology][Flow] Connections: 7
[Topology][Flow] Generating flow layout
[Topology][Flow] Nodes: 2
[Topology][Flow] Connections: 1
[Topology][Flow] Generating flow layout
[Topology][Flow] Nodes: 8
[Topology][Flow] Connections: 7
[Topology][Flow] Generating flow layout
[Topology][Flow] Nodes: 2
[Topology][Flow] Connections: 1
[Topology][Flow] Generating flow layout
[Topology][Flow] Nodes: 8
[Topology][Flow] Connections: 7
[Topology][Flow] Generating flow layout
[Topology][Flow] Nodes: 2
[Topology][Flow] Connections: 1
[Topology][Flow] Generating flow layout
[Topology][Flow] Nodes: 8
[Topology][Flow] Connections: 7
[Topology][Flow] Generating flow layout
[Topology][Flow] Nodes: 2
[Topology][Flow] Connections: 1
[Topology][Flow] Generating flow layout
[Topology][Flow] Nodes: 8
[Topology][Flow] Connections: 7
[Topology][Flow] Generating flow layout
[Topology][Flow] Nodes: 2
[Topology][Flow] Connections: 1
[Topology][Flow] Generating flow layout
[Topology][Flow] Nodes: 8
[Topology][Flow] Connections: 7
[Topology][Flow] Generating flow layout
[Topology][Flow] Nodes: 2
[Topology][Flow] Connections: 1
[Topology][Flow] Generating flow layout
[Topology][Flow] Nodes: 8
[Topology][Flow] Connections: 7
[Topology][Flow] Generating flow layout
[Topology][Flow] Nodes: 2
[Topology][Flow] Connections: 1
[Topology][Flow] Generating flow layout
[Topology][Flow] Nodes: 8
[Topology][Flow] Connections: 7
[Topology][Flow] Generating flow layout
[Topology][Flow] Nodes: 2
[Topology][Flow] Connections: 1
[Topology][Flow] Generating flow layout
[Topology][Flow] Nodes: 8
[Topology][Flow] Connections: 7
[Topology][Flow] Generating flow layout
[Topology][Flow] Nodes: 2
[Topology][Flow] Connections: 1
[Topology][Flow] Generating flow layout
[Topology][Flow] Nodes: 8
[Topology][Flow] Connections: 7
[Topology][Flow] Generating flow layout
[Topology][Flow] Nodes: 2
[Topology][Flow] Connections: 1
[Topology][Flow] Generating flow layout
[Topology][Flow] Nodes: 8
[Topology][Flow] Connections: 7
[Topology][Flow] Generating flow layout
[Topology][Flow] Nodes: 2
[Topology][Flow] Connections: 1
[Topology][Flow] Generating flow layout
[Topology][Flow] Nodes: 8
[Topology][Flow] Connections: 7
[Topology][Flow] Generating flow layout
[Topology][Flow] Nodes: 2
[Topology][Flow] Connections: 1
[Topology][Flow] Generating flow layout
[Topology][Flow] Nodes: 8
[Topology][Flow] Connections: 7
[Topology][Flow] Generating flow layout
[Topology][Flow] Nodes: 2
[Topology][Flow] Connections: 1
[Topology][Flow] Generating flow layout
[Topology][Flow] Nodes: 8
[Topology][Flow] Connections: 7
[Topology][Flow] Generating flow layout
[Topology][Flow] Nodes: 2
[Topology][Flow] Connections: 1
[Topology][Flow] Generating flow layout
[Topology][Flow] Nodes: 8
[Topology][Flow] Connections: 7
[Topology][Flow] Generating flow layout
[Topology][Flow] Nodes: 2
[Topology][Flow] Connections: 1
[Topology][Flow] Generating flow layout
[Topology][Flow] Nodes: 8
[Topology][Flow] Connections: 7
[Topology][Flow] Generating flow layout
[Topology][Flow] Nodes: 2
[Topology][Flow] Connections: 1
[Topology][Flow] Generating flow layout
[Topology][Flow] Nodes: 8
[Topology][Flow] Connections: 7
[Topology][Flow] Generating flow layout
[Topology][Flow] Nodes: 2
[Topology][Flow] Connections: 1
[Topology][Flow] Generating flow layout
[Topology][Flow] Nodes: 8
[Topology][Flow] Connections: 7
[Topology][Flow] Generating flow layout
[Topology][Flow] Nodes: 2
[Topology][Flow] Connections: 1
[Topology][Flow] Generating flow layout
[Topology][Flow] Nodes: 8
[Topology][Flow] Connections: 7
[Topology][Flow] Generating flow layout
[Topology][Flow] Nodes: 2
[Topology][Flow] Connections: 1
[Topology][Flow] Generating flow layout
[Topology][Flow] Nodes: 8
[Topology][Flow] Connections: 7
[Topology][Flow] Generating flow layout
[Topology][Flow] Nodes: 2
[Topology][Flow] Connections: 1
[Topology][Flow] Generating flow layout
[Topology][Flow] Nodes: 8
[Topology][Flow] Connections: 7
[Topology][Flow] Generating flow layout
[Topology][Flow] Nodes: 2
[Topology][Flow] Connections: 1
[Topology][Flow] Generating flow layout
[Topology][Flow] Nodes: 8
[Topology][Flow] Connections: 7
[Topology][Flow] Generating flow layout
[Topology][Flow] Nodes: 2
[Topology][Flow] Connections: 1
[Topology][Flow] Generating flow layout
[Topology][Flow] Nodes: 8
[Topology][Flow] Connections: 7
[Topology][Flow] Generating flow layout
[Topology][Flow] Nodes: 2
[Topology][Flow] Connections: 1
[Topology][Flow] Generating flow layout
[Topology][Flow] Nodes: 8
[Topology][Flow] Connections: 7
[Topology][Flow] Generating flow layout
[Topology][Flow] Nodes: 2
[Topology][Flow] Connections: 1
[Topology][Flow] Generating flow layout
[Topology][Flow] Nodes: 8
[Topology][Flow] Connections: 7
[Topology][Flow] Generating flow layout
[Topology][Flow] Nodes: 2
[Topology][Flow] Connections: 1
[Topology][Flow] Generating flow layout
[Topology][Flow] Nodes: 8
[Topology][Flow] Connections: 7
[Topology][Flow] Generating flow layout
[Topology][Flow] Nodes: 2
[Topology][Flow] Connections: 1
[Topology][Flow] Generating flow layout
[Topology][Flow] Nodes: 8
[Topology][Flow] Connections: 7
[Topology][Flow] Generating flow layout
[Topology][Flow] Nodes: 2
[Topology][Flow] Connections: 1
[Topology][Flow] Generating flow layout
[Topology][Flow] Nodes: 8
[Topology][Flow] Connections: 7
[Topology][Flow] Generating flow layout
[Topology][Flow] Nodes: 2
[Topology][Flow] Connections: 1
[Topology][Flow] Generating flow layout
[Topology][Flow] Nodes: 8
[Topology][Flow] Connections: 7
[Topology][Flow] Generating flow layout
[Topology][Flow] Nodes: 2
[Topology][Flow] Connections: 1
[Topology][Flow] Generating flow layout
[Topology][Flow] Nodes: 8
[Topology][Flow] Connections: 7
[Topology][Flow] Generating flow layout
[Topology][Flow] Nodes: 2
[Topology][Flow] Connections: 1
[Topology][Flow] Generating flow layout
[Topology][Flow] Nodes: 8
[Topology][Flow] Connections: 7
[Topology][Flow] Generating flow layout
[Topology][Flow] Nodes: 2
[Topology][Flow] Connections: 1
[Topology][Flow] Generating flow layout
[Topology][Flow] Nodes: 8
[Topology][Flow] Connections: 7
[Topology][Flow] Generating flow layout
[Topology][Flow] Nodes: 2
[Topology][Flow] Connections: 1
[Topology][Flow] Generating flow layout
[Topology][Flow] Nodes: 8
[Topology][Flow] Connections: 7
[Topology][Flow] Generating flow layout
[Topology][Flow] Nodes: 2
[Topology][Flow] Connections: 1
[Topology][Flow] Generating flow layout
[Topology][Flow] Nodes: 8
[Topology][Flow] Connections: 7
[Topology][Flow] Generating flow layout
[Topology][Flow] Nodes: 2
[Topology][Flow] Connections: 1
[Topology][Flow] Generating flow layout
[Topology][Flow] Nodes: 8
[Topology][Flow] Connections: 7
[Topology][Flow] Generating flow layout
[Topology][Flow] Nodes: 2
[Topology][Flow] Connections: 1
[Topology][Flow] Generating flow layout
[Topology][Flow] Nodes: 8
[Topology][Flow] Connections: 7
[Topology][Flow] Generating flow layout
[Topology][Flow] Nodes: 2
[Topology][Flow] Connections: 1
[Topology][Flow] Generating flow layout
[Topology][Flow] Nodes: 8
[Topology][Flow] Connections: 7
[Topology][Flow] Generating flow layout
[Topology][Flow] Nodes: 2
[Topology][Flow] Connections: 1
[Topology][Flow] Generating flow layout
[Topology][Flow] Nodes: 8
[Topology][Flow] Connections: 7
[Topology][Flow] Generating flow layout
[Topology][Flow] Nodes: 2
[Topology][Flow] Connections: 1
[Topology][Flow] Generating flow layout
[Topology][Flow] Nodes: 8
[Topology][Flow] Connections: 7
[Topology][Flow] Generating flow layout
[Topology][Flow] Nodes: 2
[Topology][Flow] Connections: 1
[Topology][Flow] Generating flow layout
[Topology][Flow] Nodes: 8
[Topology][Flow] Connections: 7
[Topology][Flow] Generating flow layout
[Topology][Flow] Nodes: 2
[Topology][Flow] Connections: 1
[Topology][Flow] Generating flow layout
[Topology][Flow] Nodes: 8
[Topology][Flow] Connections: 7
[Topology][Flow] Generating flow layout
[Topology][Flow] Nodes: 2
[Topology][Flow] Connections: 1
[Topology][Flow] Generating flow layout
[Topology][Flow] Nodes: 8
[Topology][Flow] Connections: 7
[Topology][Hub] Generating hub layout
[Topology][Hub] Hub: Capacity
[Topology][Hub] Satellites: 5
[Topology][Hub] Connections: 5
[Topology][Flow] Generating flow layout
[Topology][Flow] Nodes: 8
[Topology][Flow] Connections: 7
[Topology][Hub] Generating hub layout
[Topology][Hub] Hub: Capacity
[Topology][Hub] Satellites: 5
[Topology][Hub] Connections: 5
[Topology][Flow] Generating flow layout
[Topology][Flow] Nodes: 8
[Topology][Flow] Connections: 7
[Topology][Hub] Generating hub layout
[Topology][Hub] Hub: Capacity
[Topology][Hub] Satellites: 5
[Topology][Hub] Connections: 5
[Topology][Flow] Generating flow layout
[Topology][Flow] Nodes: 8
[Topology][Flow] Connections: 7
[Topology][Hub] Generating hub layout
[Topology][Hub] Hub: Capacity
[Topology][Hub] Satellites: 5
[Topology][Hub] Connections: 5
[Topology][Flow] Generating flow layout
[Topology][Flow] Nodes: 8
[Topology][Flow] Connections: 7
[Topology][Hub] Generating hub layout
[Topology][Hub] Hub: Capacity
[Topology][Hub] Satellites: 5
[Topology][Hub] Connections: 5
[Topology][Flow] Generating flow layout
[Topology][Flow] Nodes: 8
[Topology][Flow] Connections: 7
[Topology][Flow] Generating flow layout
[Topology][Flow] Nodes: 2
[Topology][Flow] Connections: 1
[Topology][Flow] Generating flow layout
[Topology][Flow] Nodes: 8
[Topology][Flow] Connections: 7
[Topology][Flow] Generating flow layout
[Topology][Flow] Nodes: 2
[Topology][Flow] Connections: 1
[Topology][Flow] Generating flow layout
[Topology][Flow] Nodes: 8
[Topology][Flow] Connections: 7
[Topology][Flow] Generating flow layout
[Topology][Flow] Nodes: 2
[Topology][Flow] Connections: 1
[Topology][Flow] Generating flow layout
[Topology][Flow] Nodes: 8
[Topology][Flow] Connections: 7
[Topology][Flow] Generating flow layout
[Topology][Flow] Nodes: 2
[Topology][Flow] Connections: 1
[Topology][Flow] Generating flow layout
[Topology][Flow] Nodes: 8
[Topology][Flow] Connections: 7
[Topology][Hub] Generating hub layout
[Topology][Hub] Hub: Risk
[Topology][Hub] Satellites: 3
[Topology][Hub] Connections: 3
[Topology][Flow] Generating flow layout
[Topology][Flow] Nodes: 8
[Topology][Flow] Connections: 7
[Topology][Hub] Generating hub layout
[Topology][Hub] Hub: Risk
[Topology][Hub] Satellites: 3
[Topology][Hub] Connections: 3
[Topology][Flow] Generating flow layout
[Topology][Flow] Nodes: 8
[Topology][Flow] Connections: 7
[Topology][Hub] Generating hub layout
[Topology][Hub] Hub: Risk
[Topology][Hub] Satellites: 3
[Topology][Hub] Connections: 3
[Topology][Flow] Generating flow layout
[Topology][Flow] Nodes: 8
[Topology][Flow] Connections: 7
[Topology][Hub] Generating hub layout
[Topology][Hub] Hub: Risk
[Topology][Hub] Satellites: 3
[Topology][Hub] Connections: 3
[Topology][Flow] Generating flow layout
[Topology][Flow] Nodes: 8
[Topology][Flow] Connections: 7
[Topology][Hub] Generating hub layout
[Topology][Hub] Hub: Risk
[Topology][Hub] Satellites: 3
[Topology][Hub] Connections: 3
[Topology][Flow] Generating flow layout
[Topology][Flow] Nodes: 8
[Topology][Flow] Connections: 7
[Topology][Flow] Generating flow layout
[Topology][Flow] Nodes: 2
[Topology][Flow] Connections: 1
[Topology][Flow] Generating flow layout
[Topology][Flow] Nodes: 8
[Topology][Flow] Connections: 7
[Topology][Flow] Generating flow layout
[Topology][Flow] Nodes: 2
[Topology][Flow] Connections: 1
[Topology][Flow] Generating flow layout
[Topology][Flow] Nodes: 8
[Topology][Flow] Connections: 7
[Topology][Flow] Generating flow layout
[Topology][Flow] Nodes: 2
[Topology][Flow] Connections: 1
[Topology][Flow] Generating flow layout
[Topology][Flow] Nodes: 8
[Topology][Flow] Connections: 7
[Topology][Flow] Generating flow layout
[Topology][Flow] Nodes: 2
[Topology][Flow] Connections: 1
[Topology][Flow] Generating flow layout
[Topology][Flow] Nodes: 8
[Topology][Flow] Connections: 7
[Topology][Hub] Generating hub layout
[Topology][Hub] Hub: Risk
[Topology][Hub] Satellites: 3
[Topology][Hub] Connections: 3
[Topology][Flow] Generating flow layout
[Topology][Flow] Nodes: 8
[Topology][Flow] Connections: 7
[Topology][Hub] Generating hub layout
[Topology][Hub] Hub: Risk
[Topology][Hub] Satellites: 3
[Topology][Hub] Connections: 3
[Topology][Flow] Generating flow layout
[Topology][Flow] Nodes: 8
[Topology][Flow] Connections: 7
[Topology][Hub] Generating hub layout
[Topology][Hub] Hub: Risk
[Topology][Hub] Satellites: 3
[Topology][Hub] Connections: 3
[Topology][Flow] Generating flow layout
[Topology][Flow] Nodes: 8
[Topology][Flow] Connections: 7
[Topology][Hub] Generating hub layout
[Topology][Hub] Hub: Risk
[Topology][Hub] Satellites: 3
[Topology][Hub] Connections: 3
[Topology][Flow] Generating flow layout
[Topology][Flow] Nodes: 8
[Topology][Flow] Connections: 7
[Topology][Hub] Generating hub layout
[Topology][Hub] Hub: Risk
[Topology][Hub] Satellites: 3
[Topology][Hub] Connections: 3
[Topology][Flow] Generating flow layout
[Topology][Flow] Nodes: 8
[Topology][Flow] Connections: 7
[Topology][Hub] Generating hub layout
[Topology][Hub] Hub: Risk
[Topology][Hub] Satellites: 3
[Topology][Hub] Connections: 3
[Topology][Flow] Generating flow layout
[Topology][Flow] Nodes: 8
[Topology][Flow] Connections: 7
[Topology][Hub] Generating hub layout
[Topology][Hub] Hub: Risk
[Topology][Hub] Satellites: 3
[Topology][Hub] Connections: 3
[Topology][Flow] Generating flow layout
[Topology][Flow] Nodes: 8
[Topology][Flow] Connections: 7
[Topology][Hub] Generating hub layout
[Topology][Hub] Hub: Risk
[Topology][Hub] Satellites: 3
[Topology][Hub] Connections: 3
[Topology][Flow] Generating flow layout
[Topology][Flow] Nodes: 8
[Topology][Flow] Connections: 7
[Topology][Hub] Generating hub layout
[Topology][Hub] Hub: Risk
[Topology][Hub] Satellites: 3
[Topology][Hub] Connections: 3
[Topology][Flow] Generating flow layout
[Topology][Flow] Nodes: 8
[Topology][Flow] Connections: 7
[Topology][Hub] Generating hub layout
[Topology][Hub] Hub: Risk
[Topology][Hub] Satellites: 3
[Topology][Hub] Connections: 3
[Topology][Flow] Generating flow layout
[Topology][Flow] Nodes: 8
[Topology][Flow] Connections: 7
[Topology][Hub] Generating hub layout
[Topology][Hub] Hub: Risk
[Topology][Hub] Satellites: 3
[Topology][Hub] Connections: 3
[Topology][Flow] Generating flow layout
[Topology][Flow] Nodes: 8
[Topology][Flow] Connections: 7
[Topology][Flow] Generating flow layout
[Topology][Flow] Nodes: 2
[Topology][Flow] Connections: 1
[Topology][Flow] Generating flow layout
[Topology][Flow] Nodes: 8
[Topology][Flow] Connections: 7
[Topology][Flow] Generating flow layout
[Topology][Flow] Nodes: 2
[Topology][Flow] Connections: 1
[Topology][Flow] Generating flow layout
[Topology][Flow] Nodes: 8
[Topology][Flow] Connections: 7
[Topology][Flow] Generating flow layout
[Topology][Flow] Nodes: 2
[Topology][Flow] Connections: 1
[Topology][Flow] Generating flow layout
[Topology][Flow] Nodes: 8
[Topology][Flow] Connections: 7
[Topology][Flow] Generating flow layout
[Topology][Flow] Nodes: 2
[Topology][Flow] Connections: 1
[Topology][Flow] Generating flow layout
[Topology][Flow] Nodes: 8
[Topology][Flow] Connections: 7
[Topology][Flow] Generating flow layout
[Topology][Flow] Nodes: 2
[Topology][Flow] Connections: 1
[Topology][Flow] Generating flow layout
[Topology][Flow] Nodes: 8
[Topology][Flow] Connections: 7
[Topology][Flow] Generating flow layout
[Topology][Flow] Nodes: 2
[Topology][Flow] Connections: 1
[Topology][Flow] Generating flow layout
[Topology][Flow] Nodes: 8
[Topology][Flow] Connections: 7
[Topology][Flow] Generating flow layout
[Topology][Flow] Nodes: 2
[Topology][Flow] Connections: 1
[Topology][Flow] Generating flow layout
[Topology][Flow] Nodes: 8
[Topology][Flow] Connections: 7
[Topology][Flow] Generating flow layout
[Topology][Flow] Nodes: 2
[Topology][Flow] Connections: 1
[Topology][Flow] Generating flow layout
[Topology][Flow] Nodes: 8
[Topology][Flow] Connections: 7
[Topology][Flow] Generating flow layout
[Topology][Flow] Nodes: 2
[Topology][Flow] Connections: 1
[Topology][Flow] Generating flow layout
[Topology][Flow] Nodes: 8
[Topology][Flow] Connections: 7
[Topology][Flow] Generating flow layout
[Topology][Flow] Nodes: 2
[Topology][Flow] Connections: 1
[Topology][Flow] Generating flow layout
[Topology][Flow] Nodes: 8
[Topology][Flow] Connections: 7
[Topology][Flow] Generating flow layout
[Topology][Flow] Nodes: 2
[Topology][Flow] Connections: 1
[Topology][Flow] Generating flow layout
[Topology][Flow] Nodes: 8
[Topology][Flow] Connections: 7
[Topology][Flow] Generating flow layout
[Topology][Flow] Nodes: 2
[Topology][Flow] Connections: 1
[Topology][Flow] Generating flow layout
[Topology][Flow] Nodes: 8
[Topology][Flow] Connections: 7
[Topology][Flow] Generating flow layout
[Topology][Flow] Nodes: 2
[Topology][Flow] Connections: 1
[Topology][Flow] Generating flow layout
[Topology][Flow] Nodes: 8
[Topology][Flow] Connections: 7
[Topology][Flow] Generating flow layout
[Topology][Flow] Nodes: 2
[Topology][Flow] Connections: 1
[Topology][Flow] Generating flow layout
[Topology][Flow] Nodes: 8
[Topology][Flow] Connections: 7
[Topology][Flow] Generating flow layout
[Topology][Flow] Nodes: 2
[Topology][Flow] Connections: 1
[Topology][Flow] Generating flow layout
[Topology][Flow] Nodes: 8
[Topology][Flow] Connections: 7
[Topology][Flow] Generating flow layout
[Topology][Flow] Nodes: 2
[Topology][Flow] Connections: 1
[Topology][Flow] Generating flow layout
[Topology][Flow] Nodes: 8
[Topology][Flow] Connections: 7
[Topology][Flow] Generating flow layout
[Topology][Flow] Nodes: 2
[Topology][Flow] Connections: 1
[Topology][Flow] Generating flow layout
[Topology][Flow] Nodes: 8
[Topology][Flow] Connections: 7
[Topology][Flow] Generating flow layout
[Topology][Flow] Nodes: 2
[Topology][Flow] Connections: 1
[Topology][Flow] Generating flow layout
[Topology][Flow] Nodes: 8
[Topology][Flow] Connections: 7
[Topology][Flow] Generating flow layout
[Topology][Flow] Nodes: 2
[Topology][Flow] Connections: 1
[Topology][Flow] Generating flow layout
[Topology][Flow] Nodes: 8
[Topology][Flow] Connections: 7
[Topology][Flow] Generating flow layout
[Topology][Flow] Nodes: 2
[Topology][Flow] Connections: 1
[Topology][Flow] Generating flow layout
[Topology][Flow] Nodes: 8
[Topology][Flow] Connections: 7
[Topology][Flow] Generating flow layout
[Topology][Flow] Nodes: 2
[Topology][Flow] Connections: 1
[Topology][Flow] Generating flow layout
[Topology][Flow] Nodes: 8
[Topology][Flow] Connections: 7
[Topology][Flow] Generating flow layout
[Topology][Flow] Nodes: 2
[Topology][Flow] Connections: 1
[Topology][Flow] Generating flow layout
[Topology][Flow] Nodes: 8
[Topology][Flow] Connections: 7
[Topology][Flow] Generating flow layout
[Topology][Flow] Nodes: 2
[Topology][Flow] Connections: 1
[Topology][Flow] Generating flow layout
[Topology][Flow] Nodes: 8
[Topology][Flow] Connections: 7
[Topology][Flow] Generating flow layout
[Topology][Flow] Nodes: 2
[Topology][Flow] Connections: 1
[Topology][Flow] Generating flow layout
[Topology][Flow] Nodes: 8
[Topology][Flow] Connections: 7
[Topology][Flow] Generating flow layout
[Topology][Flow] Nodes: 2
[Topology][Flow] Connections: 1
[Topology][Flow] Generating flow layout
[Topology][Flow] Nodes: 8
[Topology][Flow] Connections: 7
[Topology][Flow] Generating flow layout
[Topology][Flow] Nodes: 2
[Topology][Flow] Connections: 1
[Topology][Flow] Generating flow layout
[Topology][Flow] Nodes: 8
[Topology][Flow] Connections: 7
[Topology][Flow] Generating flow layout
[Topology][Flow] Nodes: 2
[Topology][Flow] Connections: 1
▶ MRA:3-RECERT-FIX3 long-session subject ownership
  ✔ A: Scenario collection → Demand Surge → investigate it (342.1935ms)
  ✔ B: Scenario collection → Demand Surge → tell me more (69.23475ms)
  ✔ B2: targeted investigation follow-ups keep Demand Surge after comparison history (119.23325ms)
  ✔ C: Scenario comparison → Demand Surge → investigate it (65.447792ms)
  ✔ D: attention Margin Pressure → explicit Demand Surge → investigate it (38.802042ms)
  ✔ E: old Scenario recommendation → explicit Demand Surge → explain it (81.800583ms)
  ✔ F: CSV → Capacity Gap → investigate it (73.694541ms)
  ✔ F2: explicit return exits stale comparison before Capacity Gap follow-ups (92.214208ms)
  ✔ G: Problem → KPI → tell me more (154.637625ms)
  ✔ H: Problem → Risk → what else do we know (69.699083ms)
  ✔ H2: Risk remains primary through evidence, uncertainty, and investigation (78.072875ms)
  ✔ I: explicit named investigation changes subject (35.338041ms)
  ✔ J: no subject investigation selection remains selection (10.269ms)
  ✔ K: explicit comparison after single subject remains comparison (60.799125ms)
  ✔ L: collection ordinal after single subject changes subject (49.312958ms)
  ✔ stale investigation thread becomes supporting-only after a newer focus (0.25125ms)
✔ MRA:3-RECERT-FIX3 long-session subject ownership (1342.888834ms)
[Topology][Flow] Generating flow layout
[Topology][Flow] Nodes: 8
[Topology][Flow] Connections: 7
[Topology][Flow] Generating flow layout
[Topology][Flow] Nodes: 2
[Topology][Flow] Connections: 1
[Topology][Flow] Generating flow layout
[Topology][Flow] Nodes: 8
[Topology][Flow] Connections: 7
[Topology][Flow] Generating flow layout
[Topology][Flow] Nodes: 2
[Topology][Flow] Connections: 1
[Topology][Flow] Generating flow layout
[Topology][Flow] Nodes: 8
[Topology][Flow] Connections: 7
[Topology][Flow] Generating flow layout
[Topology][Flow] Nodes: 2
[Topology][Flow] Connections: 1
[Topology][Flow] Generating flow layout
[Topology][Flow] Nodes: 8
[Topology][Flow] Connections: 7
[Topology][Flow] Generating flow layout
[Topology][Flow] Nodes: 2
[Topology][Flow] Connections: 1
[Topology][Flow] Generating flow layout
[Topology][Flow] Nodes: 8
[Topology][Flow] Connections: 7
[Topology][Flow] Generating flow layout
[Topology][Flow] Nodes: 2
[Topology][Flow] Connections: 1
[Topology][Flow] Generating flow layout
[Topology][Flow] Nodes: 8
[Topology][Flow] Connections: 7
[Topology][Flow] Generating flow layout
[Topology][Flow] Nodes: 2
[Topology][Flow] Connections: 1
[Topology][Flow] Generating flow layout
[Topology][Flow] Nodes: 8
[Topology][Flow] Connections: 7
[Topology][Flow] Generating flow layout
[Topology][Flow] Nodes: 2
[Topology][Flow] Connections: 1
[Topology][Flow] Generating flow layout
[Topology][Flow] Nodes: 8
[Topology][Flow] Connections: 7
[Topology][Flow] Generating flow layout
[Topology][Flow] Nodes: 2
[Topology][Flow] Connections: 1
[Topology][Flow] Generating flow layout
[Topology][Flow] Nodes: 8
[Topology][Flow] Connections: 7
[Topology][Flow] Generating flow layout
[Topology][Flow] Nodes: 2
[Topology][Flow] Connections: 1
▶ MRA:3-RECERT-FIX4-B1 Decision projection parity
  ✔ projects a session-created CC:10 Decision without dropping fixture Decisions (0.830625ms)
  ✔ hydrates the existing canonical Runtime snapshot after shell refresh (0.181292ms)
  ✔ routes approval-status questions through the existing Decision status intent (14.779583ms)
  ✔ reports the canonical approval and approval alone does not start Execution (318.838542ms)
✔ MRA:3-RECERT-FIX4-B1 Decision projection parity (335.127667ms)
[Topology][Flow] Generating flow layout
[Topology][Flow] Nodes: 8
[Topology][Flow] Connections: 7
[Topology][Flow] Generating flow layout
[Topology][Flow] Nodes: 2
[Topology][Flow] Connections: 1
[Topology][Flow] Generating flow layout
[Topology][Flow] Nodes: 8
[Topology][Flow] Connections: 7
[Topology][Flow] Generating flow layout
[Topology][Flow] Nodes: 2
[Topology][Flow] Connections: 1
[Topology][Flow] Generating flow layout
[Topology][Flow] Nodes: 8
[Topology][Flow] Connections: 7
[Topology][Flow] Generating flow layout
[Topology][Flow] Nodes: 2
[Topology][Flow] Connections: 1
[Topology][Flow] Generating flow layout
[Topology][Flow] Nodes: 8
[Topology][Flow] Connections: 7
[Topology][Flow] Generating flow layout
[Topology][Flow] Nodes: 2
[Topology][Flow] Connections: 1
[Topology][Flow] Generating flow layout
[Topology][Flow] Nodes: 8
[Topology][Flow] Connections: 7
[Topology][Flow] Generating flow layout
[Topology][Flow] Nodes: 2
[Topology][Flow] Connections: 1
[Topology][Flow] Generating flow layout
[Topology][Flow] Nodes: 8
[Topology][Flow] Connections: 7
[Topology][Flow] Generating flow layout
[Topology][Flow] Nodes: 2
[Topology][Flow] Connections: 1
[Topology][Flow] Generating flow layout
[Topology][Flow] Nodes: 8
[Topology][Flow] Connections: 7
[Topology][Flow] Generating flow layout
[Topology][Flow] Nodes: 2
[Topology][Flow] Connections: 1
[Topology][Flow] Generating flow layout
[Topology][Flow] Nodes: 8
[Topology][Flow] Connections: 7
[Topology][Flow] Generating flow layout
[Topology][Flow] Nodes: 2
[Topology][Flow] Connections: 1
[Topology][Flow] Generating flow layout
[Topology][Flow] Nodes: 8
[Topology][Flow] Connections: 7
[Topology][Flow] Generating flow layout
[Topology][Flow] Nodes: 2
[Topology][Flow] Connections: 1
[Topology][Flow] Generating flow layout
[Topology][Flow] Nodes: 8
[Topology][Flow] Connections: 7
[Topology][Flow] Generating flow layout
[Topology][Flow] Nodes: 2
[Topology][Flow] Connections: 1
[Topology][Flow] Generating flow layout
[Topology][Flow] Nodes: 8
[Topology][Flow] Connections: 7
[Topology][Flow] Generating flow layout
[Topology][Flow] Nodes: 2
[Topology][Flow] Connections: 1
[Topology][Flow] Generating flow layout
[Topology][Flow] Nodes: 8
[Topology][Flow] Connections: 7
[Topology][Flow] Generating flow layout
[Topology][Flow] Nodes: 2
[Topology][Flow] Connections: 1
[Topology][Flow] Generating flow layout
[Topology][Flow] Nodes: 8
[Topology][Flow] Connections: 7
[Topology][Flow] Generating flow layout
[Topology][Flow] Nodes: 2
[Topology][Flow] Connections: 1
[Topology][Flow] Generating flow layout
[Topology][Flow] Nodes: 8
[Topology][Flow] Connections: 7
[Topology][Flow] Generating flow layout
[Topology][Flow] Nodes: 2
[Topology][Flow] Connections: 1
[Topology][Flow] Generating flow layout
[Topology][Flow] Nodes: 8
[Topology][Flow] Connections: 7
[Topology][Flow] Generating flow layout
[Topology][Flow] Nodes: 2
[Topology][Flow] Connections: 1
[Topology][Flow] Generating flow layout
[Topology][Flow] Nodes: 8
[Topology][Flow] Connections: 7
[Topology][Flow] Generating flow layout
[Topology][Flow] Nodes: 2
[Topology][Flow] Connections: 1
[Topology][Flow] Generating flow layout
[Topology][Flow] Nodes: 8
[Topology][Flow] Connections: 7
[Topology][Flow] Generating flow layout
[Topology][Flow] Nodes: 2
[Topology][Flow] Connections: 1
[Topology][Flow] Generating flow layout
[Topology][Flow] Nodes: 8
[Topology][Flow] Connections: 7
[Topology][Flow] Generating flow layout
[Topology][Flow] Nodes: 2
[Topology][Flow] Connections: 1
▶ MRA:3-RECERT-FIX4-B1-FIX1 NXA Decision projection parity
  ✔ projects the one approved CC:10 Decision through Manager–Object, NXA, Advisor, and Stage (341.462084ms)
  ✔ preserves committed NXA Decision state after canonical hydration (65.622416ms)
✔ MRA:3-RECERT-FIX4-B1-FIX1 NXA Decision projection parity (413.892334ms)
[Topology][Flow] Generating flow layout
[Topology][Flow] Nodes: 8
[Topology][Flow] Connections: 7
[Topology][Flow] Generating flow layout
[Topology][Flow] Nodes: 2
[Topology][Flow] Connections: 1
[Topology][Flow] Generating flow layout
[Topology][Flow] Nodes: 8
[Topology][Flow] Connections: 7
[Topology][Flow] Generating flow layout
[Topology][Flow] Nodes: 2
[Topology][Flow] Connections: 1
[Topology][Flow] Generating flow layout
[Topology][Flow] Nodes: 8
[Topology][Flow] Connections: 7
[Topology][Flow] Generating flow layout
[Topology][Flow] Nodes: 2
[Topology][Flow] Connections: 1
[Topology][Flow] Generating flow layout
[Topology][Flow] Nodes: 8
[Topology][Flow] Connections: 7
[Topology][Flow] Generating flow layout
[Topology][Flow] Nodes: 2
[Topology][Flow] Connections: 1
[Topology][Flow] Generating flow layout
[Topology][Flow] Nodes: 8
[Topology][Flow] Connections: 7
[Topology][Flow] Generating flow layout
[Topology][Flow] Nodes: 2
[Topology][Flow] Connections: 1
[Topology][Flow] Generating flow layout
[Topology][Flow] Nodes: 8
[Topology][Flow] Connections: 7
[Topology][Flow] Generating flow layout
[Topology][Flow] Nodes: 2
[Topology][Flow] Connections: 1
[Topology][Flow] Generating flow layout
[Topology][Flow] Nodes: 8
[Topology][Flow] Connections: 7
[Topology][Flow] Generating flow layout
[Topology][Flow] Nodes: 2
[Topology][Flow] Connections: 1
[Topology][Flow] Generating flow layout
[Topology][Flow] Nodes: 8
[Topology][Flow] Connections: 7
[Topology][Flow] Generating flow layout
[Topology][Flow] Nodes: 2
[Topology][Flow] Connections: 1
[Topology][Flow] Generating flow layout
[Topology][Flow] Nodes: 8
[Topology][Flow] Connections: 7
[Topology][Flow] Generating flow layout
[Topology][Flow] Nodes: 2
[Topology][Flow] Connections: 1
[Topology][Flow] Generating flow layout
[Topology][Flow] Nodes: 8
[Topology][Flow] Connections: 7
[Topology][Flow] Generating flow layout
[Topology][Flow] Nodes: 2
[Topology][Flow] Connections: 1
[Topology][Flow] Generating flow layout
[Topology][Flow] Nodes: 8
[Topology][Flow] Connections: 7
[Topology][Flow] Generating flow layout
[Topology][Flow] Nodes: 2
[Topology][Flow] Connections: 1
[Topology][Flow] Generating flow layout
[Topology][Flow] Nodes: 8
[Topology][Flow] Connections: 7
[Topology][Flow] Generating flow layout
[Topology][Flow] Nodes: 2
[Topology][Flow] Connections: 1
[Topology][Flow] Generating flow layout
[Topology][Flow] Nodes: 8
[Topology][Flow] Connections: 7
[Topology][Flow] Generating flow layout
[Topology][Flow] Nodes: 2
[Topology][Flow] Connections: 1
[Topology][Flow] Generating flow layout
[Topology][Flow] Nodes: 8
[Topology][Flow] Connections: 7
[Topology][Flow] Generating flow layout
[Topology][Flow] Nodes: 2
[Topology][Flow] Connections: 1
[Topology][Flow] Generating flow layout
[Topology][Flow] Nodes: 8
[Topology][Flow] Connections: 7
[Topology][Flow] Generating flow layout
[Topology][Flow] Nodes: 2
[Topology][Flow] Connections: 1
[Topology][Flow] Generating flow layout
[Topology][Flow] Nodes: 8
[Topology][Flow] Connections: 7
[Topology][Flow] Generating flow layout
[Topology][Flow] Nodes: 2
[Topology][Flow] Connections: 1
[Topology][Flow] Generating flow layout
[Topology][Flow] Nodes: 8
[Topology][Flow] Connections: 7
[Topology][Flow] Generating flow layout
[Topology][Flow] Nodes: 2
[Topology][Flow] Connections: 1
[Topology][Flow] Generating flow layout
[Topology][Flow] Nodes: 8
[Topology][Flow] Connections: 7
[Topology][Flow] Generating flow layout
[Topology][Flow] Nodes: 2
[Topology][Flow] Connections: 1
[Topology][Flow] Generating flow layout
[Topology][Flow] Nodes: 8
[Topology][Flow] Connections: 7
[Topology][Flow] Generating flow layout
[Topology][Flow] Nodes: 2
[Topology][Flow] Connections: 1
[Topology][Flow] Generating flow layout
[Topology][Flow] Nodes: 8
[Topology][Flow] Connections: 7
[Topology][Flow] Generating flow layout
[Topology][Flow] Nodes: 2
[Topology][Flow] Connections: 1
[Topology][Flow] Generating flow layout
[Topology][Flow] Nodes: 8
[Topology][Flow] Connections: 7
[Topology][Flow] Generating flow layout
[Topology][Flow] Nodes: 2
[Topology][Flow] Connections: 1
[Topology][Flow] Generating flow layout
[Topology][Flow] Nodes: 8
[Topology][Flow] Connections: 7
[Topology][Flow] Generating flow layout
[Topology][Flow] Nodes: 2
[Topology][Flow] Connections: 1
[Topology][Flow] Generating flow layout
[Topology][Flow] Nodes: 8
[Topology][Flow] Connections: 7
[Topology][Flow] Generating flow layout
[Topology][Flow] Nodes: 2
[Topology][Flow] Connections: 1
[Topology][Flow] Generating flow layout
[Topology][Flow] Nodes: 8
[Topology][Flow] Connections: 7
[Topology][Flow] Generating flow layout
[Topology][Flow] Nodes: 2
[Topology][Flow] Connections: 1
[Topology][Flow] Generating flow layout
[Topology][Flow] Nodes: 8
[Topology][Flow] Connections: 7
[Topology][Flow] Generating flow layout
[Topology][Flow] Nodes: 2
[Topology][Flow] Connections: 1
[Topology][Flow] Generating flow layout
[Topology][Flow] Nodes: 8
[Topology][Flow] Connections: 7
[Topology][Flow] Generating flow layout
[Topology][Flow] Nodes: 2
[Topology][Flow] Connections: 1
[Topology][Flow] Generating flow layout
[Topology][Flow] Nodes: 8
[Topology][Flow] Connections: 7
[Topology][Flow] Generating flow layout
[Topology][Flow] Nodes: 2
[Topology][Flow] Connections: 1
[Topology][Flow] Generating flow layout
[Topology][Flow] Nodes: 8
[Topology][Flow] Connections: 7
[Topology][Flow] Generating flow layout
[Topology][Flow] Nodes: 2
[Topology][Flow] Connections: 1
[Topology][Flow] Generating flow layout
[Topology][Flow] Nodes: 8
[Topology][Flow] Connections: 7
[Topology][Flow] Generating flow layout
[Topology][Flow] Nodes: 2
[Topology][Flow] Connections: 1
[Topology][Flow] Generating flow layout
[Topology][Flow] Nodes: 8
[Topology][Flow] Connections: 7
[Topology][Flow] Generating flow layout
[Topology][Flow] Nodes: 2
[Topology][Flow] Connections: 1
[Topology][Flow] Generating flow layout
[Topology][Flow] Nodes: 8
[Topology][Flow] Connections: 7
[Topology][Flow] Generating flow layout
[Topology][Flow] Nodes: 2
[Topology][Flow] Connections: 1
[Topology][Flow] Generating flow layout
[Topology][Flow] Nodes: 8
[Topology][Flow] Connections: 7
[Topology][Flow] Generating flow layout
[Topology][Flow] Nodes: 2
[Topology][Flow] Connections: 1
[Topology][Flow] Generating flow layout
[Topology][Flow] Nodes: 8
[Topology][Flow] Connections: 7
[Topology][Flow] Generating flow layout
[Topology][Flow] Nodes: 2
[Topology][Flow] Connections: 1
[Topology][Flow] Generating flow layout
[Topology][Flow] Nodes: 8
[Topology][Flow] Connections: 7
[Topology][Flow] Generating flow layout
[Topology][Flow] Nodes: 2
[Topology][Flow] Connections: 1
[Topology][Flow] Generating flow layout
[Topology][Flow] Nodes: 8
[Topology][Flow] Connections: 7
[Topology][Flow] Generating flow layout
[Topology][Flow] Nodes: 2
[Topology][Flow] Connections: 1
[Topology][Flow] Generating flow layout
[Topology][Flow] Nodes: 8
[Topology][Flow] Connections: 7
[Topology][Flow] Generating flow layout
[Topology][Flow] Nodes: 2
[Topology][Flow] Connections: 1
[Topology][Flow] Generating flow layout
[Topology][Flow] Nodes: 8
[Topology][Flow] Connections: 7
[Topology][Flow] Generating flow layout
[Topology][Flow] Nodes: 2
[Topology][Flow] Connections: 1
[Topology][Flow] Generating flow layout
[Topology][Flow] Nodes: 8
[Topology][Flow] Connections: 7
[Topology][Flow] Generating flow layout
[Topology][Flow] Nodes: 2
[Topology][Flow] Connections: 1
[Topology][Flow] Generating flow layout
[Topology][Flow] Nodes: 8
[Topology][Flow] Connections: 7
[Topology][Flow] Generating flow layout
[Topology][Flow] Nodes: 2
[Topology][Flow] Connections: 1
[Topology][Flow] Generating flow layout
[Topology][Flow] Nodes: 8
[Topology][Flow] Connections: 7
[Topology][Flow] Generating flow layout
[Topology][Flow] Nodes: 2
[Topology][Flow] Connections: 1
[Topology][Flow] Generating flow layout
[Topology][Flow] Nodes: 8
[Topology][Flow] Connections: 7
[Topology][Flow] Generating flow layout
[Topology][Flow] Nodes: 2
[Topology][Flow] Connections: 1
[Topology][Flow] Generating flow layout
[Topology][Flow] Nodes: 8
[Topology][Flow] Connections: 7
[Topology][Flow] Generating flow layout
[Topology][Flow] Nodes: 2
[Topology][Flow] Connections: 1
[Topology][Flow] Generating flow layout
[Topology][Flow] Nodes: 8
[Topology][Flow] Connections: 7
[Topology][Flow] Generating flow layout
[Topology][Flow] Nodes: 2
[Topology][Flow] Connections: 1
[Topology][Flow] Generating flow layout
[Topology][Flow] Nodes: 8
[Topology][Flow] Connections: 7
[Topology][Flow] Generating flow layout
[Topology][Flow] Nodes: 2
[Topology][Flow] Connections: 1
[Topology][Flow] Generating flow layout
[Topology][Flow] Nodes: 8
[Topology][Flow] Connections: 7
[Topology][Flow] Generating flow layout
[Topology][Flow] Nodes: 2
[Topology][Flow] Connections: 1
[Topology][Flow] Generating flow layout
[Topology][Flow] Nodes: 8
[Topology][Flow] Connections: 7
[Topology][Flow] Generating flow layout
[Topology][Flow] Nodes: 2
[Topology][Flow] Connections: 1
[Topology][Flow] Generating flow layout
[Topology][Flow] Nodes: 8
[Topology][Flow] Connections: 7
[Topology][Flow] Generating flow layout
[Topology][Flow] Nodes: 2
[Topology][Flow] Connections: 1
[Topology][Flow] Generating flow layout
[Topology][Flow] Nodes: 8
[Topology][Flow] Connections: 7
[Topology][Flow] Generating flow layout
[Topology][Flow] Nodes: 2
[Topology][Flow] Connections: 1
[Topology][Flow] Generating flow layout
[Topology][Flow] Nodes: 8
[Topology][Flow] Connections: 7
[Topology][Flow] Generating flow layout
[Topology][Flow] Nodes: 2
[Topology][Flow] Connections: 1
▶ MRA:3-RECERT-FIX4-B2 Execution projection parity
  ✔ keeps approval distinct, then CC:11 starts exactly one canonical Execution (492.016542ms)
  ✔ projects the canonical Execution through Manager–Object, NXA, and Theatre (83.146375ms)
  ✔ routes and answers canonical Execution-status questions without Scenario copy (108.01575ms)
  ✔ hydrates one started Execution and duplicate start reuses it (50.596041ms)
  ✔ preserves preloaded canonical Execution projection (30.539875ms)
✔ MRA:3-RECERT-FIX4-B2 Execution projection parity (767.043416ms)
[Topology][Flow] Generating flow layout
[Topology][Flow] Nodes: 8
[Topology][Flow] Connections: 7
[Topology][Flow] Generating flow layout
[Topology][Flow] Nodes: 2
[Topology][Flow] Connections: 1
[Topology][Flow] Generating flow layout
[Topology][Flow] Nodes: 8
[Topology][Flow] Connections: 7
[Topology][Flow] Generating flow layout
[Topology][Flow] Nodes: 2
[Topology][Flow] Connections: 1
[Topology][Flow] Generating flow layout
[Topology][Flow] Nodes: 8
[Topology][Flow] Connections: 7
[Topology][Flow] Generating flow layout
[Topology][Flow] Nodes: 2
[Topology][Flow] Connections: 1
[Topology][Flow] Generating flow layout
[Topology][Flow] Nodes: 8
[Topology][Flow] Connections: 7
[Topology][Flow] Generating flow layout
[Topology][Flow] Nodes: 2
[Topology][Flow] Connections: 1
[Topology][Flow] Generating flow layout
[Topology][Flow] Nodes: 8
[Topology][Flow] Connections: 7
[Topology][Flow] Generating flow layout
[Topology][Flow] Nodes: 2
[Topology][Flow] Connections: 1
[Topology][Flow] Generating flow layout
[Topology][Flow] Nodes: 8
[Topology][Flow] Connections: 7
[Topology][Flow] Generating flow layout
[Topology][Flow] Nodes: 2
[Topology][Flow] Connections: 1
[Topology][Flow] Generating flow layout
[Topology][Flow] Nodes: 8
[Topology][Flow] Connections: 7
[Topology][Flow] Generating flow layout
[Topology][Flow] Nodes: 2
[Topology][Flow] Connections: 1
[Topology][Flow] Generating flow layout
[Topology][Flow] Nodes: 8
[Topology][Flow] Connections: 7
[Topology][Flow] Generating flow layout
[Topology][Flow] Nodes: 2
[Topology][Flow] Connections: 1
[Topology][Flow] Generating flow layout
[Topology][Flow] Nodes: 8
[Topology][Flow] Connections: 7
[Topology][Flow] Generating flow layout
[Topology][Flow] Nodes: 2
[Topology][Flow] Connections: 1
[Topology][Flow] Generating flow layout
[Topology][Flow] Nodes: 8
[Topology][Flow] Connections: 7
[Topology][Flow] Generating flow layout
[Topology][Flow] Nodes: 2
[Topology][Flow] Connections: 1
[Topology][Flow] Generating flow layout
[Topology][Flow] Nodes: 8
[Topology][Flow] Connections: 7
[Topology][Flow] Generating flow layout
[Topology][Flow] Nodes: 2
[Topology][Flow] Connections: 1
[Topology][Flow] Generating flow layout
[Topology][Flow] Nodes: 8
[Topology][Flow] Connections: 7
[Topology][Flow] Generating flow layout
[Topology][Flow] Nodes: 2
[Topology][Flow] Connections: 1
[Topology][Flow] Generating flow layout
[Topology][Flow] Nodes: 8
[Topology][Flow] Connections: 7
[Topology][Flow] Generating flow layout
[Topology][Flow] Nodes: 2
[Topology][Flow] Connections: 1
[Topology][Flow] Generating flow layout
[Topology][Flow] Nodes: 8
[Topology][Flow] Connections: 7
[Topology][Flow] Generating flow layout
[Topology][Flow] Nodes: 2
[Topology][Flow] Connections: 1
[Topology][Flow] Generating flow layout
[Topology][Flow] Nodes: 8
[Topology][Flow] Connections: 7
[Topology][Flow] Generating flow layout
[Topology][Flow] Nodes: 2
[Topology][Flow] Connections: 1
[Topology][Flow] Generating flow layout
[Topology][Flow] Nodes: 8
[Topology][Flow] Connections: 7
[Topology][Flow] Generating flow layout
[Topology][Flow] Nodes: 2
[Topology][Flow] Connections: 1
[Topology][Flow] Generating flow layout
[Topology][Flow] Nodes: 8
[Topology][Flow] Connections: 7
[Topology][Flow] Generating flow layout
[Topology][Flow] Nodes: 2
[Topology][Flow] Connections: 1
[Topology][Flow] Generating flow layout
[Topology][Flow] Nodes: 8
[Topology][Flow] Connections: 7
[Topology][Flow] Generating flow layout
[Topology][Flow] Nodes: 2
[Topology][Flow] Connections: 1
[Topology][Flow] Generating flow layout
[Topology][Flow] Nodes: 8
[Topology][Flow] Connections: 7
[Topology][Flow] Generating flow layout
[Topology][Flow] Nodes: 2
[Topology][Flow] Connections: 1
[Topology][Flow] Generating flow layout
[Topology][Flow] Nodes: 8
[Topology][Flow] Connections: 7
[Topology][Flow] Generating flow layout
[Topology][Flow] Nodes: 2
[Topology][Flow] Connections: 1
[Topology][Flow] Generating flow layout
[Topology][Flow] Nodes: 8
[Topology][Flow] Connections: 7
[Topology][Flow] Generating flow layout
[Topology][Flow] Nodes: 2
[Topology][Flow] Connections: 1
[Topology][Flow] Generating flow layout
[Topology][Flow] Nodes: 8
[Topology][Flow] Connections: 7
[Topology][Flow] Generating flow layout
[Topology][Flow] Nodes: 2
[Topology][Flow] Connections: 1
[Topology][Flow] Generating flow layout
[Topology][Flow] Nodes: 8
[Topology][Flow] Connections: 7
[Topology][Flow] Generating flow layout
[Topology][Flow] Nodes: 2
[Topology][Flow] Connections: 1
[Topology][Flow] Generating flow layout
[Topology][Flow] Nodes: 8
[Topology][Flow] Connections: 7
[Topology][Flow] Generating flow layout
[Topology][Flow] Nodes: 2
[Topology][Flow] Connections: 1
[Topology][Flow] Generating flow layout
[Topology][Flow] Nodes: 8
[Topology][Flow] Connections: 7
[Topology][Flow] Generating flow layout
[Topology][Flow] Nodes: 2
[Topology][Flow] Connections: 1
[Topology][Flow] Generating flow layout
[Topology][Flow] Nodes: 8
[Topology][Flow] Connections: 7
[Topology][Flow] Generating flow layout
[Topology][Flow] Nodes: 2
[Topology][Flow] Connections: 1
[Topology][Flow] Generating flow layout
[Topology][Flow] Nodes: 8
[Topology][Flow] Connections: 7
[Topology][Flow] Generating flow layout
[Topology][Flow] Nodes: 2
[Topology][Flow] Connections: 1
[Topology][Flow] Generating flow layout
[Topology][Flow] Nodes: 8
[Topology][Flow] Connections: 7
[Topology][Flow] Generating flow layout
[Topology][Flow] Nodes: 2
[Topology][Flow] Connections: 1
[Topology][Flow] Generating flow layout
[Topology][Flow] Nodes: 8
[Topology][Flow] Connections: 7
[Topology][Flow] Generating flow layout
[Topology][Flow] Nodes: 2
[Topology][Flow] Connections: 1
[Topology][Flow] Generating flow layout
[Topology][Flow] Nodes: 8
[Topology][Flow] Connections: 7
[Topology][Flow] Generating flow layout
[Topology][Flow] Nodes: 2
[Topology][Flow] Connections: 1
[Topology][Flow] Generating flow layout
[Topology][Flow] Nodes: 8
[Topology][Flow] Connections: 7
[Topology][Flow] Generating flow layout
[Topology][Flow] Nodes: 2
[Topology][Flow] Connections: 1
[Topology][Flow] Generating flow layout
[Topology][Flow] Nodes: 8
[Topology][Flow] Connections: 7
[Topology][Flow] Generating flow layout
[Topology][Flow] Nodes: 2
[Topology][Flow] Connections: 1
[Topology][Flow] Generating flow layout
[Topology][Flow] Nodes: 8
[Topology][Flow] Connections: 7
[Topology][Flow] Generating flow layout
[Topology][Flow] Nodes: 2
[Topology][Flow] Connections: 1
[Topology][Flow] Generating flow layout
[Topology][Flow] Nodes: 8
[Topology][Flow] Connections: 7
[Topology][Flow] Generating flow layout
[Topology][Flow] Nodes: 2
[Topology][Flow] Connections: 1
[Topology][Flow] Generating flow layout
[Topology][Flow] Nodes: 8
[Topology][Flow] Connections: 7
[Topology][Flow] Generating flow layout
[Topology][Flow] Nodes: 2
[Topology][Flow] Connections: 1
[Topology][Flow] Generating flow layout
[Topology][Flow] Nodes: 8
[Topology][Flow] Connections: 7
[Topology][Flow] Generating flow layout
[Topology][Flow] Nodes: 2
[Topology][Flow] Connections: 1
[Topology][Flow] Generating flow layout
[Topology][Flow] Nodes: 8
[Topology][Flow] Connections: 7
[Topology][Flow] Generating flow layout
[Topology][Flow] Nodes: 2
[Topology][Flow] Connections: 1
[Topology][Flow] Generating flow layout
[Topology][Flow] Nodes: 8
[Topology][Flow] Connections: 7
[Topology][Flow] Generating flow layout
[Topology][Flow] Nodes: 2
[Topology][Flow] Connections: 1
[Topology][Flow] Generating flow layout
[Topology][Flow] Nodes: 8
[Topology][Flow] Connections: 7
[Topology][Flow] Generating flow layout
[Topology][Flow] Nodes: 2
[Topology][Flow] Connections: 1
[Topology][Flow] Generating flow layout
[Topology][Flow] Nodes: 8
[Topology][Flow] Connections: 7
[Topology][Flow] Generating flow layout
[Topology][Flow] Nodes: 2
[Topology][Flow] Connections: 1
[Topology][Flow] Generating flow layout
[Topology][Flow] Nodes: 8
[Topology][Flow] Connections: 7
[Topology][Flow] Generating flow layout
[Topology][Flow] Nodes: 2
[Topology][Flow] Connections: 1
[Topology][Flow] Generating flow layout
[Topology][Flow] Nodes: 8
[Topology][Flow] Connections: 7
[Topology][Flow] Generating flow layout
[Topology][Flow] Nodes: 2
[Topology][Flow] Connections: 1
[Topology][Flow] Generating flow layout
[Topology][Flow] Nodes: 8
[Topology][Flow] Connections: 7
[Topology][Flow] Generating flow layout
[Topology][Flow] Nodes: 2
[Topology][Flow] Connections: 1
[Topology][Flow] Generating flow layout
[Topology][Flow] Nodes: 8
[Topology][Flow] Connections: 7
[Topology][Flow] Generating flow layout
[Topology][Flow] Nodes: 2
[Topology][Flow] Connections: 1
[Topology][Flow] Generating flow layout
[Topology][Flow] Nodes: 8
[Topology][Flow] Connections: 7
[Topology][Flow] Generating flow layout
[Topology][Flow] Nodes: 2
[Topology][Flow] Connections: 1
[Topology][Flow] Generating flow layout
[Topology][Flow] Nodes: 8
[Topology][Flow] Connections: 7
[Topology][Flow] Generating flow layout
[Topology][Flow] Nodes: 2
[Topology][Flow] Connections: 1
[Topology][Flow] Generating flow layout
[Topology][Flow] Nodes: 8
[Topology][Flow] Connections: 7
[Topology][Flow] Generating flow layout
[Topology][Flow] Nodes: 2
[Topology][Flow] Connections: 1
[Topology][Flow] Generating flow layout
[Topology][Flow] Nodes: 8
[Topology][Flow] Connections: 7
[Topology][Flow] Generating flow layout
[Topology][Flow] Nodes: 2
[Topology][Flow] Connections: 1
[Topology][Flow] Generating flow layout
[Topology][Flow] Nodes: 8
[Topology][Flow] Connections: 7
[Topology][Flow] Generating flow layout
[Topology][Flow] Nodes: 2
[Topology][Flow] Connections: 1
[Topology][Flow] Generating flow layout
[Topology][Flow] Nodes: 8
[Topology][Flow] Connections: 7
[Topology][Flow] Generating flow layout
[Topology][Flow] Nodes: 2
[Topology][Flow] Connections: 1
[Topology][Flow] Generating flow layout
[Topology][Flow] Nodes: 8
[Topology][Flow] Connections: 7
[Topology][Flow] Generating flow layout
[Topology][Flow] Nodes: 2
[Topology][Flow] Connections: 1
[Topology][Flow] Generating flow layout
[Topology][Flow] Nodes: 8
[Topology][Flow] Connections: 7
[Topology][Flow] Generating flow layout
[Topology][Flow] Nodes: 2
[Topology][Flow] Connections: 1
[Topology][Flow] Generating flow layout
[Topology][Flow] Nodes: 8
[Topology][Flow] Connections: 7
[Topology][Flow] Generating flow layout
[Topology][Flow] Nodes: 2
[Topology][Flow] Connections: 1
[Topology][Flow] Generating flow layout
[Topology][Flow] Nodes: 8
[Topology][Flow] Connections: 7
[Topology][Flow] Generating flow layout
[Topology][Flow] Nodes: 2
[Topology][Flow] Connections: 1
[Topology][Flow] Generating flow layout
[Topology][Flow] Nodes: 8
[Topology][Flow] Connections: 7
[Topology][Flow] Generating flow layout
[Topology][Flow] Nodes: 2
[Topology][Flow] Connections: 1
[Topology][Flow] Generating flow layout
[Topology][Flow] Nodes: 8
[Topology][Flow] Connections: 7
[Topology][Flow] Generating flow layout
[Topology][Flow] Nodes: 2
[Topology][Flow] Connections: 1
[Topology][Flow] Generating flow layout
[Topology][Flow] Nodes: 8
[Topology][Flow] Connections: 7
[Topology][Flow] Generating flow layout
[Topology][Flow] Nodes: 2
[Topology][Flow] Connections: 1
[Topology][Flow] Generating flow layout
[Topology][Flow] Nodes: 8
[Topology][Flow] Connections: 7
[Topology][Flow] Generating flow layout
[Topology][Flow] Nodes: 2
[Topology][Flow] Connections: 1
[Topology][Flow] Generating flow layout
[Topology][Flow] Nodes: 8
[Topology][Flow] Connections: 7
[Topology][Flow] Generating flow layout
[Topology][Flow] Nodes: 2
[Topology][Flow] Connections: 1
[Topology][Flow] Generating flow layout
[Topology][Flow] Nodes: 8
[Topology][Flow] Connections: 7
[Topology][Flow] Generating flow layout
[Topology][Flow] Nodes: 2
[Topology][Flow] Connections: 1
[Topology][Flow] Generating flow layout
[Topology][Flow] Nodes: 8
[Topology][Flow] Connections: 7
[Topology][Flow] Generating flow layout
[Topology][Flow] Nodes: 2
[Topology][Flow] Connections: 1
[Topology][Flow] Generating flow layout
[Topology][Flow] Nodes: 8
[Topology][Flow] Connections: 7
[Topology][Flow] Generating flow layout
[Topology][Flow] Nodes: 2
[Topology][Flow] Connections: 1
[Topology][Flow] Generating flow layout
[Topology][Flow] Nodes: 8
[Topology][Flow] Connections: 7
[Topology][Flow] Generating flow layout
[Topology][Flow] Nodes: 2
[Topology][Flow] Connections: 1
[Topology][Flow] Generating flow layout
[Topology][Flow] Nodes: 8
[Topology][Flow] Connections: 7
[Topology][Flow] Generating flow layout
[Topology][Flow] Nodes: 2
[Topology][Flow] Connections: 1
[Topology][Flow] Generating flow layout
[Topology][Flow] Nodes: 8
[Topology][Flow] Connections: 7
[Topology][Flow] Generating flow layout
[Topology][Flow] Nodes: 2
[Topology][Flow] Connections: 1
[Topology][Flow] Generating flow layout
[Topology][Flow] Nodes: 8
[Topology][Flow] Connections: 7
[Topology][Flow] Generating flow layout
[Topology][Flow] Nodes: 2
[Topology][Flow] Connections: 1
▶ MRA:3-RECERT-FIX5 explicit intent and composition
  ✔ lets an explicit Goal request outrank stale Scenario context (493.62375ms)
  ✔ answers Execution existence/current/progress directly before start (96.120916ms)
  ✔ answers active Execution identity and progress from canonical evidence (87.45975ms)
  ✔ clarifies a Decision-relative change when canonical Decisions are ambiguous (12.476625ms)
  ✔ composes one clean next action without placeholders or duplicate advice (22.151333ms)
  ✔ preserves deictic fidelity and the CC:10/CC:11 boundary (132.571625ms)
✔ MRA:3-RECERT-FIX5 explicit intent and composition (845.032042ms)
[Topology][Flow] Generating flow layout
[Topology][Flow] Nodes: 8
[Topology][Flow] Connections: 7
[Topology][Flow] Generating flow layout
[Topology][Flow] Nodes: 2
[Topology][Flow] Connections: 1
[Topology][Flow] Generating flow layout
[Topology][Flow] Nodes: 8
[Topology][Flow] Connections: 7
[Topology][Flow] Generating flow layout
[Topology][Flow] Nodes: 2
[Topology][Flow] Connections: 1
[Topology][Flow] Generating flow layout
[Topology][Flow] Nodes: 8
[Topology][Flow] Connections: 7
[Topology][Flow] Generating flow layout
[Topology][Flow] Nodes: 2
[Topology][Flow] Connections: 1
[Topology][Flow] Generating flow layout
[Topology][Flow] Nodes: 8
[Topology][Flow] Connections: 7
[Topology][Flow] Generating flow layout
[Topology][Flow] Nodes: 2
[Topology][Flow] Connections: 1
[Topology][Flow] Generating flow layout
[Topology][Flow] Nodes: 8
[Topology][Flow] Connections: 7
[Topology][Flow] Generating flow layout
[Topology][Flow] Nodes: 2
[Topology][Flow] Connections: 1
[Topology][Flow] Generating flow layout
[Topology][Flow] Nodes: 8
[Topology][Flow] Connections: 7
[Topology][Flow] Generating flow layout
[Topology][Flow] Nodes: 2
[Topology][Flow] Connections: 1
[Topology][Flow] Generating flow layout
[Topology][Flow] Nodes: 8
[Topology][Flow] Connections: 7
[Topology][Flow] Generating flow layout
[Topology][Flow] Nodes: 2
[Topology][Flow] Connections: 1
[Topology][Flow] Generating flow layout
[Topology][Flow] Nodes: 8
[Topology][Flow] Connections: 7
[Topology][Flow] Generating flow layout
[Topology][Flow] Nodes: 2
[Topology][Flow] Connections: 1
[Topology][Flow] Generating flow layout
[Topology][Flow] Nodes: 8
[Topology][Flow] Connections: 7
[Topology][Flow] Generating flow layout
[Topology][Flow] Nodes: 2
[Topology][Flow] Connections: 1
[Topology][Flow] Generating flow layout
[Topology][Flow] Nodes: 8
[Topology][Flow] Connections: 7
[Topology][Flow] Generating flow layout
[Topology][Flow] Nodes: 2
[Topology][Flow] Connections: 1
[Topology][Flow] Generating flow layout
[Topology][Flow] Nodes: 8
[Topology][Flow] Connections: 7
[Topology][Flow] Generating flow layout
[Topology][Flow] Nodes: 2
[Topology][Flow] Connections: 1
[Topology][Flow] Generating flow layout
[Topology][Flow] Nodes: 8
[Topology][Flow] Connections: 7
[Topology][Flow] Generating flow layout
[Topology][Flow] Nodes: 2
[Topology][Flow] Connections: 1
[Topology][Flow] Generating flow layout
[Topology][Flow] Nodes: 8
[Topology][Flow] Connections: 7
[Topology][Flow] Generating flow layout
[Topology][Flow] Nodes: 2
[Topology][Flow] Connections: 1
[Topology][Flow] Generating flow layout
[Topology][Flow] Nodes: 8
[Topology][Flow] Connections: 7
[Topology][Flow] Generating flow layout
[Topology][Flow] Nodes: 2
[Topology][Flow] Connections: 1
[Topology][Flow] Generating flow layout
[Topology][Flow] Nodes: 8
[Topology][Flow] Connections: 7
[Topology][Flow] Generating flow layout
[Topology][Flow] Nodes: 2
[Topology][Flow] Connections: 1
[Topology][Flow] Generating flow layout
[Topology][Flow] Nodes: 8
[Topology][Flow] Connections: 7
[Topology][Flow] Generating flow layout
[Topology][Flow] Nodes: 2
[Topology][Flow] Connections: 1
[Topology][Flow] Generating flow layout
[Topology][Flow] Nodes: 8
[Topology][Flow] Connections: 7
[Topology][Flow] Generating flow layout
[Topology][Flow] Nodes: 2
[Topology][Flow] Connections: 1
[Topology][Flow] Generating flow layout
[Topology][Flow] Nodes: 8
[Topology][Flow] Connections: 7
[Topology][Flow] Generating flow layout
[Topology][Flow] Nodes: 2
[Topology][Flow] Connections: 1
[Topology][Flow] Generating flow layout
[Topology][Flow] Nodes: 8
[Topology][Flow] Connections: 7
[Topology][Flow] Generating flow layout
[Topology][Flow] Nodes: 2
[Topology][Flow] Connections: 1
[Topology][Flow] Generating flow layout
[Topology][Flow] Nodes: 8
[Topology][Flow] Connections: 7
[Topology][Flow] Generating flow layout
[Topology][Flow] Nodes: 2
[Topology][Flow] Connections: 1
[Topology][Flow] Generating flow layout
[Topology][Flow] Nodes: 8
[Topology][Flow] Connections: 7
[Topology][Flow] Generating flow layout
[Topology][Flow] Nodes: 2
[Topology][Flow] Connections: 1
[Topology][Flow] Generating flow layout
[Topology][Flow] Nodes: 8
[Topology][Flow] Connections: 7
[Topology][Flow] Generating flow layout
[Topology][Flow] Nodes: 2
[Topology][Flow] Connections: 1
[Topology][Flow] Generating flow layout
[Topology][Flow] Nodes: 8
[Topology][Flow] Connections: 7
[Topology][Flow] Generating flow layout
[Topology][Flow] Nodes: 2
[Topology][Flow] Connections: 1
[Topology][Flow] Generating flow layout
[Topology][Flow] Nodes: 8
[Topology][Flow] Connections: 7
[Topology][Flow] Generating flow layout
[Topology][Flow] Nodes: 2
[Topology][Flow] Connections: 1
[Topology][Flow] Generating flow layout
[Topology][Flow] Nodes: 8
[Topology][Flow] Connections: 7
[Topology][Flow] Generating flow layout
[Topology][Flow] Nodes: 2
[Topology][Flow] Connections: 1
[Topology][Flow] Generating flow layout
[Topology][Flow] Nodes: 8
[Topology][Flow] Connections: 7
[Topology][Flow] Generating flow layout
[Topology][Flow] Nodes: 2
[Topology][Flow] Connections: 1
[Topology][Flow] Generating flow layout
[Topology][Flow] Nodes: 8
[Topology][Flow] Connections: 7
[Topology][Flow] Generating flow layout
[Topology][Flow] Nodes: 2
[Topology][Flow] Connections: 1
[Topology][Flow] Generating flow layout
[Topology][Flow] Nodes: 8
[Topology][Flow] Connections: 7
[Topology][Flow] Generating flow layout
[Topology][Flow] Nodes: 2
[Topology][Flow] Connections: 1
[Topology][Flow] Generating flow layout
[Topology][Flow] Nodes: 8
[Topology][Flow] Connections: 7
[Topology][Flow] Generating flow layout
[Topology][Flow] Nodes: 2
[Topology][Flow] Connections: 1
[Topology][Flow] Generating flow layout
[Topology][Flow] Nodes: 8
[Topology][Flow] Connections: 7
[Topology][Flow] Generating flow layout
[Topology][Flow] Nodes: 2
[Topology][Flow] Connections: 1
[Topology][Flow] Generating flow layout
[Topology][Flow] Nodes: 8
[Topology][Flow] Connections: 7
[Topology][Flow] Generating flow layout
[Topology][Flow] Nodes: 2
[Topology][Flow] Connections: 1
[Topology][Flow] Generating flow layout
[Topology][Flow] Nodes: 8
[Topology][Flow] Connections: 7
[Topology][Flow] Generating flow layout
[Topology][Flow] Nodes: 2
[Topology][Flow] Connections: 1
[Topology][Flow] Generating flow layout
[Topology][Flow] Nodes: 8
[Topology][Flow] Connections: 7
[Topology][Flow] Generating flow layout
[Topology][Flow] Nodes: 2
[Topology][Flow] Connections: 1
[Topology][Flow] Generating flow layout
[Topology][Flow] Nodes: 8
[Topology][Flow] Connections: 7
[Topology][Flow] Generating flow layout
[Topology][Flow] Nodes: 2
[Topology][Flow] Connections: 1
[Topology][Flow] Generating flow layout
[Topology][Flow] Nodes: 8
[Topology][Flow] Connections: 7
[Topology][Flow] Generating flow layout
[Topology][Flow] Nodes: 2
[Topology][Flow] Connections: 1
[Topology][Flow] Generating flow layout
[Topology][Flow] Nodes: 8
[Topology][Flow] Connections: 7
[Topology][Flow] Generating flow layout
[Topology][Flow] Nodes: 2
[Topology][Flow] Connections: 1
[Topology][Flow] Generating flow layout
[Topology][Flow] Nodes: 8
[Topology][Flow] Connections: 7
[Topology][Flow] Generating flow layout
[Topology][Flow] Nodes: 2
[Topology][Flow] Connections: 1
[Topology][Flow] Generating flow layout
[Topology][Flow] Nodes: 8
[Topology][Flow] Connections: 7
[Topology][Flow] Generating flow layout
[Topology][Flow] Nodes: 2
[Topology][Flow] Connections: 1
[Topology][Flow] Generating flow layout
[Topology][Flow] Nodes: 8
[Topology][Flow] Connections: 7
[Topology][Flow] Generating flow layout
[Topology][Flow] Nodes: 2
[Topology][Flow] Connections: 1
[Topology][Flow] Generating flow layout
[Topology][Flow] Nodes: 8
[Topology][Flow] Connections: 7
[Topology][Flow] Generating flow layout
[Topology][Flow] Nodes: 2
[Topology][Flow] Connections: 1
[Topology][Flow] Generating flow layout
[Topology][Flow] Nodes: 8
[Topology][Flow] Connections: 7
[Topology][Flow] Generating flow layout
[Topology][Flow] Nodes: 2
[Topology][Flow] Connections: 1
[Topology][Flow] Generating flow layout
[Topology][Flow] Nodes: 8
[Topology][Flow] Connections: 7
[Topology][Flow] Generating flow layout
[Topology][Flow] Nodes: 2
[Topology][Flow] Connections: 1
[Topology][Flow] Generating flow layout
[Topology][Flow] Nodes: 8
[Topology][Flow] Connections: 7
[Topology][Flow] Generating flow layout
[Topology][Flow] Nodes: 2
[Topology][Flow] Connections: 1
[Topology][Flow] Generating flow layout
[Topology][Flow] Nodes: 8
[Topology][Flow] Connections: 7
[Topology][Flow] Generating flow layout
[Topology][Flow] Nodes: 2
[Topology][Flow] Connections: 1
[Topology][Flow] Generating flow layout
[Topology][Flow] Nodes: 8
[Topology][Flow] Connections: 7
[Topology][Flow] Generating flow layout
[Topology][Flow] Nodes: 2
[Topology][Flow] Connections: 1
[Topology][Flow] Generating flow layout
[Topology][Flow] Nodes: 8
[Topology][Flow] Connections: 7
[Topology][Flow] Generating flow layout
[Topology][Flow] Nodes: 2
[Topology][Flow] Connections: 1
[Topology][Flow] Generating flow layout
[Topology][Flow] Nodes: 8
[Topology][Flow] Connections: 7
[Topology][Flow] Generating flow layout
[Topology][Flow] Nodes: 2
[Topology][Flow] Connections: 1
[Topology][Flow] Generating flow layout
[Topology][Flow] Nodes: 8
[Topology][Flow] Connections: 7
[Topology][Flow] Generating flow layout
[Topology][Flow] Nodes: 2
[Topology][Flow] Connections: 1
[Topology][Flow] Generating flow layout
[Topology][Flow] Nodes: 8
[Topology][Flow] Connections: 7
[Topology][Flow] Generating flow layout
[Topology][Flow] Nodes: 2
[Topology][Flow] Connections: 1
[Topology][Flow] Generating flow layout
[Topology][Flow] Nodes: 8
[Topology][Flow] Connections: 7
[Topology][Flow] Generating flow layout
[Topology][Flow] Nodes: 2
[Topology][Flow] Connections: 1
[Topology][Flow] Generating flow layout
[Topology][Flow] Nodes: 8
[Topology][Flow] Connections: 7
[Topology][Flow] Generating flow layout
[Topology][Flow] Nodes: 2
[Topology][Flow] Connections: 1
[Topology][Flow] Generating flow layout
[Topology][Flow] Nodes: 8
[Topology][Flow] Connections: 7
[Topology][Flow] Generating flow layout
[Topology][Flow] Nodes: 2
[Topology][Flow] Connections: 1
[Topology][Flow] Generating flow layout
[Topology][Flow] Nodes: 8
[Topology][Flow] Connections: 7
[Topology][Flow] Generating flow layout
[Topology][Flow] Nodes: 2
[Topology][Flow] Connections: 1
[Topology][Flow] Generating flow layout
[Topology][Flow] Nodes: 8
[Topology][Flow] Connections: 7
[Topology][Flow] Generating flow layout
[Topology][Flow] Nodes: 2
[Topology][Flow] Connections: 1
[Topology][Flow] Generating flow layout
[Topology][Flow] Nodes: 8
[Topology][Flow] Connections: 7
[Topology][Flow] Generating flow layout
[Topology][Flow] Nodes: 2
[Topology][Flow] Connections: 1
[Topology][Flow] Generating flow layout
[Topology][Flow] Nodes: 8
[Topology][Flow] Connections: 7
[Topology][Flow] Generating flow layout
[Topology][Flow] Nodes: 2
[Topology][Flow] Connections: 1
[Topology][Flow] Generating flow layout
[Topology][Flow] Nodes: 8
[Topology][Flow] Connections: 7
[Topology][Flow] Generating flow layout
[Topology][Flow] Nodes: 2
[Topology][Flow] Connections: 1
[Topology][Flow] Generating flow layout
[Topology][Flow] Nodes: 8
[Topology][Flow] Connections: 7
[Topology][Flow] Generating flow layout
[Topology][Flow] Nodes: 2
[Topology][Flow] Connections: 1
[Topology][Flow] Generating flow layout
[Topology][Flow] Nodes: 8
[Topology][Flow] Connections: 7
[Topology][Flow] Generating flow layout
[Topology][Flow] Nodes: 2
[Topology][Flow] Connections: 1
[Topology][Flow] Generating flow layout
[Topology][Flow] Nodes: 8
[Topology][Flow] Connections: 7
[Topology][Flow] Generating flow layout
[Topology][Flow] Nodes: 2
[Topology][Flow] Connections: 1
[Topology][Flow] Generating flow layout
[Topology][Flow] Nodes: 8
[Topology][Flow] Connections: 7
[Topology][Flow] Generating flow layout
[Topology][Flow] Nodes: 2
[Topology][Flow] Connections: 1
[Topology][Flow] Generating flow layout
[Topology][Flow] Nodes: 8
[Topology][Flow] Connections: 7
[Topology][Flow] Generating flow layout
[Topology][Flow] Nodes: 2
[Topology][Flow] Connections: 1
[Topology][Flow] Generating flow layout
[Topology][Flow] Nodes: 8
[Topology][Flow] Connections: 7
[Topology][Flow] Generating flow layout
[Topology][Flow] Nodes: 2
[Topology][Flow] Connections: 1
[Topology][Flow] Generating flow layout
[Topology][Flow] Nodes: 8
[Topology][Flow] Connections: 7
[Topology][Flow] Generating flow layout
[Topology][Flow] Nodes: 2
[Topology][Flow] Connections: 1
[Topology][Flow] Generating flow layout
[Topology][Flow] Nodes: 8
[Topology][Flow] Connections: 7
[Topology][Flow] Generating flow layout
[Topology][Flow] Nodes: 2
[Topology][Flow] Connections: 1
[Topology][Flow] Generating flow layout
[Topology][Flow] Nodes: 8
[Topology][Flow] Connections: 7
[Topology][Flow] Generating flow layout
[Topology][Flow] Nodes: 2
[Topology][Flow] Connections: 1
[Topology][Flow] Generating flow layout
[Topology][Flow] Nodes: 8
[Topology][Flow] Connections: 7
[Topology][Flow] Generating flow layout
[Topology][Flow] Nodes: 2
[Topology][Flow] Connections: 1
[Topology][Flow] Generating flow layout
[Topology][Flow] Nodes: 8
[Topology][Flow] Connections: 7
[Topology][Flow] Generating flow layout
[Topology][Flow] Nodes: 2
[Topology][Flow] Connections: 1
[Topology][Flow] Generating flow layout
[Topology][Flow] Nodes: 8
[Topology][Flow] Connections: 7
[Topology][Flow] Generating flow layout
[Topology][Flow] Nodes: 2
[Topology][Flow] Connections: 1
[Topology][Flow] Generating flow layout
[Topology][Flow] Nodes: 8
[Topology][Flow] Connections: 7
[Topology][Flow] Generating flow layout
[Topology][Flow] Nodes: 2
[Topology][Flow] Connections: 1
[Topology][Flow] Generating flow layout
[Topology][Flow] Nodes: 8
[Topology][Flow] Connections: 7
[Topology][Flow] Generating flow layout
[Topology][Flow] Nodes: 2
[Topology][Flow] Connections: 1
[Topology][Flow] Generating flow layout
[Topology][Flow] Nodes: 8
[Topology][Flow] Connections: 7
[Topology][Flow] Generating flow layout
[Topology][Flow] Nodes: 2
[Topology][Flow] Connections: 1
[Topology][Flow] Generating flow layout
[Topology][Flow] Nodes: 8
[Topology][Flow] Connections: 7
[Topology][Flow] Generating flow layout
[Topology][Flow] Nodes: 2
[Topology][Flow] Connections: 1
[Topology][Flow] Generating flow layout
[Topology][Flow] Nodes: 8
[Topology][Flow] Connections: 7
[Topology][Flow] Generating flow layout
[Topology][Flow] Nodes: 2
[Topology][Flow] Connections: 1
[Topology][Flow] Generating flow layout
[Topology][Flow] Nodes: 8
[Topology][Flow] Connections: 7
[Topology][Flow] Generating flow layout
[Topology][Flow] Nodes: 2
[Topology][Flow] Connections: 1
[Topology][Flow] Generating flow layout
[Topology][Flow] Nodes: 8
[Topology][Flow] Connections: 7
[Topology][Flow] Generating flow layout
[Topology][Flow] Nodes: 2
[Topology][Flow] Connections: 1
[Topology][Flow] Generating flow layout
[Topology][Flow] Nodes: 8
[Topology][Flow] Connections: 7
[Topology][Flow] Generating flow layout
[Topology][Flow] Nodes: 2
[Topology][Flow] Connections: 1
[Topology][Flow] Generating flow layout
[Topology][Flow] Nodes: 8
[Topology][Flow] Connections: 7
[Topology][Flow] Generating flow layout
[Topology][Flow] Nodes: 2
[Topology][Flow] Connections: 1
[Topology][Flow] Generating flow layout
[Topology][Flow] Nodes: 8
[Topology][Flow] Connections: 7
[Topology][Flow] Generating flow layout
[Topology][Flow] Nodes: 2
[Topology][Flow] Connections: 1
[Topology][Flow] Generating flow layout
[Topology][Flow] Nodes: 8
[Topology][Flow] Connections: 7
[Topology][Flow] Generating flow layout
[Topology][Flow] Nodes: 2
[Topology][Flow] Connections: 1
[Topology][Flow] Generating flow layout
[Topology][Flow] Nodes: 8
[Topology][Flow] Connections: 7
[Topology][Flow] Generating flow layout
[Topology][Flow] Nodes: 2
[Topology][Flow] Connections: 1
[Topology][Flow] Generating flow layout
[Topology][Flow] Nodes: 8
[Topology][Flow] Connections: 7
[Topology][Flow] Generating flow layout
[Topology][Flow] Nodes: 2
[Topology][Flow] Connections: 1
[Topology][Flow] Generating flow layout
[Topology][Flow] Nodes: 8
[Topology][Flow] Connections: 7
[Topology][Flow] Generating flow layout
[Topology][Flow] Nodes: 2
[Topology][Flow] Connections: 1
[Topology][Flow] Generating flow layout
[Topology][Flow] Nodes: 8
[Topology][Flow] Connections: 7
[Topology][Flow] Generating flow layout
[Topology][Flow] Nodes: 2
[Topology][Flow] Connections: 1
▶ MRA:3-RECERT-FIX6 executive advisory purpose
  ✔ A routes a constrained readiness question without starting Execution (327.858917ms)
  ✔ B answers monitoring purpose without stale Scenario or fabricated data (37.186834ms)
  ✔ C explains Outcome success criteria without claiming causality (39.223208ms)
  ✔ D preserves causal safety and avoids a CSV calculation detour (44.333208ms)
  ✔ E recovers the uniquely defensible earlier Problem (29.644625ms)
  ✖ F asks the smallest useful clarification for ambiguous earlier Problems (125.933917ms)
  ✔ G produces at most three current-state executive points (44.313125ms)
  ✖ H distinguishes listed/planned Execution objects from active canonical Execution (10.913125ms)
  ✔ I preserves FIX5, referent fidelity, CC:10, and CC:11 boundaries (65.089333ms)
✖ MRA:3-RECERT-FIX6 executive advisory purpose (725.864125ms)
[Topology][Flow] Generating flow layout
[Topology][Flow] Nodes: 1
[Topology][Flow] Connections: 0
[Topology][Hub] Generating hub layout
[Topology][Hub] Hub: NEXORA
[Topology][Hub] Satellites: 0
[Topology][Hub] Connections: 0
[Topology][Flow] Generating flow layout
[Topology][Flow] Nodes: 1
[Topology][Flow] Connections: 0
[Topology][Hub] Generating hub layout
[Topology][Hub] Hub: NEXORA
[Topology][Hub] Satellites: 0
[Topology][Hub] Connections: 0
[Topology][Flow] Generating flow layout
[Topology][Flow] Nodes: 1
[Topology][Flow] Connections: 0
[Topology][Hub] Generating hub layout
[Topology][Hub] Hub: NEXORA
[Topology][Hub] Satellites: 0
[Topology][Hub] Connections: 0
[Topology][Flow] Generating flow layout
[Topology][Flow] Nodes: 1
[Topology][Flow] Connections: 0
[Topology][Hub] Generating hub layout
[Topology][Hub] Hub: NEXORA
[Topology][Hub] Satellites: 0
[Topology][Hub] Connections: 0
[Topology][Flow] Generating flow layout
[Topology][Flow] Nodes: 1
[Topology][Flow] Connections: 0
[Topology][Flow] Generating flow layout
[Topology][Flow] Nodes: 1
[Topology][Flow] Connections: 0
[Topology][Flow] Generating flow layout
[Topology][Flow] Nodes: 1
[Topology][Flow] Connections: 0
[Topology][Flow] Generating flow layout
[Topology][Flow] Nodes: 1
[Topology][Flow] Connections: 0
[Topology][Flow] Generating flow layout
[Topology][Flow] Nodes: 1
[Topology][Flow] Connections: 0
[Topology][Hub] Generating hub layout
[Topology][Hub] Hub: Goal · Improve delivery
[Topology][Hub] Satellites: 0
[Topology][Hub] Connections: 0
[Topology][Flow] Generating flow layout
[Topology][Flow] Nodes: 1
[Topology][Flow] Connections: 0
[Topology][Hub] Generating hub layout
[Topology][Hub] Hub: Goal · Improve delivery
[Topology][Hub] Satellites: 0
[Topology][Hub] Connections: 0
[Topology][Flow] Generating flow layout
[Topology][Flow] Nodes: 1
[Topology][Flow] Connections: 0
[Topology][Hub] Generating hub layout
[Topology][Hub] Hub: Goal · Improve delivery
[Topology][Hub] Satellites: 0
[Topology][Hub] Connections: 0
[Topology][Flow] Generating flow layout
[Topology][Flow] Nodes: 1
[Topology][Flow] Connections: 0
[Topology][Hub] Generating hub layout
[Topology][Hub] Hub: Goal · Improve delivery
[Topology][Hub] Satellites: 0
[Topology][Hub] Connections: 0
[Topology][Flow] Generating flow layout
[Topology][Flow] Nodes: 1
[Topology][Flow] Connections: 0
[Topology][Hub] Generating hub layout
[Topology][Hub] Hub: Goal · Improve delivery
[Topology][Hub] Satellites: 0
[Topology][Hub] Connections: 0
[Topology][Flow] Generating flow layout
[Topology][Flow] Nodes: 1
[Topology][Flow] Connections: 0
[Topology][Hub] Generating hub layout
[Topology][Hub] Hub: Goal · Improve delivery
[Topology][Hub] Satellites: 0
[Topology][Hub] Connections: 0
[Topology][Flow] Generating flow layout
[Topology][Flow] Nodes: 1
[Topology][Flow] Connections: 0
[Topology][Flow] Generating flow layout
[Topology][Flow] Nodes: 1
[Topology][Flow] Connections: 0
[Topology][Flow] Generating flow layout
[Topology][Flow] Nodes: 1
[Topology][Flow] Connections: 0
[Topology][Flow] Generating flow layout
[Topology][Flow] Nodes: 1
[Topology][Flow] Connections: 0
[Topology][Flow] Generating flow layout
[Topology][Flow] Nodes: 1
[Topology][Flow] Connections: 0
[Topology][Hub] Generating hub layout
[Topology][Hub] Hub: NEXORA
[Topology][Hub] Satellites: 0
[Topology][Hub] Connections: 0
[Topology][Flow] Generating flow layout
[Topology][Flow] Nodes: 1
[Topology][Flow] Connections: 0
[Topology][Hub] Generating hub layout
[Topology][Hub] Hub: NEXORA
[Topology][Hub] Satellites: 0
[Topology][Hub] Connections: 0
[Topology][Flow] Generating flow layout
[Topology][Flow] Nodes: 1
[Topology][Flow] Connections: 0
[Topology][Hub] Generating hub layout
[Topology][Hub] Hub: NEXORA
[Topology][Hub] Satellites: 0
[Topology][Hub] Connections: 0
[Topology][Flow] Generating flow layout
[Topology][Flow] Nodes: 1
[Topology][Flow] Connections: 0
[Topology][Hub] Generating hub layout
[Topology][Hub] Hub: NEXORA
[Topology][Hub] Satellites: 0
[Topology][Hub] Connections: 0
[Topology][Flow] Generating flow layout
[Topology][Flow] Nodes: 1
[Topology][Flow] Connections: 0
[Topology][Flow] Generating flow layout
[Topology][Flow] Nodes: 1
[Topology][Flow] Connections: 0
[Topology][Flow] Generating flow layout
[Topology][Flow] Nodes: 1
[Topology][Flow] Connections: 0
[Topology][Flow] Generating flow layout
[Topology][Flow] Nodes: 1
[Topology][Flow] Connections: 0
[Topology][Flow] Generating flow layout
[Topology][Flow] Nodes: 1
[Topology][Flow] Connections: 0
[Topology][Hub] Generating hub layout
[Topology][Hub] Hub: Goal · Improve delivery
[Topology][Hub] Satellites: 0
[Topology][Hub] Connections: 0
[Topology][Flow] Generating flow layout
[Topology][Flow] Nodes: 1
[Topology][Flow] Connections: 0
[Topology][Hub] Generating hub layout
[Topology][Hub] Hub: Goal · Improve delivery
[Topology][Hub] Satellites: 0
[Topology][Hub] Connections: 0
[Topology][Flow] Generating flow layout
[Topology][Flow] Nodes: 1
[Topology][Flow] Connections: 0
[Topology][Hub] Generating hub layout
[Topology][Hub] Hub: Goal · Improve delivery
[Topology][Hub] Satellites: 0
[Topology][Hub] Connections: 0
[Topology][Flow] Generating flow layout
[Topology][Flow] Nodes: 1
[Topology][Flow] Connections: 0
[Topology][Hub] Generating hub layout
[Topology][Hub] Hub: Goal · Improve delivery
[Topology][Hub] Satellites: 0
[Topology][Hub] Connections: 0
[Topology][Flow] Generating flow layout
[Topology][Flow] Nodes: 1
[Topology][Flow] Connections: 0
[Topology][Hub] Generating hub layout
[Topology][Hub] Hub: Goal · Improve delivery
[Topology][Hub] Satellites: 0
[Topology][Hub] Connections: 0
[Topology][Flow] Generating flow layout
[Topology][Flow] Nodes: 1
[Topology][Flow] Connections: 0
[Topology][Hub] Generating hub layout
[Topology][Hub] Hub: Goal · Improve delivery
[Topology][Hub] Satellites: 0
[Topology][Hub] Connections: 0
[Topology][Flow] Generating flow layout
[Topology][Flow] Nodes: 1
[Topology][Flow] Connections: 0
[Topology][Flow] Generating flow layout
[Topology][Flow] Nodes: 1
[Topology][Flow] Connections: 0
[Topology][Flow] Generating flow layout
[Topology][Flow] Nodes: 1
[Topology][Flow] Connections: 0
[Topology][Flow] Generating flow layout
[Topology][Flow] Nodes: 1
[Topology][Flow] Connections: 0
[Topology][Flow] Generating flow layout
[Topology][Flow] Nodes: 2
[Topology][Flow] Connections: 1
[Topology][Hub] Generating hub layout
[Topology][Hub] Hub: KPI · On-time delivery
[Topology][Hub] Satellites: 0
[Topology][Hub] Connections: 0
[Topology][Flow] Generating flow layout
[Topology][Flow] Nodes: 2
[Topology][Flow] Connections: 1
[Topology][Hub] Generating hub layout
[Topology][Hub] Hub: KPI · On-time delivery
[Topology][Hub] Satellites: 0
[Topology][Hub] Connections: 0
[Topology][Flow] Generating flow layout
[Topology][Flow] Nodes: 2
[Topology][Flow] Connections: 1
[Topology][Hub] Generating hub layout
[Topology][Hub] Hub: KPI · On-time delivery
[Topology][Hub] Satellites: 0
[Topology][Hub] Connections: 0
[Topology][Flow] Generating flow layout
[Topology][Flow] Nodes: 2
[Topology][Flow] Connections: 1
[Topology][Hub] Generating hub layout
[Topology][Hub] Hub: KPI · On-time delivery
[Topology][Hub] Satellites: 0
[Topology][Hub] Connections: 0
[Topology][Flow] Generating flow layout
[Topology][Flow] Nodes: 1
[Topology][Flow] Connections: 0
[Topology][Hub] Generating hub layout
[Topology][Hub] Hub: NEXORA
[Topology][Hub] Satellites: 0
[Topology][Hub] Connections: 0
[Topology][Flow] Generating flow layout
[Topology][Flow] Nodes: 1
[Topology][Flow] Connections: 0
[Topology][Hub] Generating hub layout
[Topology][Hub] Hub: NEXORA
[Topology][Hub] Satellites: 0
[Topology][Hub] Connections: 0
[Topology][Flow] Generating flow layout
[Topology][Flow] Nodes: 1
[Topology][Flow] Connections: 0
[Topology][Hub] Generating hub layout
[Topology][Hub] Hub: NEXORA
[Topology][Hub] Satellites: 0
[Topology][Hub] Connections: 0
[Topology][Flow] Generating flow layout
[Topology][Flow] Nodes: 1
[Topology][Flow] Connections: 0
[Topology][Hub] Generating hub layout
[Topology][Hub] Hub: NEXORA
[Topology][Hub] Satellites: 0
[Topology][Hub] Connections: 0
[Topology][Flow] Generating flow layout
[Topology][Flow] Nodes: 1
[Topology][Flow] Connections: 0
[Topology][Flow] Generating flow layout
[Topology][Flow] Nodes: 1
[Topology][Flow] Connections: 0
[Topology][Flow] Generating flow layout
[Topology][Flow] Nodes: 1
[Topology][Flow] Connections: 0
[Topology][Flow] Generating flow layout
[Topology][Flow] Nodes: 1
[Topology][Flow] Connections: 0
[Topology][Flow] Generating flow layout
[Topology][Flow] Nodes: 1
[Topology][Flow] Connections: 0
[Topology][Hub] Generating hub layout
[Topology][Hub] Hub: Goal · Improve delivery
[Topology][Hub] Satellites: 0
[Topology][Hub] Connections: 0
[Topology][Flow] Generating flow layout
[Topology][Flow] Nodes: 1
[Topology][Flow] Connections: 0
[Topology][Hub] Generating hub layout
[Topology][Hub] Hub: Goal · Improve delivery
[Topology][Hub] Satellites: 0
[Topology][Hub] Connections: 0
[Topology][Flow] Generating flow layout
[Topology][Flow] Nodes: 1
[Topology][Flow] Connections: 0
[Topology][Hub] Generating hub layout
[Topology][Hub] Hub: Goal · Improve delivery
[Topology][Hub] Satellites: 0
[Topology][Hub] Connections: 0
[Topology][Flow] Generating flow layout
[Topology][Flow] Nodes: 1
[Topology][Flow] Connections: 0
[Topology][Hub] Generating hub layout
[Topology][Hub] Hub: Goal · Improve delivery
[Topology][Hub] Satellites: 0
[Topology][Hub] Connections: 0
[Topology][Flow] Generating flow layout
[Topology][Flow] Nodes: 1
[Topology][Flow] Connections: 0
[Topology][Hub] Generating hub layout
[Topology][Hub] Hub: Goal · Improve delivery
[Topology][Hub] Satellites: 0
[Topology][Hub] Connections: 0
[Topology][Flow] Generating flow layout
[Topology][Flow] Nodes: 1
[Topology][Flow] Connections: 0
[Topology][Hub] Generating hub layout
[Topology][Hub] Hub: Goal · Improve delivery
[Topology][Hub] Satellites: 0
[Topology][Hub] Connections: 0
[Topology][Flow] Generating flow layout
[Topology][Flow] Nodes: 1
[Topology][Flow] Connections: 0
[Topology][Flow] Generating flow layout
[Topology][Flow] Nodes: 1
[Topology][Flow] Connections: 0
[Topology][Flow] Generating flow layout
[Topology][Flow] Nodes: 1
[Topology][Flow] Connections: 0
[Topology][Flow] Generating flow layout
[Topology][Flow] Nodes: 1
[Topology][Flow] Connections: 0
[Topology][Flow] Generating flow layout
[Topology][Flow] Nodes: 2
[Topology][Flow] Connections: 1
[Topology][Flow] Generating flow layout
[Topology][Flow] Nodes: 2
[Topology][Flow] Connections: 1
[Topology][Flow] Generating flow layout
[Topology][Flow] Nodes: 2
[Topology][Flow] Connections: 1
[Topology][Flow] Generating flow layout
[Topology][Flow] Nodes: 2
[Topology][Flow] Connections: 1
[Topology][Flow] Generating flow layout
[Topology][Flow] Nodes: 2
[Topology][Flow] Connections: 1
[Topology][Flow] Generating flow layout
[Topology][Flow] Nodes: 2
[Topology][Flow] Connections: 1
[Topology][Flow] Generating flow layout
[Topology][Flow] Nodes: 2
[Topology][Flow] Connections: 1
[Topology][Flow] Generating flow layout
[Topology][Flow] Nodes: 2
[Topology][Flow] Connections: 1
[Topology][Flow] Generating flow layout
[Topology][Flow] Nodes: 2
[Topology][Flow] Connections: 1
[Topology][Hub] Generating hub layout
[Topology][Hub] Hub: Scenario · Add temporary capacity
[Topology][Hub] Satellites: 0
[Topology][Hub] Connections: 0
[Topology][Flow] Generating flow layout
[Topology][Flow] Nodes: 2
[Topology][Flow] Connections: 1
[Topology][Hub] Generating hub layout
[Topology][Hub] Hub: Scenario · Add temporary capacity
[Topology][Hub] Satellites: 0
[Topology][Hub] Connections: 0
[Topology][Flow] Generating flow layout
[Topology][Flow] Nodes: 1
[Topology][Flow] Connections: 0
[Topology][Hub] Generating hub layout
[Topology][Hub] Hub: NEXORA
[Topology][Hub] Satellites: 0
[Topology][Hub] Connections: 0
[Topology][Flow] Generating flow layout
[Topology][Flow] Nodes: 1
[Topology][Flow] Connections: 0
[Topology][Hub] Generating hub layout
[Topology][Hub] Hub: NEXORA
[Topology][Hub] Satellites: 0
[Topology][Hub] Connections: 0
[Topology][Flow] Generating flow layout
[Topology][Flow] Nodes: 1
[Topology][Flow] Connections: 0
[Topology][Hub] Generating hub layout
[Topology][Hub] Hub: NEXORA
[Topology][Hub] Satellites: 0
[Topology][Hub] Connections: 0
[Topology][Flow] Generating flow layout
[Topology][Flow] Nodes: 1
[Topology][Flow] Connections: 0
[Topology][Hub] Generating hub layout
[Topology][Hub] Hub: NEXORA
[Topology][Hub] Satellites: 0
[Topology][Hub] Connections: 0
[Topology][Flow] Generating flow layout
[Topology][Flow] Nodes: 1
[Topology][Flow] Connections: 0
[Topology][Flow] Generating flow layout
[Topology][Flow] Nodes: 1
[Topology][Flow] Connections: 0
[Topology][Flow] Generating flow layout
[Topology][Flow] Nodes: 1
[Topology][Flow] Connections: 0
[Topology][Flow] Generating flow layout
[Topology][Flow] Nodes: 1
[Topology][Flow] Connections: 0
[Topology][Flow] Generating flow layout
[Topology][Flow] Nodes: 1
[Topology][Flow] Connections: 0
[Topology][Flow] Generating flow layout
[Topology][Flow] Nodes: 1
[Topology][Flow] Connections: 0
[Topology][Flow] Generating flow layout
[Topology][Flow] Nodes: 1
[Topology][Flow] Connections: 0
[Topology][Flow] Generating flow layout
[Topology][Flow] Nodes: 1
[Topology][Flow] Connections: 0
[Topology][Flow] Generating flow layout
[Topology][Flow] Nodes: 2
[Topology][Flow] Connections: 1
[Topology][Flow] Generating flow layout
[Topology][Flow] Nodes: 2
[Topology][Flow] Connections: 1
[Topology][Flow] Generating flow layout
[Topology][Flow] Nodes: 2
[Topology][Flow] Connections: 1
[Topology][Flow] Generating flow layout
[Topology][Flow] Nodes: 2
[Topology][Flow] Connections: 1
[Topology][Flow] Generating flow layout
[Topology][Flow] Nodes: 1
[Topology][Flow] Connections: 0
[Topology][Hub] Generating hub layout
[Topology][Hub] Hub: NEXORA
[Topology][Hub] Satellites: 0
[Topology][Hub] Connections: 0
[Topology][Flow] Generating flow layout
[Topology][Flow] Nodes: 1
[Topology][Flow] Connections: 0
[Topology][Hub] Generating hub layout
[Topology][Hub] Hub: NEXORA
[Topology][Hub] Satellites: 0
[Topology][Hub] Connections: 0
[Topology][Flow] Generating flow layout
[Topology][Flow] Nodes: 1
[Topology][Flow] Connections: 0
[Topology][Hub] Generating hub layout
[Topology][Hub] Hub: NEXORA
[Topology][Hub] Satellites: 0
[Topology][Hub] Connections: 0
[Topology][Flow] Generating flow layout
[Topology][Flow] Nodes: 1
[Topology][Flow] Connections: 0
[Topology][Hub] Generating hub layout
[Topology][Hub] Hub: NEXORA
[Topology][Hub] Satellites: 0
[Topology][Hub] Connections: 0
[Topology][Flow] Generating flow layout
[Topology][Flow] Nodes: 1
[Topology][Flow] Connections: 0
[Topology][Flow] Generating flow layout
[Topology][Flow] Nodes: 1
[Topology][Flow] Connections: 0
[Topology][Flow] Generating flow layout
[Topology][Flow] Nodes: 1
[Topology][Flow] Connections: 0
[Topology][Flow] Generating flow layout
[Topology][Flow] Nodes: 1
[Topology][Flow] Connections: 0
[Topology][Flow] Generating flow layout
[Topology][Flow] Nodes: 1
[Topology][Flow] Connections: 0
[Topology][Hub] Generating hub layout
[Topology][Hub] Hub: Goal · Improve delivery
[Topology][Hub] Satellites: 0
[Topology][Hub] Connections: 0
[Topology][Flow] Generating flow layout
[Topology][Flow] Nodes: 1
[Topology][Flow] Connections: 0
[Topology][Hub] Generating hub layout
[Topology][Hub] Hub: Goal · Improve delivery
[Topology][Hub] Satellites: 0
[Topology][Hub] Connections: 0
[Topology][Flow] Generating flow layout
[Topology][Flow] Nodes: 1
[Topology][Flow] Connections: 0
[Topology][Hub] Generating hub layout
[Topology][Hub] Hub: Goal · Improve delivery
[Topology][Hub] Satellites: 0
[Topology][Hub] Connections: 0
[Topology][Flow] Generating flow layout
[Topology][Flow] Nodes: 1
[Topology][Flow] Connections: 0
[Topology][Hub] Generating hub layout
[Topology][Hub] Hub: Goal · Improve delivery
[Topology][Hub] Satellites: 0
[Topology][Hub] Connections: 0
[Topology][Flow] Generating flow layout
[Topology][Flow] Nodes: 1
[Topology][Flow] Connections: 0
[Topology][Hub] Generating hub layout
[Topology][Hub] Hub: Goal · Improve delivery
[Topology][Hub] Satellites: 0
[Topology][Hub] Connections: 0
[Topology][Flow] Generating flow layout
[Topology][Flow] Nodes: 1
[Topology][Flow] Connections: 0
[Topology][Hub] Generating hub layout
[Topology][Hub] Hub: Goal · Improve delivery
[Topology][Hub] Satellites: 0
[Topology][Hub] Connections: 0
[Topology][Flow] Generating flow layout
[Topology][Flow] Nodes: 1
[Topology][Flow] Connections: 0
[Topology][Flow] Generating flow layout
[Topology][Flow] Nodes: 1
[Topology][Flow] Connections: 0
[Topology][Flow] Generating flow layout
[Topology][Flow] Nodes: 1
[Topology][Flow] Connections: 0
[Topology][Flow] Generating flow layout
[Topology][Flow] Nodes: 1
[Topology][Flow] Connections: 0
[Topology][Flow] Generating flow layout
[Topology][Flow] Nodes: 1
[Topology][Flow] Connections: 0
[Topology][Hub] Generating hub layout
[Topology][Hub] Hub: NEXORA
[Topology][Hub] Satellites: 0
[Topology][Hub] Connections: 0
[Topology][Flow] Generating flow layout
[Topology][Flow] Nodes: 1
[Topology][Flow] Connections: 0
[Topology][Hub] Generating hub layout
[Topology][Hub] Hub: NEXORA
[Topology][Hub] Satellites: 0
[Topology][Hub] Connections: 0
[Topology][Flow] Generating flow layout
[Topology][Flow] Nodes: 1
[Topology][Flow] Connections: 0
[Topology][Hub] Generating hub layout
[Topology][Hub] Hub: NEXORA
[Topology][Hub] Satellites: 0
[Topology][Hub] Connections: 0
[Topology][Flow] Generating flow layout
[Topology][Flow] Nodes: 1
[Topology][Flow] Connections: 0
[Topology][Hub] Generating hub layout
[Topology][Hub] Hub: NEXORA
[Topology][Hub] Satellites: 0
[Topology][Hub] Connections: 0
[Topology][Flow] Generating flow layout
[Topology][Flow] Nodes: 1
[Topology][Flow] Connections: 0
[Topology][Flow] Generating flow layout
[Topology][Flow] Nodes: 1
[Topology][Flow] Connections: 0
[Topology][Flow] Generating flow layout
[Topology][Flow] Nodes: 1
[Topology][Flow] Connections: 0
[Topology][Flow] Generating flow layout
[Topology][Flow] Nodes: 1
[Topology][Flow] Connections: 0
[Topology][Flow] Generating flow layout
[Topology][Flow] Nodes: 1
[Topology][Flow] Connections: 0
[Topology][Hub] Generating hub layout
[Topology][Hub] Hub: Goal · Improve delivery
[Topology][Hub] Satellites: 0
[Topology][Hub] Connections: 0
[Topology][Flow] Generating flow layout
[Topology][Flow] Nodes: 1
[Topology][Flow] Connections: 0
[Topology][Hub] Generating hub layout
[Topology][Hub] Hub: Goal · Improve delivery
[Topology][Hub] Satellites: 0
[Topology][Hub] Connections: 0
[Topology][Flow] Generating flow layout
[Topology][Flow] Nodes: 1
[Topology][Flow] Connections: 0
[Topology][Hub] Generating hub layout
[Topology][Hub] Hub: Goal · Improve delivery
[Topology][Hub] Satellites: 0
[Topology][Hub] Connections: 0
[Topology][Flow] Generating flow layout
[Topology][Flow] Nodes: 1
[Topology][Flow] Connections: 0
[Topology][Hub] Generating hub layout
[Topology][Hub] Hub: Goal · Improve delivery
[Topology][Hub] Satellites: 0
[Topology][Hub] Connections: 0
[Topology][Flow] Generating flow layout
[Topology][Flow] Nodes: 1
[Topology][Flow] Connections: 0
[Topology][Hub] Generating hub layout
[Topology][Hub] Hub: Goal · Improve delivery
[Topology][Hub] Satellites: 0
[Topology][Hub] Connections: 0
[Topology][Flow] Generating flow layout
[Topology][Flow] Nodes: 1
[Topology][Flow] Connections: 0
[Topology][Hub] Generating hub layout
[Topology][Hub] Hub: Goal · Improve delivery
[Topology][Hub] Satellites: 0
[Topology][Hub] Connections: 0
[Topology][Flow] Generating flow layout
[Topology][Flow] Nodes: 1
[Topology][Flow] Connections: 0
[Topology][Flow] Generating flow layout
[Topology][Flow] Nodes: 1
[Topology][Flow] Connections: 0
[Topology][Flow] Generating flow layout
[Topology][Flow] Nodes: 1
[Topology][Flow] Connections: 0
[Topology][Flow] Generating flow layout
[Topology][Flow] Nodes: 1
[Topology][Flow] Connections: 0
[Topology][Flow] Generating flow layout
[Topology][Flow] Nodes: 1
[Topology][Flow] Connections: 0
[Topology][Hub] Generating hub layout
[Topology][Hub] Hub: NEXORA
[Topology][Hub] Satellites: 0
[Topology][Hub] Connections: 0
[Topology][Flow] Generating flow layout
[Topology][Flow] Nodes: 1
[Topology][Flow] Connections: 0
[Topology][Hub] Generating hub layout
[Topology][Hub] Hub: NEXORA
[Topology][Hub] Satellites: 0
[Topology][Hub] Connections: 0
[Topology][Flow] Generating flow layout
[Topology][Flow] Nodes: 1
[Topology][Flow] Connections: 0
[Topology][Hub] Generating hub layout
[Topology][Hub] Hub: NEXORA
[Topology][Hub] Satellites: 0
[Topology][Hub] Connections: 0
[Topology][Flow] Generating flow layout
[Topology][Flow] Nodes: 1
[Topology][Flow] Connections: 0
[Topology][Hub] Generating hub layout
[Topology][Hub] Hub: NEXORA
[Topology][Hub] Satellites: 0
[Topology][Hub] Connections: 0
[Topology][Flow] Generating flow layout
[Topology][Flow] Nodes: 1
[Topology][Flow] Connections: 0
[Topology][Flow] Generating flow layout
[Topology][Flow] Nodes: 1
[Topology][Flow] Connections: 0
[Topology][Flow] Generating flow layout
[Topology][Flow] Nodes: 1
[Topology][Flow] Connections: 0
[Topology][Flow] Generating flow layout
[Topology][Flow] Nodes: 1
[Topology][Flow] Connections: 0
[Topology][Flow] Generating flow layout
[Topology][Flow] Nodes: 1
[Topology][Flow] Connections: 0
[Topology][Flow] Generating flow layout
[Topology][Flow] Nodes: 1
[Topology][Flow] Connections: 0
[Topology][Flow] Generating flow layout
[Topology][Flow] Nodes: 1
[Topology][Flow] Connections: 0
[Topology][Flow] Generating flow layout
[Topology][Flow] Nodes: 1
[Topology][Flow] Connections: 0
[Topology][Flow] Generating flow layout
[Topology][Flow] Nodes: 2
[Topology][Flow] Connections: 1
[Topology][Flow] Generating flow layout
[Topology][Flow] Nodes: 2
[Topology][Flow] Connections: 1
[Topology][Flow] Generating flow layout
[Topology][Flow] Nodes: 2
[Topology][Flow] Connections: 1
[Topology][Flow] Generating flow layout
[Topology][Flow] Nodes: 2
[Topology][Flow] Connections: 1
[Topology][Flow] Generating flow layout
[Topology][Flow] Nodes: 2
[Topology][Flow] Connections: 1
[Topology][Flow] Generating flow layout
[Topology][Flow] Nodes: 2
[Topology][Flow] Connections: 1
[Topology][Flow] Generating flow layout
[Topology][Flow] Nodes: 2
[Topology][Flow] Connections: 1
[Topology][Flow] Generating flow layout
[Topology][Flow] Nodes: 2
[Topology][Flow] Connections: 1
[Topology][Flow] Generating flow layout
[Topology][Flow] Nodes: 2
[Topology][Flow] Connections: 1
[Topology][Flow] Generating flow layout
[Topology][Flow] Nodes: 2
[Topology][Flow] Connections: 1
[Topology][Flow] Generating flow layout
[Topology][Flow] Nodes: 2
[Topology][Flow] Connections: 1
[Topology][Flow] Generating flow layout
[Topology][Flow] Nodes: 2
[Topology][Flow] Connections: 1
[Topology][Flow] Generating flow layout
[Topology][Flow] Nodes: 2
[Topology][Flow] Connections: 1
[Topology][Flow] Generating flow layout
[Topology][Flow] Nodes: 2
[Topology][Flow] Connections: 1
[Topology][Flow] Generating flow layout
[Topology][Flow] Nodes: 2
[Topology][Flow] Connections: 1
[Topology][Flow] Generating flow layout
[Topology][Flow] Nodes: 2
[Topology][Flow] Connections: 1
[Topology][Flow] Generating flow layout
[Topology][Flow] Nodes: 2
[Topology][Flow] Connections: 1
[Topology][Flow] Generating flow layout
[Topology][Flow] Nodes: 2
[Topology][Flow] Connections: 1
[Topology][Flow] Generating flow layout
[Topology][Flow] Nodes: 2
[Topology][Flow] Connections: 1
[Topology][Flow] Generating flow layout
[Topology][Flow] Nodes: 2
[Topology][Flow] Connections: 1
[Topology][Flow] Generating flow layout
[Topology][Flow] Nodes: 2
[Topology][Flow] Connections: 1
[Topology][Flow] Generating flow layout
[Topology][Flow] Nodes: 2
[Topology][Flow] Connections: 1
[Topology][Flow] Generating flow layout
[Topology][Flow] Nodes: 2
[Topology][Flow] Connections: 1
[Topology][Flow] Generating flow layout
[Topology][Flow] Nodes: 2
[Topology][Flow] Connections: 1
[Topology][Flow] Generating flow layout
[Topology][Flow] Nodes: 1
[Topology][Flow] Connections: 0
[Topology][Hub] Generating hub layout
[Topology][Hub] Hub: NEXORA
[Topology][Hub] Satellites: 0
[Topology][Hub] Connections: 0
[Topology][Flow] Generating flow layout
[Topology][Flow] Nodes: 1
[Topology][Flow] Connections: 0
[Topology][Hub] Generating hub layout
[Topology][Hub] Hub: NEXORA
[Topology][Hub] Satellites: 0
[Topology][Hub] Connections: 0
[Topology][Flow] Generating flow layout
[Topology][Flow] Nodes: 1
[Topology][Flow] Connections: 0
[Topology][Hub] Generating hub layout
[Topology][Hub] Hub: NEXORA
[Topology][Hub] Satellites: 0
[Topology][Hub] Connections: 0
[Topology][Flow] Generating flow layout
[Topology][Flow] Nodes: 1
[Topology][Flow] Connections: 0
[Topology][Hub] Generating hub layout
[Topology][Hub] Hub: NEXORA
[Topology][Hub] Satellites: 0
[Topology][Hub] Connections: 0
[Topology][Flow] Generating flow layout
[Topology][Flow] Nodes: 1
[Topology][Flow] Connections: 0
[Topology][Flow] Generating flow layout
[Topology][Flow] Nodes: 1
[Topology][Flow] Connections: 0
[Topology][Flow] Generating flow layout
[Topology][Flow] Nodes: 1
[Topology][Flow] Connections: 0
[Topology][Flow] Generating flow layout
[Topology][Flow] Nodes: 1
[Topology][Flow] Connections: 0
[Topology][Flow] Generating flow layout
[Topology][Flow] Nodes: 1
[Topology][Flow] Connections: 0
[Topology][Hub] Generating hub layout
[Topology][Hub] Hub: Goal · Improve delivery
[Topology][Hub] Satellites: 0
[Topology][Hub] Connections: 0
[Topology][Flow] Generating flow layout
[Topology][Flow] Nodes: 1
[Topology][Flow] Connections: 0
[Topology][Hub] Generating hub layout
[Topology][Hub] Hub: Goal · Improve delivery
[Topology][Hub] Satellites: 0
[Topology][Hub] Connections: 0
[Topology][Flow] Generating flow layout
[Topology][Flow] Nodes: 1
[Topology][Flow] Connections: 0
[Topology][Hub] Generating hub layout
[Topology][Hub] Hub: Goal · Improve delivery
[Topology][Hub] Satellites: 0
[Topology][Hub] Connections: 0
[Topology][Flow] Generating flow layout
[Topology][Flow] Nodes: 1
[Topology][Flow] Connections: 0
[Topology][Hub] Generating hub layout
[Topology][Hub] Hub: Goal · Improve delivery
[Topology][Hub] Satellites: 0
[Topology][Hub] Connections: 0
[Topology][Flow] Generating flow layout
[Topology][Flow] Nodes: 1
[Topology][Flow] Connections: 0
[Topology][Hub] Generating hub layout
[Topology][Hub] Hub: Goal · Improve delivery
[Topology][Hub] Satellites: 0
[Topology][Hub] Connections: 0
[Topology][Flow] Generating flow layout
[Topology][Flow] Nodes: 1
[Topology][Flow] Connections: 0
[Topology][Hub] Generating hub layout
[Topology][Hub] Hub: Goal · Improve delivery
[Topology][Hub] Satellites: 0
[Topology][Hub] Connections: 0
[Topology][Flow] Generating flow layout
[Topology][Flow] Nodes: 1
[Topology][Flow] Connections: 0
[Topology][Flow] Generating flow layout
[Topology][Flow] Nodes: 1
[Topology][Flow] Connections: 0
[Topology][Flow] Generating flow layout
[Topology][Flow] Nodes: 1
[Topology][Flow] Connections: 0
[Topology][Flow] Generating flow layout
[Topology][Flow] Nodes: 1
[Topology][Flow] Connections: 0
[Topology][Flow] Generating flow layout
[Topology][Flow] Nodes: 2
[Topology][Flow] Connections: 1
[Topology][Hub] Generating hub layout
[Topology][Hub] Hub: KPI · On-time delivery
[Topology][Hub] Satellites: 0
[Topology][Hub] Connections: 0
[Topology][Flow] Generating flow layout
[Topology][Flow] Nodes: 2
[Topology][Flow] Connections: 1
[Topology][Hub] Generating hub layout
[Topology][Hub] Hub: KPI · On-time delivery
[Topology][Hub] Satellites: 0
[Topology][Hub] Connections: 0
[Topology][Flow] Generating flow layout
[Topology][Flow] Nodes: 1
[Topology][Flow] Connections: 0
[Topology][Hub] Generating hub layout
[Topology][Hub] Hub: NEXORA
[Topology][Hub] Satellites: 0
[Topology][Hub] Connections: 0
[Topology][Flow] Generating flow layout
[Topology][Flow] Nodes: 1
[Topology][Flow] Connections: 0
[Topology][Hub] Generating hub layout
[Topology][Hub] Hub: NEXORA
[Topology][Hub] Satellites: 0
[Topology][Hub] Connections: 0
[Topology][Flow] Generating flow layout
[Topology][Flow] Nodes: 1
[Topology][Flow] Connections: 0
[Topology][Hub] Generating hub layout
[Topology][Hub] Hub: NEXORA
[Topology][Hub] Satellites: 0
[Topology][Hub] Connections: 0
[Topology][Flow] Generating flow layout
[Topology][Flow] Nodes: 1
[Topology][Flow] Connections: 0
[Topology][Hub] Generating hub layout
[Topology][Hub] Hub: NEXORA
[Topology][Hub] Satellites: 0
[Topology][Hub] Connections: 0
[Topology][Flow] Generating flow layout
[Topology][Flow] Nodes: 1
[Topology][Flow] Connections: 0
[Topology][Hub] Generating hub layout
[Topology][Hub] Hub: NEXORA
[Topology][Hub] Satellites: 0
[Topology][Hub] Connections: 0
[Topology][Flow] Generating flow layout
[Topology][Flow] Nodes: 1
[Topology][Flow] Connections: 0
[Topology][Hub] Generating hub layout
[Topology][Hub] Hub: NEXORA
[Topology][Hub] Satellites: 0
[Topology][Hub] Connections: 0
[Topology][Flow] Generating flow layout
[Topology][Flow] Nodes: 1
[Topology][Flow] Connections: 0
[Topology][Hub] Generating hub layout
[Topology][Hub] Hub: NEXORA
[Topology][Hub] Satellites: 0
[Topology][Hub] Connections: 0
[Topology][Flow] Generating flow layout
[Topology][Flow] Nodes: 1
[Topology][Flow] Connections: 0
[Topology][Hub] Generating hub layout
[Topology][Hub] Hub: NEXORA
[Topology][Hub] Satellites: 0
[Topology][Hub] Connections: 0
[Topology][Flow] Generating flow layout
[Topology][Flow] Nodes: 1
[Topology][Flow] Connections: 0
[Topology][Hub] Generating hub layout
[Topology][Hub] Hub: NEXORA
[Topology][Hub] Satellites: 0
[Topology][Hub] Connections: 0
[Topology][Flow] Generating flow layout
[Topology][Flow] Nodes: 1
[Topology][Flow] Connections: 0
[Topology][Hub] Generating hub layout
[Topology][Hub] Hub: NEXORA
[Topology][Hub] Satellites: 0
[Topology][Hub] Connections: 0
[Topology][Flow] Generating flow layout
[Topology][Flow] Nodes: 1
[Topology][Flow] Connections: 0
[Topology][Hub] Generating hub layout
[Topology][Hub] Hub: NEXORA
[Topology][Hub] Satellites: 0
[Topology][Hub] Connections: 0
[Topology][Flow] Generating flow layout
[Topology][Flow] Nodes: 1
[Topology][Flow] Connections: 0
[Topology][Hub] Generating hub layout
[Topology][Hub] Hub: NEXORA
[Topology][Hub] Satellites: 0
[Topology][Hub] Connections: 0
[Topology][Flow] Generating flow layout
[Topology][Flow] Nodes: 1
[Topology][Flow] Connections: 0
[Topology][Hub] Generating hub layout
[Topology][Hub] Hub: NEXORA
[Topology][Hub] Satellites: 0
[Topology][Hub] Connections: 0
[Topology][Flow] Generating flow layout
[Topology][Flow] Nodes: 1
[Topology][Flow] Connections: 0
[Topology][Hub] Generating hub layout
[Topology][Hub] Hub: NEXORA
[Topology][Hub] Satellites: 0
[Topology][Hub] Connections: 0
[Topology][Flow] Generating flow layout
[Topology][Flow] Nodes: 8
[Topology][Flow] Connections: 7
[Topology][Flow] Generating flow layout
[Topology][Flow] Nodes: 2
[Topology][Flow] Connections: 1
[Topology][Flow] Generating flow layout
[Topology][Flow] Nodes: 8
[Topology][Flow] Connections: 7
[Topology][Flow] Generating flow layout
[Topology][Flow] Nodes: 2
[Topology][Flow] Connections: 1
[Topology][Flow] Generating flow layout
[Topology][Flow] Nodes: 8
[Topology][Flow] Connections: 7
[Topology][Flow] Generating flow layout
[Topology][Flow] Nodes: 2
[Topology][Flow] Connections: 1
▶ NEX-CONV:2-FIX2 action-result subject parity
  ✔ reconcile uses resulting subject after success and keeps the old subject on failure (3.135333ms)
  ✔ Goal → KPI same-turn response and chips follow the KPI result, not COMPARE copy (189.478375ms)
  ✔ immediate What is this? after KPI intro deepens instead of repeating or skipping twice (38.298166ms)
  ✔ KPI → Issue and Issue → Scenario keep the same lifecycle (29.521042ms)
  ✔ repeated NEXT transitions once per successful action (16.888ms)
  ✔ chip utterance and free-text NEXT share one ENT owner path (36.878625ms)
  ✔ unavailable NEXT does not optimistically change subject (28.734542ms)
  ✔ stale COMPARE offer is superseded by successful NEXT (21.437291ms)
  ✔ composition order is result then response then suggestions (0.469209ms)
  ✔ What appears here? then Continue is Focus lesson pacing, not stale object NEXT (8.733ms)
  ✔ FIX1 Show me after relevance still presents Stage (11.231042ms)
  ✔ normal /executive NEXT does not enter educational object curriculum (16.092958ms)
✔ NEX-CONV:2-FIX2 action-result subject parity (404.566375ms)
[Topology][Flow] Generating flow layout
[Topology][Flow] Nodes: 1
[Topology][Flow] Connections: 0
[Topology][Hub] Generating hub layout
[Topology][Hub] Hub: NEXORA
[Topology][Hub] Satellites: 0
[Topology][Hub] Connections: 0
[Topology][Flow] Generating flow layout
[Topology][Flow] Nodes: 1
[Topology][Flow] Connections: 0
[Topology][Hub] Generating hub layout
[Topology][Hub] Hub: NEXORA
[Topology][Hub] Satellites: 0
[Topology][Hub] Connections: 0
[Topology][Flow] Generating flow layout
[Topology][Flow] Nodes: 1
[Topology][Flow] Connections: 0
[Topology][Hub] Generating hub layout
[Topology][Hub] Hub: NEXORA
[Topology][Hub] Satellites: 0
[Topology][Hub] Connections: 0
[Topology][Flow] Generating flow layout
[Topology][Flow] Nodes: 1
[Topology][Flow] Connections: 0
[Topology][Hub] Generating hub layout
[Topology][Hub] Hub: NEXORA
[Topology][Hub] Satellites: 0
[Topology][Hub] Connections: 0
[Topology][Flow] Generating flow layout
[Topology][Flow] Nodes: 1
[Topology][Flow] Connections: 0
[Topology][Hub] Generating hub layout
[Topology][Hub] Hub: NEXORA
[Topology][Hub] Satellites: 0
[Topology][Hub] Connections: 0
[Topology][Flow] Generating flow layout
[Topology][Flow] Nodes: 1
[Topology][Flow] Connections: 0
[Topology][Hub] Generating hub layout
[Topology][Hub] Hub: NEXORA
[Topology][Hub] Satellites: 0
[Topology][Hub] Connections: 0
[Topology][Flow] Generating flow layout
[Topology][Flow] Nodes: 1
[Topology][Flow] Connections: 0
[Topology][Hub] Generating hub layout
[Topology][Hub] Hub: NEXORA
[Topology][Hub] Satellites: 0
[Topology][Hub] Connections: 0
[Topology][Flow] Generating flow layout
[Topology][Flow] Nodes: 1
[Topology][Flow] Connections: 0
[Topology][Hub] Generating hub layout
[Topology][Hub] Hub: NEXORA
[Topology][Hub] Satellites: 0
[Topology][Hub] Connections: 0
[Topology][Flow] Generating flow layout
[Topology][Flow] Nodes: 1
[Topology][Flow] Connections: 0
[Topology][Hub] Generating hub layout
[Topology][Hub] Hub: NEXORA
[Topology][Hub] Satellites: 0
[Topology][Hub] Connections: 0
[Topology][Flow] Generating flow layout
[Topology][Flow] Nodes: 1
[Topology][Flow] Connections: 0
[Topology][Hub] Generating hub layout
[Topology][Hub] Hub: NEXORA
[Topology][Hub] Satellites: 0
[Topology][Hub] Connections: 0
[Topology][Flow] Generating flow layout
[Topology][Flow] Nodes: 1
[Topology][Flow] Connections: 0
[Topology][Hub] Generating hub layout
[Topology][Hub] Hub: NEXORA
[Topology][Hub] Satellites: 0
[Topology][Hub] Connections: 0
[Topology][Flow] Generating flow layout
[Topology][Flow] Nodes: 1
[Topology][Flow] Connections: 0
[Topology][Hub] Generating hub layout
[Topology][Hub] Hub: NEXORA
[Topology][Hub] Satellites: 0
[Topology][Hub] Connections: 0
[Topology][Flow] Generating flow layout
[Topology][Flow] Nodes: 1
[Topology][Flow] Connections: 0
[Topology][Hub] Generating hub layout
[Topology][Hub] Hub: NEXORA
[Topology][Hub] Satellites: 0
[Topology][Hub] Connections: 0
[Topology][Flow] Generating flow layout
[Topology][Flow] Nodes: 1
[Topology][Flow] Connections: 0
[Topology][Hub] Generating hub layout
[Topology][Hub] Hub: NEXORA
[Topology][Hub] Satellites: 0
[Topology][Hub] Connections: 0
[Topology][Flow] Generating flow layout
[Topology][Flow] Nodes: 1
[Topology][Flow] Connections: 0
[Topology][Hub] Generating hub layout
[Topology][Hub] Hub: NEXORA
[Topology][Hub] Satellites: 0
[Topology][Hub] Connections: 0
[Topology][Flow] Generating flow layout
[Topology][Flow] Nodes: 1
[Topology][Flow] Connections: 0
[Topology][Hub] Generating hub layout
[Topology][Hub] Hub: NEXORA
[Topology][Hub] Satellites: 0
[Topology][Hub] Connections: 0
[Topology][Flow] Generating flow layout
[Topology][Flow] Nodes: 1
[Topology][Flow] Connections: 0
[Topology][Hub] Generating hub layout
[Topology][Hub] Hub: NEXORA
[Topology][Hub] Satellites: 0
[Topology][Hub] Connections: 0
[Topology][Flow] Generating flow layout
[Topology][Flow] Nodes: 1
[Topology][Flow] Connections: 0
[Topology][Hub] Generating hub layout
[Topology][Hub] Hub: NEXORA
[Topology][Hub] Satellites: 0
[Topology][Hub] Connections: 0
[Topology][Flow] Generating flow layout
[Topology][Flow] Nodes: 1
[Topology][Flow] Connections: 0
[Topology][Hub] Generating hub layout
[Topology][Hub] Hub: NEXORA
[Topology][Hub] Satellites: 0
[Topology][Hub] Connections: 0
[Topology][Flow] Generating flow layout
[Topology][Flow] Nodes: 1
[Topology][Flow] Connections: 0
[Topology][Hub] Generating hub layout
[Topology][Hub] Hub: NEXORA
[Topology][Hub] Satellites: 0
[Topology][Hub] Connections: 0
[Topology][Flow] Generating flow layout
[Topology][Flow] Nodes: 1
[Topology][Flow] Connections: 0
[Topology][Hub] Generating hub layout
[Topology][Hub] Hub: NEXORA
[Topology][Hub] Satellites: 0
[Topology][Hub] Connections: 0
[Topology][Flow] Generating flow layout
[Topology][Flow] Nodes: 1
[Topology][Flow] Connections: 0
[Topology][Hub] Generating hub layout
[Topology][Hub] Hub: NEXORA
[Topology][Hub] Satellites: 0
[Topology][Hub] Connections: 0
[Topology][Flow] Generating flow layout
[Topology][Flow] Nodes: 1
[Topology][Flow] Connections: 0
[Topology][Hub] Generating hub layout
[Topology][Hub] Hub: NEXORA
[Topology][Hub] Satellites: 0
[Topology][Hub] Connections: 0
[Topology][Flow] Generating flow layout
[Topology][Flow] Nodes: 1
[Topology][Flow] Connections: 0
[Topology][Hub] Generating hub layout
[Topology][Hub] Hub: NEXORA
[Topology][Hub] Satellites: 0
[Topology][Hub] Connections: 0
[Topology][Flow] Generating flow layout
[Topology][Flow] Nodes: 1
[Topology][Flow] Connections: 0
[Topology][Hub] Generating hub layout
[Topology][Hub] Hub: NEXORA
[Topology][Hub] Satellites: 0
[Topology][Hub] Connections: 0
[Topology][Flow] Generating flow layout
[Topology][Flow] Nodes: 1
[Topology][Flow] Connections: 0
[Topology][Hub] Generating hub layout
[Topology][Hub] Hub: NEXORA
[Topology][Hub] Satellites: 0
[Topology][Hub] Connections: 0
[Topology][Flow] Generating flow layout
[Topology][Flow] Nodes: 8
[Topology][Flow] Connections: 7
[Topology][Flow] Generating flow layout
[Topology][Flow] Nodes: 2
[Topology][Flow] Connections: 1
[Topology][Flow] Generating flow layout
[Topology][Flow] Nodes: 8
[Topology][Flow] Connections: 7
[Topology][Flow] Generating flow layout
[Topology][Flow] Nodes: 2
[Topology][Flow] Connections: 1
[Topology][Flow] Generating flow layout
[Topology][Flow] Nodes: 8
[Topology][Flow] Connections: 7
[Topology][Flow] Generating flow layout
[Topology][Flow] Nodes: 2
[Topology][Flow] Connections: 1
[Topology][Flow] Generating flow layout
[Topology][Flow] Nodes: 1
[Topology][Flow] Connections: 0
[Topology][Hub] Generating hub layout
[Topology][Hub] Hub: NEXORA
[Topology][Hub] Satellites: 0
[Topology][Hub] Connections: 0
[Topology][Flow] Generating flow layout
[Topology][Flow] Nodes: 1
[Topology][Flow] Connections: 0
[Topology][Hub] Generating hub layout
[Topology][Hub] Hub: NEXORA
[Topology][Hub] Satellites: 0
[Topology][Hub] Connections: 0
[Topology][Flow] Generating flow layout
[Topology][Flow] Nodes: 1
[Topology][Flow] Connections: 0
[Topology][Hub] Generating hub layout
[Topology][Hub] Hub: NEXORA
[Topology][Hub] Satellites: 0
[Topology][Hub] Connections: 0
[Topology][Flow] Generating flow layout
[Topology][Flow] Nodes: 1
[Topology][Flow] Connections: 0
[Topology][Hub] Generating hub layout
[Topology][Hub] Hub: NEXORA
[Topology][Hub] Satellites: 0
[Topology][Hub] Connections: 0
[Topology][Flow] Generating flow layout
[Topology][Flow] Nodes: 1
[Topology][Flow] Connections: 0
[Topology][Flow] Generating flow layout
[Topology][Flow] Nodes: 1
[Topology][Flow] Connections: 0
[Topology][Flow] Generating flow layout
[Topology][Flow] Nodes: 1
[Topology][Flow] Connections: 0
[Topology][Flow] Generating flow layout
[Topology][Flow] Nodes: 1
[Topology][Flow] Connections: 0
[Topology][Flow] Generating flow layout
[Topology][Flow] Nodes: 1
[Topology][Flow] Connections: 0
[Topology][Hub] Generating hub layout
[Topology][Hub] Hub: Goal · Improve delivery
[Topology][Hub] Satellites: 0
[Topology][Hub] Connections: 0
[Topology][Flow] Generating flow layout
[Topology][Flow] Nodes: 1
[Topology][Flow] Connections: 0
[Topology][Hub] Generating hub layout
[Topology][Hub] Hub: Goal · Improve delivery
[Topology][Hub] Satellites: 0
[Topology][Hub] Connections: 0
[Topology][Flow] Generating flow layout
[Topology][Flow] Nodes: 1
[Topology][Flow] Connections: 0
[Topology][Hub] Generating hub layout
[Topology][Hub] Hub: Goal · Improve delivery
[Topology][Hub] Satellites: 0
[Topology][Hub] Connections: 0
[Topology][Flow] Generating flow layout
[Topology][Flow] Nodes: 1
[Topology][Flow] Connections: 0
[Topology][Hub] Generating hub layout
[Topology][Hub] Hub: Goal · Improve delivery
[Topology][Hub] Satellites: 0
[Topology][Hub] Connections: 0
[Topology][Flow] Generating flow layout
[Topology][Flow] Nodes: 8
[Topology][Flow] Connections: 7
[Topology][Flow] Generating flow layout
[Topology][Flow] Nodes: 2
[Topology][Flow] Connections: 1
[Topology][Flow] Generating flow layout
[Topology][Flow] Nodes: 8
[Topology][Flow] Connections: 7
[Topology][Flow] Generating flow layout
[Topology][Flow] Nodes: 2
[Topology][Flow] Connections: 1
[Topology][Flow] Generating flow layout
[Topology][Flow] Nodes: 8
[Topology][Flow] Connections: 7
[Topology][Flow] Generating flow layout
[Topology][Flow] Nodes: 2
[Topology][Flow] Connections: 1
[Topology][Flow] Generating flow layout
[Topology][Flow] Nodes: 8
[Topology][Flow] Connections: 7
[Topology][Flow] Generating flow layout
[Topology][Flow] Nodes: 2
[Topology][Flow] Connections: 1
[Topology][Flow] Generating flow layout
[Topology][Flow] Nodes: 8
[Topology][Flow] Connections: 7
[Topology][Flow] Generating flow layout
[Topology][Flow] Nodes: 2
[Topology][Flow] Connections: 1
[Topology][Flow] Generating flow layout
[Topology][Flow] Nodes: 8
[Topology][Flow] Connections: 7
[Topology][Flow] Generating flow layout
[Topology][Flow] Nodes: 2
[Topology][Flow] Connections: 1
▶ NEX-CONV:2-FIX1 entrance relevance routing
  ✔ NCA treats importance WHY as GOAL_RELEVANCE, not CAUSE or STATUS (16.913708ms)
  ✔ WHY matrix does not collapse into one purpose (2.423375ms)
  ✔ repeated Why is this important? is relevant, progresses, and offers Show me (133.285625ms)
  ✔ semantic equivalents and follow-ups stay on the relevance thread (28.92ms)
  ✔ Show me after relevance uses existing Continue/Stage handoff (24.505291ms)
  ✔ status questions can still use stable (4.535792ms)
  ✔ priority WHY is not product relevance (23.090416ms)
  ✔ Goal importance is not WHY_PRESENT and does not invent priority (20.509ms)
  ✔ causal WHY is not hijacked by relevance (11.339583ms)
  ✔ does not use a phrase patch or NEXORA-specific router (0.429458ms)
  ✔ Decision relevance does not write Decision authority (5.832541ms)
✔ NEX-CONV:2-FIX1 entrance relevance routing (272.507334ms)
[Topology][Flow] Generating flow layout
[Topology][Flow] Nodes: 1
[Topology][Flow] Connections: 0
[Topology][Hub] Generating hub layout
[Topology][Hub] Hub: NEXORA
[Topology][Hub] Satellites: 0
[Topology][Hub] Connections: 0
[Topology][Flow] Generating flow layout
[Topology][Flow] Nodes: 1
[Topology][Flow] Connections: 0
[Topology][Hub] Generating hub layout
[Topology][Hub] Hub: NEXORA
[Topology][Hub] Satellites: 0
[Topology][Hub] Connections: 0
[Topology][Flow] Generating flow layout
[Topology][Flow] Nodes: 1
[Topology][Flow] Connections: 0
[Topology][Hub] Generating hub layout
[Topology][Hub] Hub: NEXORA
[Topology][Hub] Satellites: 0
[Topology][Hub] Connections: 0
[Topology][Flow] Generating flow layout
[Topology][Flow] Nodes: 1
[Topology][Flow] Connections: 0
[Topology][Hub] Generating hub layout
[Topology][Hub] Hub: NEXORA
[Topology][Hub] Satellites: 0
[Topology][Hub] Connections: 0
[Topology][Flow] Generating flow layout
[Topology][Flow] Nodes: 1
[Topology][Flow] Connections: 0
[Topology][Flow] Generating flow layout
[Topology][Flow] Nodes: 1
[Topology][Flow] Connections: 0
[Topology][Flow] Generating flow layout
[Topology][Flow] Nodes: 1
[Topology][Flow] Connections: 0
[Topology][Flow] Generating flow layout
[Topology][Flow] Nodes: 1
[Topology][Flow] Connections: 0
[Topology][Flow] Generating flow layout
[Topology][Flow] Nodes: 1
[Topology][Flow] Connections: 0
[Topology][Hub] Generating hub layout
[Topology][Hub] Hub: Goal · Improve delivery
[Topology][Hub] Satellites: 0
[Topology][Hub] Connections: 0
[Topology][Flow] Generating flow layout
[Topology][Flow] Nodes: 1
[Topology][Flow] Connections: 0
[Topology][Hub] Generating hub layout
[Topology][Hub] Hub: Goal · Improve delivery
[Topology][Hub] Satellites: 0
[Topology][Hub] Connections: 0
[Topology][Flow] Generating flow layout
[Topology][Flow] Nodes: 1
[Topology][Flow] Connections: 0
[Topology][Hub] Generating hub layout
[Topology][Hub] Hub: Goal · Improve delivery
[Topology][Hub] Satellites: 0
[Topology][Hub] Connections: 0
[Topology][Flow] Generating flow layout
[Topology][Flow] Nodes: 1
[Topology][Flow] Connections: 0
[Topology][Hub] Generating hub layout
[Topology][Hub] Hub: Goal · Improve delivery
[Topology][Hub] Satellites: 0
[Topology][Hub] Connections: 0
[Topology][Flow] Generating flow layout
[Topology][Flow] Nodes: 1
[Topology][Flow] Connections: 0
[Topology][Hub] Generating hub layout
[Topology][Hub] Hub: Goal · Improve delivery
[Topology][Hub] Satellites: 0
[Topology][Hub] Connections: 0
[Topology][Flow] Generating flow layout
[Topology][Flow] Nodes: 1
[Topology][Flow] Connections: 0
[Topology][Hub] Generating hub layout
[Topology][Hub] Hub: Goal · Improve delivery
[Topology][Hub] Satellites: 0
[Topology][Hub] Connections: 0
[Topology][Flow] Generating flow layout
[Topology][Flow] Nodes: 1
[Topology][Flow] Connections: 0
[Topology][Hub] Generating hub layout
[Topology][Hub] Hub: Goal · Improve delivery
[Topology][Hub] Satellites: 0
[Topology][Hub] Connections: 0
[Topology][Flow] Generating flow layout
[Topology][Flow] Nodes: 1
[Topology][Flow] Connections: 0
[Topology][Hub] Generating hub layout
[Topology][Hub] Hub: Goal · Improve delivery
[Topology][Hub] Satellites: 0
[Topology][Hub] Connections: 0
[Topology][Flow] Generating flow layout
[Topology][Flow] Nodes: 1
[Topology][Flow] Connections: 0
[Topology][Hub] Generating hub layout
[Topology][Hub] Hub: Goal · Improve delivery
[Topology][Hub] Satellites: 0
[Topology][Hub] Connections: 0
[Topology][Flow] Generating flow layout
[Topology][Flow] Nodes: 1
[Topology][Flow] Connections: 0
[Topology][Hub] Generating hub layout
[Topology][Hub] Hub: Goal · Improve delivery
[Topology][Hub] Satellites: 0
[Topology][Hub] Connections: 0
[Topology][Flow] Generating flow layout
[Topology][Flow] Nodes: 1
[Topology][Flow] Connections: 0
[Topology][Hub] Generating hub layout
[Topology][Hub] Hub: NEXORA
[Topology][Hub] Satellites: 0
[Topology][Hub] Connections: 0
[Topology][Flow] Generating flow layout
[Topology][Flow] Nodes: 1
[Topology][Flow] Connections: 0
[Topology][Hub] Generating hub layout
[Topology][Hub] Hub: NEXORA
[Topology][Hub] Satellites: 0
[Topology][Hub] Connections: 0
[Topology][Flow] Generating flow layout
[Topology][Flow] Nodes: 1
[Topology][Flow] Connections: 0
[Topology][Hub] Generating hub layout
[Topology][Hub] Hub: NEXORA
[Topology][Hub] Satellites: 0
[Topology][Hub] Connections: 0
[Topology][Flow] Generating flow layout
[Topology][Flow] Nodes: 1
[Topology][Flow] Connections: 0
[Topology][Hub] Generating hub layout
[Topology][Hub] Hub: NEXORA
[Topology][Hub] Satellites: 0
[Topology][Hub] Connections: 0
[Topology][Flow] Generating flow layout
[Topology][Flow] Nodes: 1
[Topology][Flow] Connections: 0
[Topology][Flow] Generating flow layout
[Topology][Flow] Nodes: 1
[Topology][Flow] Connections: 0
[Topology][Flow] Generating flow layout
[Topology][Flow] Nodes: 1
[Topology][Flow] Connections: 0
[Topology][Flow] Generating flow layout
[Topology][Flow] Nodes: 1
[Topology][Flow] Connections: 0
[Topology][Flow] Generating flow layout
[Topology][Flow] Nodes: 1
[Topology][Flow] Connections: 0
[Topology][Hub] Generating hub layout
[Topology][Hub] Hub: Goal · Improve delivery
[Topology][Hub] Satellites: 0
[Topology][Hub] Connections: 0
[Topology][Flow] Generating flow layout
[Topology][Flow] Nodes: 1
[Topology][Flow] Connections: 0
[Topology][Hub] Generating hub layout
[Topology][Hub] Hub: Goal · Improve delivery
[Topology][Hub] Satellites: 0
[Topology][Hub] Connections: 0
[Topology][Flow] Generating flow layout
[Topology][Flow] Nodes: 1
[Topology][Flow] Connections: 0
[Topology][Hub] Generating hub layout
[Topology][Hub] Hub: Goal · Improve delivery
[Topology][Hub] Satellites: 0
[Topology][Hub] Connections: 0
[Topology][Flow] Generating flow layout
[Topology][Flow] Nodes: 1
[Topology][Flow] Connections: 0
[Topology][Hub] Generating hub layout
[Topology][Hub] Hub: Goal · Improve delivery
[Topology][Hub] Satellites: 0
[Topology][Hub] Connections: 0
[Topology][Flow] Generating flow layout
[Topology][Flow] Nodes: 1
[Topology][Flow] Connections: 0
[Topology][Hub] Generating hub layout
[Topology][Hub] Hub: Goal · Improve delivery
[Topology][Hub] Satellites: 0
[Topology][Hub] Connections: 0
[Topology][Flow] Generating flow layout
[Topology][Flow] Nodes: 1
[Topology][Flow] Connections: 0
[Topology][Hub] Generating hub layout
[Topology][Hub] Hub: Goal · Improve delivery
[Topology][Hub] Satellites: 0
[Topology][Hub] Connections: 0
[Topology][Flow] Generating flow layout
[Topology][Flow] Nodes: 1
[Topology][Flow] Connections: 0
[Topology][Hub] Generating hub layout
[Topology][Hub] Hub: Goal · Improve delivery
[Topology][Hub] Satellites: 0
[Topology][Hub] Connections: 0
[Topology][Flow] Generating flow layout
[Topology][Flow] Nodes: 1
[Topology][Flow] Connections: 0
[Topology][Hub] Generating hub layout
[Topology][Hub] Hub: Goal · Improve delivery
[Topology][Hub] Satellites: 0
[Topology][Hub] Connections: 0
[Topology][Flow] Generating flow layout
[Topology][Flow] Nodes: 1
[Topology][Flow] Connections: 0
[Topology][Hub] Generating hub layout
[Topology][Hub] Hub: NEXORA
[Topology][Hub] Satellites: 0
[Topology][Hub] Connections: 0
[Topology][Flow] Generating flow layout
[Topology][Flow] Nodes: 1
[Topology][Flow] Connections: 0
[Topology][Hub] Generating hub layout
[Topology][Hub] Hub: NEXORA
[Topology][Hub] Satellites: 0
[Topology][Hub] Connections: 0
[Topology][Flow] Generating flow layout
[Topology][Flow] Nodes: 1
[Topology][Flow] Connections: 0
[Topology][Hub] Generating hub layout
[Topology][Hub] Hub: NEXORA
[Topology][Hub] Satellites: 0
[Topology][Hub] Connections: 0
[Topology][Flow] Generating flow layout
[Topology][Flow] Nodes: 1
[Topology][Flow] Connections: 0
[Topology][Hub] Generating hub layout
[Topology][Hub] Hub: NEXORA
[Topology][Hub] Satellites: 0
[Topology][Hub] Connections: 0
[Topology][Flow] Generating flow layout
[Topology][Flow] Nodes: 1
[Topology][Flow] Connections: 0
[Topology][Flow] Generating flow layout
[Topology][Flow] Nodes: 1
[Topology][Flow] Connections: 0
[Topology][Flow] Generating flow layout
[Topology][Flow] Nodes: 1
[Topology][Flow] Connections: 0
[Topology][Flow] Generating flow layout
[Topology][Flow] Nodes: 1
[Topology][Flow] Connections: 0
[Topology][Flow] Generating flow layout
[Topology][Flow] Nodes: 1
[Topology][Flow] Connections: 0
[Topology][Flow] Generating flow layout
[Topology][Flow] Nodes: 1
[Topology][Flow] Connections: 0
[Topology][Flow] Generating flow layout
[Topology][Flow] Nodes: 1
[Topology][Flow] Connections: 0
[Topology][Flow] Generating flow layout
[Topology][Flow] Nodes: 1
[Topology][Flow] Connections: 0
[Topology][Flow] Generating flow layout
[Topology][Flow] Nodes: 2
[Topology][Flow] Connections: 1
[Topology][Hub] Generating hub layout
[Topology][Hub] Hub: KPI · On-time delivery
[Topology][Hub] Satellites: 0
[Topology][Hub] Connections: 0
[Topology][Flow] Generating flow layout
[Topology][Flow] Nodes: 2
[Topology][Flow] Connections: 1
[Topology][Hub] Generating hub layout
[Topology][Hub] Hub: KPI · On-time delivery
[Topology][Hub] Satellites: 0
[Topology][Hub] Connections: 0
[Topology][Flow] Generating flow layout
[Topology][Flow] Nodes: 2
[Topology][Flow] Connections: 1
[Topology][Hub] Generating hub layout
[Topology][Hub] Hub: KPI · On-time delivery
[Topology][Hub] Satellites: 0
[Topology][Hub] Connections: 0
[Topology][Flow] Generating flow layout
[Topology][Flow] Nodes: 2
[Topology][Flow] Connections: 1
[Topology][Hub] Generating hub layout
[Topology][Hub] Hub: KPI · On-time delivery
[Topology][Hub] Satellites: 0
[Topology][Hub] Connections: 0
[Topology][Flow] Generating flow layout
[Topology][Flow] Nodes: 2
[Topology][Flow] Connections: 1
[Topology][Flow] Generating flow layout
[Topology][Flow] Nodes: 2
[Topology][Flow] Connections: 1
[Topology][Flow] Generating flow layout
[Topology][Flow] Nodes: 2
[Topology][Flow] Connections: 1
[Topology][Flow] Generating flow layout
[Topology][Flow] Nodes: 2
[Topology][Flow] Connections: 1
[Topology][Flow] Generating flow layout
[Topology][Flow] Nodes: 2
[Topology][Flow] Connections: 1
[Topology][Hub] Generating hub layout
[Topology][Hub] Hub: Problem · Delivery delays
[Topology][Hub] Satellites: 0
[Topology][Hub] Connections: 0
[Topology][Flow] Generating flow layout
[Topology][Flow] Nodes: 2
[Topology][Flow] Connections: 1
[Topology][Hub] Generating hub layout
[Topology][Hub] Hub: Problem · Delivery delays
[Topology][Hub] Satellites: 0
[Topology][Hub] Connections: 0
[Topology][Flow] Generating flow layout
[Topology][Flow] Nodes: 2
[Topology][Flow] Connections: 1
[Topology][Hub] Generating hub layout
[Topology][Hub] Hub: Problem · Delivery delays
[Topology][Hub] Satellites: 0
[Topology][Hub] Connections: 0
[Topology][Flow] Generating flow layout
[Topology][Flow] Nodes: 2
[Topology][Flow] Connections: 1
[Topology][Hub] Generating hub layout
[Topology][Hub] Hub: Problem · Delivery delays
[Topology][Hub] Satellites: 0
[Topology][Hub] Connections: 0
[Topology][Flow] Generating flow layout
[Topology][Flow] Nodes: 2
[Topology][Flow] Connections: 1
[Topology][Flow] Generating flow layout
[Topology][Flow] Nodes: 2
[Topology][Flow] Connections: 1
[Topology][Flow] Generating flow layout
[Topology][Flow] Nodes: 2
[Topology][Flow] Connections: 1
[Topology][Flow] Generating flow layout
[Topology][Flow] Nodes: 2
[Topology][Flow] Connections: 1
[Topology][Flow] Generating flow layout
[Topology][Flow] Nodes: 2
[Topology][Flow] Connections: 1
[Topology][Hub] Generating hub layout
[Topology][Hub] Hub: Scenario · Add temporary capacity
[Topology][Hub] Satellites: 0
[Topology][Hub] Connections: 0
[Topology][Flow] Generating flow layout
[Topology][Flow] Nodes: 2
[Topology][Flow] Connections: 1
[Topology][Hub] Generating hub layout
[Topology][Hub] Hub: Scenario · Add temporary capacity
[Topology][Hub] Satellites: 0
[Topology][Hub] Connections: 0
[Topology][Flow] Generating flow layout
[Topology][Flow] Nodes: 2
[Topology][Flow] Connections: 1
[Topology][Hub] Generating hub layout
[Topology][Hub] Hub: Scenario · Add temporary capacity
[Topology][Hub] Satellites: 0
[Topology][Hub] Connections: 0
[Topology][Flow] Generating flow layout
[Topology][Flow] Nodes: 2
[Topology][Flow] Connections: 1
[Topology][Hub] Generating hub layout
[Topology][Hub] Hub: Scenario · Add temporary capacity
[Topology][Hub] Satellites: 0
[Topology][Hub] Connections: 0
[Topology][Flow] Generating flow layout
[Topology][Flow] Nodes: 2
[Topology][Flow] Connections: 1
[Topology][Flow] Generating flow layout
[Topology][Flow] Nodes: 2
[Topology][Flow] Connections: 1
[Topology][Flow] Generating flow layout
[Topology][Flow] Nodes: 2
[Topology][Flow] Connections: 1
[Topology][Flow] Generating flow layout
[Topology][Flow] Nodes: 2
[Topology][Flow] Connections: 1
[Topology][Flow] Generating flow layout
[Topology][Flow] Nodes: 2
[Topology][Flow] Connections: 1
[Topology][Hub] Generating hub layout
[Topology][Hub] Hub: Decision · Use temporary capacity
[Topology][Hub] Satellites: 0
[Topology][Hub] Connections: 0
[Topology][Flow] Generating flow layout
[Topology][Flow] Nodes: 2
[Topology][Flow] Connections: 1
[Topology][Hub] Generating hub layout
[Topology][Hub] Hub: Decision · Use temporary capacity
[Topology][Hub] Satellites: 0
[Topology][Hub] Connections: 0
[Topology][Flow] Generating flow layout
[Topology][Flow] Nodes: 2
[Topology][Flow] Connections: 1
[Topology][Hub] Generating hub layout
[Topology][Hub] Hub: Decision · Use temporary capacity
[Topology][Hub] Satellites: 0
[Topology][Hub] Connections: 0
[Topology][Flow] Generating flow layout
[Topology][Flow] Nodes: 2
[Topology][Flow] Connections: 1
[Topology][Hub] Generating hub layout
[Topology][Hub] Hub: Decision · Use temporary capacity
[Topology][Hub] Satellites: 0
[Topology][Hub] Connections: 0
[Topology][Flow] Generating flow layout
[Topology][Flow] Nodes: 2
[Topology][Flow] Connections: 1
[Topology][Flow] Generating flow layout
[Topology][Flow] Nodes: 2
[Topology][Flow] Connections: 1
[Topology][Flow] Generating flow layout
[Topology][Flow] Nodes: 2
[Topology][Flow] Connections: 1
[Topology][Flow] Generating flow layout
[Topology][Flow] Nodes: 2
[Topology][Flow] Connections: 1
[Topology][Flow] Generating flow layout
[Topology][Flow] Nodes: 2
[Topology][Flow] Connections: 1
[Topology][Hub] Generating hub layout
[Topology][Hub] Hub: Execution · Capacity action
[Topology][Hub] Satellites: 0
[Topology][Hub] Connections: 0
[Topology][Flow] Generating flow layout
[Topology][Flow] Nodes: 2
[Topology][Flow] Connections: 1
[Topology][Hub] Generating hub layout
[Topology][Hub] Hub: Execution · Capacity action
[Topology][Hub] Satellites: 0
[Topology][Hub] Connections: 0
[Topology][Flow] Generating flow layout
[Topology][Flow] Nodes: 2
[Topology][Flow] Connections: 1
[Topology][Hub] Generating hub layout
[Topology][Hub] Hub: Execution · Capacity action
[Topology][Hub] Satellites: 0
[Topology][Hub] Connections: 0
[Topology][Flow] Generating flow layout
[Topology][Flow] Nodes: 2
[Topology][Flow] Connections: 1
[Topology][Hub] Generating hub layout
[Topology][Hub] Hub: Execution · Capacity action
[Topology][Hub] Satellites: 0
[Topology][Hub] Connections: 0
[Topology][Flow] Generating flow layout
[Topology][Flow] Nodes: 2
[Topology][Flow] Connections: 1
[Topology][Flow] Generating flow layout
[Topology][Flow] Nodes: 2
[Topology][Flow] Connections: 1
[Topology][Flow] Generating flow layout
[Topology][Flow] Nodes: 2
[Topology][Flow] Connections: 1
[Topology][Flow] Generating flow layout
[Topology][Flow] Nodes: 2
[Topology][Flow] Connections: 1
[Topology][Flow] Generating flow layout
[Topology][Flow] Nodes: 2
[Topology][Flow] Connections: 1
[Topology][Hub] Generating hub layout
[Topology][Hub] Hub: Outcome · Delivery improved
[Topology][Hub] Satellites: 0
[Topology][Hub] Connections: 0
[Topology][Flow] Generating flow layout
[Topology][Flow] Nodes: 2
[Topology][Flow] Connections: 1
[Topology][Hub] Generating hub layout
[Topology][Hub] Hub: Outcome · Delivery improved
[Topology][Hub] Satellites: 0
[Topology][Hub] Connections: 0
[Topology][Flow] Generating flow layout
[Topology][Flow] Nodes: 2
[Topology][Flow] Connections: 1
[Topology][Hub] Generating hub layout
[Topology][Hub] Hub: Outcome · Delivery improved
[Topology][Hub] Satellites: 0
[Topology][Hub] Connections: 0
[Topology][Flow] Generating flow layout
[Topology][Flow] Nodes: 2
[Topology][Flow] Connections: 1
[Topology][Hub] Generating hub layout
[Topology][Hub] Hub: Outcome · Delivery improved
[Topology][Hub] Satellites: 0
[Topology][Hub] Connections: 0
[Topology][Flow] Generating flow layout
[Topology][Flow] Nodes: 1
[Topology][Flow] Connections: 0
[Topology][Hub] Generating hub layout
[Topology][Hub] Hub: NEXORA
[Topology][Hub] Satellites: 0
[Topology][Hub] Connections: 0
[Topology][Flow] Generating flow layout
[Topology][Flow] Nodes: 1
[Topology][Flow] Connections: 0
[Topology][Hub] Generating hub layout
[Topology][Hub] Hub: NEXORA
[Topology][Hub] Satellites: 0
[Topology][Hub] Connections: 0
[Topology][Flow] Generating flow layout
[Topology][Flow] Nodes: 1
[Topology][Flow] Connections: 0
[Topology][Hub] Generating hub layout
[Topology][Hub] Hub: NEXORA
[Topology][Hub] Satellites: 0
[Topology][Hub] Connections: 0
[Topology][Flow] Generating flow layout
[Topology][Flow] Nodes: 1
[Topology][Flow] Connections: 0
[Topology][Hub] Generating hub layout
[Topology][Hub] Hub: NEXORA
[Topology][Hub] Satellites: 0
[Topology][Hub] Connections: 0
[Topology][Flow] Generating flow layout
[Topology][Flow] Nodes: 1
[Topology][Flow] Connections: 0
[Topology][Flow] Generating flow layout
[Topology][Flow] Nodes: 1
[Topology][Flow] Connections: 0
[Topology][Flow] Generating flow layout
[Topology][Flow] Nodes: 1
[Topology][Flow] Connections: 0
[Topology][Flow] Generating flow layout
[Topology][Flow] Nodes: 1
[Topology][Flow] Connections: 0
[Topology][Flow] Generating flow layout
[Topology][Flow] Nodes: 1
[Topology][Flow] Connections: 0
[Topology][Hub] Generating hub layout
[Topology][Hub] Hub: Goal · Improve delivery
[Topology][Hub] Satellites: 0
[Topology][Hub] Connections: 0
[Topology][Flow] Generating flow layout
[Topology][Flow] Nodes: 1
[Topology][Flow] Connections: 0
[Topology][Hub] Generating hub layout
[Topology][Hub] Hub: Goal · Improve delivery
[Topology][Hub] Satellites: 0
[Topology][Hub] Connections: 0
[Topology][Flow] Generating flow layout
[Topology][Flow] Nodes: 1
[Topology][Flow] Connections: 0
[Topology][Hub] Generating hub layout
[Topology][Hub] Hub: Goal · Improve delivery
[Topology][Hub] Satellites: 0
[Topology][Hub] Connections: 0
[Topology][Flow] Generating flow layout
[Topology][Flow] Nodes: 1
[Topology][Flow] Connections: 0
[Topology][Hub] Generating hub layout
[Topology][Hub] Hub: Goal · Improve delivery
[Topology][Hub] Satellites: 0
[Topology][Hub] Connections: 0
[Topology][Flow] Generating flow layout
[Topology][Flow] Nodes: 1
[Topology][Flow] Connections: 0
[Topology][Hub] Generating hub layout
[Topology][Hub] Hub: Goal · Improve delivery
[Topology][Hub] Satellites: 0
[Topology][Hub] Connections: 0
[Topology][Flow] Generating flow layout
[Topology][Flow] Nodes: 1
[Topology][Flow] Connections: 0
[Topology][Hub] Generating hub layout
[Topology][Hub] Hub: Goal · Improve delivery
[Topology][Hub] Satellites: 0
[Topology][Hub] Connections: 0
[Topology][Flow] Generating flow layout
[Topology][Flow] Nodes: 1
[Topology][Flow] Connections: 0
[Topology][Hub] Generating hub layout
[Topology][Hub] Hub: Goal · Improve delivery
[Topology][Hub] Satellites: 0
[Topology][Hub] Connections: 0
[Topology][Flow] Generating flow layout
[Topology][Flow] Nodes: 1
[Topology][Flow] Connections: 0
[Topology][Hub] Generating hub layout
[Topology][Hub] Hub: Goal · Improve delivery
[Topology][Hub] Satellites: 0
[Topology][Hub] Connections: 0
[Topology][Flow] Generating flow layout
[Topology][Flow] Nodes: 1
[Topology][Flow] Connections: 0
[Topology][Hub] Generating hub layout
[Topology][Hub] Hub: Goal · Improve delivery
[Topology][Hub] Satellites: 0
[Topology][Hub] Connections: 0
[Topology][Flow] Generating flow layout
[Topology][Flow] Nodes: 1
[Topology][Flow] Connections: 0
[Topology][Hub] Generating hub layout
[Topology][Hub] Hub: Goal · Improve delivery
[Topology][Hub] Satellites: 0
[Topology][Hub] Connections: 0
[Topology][Flow] Generating flow layout
[Topology][Flow] Nodes: 1
[Topology][Flow] Connections: 0
[Topology][Flow] Generating flow layout
[Topology][Flow] Nodes: 1
[Topology][Flow] Connections: 0
[Topology][Flow] Generating flow layout
[Topology][Flow] Nodes: 1
[Topology][Flow] Connections: 0
[Topology][Flow] Generating flow layout
[Topology][Flow] Nodes: 1
[Topology][Flow] Connections: 0
[Topology][Flow] Generating flow layout
[Topology][Flow] Nodes: 2
[Topology][Flow] Connections: 1
[Topology][Flow] Generating flow layout
[Topology][Flow] Nodes: 2
[Topology][Flow] Connections: 1
[Topology][Flow] Generating flow layout
[Topology][Flow] Nodes: 2
[Topology][Flow] Connections: 1
[Topology][Flow] Generating flow layout
[Topology][Flow] Nodes: 2
[Topology][Flow] Connections: 1
[Topology][Flow] Generating flow layout
[Topology][Flow] Nodes: 2
[Topology][Flow] Connections: 1
[Topology][Hub] Generating hub layout
[Topology][Hub] Hub: Problem · Delivery delays
[Topology][Hub] Satellites: 0
[Topology][Hub] Connections: 0
[Topology][Flow] Generating flow layout
[Topology][Flow] Nodes: 2
[Topology][Flow] Connections: 1
[Topology][Hub] Generating hub layout
[Topology][Hub] Hub: Problem · Delivery delays
[Topology][Hub] Satellites: 0
[Topology][Hub] Connections: 0
[Topology][Flow] Generating flow layout
[Topology][Flow] Nodes: 1
[Topology][Flow] Connections: 0
[Topology][Hub] Generating hub layout
[Topology][Hub] Hub: NEXORA
[Topology][Hub] Satellites: 0
[Topology][Hub] Connections: 0
[Topology][Flow] Generating flow layout
[Topology][Flow] Nodes: 1
[Topology][Flow] Connections: 0
[Topology][Hub] Generating hub layout
[Topology][Hub] Hub: NEXORA
[Topology][Hub] Satellites: 0
[Topology][Hub] Connections: 0
[Topology][Flow] Generating flow layout
[Topology][Flow] Nodes: 1
[Topology][Flow] Connections: 0
[Topology][Hub] Generating hub layout
[Topology][Hub] Hub: NEXORA
[Topology][Hub] Satellites: 0
[Topology][Hub] Connections: 0
[Topology][Flow] Generating flow layout
[Topology][Flow] Nodes: 1
[Topology][Flow] Connections: 0
[Topology][Hub] Generating hub layout
[Topology][Hub] Hub: NEXORA
[Topology][Hub] Satellites: 0
[Topology][Hub] Connections: 0
[Topology][Flow] Generating flow layout
[Topology][Flow] Nodes: 1
[Topology][Flow] Connections: 0
[Topology][Flow] Generating flow layout
[Topology][Flow] Nodes: 1
[Topology][Flow] Connections: 0
[Topology][Flow] Generating flow layout
[Topology][Flow] Nodes: 1
[Topology][Flow] Connections: 0
[Topology][Flow] Generating flow layout
[Topology][Flow] Nodes: 1
[Topology][Flow] Connections: 0
[Topology][Flow] Generating flow layout
[Topology][Flow] Nodes: 1
[Topology][Flow] Connections: 0
[Topology][Hub] Generating hub layout
[Topology][Hub] Hub: Goal · Improve delivery
[Topology][Hub] Satellites: 0
[Topology][Hub] Connections: 0
[Topology][Flow] Generating flow layout
[Topology][Flow] Nodes: 1
[Topology][Flow] Connections: 0
[Topology][Hub] Generating hub layout
[Topology][Hub] Hub: Goal · Improve delivery
[Topology][Hub] Satellites: 0
[Topology][Hub] Connections: 0
[Topology][Flow] Generating flow layout
[Topology][Flow] Nodes: 1
[Topology][Flow] Connections: 0
[Topology][Hub] Generating hub layout
[Topology][Hub] Hub: Goal · Improve delivery
[Topology][Hub] Satellites: 0
[Topology][Hub] Connections: 0
[Topology][Flow] Generating flow layout
[Topology][Flow] Nodes: 1
[Topology][Flow] Connections: 0
[Topology][Hub] Generating hub layout
[Topology][Hub] Hub: Goal · Improve delivery
[Topology][Hub] Satellites: 0
[Topology][Hub] Connections: 0
[Topology][Flow] Generating flow layout
[Topology][Flow] Nodes: 1
[Topology][Flow] Connections: 0
[Topology][Hub] Generating hub layout
[Topology][Hub] Hub: Goal · Improve delivery
[Topology][Hub] Satellites: 0
[Topology][Hub] Connections: 0
[Topology][Flow] Generating flow layout
[Topology][Flow] Nodes: 1
[Topology][Flow] Connections: 0
[Topology][Hub] Generating hub layout
[Topology][Hub] Hub: Goal · Improve delivery
[Topology][Hub] Satellites: 0
[Topology][Hub] Connections: 0
[Topology][Flow] Generating flow layout
[Topology][Flow] Nodes: 1
[Topology][Flow] Connections: 0
[Topology][Hub] Generating hub layout
[Topology][Hub] Hub: NEXORA
[Topology][Hub] Satellites: 0
[Topology][Hub] Connections: 0
[Topology][Flow] Generating flow layout
[Topology][Flow] Nodes: 1
[Topology][Flow] Connections: 0
[Topology][Hub] Generating hub layout
[Topology][Hub] Hub: NEXORA
[Topology][Hub] Satellites: 0
[Topology][Hub] Connections: 0
[Topology][Flow] Generating flow layout
[Topology][Flow] Nodes: 1
[Topology][Flow] Connections: 0
[Topology][Hub] Generating hub layout
[Topology][Hub] Hub: NEXORA
[Topology][Hub] Satellites: 0
[Topology][Hub] Connections: 0
[Topology][Flow] Generating flow layout
[Topology][Flow] Nodes: 1
[Topology][Flow] Connections: 0
[Topology][Hub] Generating hub layout
[Topology][Hub] Hub: NEXORA
[Topology][Hub] Satellites: 0
[Topology][Hub] Connections: 0
[Topology][Flow] Generating flow layout
[Topology][Flow] Nodes: 1
[Topology][Flow] Connections: 0
[Topology][Flow] Generating flow layout
[Topology][Flow] Nodes: 1
[Topology][Flow] Connections: 0
[Topology][Flow] Generating flow layout
[Topology][Flow] Nodes: 1
[Topology][Flow] Connections: 0
[Topology][Flow] Generating flow layout
[Topology][Flow] Nodes: 1
[Topology][Flow] Connections: 0
[Topology][Flow] Generating flow layout
[Topology][Flow] Nodes: 1
[Topology][Flow] Connections: 0
[Topology][Hub] Generating hub layout
[Topology][Hub] Hub: Goal · Improve delivery
[Topology][Hub] Satellites: 0
[Topology][Hub] Connections: 0
[Topology][Flow] Generating flow layout
[Topology][Flow] Nodes: 1
[Topology][Flow] Connections: 0
[Topology][Hub] Generating hub layout
[Topology][Hub] Hub: Goal · Improve delivery
[Topology][Hub] Satellites: 0
[Topology][Hub] Connections: 0
[Topology][Flow] Generating flow layout
[Topology][Flow] Nodes: 1
[Topology][Flow] Connections: 0
[Topology][Hub] Generating hub layout
[Topology][Hub] Hub: Goal · Improve delivery
[Topology][Hub] Satellites: 0
[Topology][Hub] Connections: 0
[Topology][Flow] Generating flow layout
[Topology][Flow] Nodes: 1
[Topology][Flow] Connections: 0
[Topology][Hub] Generating hub layout
[Topology][Hub] Hub: Goal · Improve delivery
[Topology][Hub] Satellites: 0
[Topology][Hub] Connections: 0
[Topology][Flow] Generating flow layout
[Topology][Flow] Nodes: 1
[Topology][Flow] Connections: 0
[Topology][Hub] Generating hub layout
[Topology][Hub] Hub: Goal · Improve delivery
[Topology][Hub] Satellites: 0
[Topology][Hub] Connections: 0
[Topology][Flow] Generating flow layout
[Topology][Flow] Nodes: 1
[Topology][Flow] Connections: 0
[Topology][Hub] Generating hub layout
[Topology][Hub] Hub: Goal · Improve delivery
[Topology][Hub] Satellites: 0
[Topology][Hub] Connections: 0
[Topology][Flow] Generating flow layout
[Topology][Flow] Nodes: 1
[Topology][Flow] Connections: 0
[Topology][Hub] Generating hub layout
[Topology][Hub] Hub: NEXORA
[Topology][Hub] Satellites: 0
[Topology][Hub] Connections: 0
[Topology][Flow] Generating flow layout
[Topology][Flow] Nodes: 1
[Topology][Flow] Connections: 0
[Topology][Hub] Generating hub layout
[Topology][Hub] Hub: NEXORA
[Topology][Hub] Satellites: 0
[Topology][Hub] Connections: 0
[Topology][Flow] Generating flow layout
[Topology][Flow] Nodes: 1
[Topology][Flow] Connections: 0
[Topology][Hub] Generating hub layout
[Topology][Hub] Hub: NEXORA
[Topology][Hub] Satellites: 0
[Topology][Hub] Connections: 0
[Topology][Flow] Generating flow layout
[Topology][Flow] Nodes: 1
[Topology][Flow] Connections: 0
[Topology][Hub] Generating hub layout
[Topology][Hub] Hub: NEXORA
[Topology][Hub] Satellites: 0
[Topology][Hub] Connections: 0
[Topology][Flow] Generating flow layout
[Topology][Flow] Nodes: 1
[Topology][Flow] Connections: 0
[Topology][Flow] Generating flow layout
[Topology][Flow] Nodes: 1
[Topology][Flow] Connections: 0
[Topology][Flow] Generating flow layout
[Topology][Flow] Nodes: 1
[Topology][Flow] Connections: 0
[Topology][Flow] Generating flow layout
[Topology][Flow] Nodes: 1
[Topology][Flow] Connections: 0
[Topology][Flow] Generating flow layout
[Topology][Flow] Nodes: 1
[Topology][Flow] Connections: 0
[Topology][Hub] Generating hub layout
[Topology][Hub] Hub: Goal · Improve delivery
[Topology][Hub] Satellites: 0
[Topology][Hub] Connections: 0
[Topology][Flow] Generating flow layout
[Topology][Flow] Nodes: 1
[Topology][Flow] Connections: 0
[Topology][Hub] Generating hub layout
[Topology][Hub] Hub: Goal · Improve delivery
[Topology][Hub] Satellites: 0
[Topology][Hub] Connections: 0
[Topology][Flow] Generating flow layout
[Topology][Flow] Nodes: 1
[Topology][Flow] Connections: 0
[Topology][Hub] Generating hub layout
[Topology][Hub] Hub: Goal · Improve delivery
[Topology][Hub] Satellites: 0
[Topology][Hub] Connections: 0
[Topology][Flow] Generating flow layout
[Topology][Flow] Nodes: 1
[Topology][Flow] Connections: 0
[Topology][Hub] Generating hub layout
[Topology][Hub] Hub: Goal · Improve delivery
[Topology][Hub] Satellites: 0
[Topology][Hub] Connections: 0
[Topology][Flow] Generating flow layout
[Topology][Flow] Nodes: 1
[Topology][Flow] Connections: 0
[Topology][Hub] Generating hub layout
[Topology][Hub] Hub: Goal · Improve delivery
[Topology][Hub] Satellites: 0
[Topology][Hub] Connections: 0
[Topology][Flow] Generating flow layout
[Topology][Flow] Nodes: 1
[Topology][Flow] Connections: 0
[Topology][Hub] Generating hub layout
[Topology][Hub] Hub: Goal · Improve delivery
[Topology][Hub] Satellites: 0
[Topology][Hub] Connections: 0
[Topology][Flow] Generating flow layout
[Topology][Flow] Nodes: 1
[Topology][Flow] Connections: 0
[Topology][Hub] Generating hub layout
[Topology][Hub] Hub: Goal · Improve delivery
[Topology][Hub] Satellites: 0
[Topology][Hub] Connections: 0
[Topology][Flow] Generating flow layout
[Topology][Flow] Nodes: 1
[Topology][Flow] Connections: 0
[Topology][Hub] Generating hub layout
[Topology][Hub] Hub: Goal · Improve delivery
[Topology][Hub] Satellites: 0
[Topology][Hub] Connections: 0
[Topology][Flow] Generating flow layout
[Topology][Flow] Nodes: 1
[Topology][Flow] Connections: 0
[Topology][Hub] Generating hub layout
[Topology][Hub] Hub: Goal · Improve delivery
[Topology][Hub] Satellites: 0
[Topology][Hub] Connections: 0
[Topology][Flow] Generating flow layout
[Topology][Flow] Nodes: 1
[Topology][Flow] Connections: 0
[Topology][Hub] Generating hub layout
[Topology][Hub] Hub: Goal · Improve delivery
[Topology][Hub] Satellites: 0
[Topology][Hub] Connections: 0
[Topology][Flow] Generating flow layout
[Topology][Flow] Nodes: 1
[Topology][Flow] Connections: 0
[Topology][Hub] Generating hub layout
[Topology][Hub] Hub: NEXORA
[Topology][Hub] Satellites: 0
[Topology][Hub] Connections: 0
[Topology][Flow] Generating flow layout
[Topology][Flow] Nodes: 1
[Topology][Flow] Connections: 0
[Topology][Hub] Generating hub layout
[Topology][Hub] Hub: NEXORA
[Topology][Hub] Satellites: 0
[Topology][Hub] Connections: 0
[Topology][Flow] Generating flow layout
[Topology][Flow] Nodes: 1
[Topology][Flow] Connections: 0
[Topology][Hub] Generating hub layout
[Topology][Hub] Hub: NEXORA
[Topology][Hub] Satellites: 0
[Topology][Hub] Connections: 0
[Topology][Flow] Generating flow layout
[Topology][Flow] Nodes: 1
[Topology][Flow] Connections: 0
[Topology][Hub] Generating hub layout
[Topology][Hub] Hub: NEXORA
[Topology][Hub] Satellites: 0
[Topology][Hub] Connections: 0
[Topology][Flow] Generating flow layout
[Topology][Flow] Nodes: 1
[Topology][Flow] Connections: 0
[Topology][Flow] Generating flow layout
[Topology][Flow] Nodes: 1
[Topology][Flow] Connections: 0
[Topology][Flow] Generating flow layout
[Topology][Flow] Nodes: 1
[Topology][Flow] Connections: 0
[Topology][Flow] Generating flow layout
[Topology][Flow] Nodes: 1
[Topology][Flow] Connections: 0
[Topology][Flow] Generating flow layout
[Topology][Flow] Nodes: 1
[Topology][Flow] Connections: 0
[Topology][Flow] Generating flow layout
[Topology][Flow] Nodes: 1
[Topology][Flow] Connections: 0
[Topology][Flow] Generating flow layout
[Topology][Flow] Nodes: 1
[Topology][Flow] Connections: 0
[Topology][Flow] Generating flow layout
[Topology][Flow] Nodes: 1
[Topology][Flow] Connections: 0
[Topology][Flow] Generating flow layout
[Topology][Flow] Nodes: 2
[Topology][Flow] Connections: 1
[Topology][Flow] Generating flow layout
[Topology][Flow] Nodes: 2
[Topology][Flow] Connections: 1
[Topology][Flow] Generating flow layout
[Topology][Flow] Nodes: 2
[Topology][Flow] Connections: 1
[Topology][Flow] Generating flow layout
[Topology][Flow] Nodes: 2
[Topology][Flow] Connections: 1
[Topology][Flow] Generating flow layout
[Topology][Flow] Nodes: 2
[Topology][Flow] Connections: 1
[Topology][Flow] Generating flow layout
[Topology][Flow] Nodes: 2
[Topology][Flow] Connections: 1
[Topology][Flow] Generating flow layout
[Topology][Flow] Nodes: 2
[Topology][Flow] Connections: 1
[Topology][Flow] Generating flow layout
[Topology][Flow] Nodes: 2
[Topology][Flow] Connections: 1
[Topology][Flow] Generating flow layout
[Topology][Flow] Nodes: 2
[Topology][Flow] Connections: 1
[Topology][Flow] Generating flow layout
[Topology][Flow] Nodes: 2
[Topology][Flow] Connections: 1
[Topology][Flow] Generating flow layout
[Topology][Flow] Nodes: 2
[Topology][Flow] Connections: 1
[Topology][Flow] Generating flow layout
[Topology][Flow] Nodes: 2
[Topology][Flow] Connections: 1
[Topology][Flow] Generating flow layout
[Topology][Flow] Nodes: 2
[Topology][Flow] Connections: 1
[Topology][Hub] Generating hub layout
[Topology][Hub] Hub: Decision · Use temporary capacity
[Topology][Hub] Satellites: 0
[Topology][Hub] Connections: 0
[Topology][Flow] Generating flow layout
[Topology][Flow] Nodes: 2
[Topology][Flow] Connections: 1
[Topology][Hub] Generating hub layout
[Topology][Hub] Hub: Decision · Use temporary capacity
[Topology][Hub] Satellites: 0
[Topology][Hub] Connections: 0
[Topology][Flow] Generating flow layout
[Topology][Flow] Nodes: 2
[Topology][Flow] Connections: 1
[Topology][Hub] Generating hub layout
[Topology][Hub] Hub: Decision · Use temporary capacity
[Topology][Hub] Satellites: 0
[Topology][Hub] Connections: 0
[Topology][Flow] Generating flow layout
[Topology][Flow] Nodes: 2
[Topology][Flow] Connections: 1
[Topology][Hub] Generating hub layout
[Topology][Hub] Hub: Decision · Use temporary capacity
[Topology][Hub] Satellites: 0
[Topology][Hub] Connections: 0
[Topology][Flow] Generating flow layout
[Topology][Flow] Nodes: 2
[Topology][Flow] Connections: 1
[Topology][Flow] Generating flow layout
[Topology][Flow] Nodes: 2
[Topology][Flow] Connections: 1
[Topology][Flow] Generating flow layout
[Topology][Flow] Nodes: 2
[Topology][Flow] Connections: 1
[Topology][Flow] Generating flow layout
[Topology][Flow] Nodes: 2
[Topology][Flow] Connections: 1
[Topology][Flow] Generating flow layout
[Topology][Flow] Nodes: 1
[Topology][Flow] Connections: 0
[Topology][Hub] Generating hub layout
[Topology][Hub] Hub: NEXORA
[Topology][Hub] Satellites: 0
[Topology][Hub] Connections: 0
[Topology][Flow] Generating flow layout
[Topology][Flow] Nodes: 1
[Topology][Flow] Connections: 0
[Topology][Hub] Generating hub layout
[Topology][Hub] Hub: NEXORA
[Topology][Hub] Satellites: 0
[Topology][Hub] Connections: 0
[Topology][Flow] Generating flow layout
[Topology][Flow] Nodes: 1
[Topology][Flow] Connections: 0
[Topology][Hub] Generating hub layout
[Topology][Hub] Hub: NEXORA
[Topology][Hub] Satellites: 0
[Topology][Hub] Connections: 0
[Topology][Flow] Generating flow layout
[Topology][Flow] Nodes: 1
[Topology][Flow] Connections: 0
[Topology][Hub] Generating hub layout
[Topology][Hub] Hub: NEXORA
[Topology][Hub] Satellites: 0
[Topology][Hub] Connections: 0
[Topology][Flow] Generating flow layout
[Topology][Flow] Nodes: 1
[Topology][Flow] Connections: 0
[Topology][Flow] Generating flow layout
[Topology][Flow] Nodes: 1
[Topology][Flow] Connections: 0
[Topology][Flow] Generating flow layout
[Topology][Flow] Nodes: 1
[Topology][Flow] Connections: 0
[Topology][Flow] Generating flow layout
[Topology][Flow] Nodes: 1
[Topology][Flow] Connections: 0
▶ NEX-CONV:1 educational progression
  ✔ repeated What is this? on Goal answers, deepens, offers, then clarifies (162.702709ms)
  ✔ repeated Why is it on Stage? progresses without an identical loop (28.643958ms)
  ✔ the same generic policy handles KPI, Problem, Scenario, Decision, Execution, Outcome (69.767083ms)
  ✔ subject change and purpose change do not inherit saturation (27.503083ms)
  ✔ semantic equivalents share IDENTIFY progression (15.502417ms)
  ✔ explicit repeat then tell me more returns to progression (15.0855ms)
  ✔ clarification after saturation can resolve to why (16.827125ms)
  ✔ Continue does not approve a Decision (24.714208ms)
  ✔ does not own collection questions (6.804542ms)
✔ NEX-CONV:1 educational progression (368.287416ms)
▶ NEX-CONV:1 Conversation Kernel
  ✔ identity and boundary (0.322167ms)
  ✔ progresses the same subject/purpose without a repeat count (0.184125ms)
  ✔ scopes coverage by subject and purpose (0.184583ms)
  ✔ preserves explicit repeat and does not treat SHOW as demonstrated when failed (0.076708ms)
  ✔ consumes NCA meaning for purpose and keeps diagnostics out of copy (0.083709ms)
  ✔ does not introduce phrase matching or per-object repeat patches in the kernel (0.127959ms)
✔ NEX-CONV:1 Conversation Kernel (1.395458ms)
[Topology][Flow] Generating flow layout
[Topology][Flow] Nodes: 1
[Topology][Flow] Connections: 0
[Topology][Hub] Generating hub layout
[Topology][Hub] Hub: NEXORA
[Topology][Hub] Satellites: 0
[Topology][Hub] Connections: 0
[Topology][Flow] Generating flow layout
[Topology][Flow] Nodes: 1
[Topology][Flow] Connections: 0
[Topology][Hub] Generating hub layout
[Topology][Hub] Hub: NEXORA
[Topology][Hub] Satellites: 0
[Topology][Hub] Connections: 0
[Topology][Flow] Generating flow layout
[Topology][Flow] Nodes: 1
[Topology][Flow] Connections: 0
[Topology][Hub] Generating hub layout
[Topology][Hub] Hub: NEXORA
[Topology][Hub] Satellites: 0
[Topology][Hub] Connections: 0
[Topology][Flow] Generating flow layout
[Topology][Flow] Nodes: 1
[Topology][Flow] Connections: 0
[Topology][Hub] Generating hub layout
[Topology][Hub] Hub: NEXORA
[Topology][Hub] Satellites: 0
[Topology][Hub] Connections: 0
[Topology][Flow] Generating flow layout
[Topology][Flow] Nodes: 1
[Topology][Flow] Connections: 0
[Topology][Flow] Generating flow layout
[Topology][Flow] Nodes: 1
[Topology][Flow] Connections: 0
[Topology][Flow] Generating flow layout
[Topology][Flow] Nodes: 1
[Topology][Flow] Connections: 0
[Topology][Flow] Generating flow layout
[Topology][Flow] Nodes: 1
[Topology][Flow] Connections: 0
[Topology][Flow] Generating flow layout
[Topology][Flow] Nodes: 1
[Topology][Flow] Connections: 0
[Topology][Hub] Generating hub layout
[Topology][Hub] Hub: Goal · Improve delivery
[Topology][Hub] Satellites: 0
[Topology][Hub] Connections: 0
[Topology][Flow] Generating flow layout
[Topology][Flow] Nodes: 1
[Topology][Flow] Connections: 0
[Topology][Hub] Generating hub layout
[Topology][Hub] Hub: Goal · Improve delivery
[Topology][Hub] Satellites: 0
[Topology][Hub] Connections: 0
[Topology][Flow] Generating flow layout
[Topology][Flow] Nodes: 1
[Topology][Flow] Connections: 0
[Topology][Hub] Generating hub layout
[Topology][Hub] Hub: Goal · Improve delivery
[Topology][Hub] Satellites: 0
[Topology][Hub] Connections: 0
[Topology][Flow] Generating flow layout
[Topology][Flow] Nodes: 1
[Topology][Flow] Connections: 0
[Topology][Hub] Generating hub layout
[Topology][Hub] Hub: Goal · Improve delivery
[Topology][Hub] Satellites: 0
[Topology][Hub] Connections: 0
[Topology][Flow] Generating flow layout
[Topology][Flow] Nodes: 1
[Topology][Flow] Connections: 0
[Topology][Hub] Generating hub layout
[Topology][Hub] Hub: Goal · Improve delivery
[Topology][Hub] Satellites: 0
[Topology][Hub] Connections: 0
[Topology][Flow] Generating flow layout
[Topology][Flow] Nodes: 1
[Topology][Flow] Connections: 0
[Topology][Hub] Generating hub layout
[Topology][Hub] Hub: Goal · Improve delivery
[Topology][Hub] Satellites: 0
[Topology][Hub] Connections: 0
[Topology][Flow] Generating flow layout
[Topology][Flow] Nodes: 1
[Topology][Flow] Connections: 0
[Topology][Hub] Generating hub layout
[Topology][Hub] Hub: Goal · Improve delivery
[Topology][Hub] Satellites: 0
[Topology][Hub] Connections: 0
[Topology][Flow] Generating flow layout
[Topology][Flow] Nodes: 1
[Topology][Flow] Connections: 0
[Topology][Hub] Generating hub layout
[Topology][Hub] Hub: Goal · Improve delivery
[Topology][Hub] Satellites: 0
[Topology][Hub] Connections: 0
[Topology][Flow] Generating flow layout
[Topology][Flow] Nodes: 1
[Topology][Flow] Connections: 0
[Topology][Hub] Generating hub layout
[Topology][Hub] Hub: Goal · Improve delivery
[Topology][Hub] Satellites: 0
[Topology][Hub] Connections: 0
[Topology][Flow] Generating flow layout
[Topology][Flow] Nodes: 1
[Topology][Flow] Connections: 0
[Topology][Hub] Generating hub layout
[Topology][Hub] Hub: Goal · Improve delivery
[Topology][Hub] Satellites: 0
[Topology][Hub] Connections: 0
[Topology][Flow] Generating flow layout
[Topology][Flow] Nodes: 1
[Topology][Flow] Connections: 0
[Topology][Hub] Generating hub layout
[Topology][Hub] Hub: Goal · Improve delivery
[Topology][Hub] Satellites: 0
[Topology][Hub] Connections: 0
[Topology][Flow] Generating flow layout
[Topology][Flow] Nodes: 1
[Topology][Flow] Connections: 0
[Topology][Hub] Generating hub layout
[Topology][Hub] Hub: Goal · Improve delivery
[Topology][Hub] Satellites: 0
[Topology][Hub] Connections: 0
[Topology][Flow] Generating flow layout
[Topology][Flow] Nodes: 1
[Topology][Flow] Connections: 0
[Topology][Hub] Generating hub layout
[Topology][Hub] Hub: Goal · Improve delivery
[Topology][Hub] Satellites: 0
[Topology][Hub] Connections: 0
[Topology][Flow] Generating flow layout
[Topology][Flow] Nodes: 1
[Topology][Flow] Connections: 0
[Topology][Hub] Generating hub layout
[Topology][Hub] Hub: Goal · Improve delivery
[Topology][Hub] Satellites: 0
[Topology][Hub] Connections: 0
[Topology][Flow] Generating flow layout
[Topology][Flow] Nodes: 1
[Topology][Flow] Connections: 0
[Topology][Hub] Generating hub layout
[Topology][Hub] Hub: Goal · Improve delivery
[Topology][Hub] Satellites: 0
[Topology][Hub] Connections: 0
[Topology][Flow] Generating flow layout
[Topology][Flow] Nodes: 1
[Topology][Flow] Connections: 0
[Topology][Hub] Generating hub layout
[Topology][Hub] Hub: Goal · Improve delivery
[Topology][Hub] Satellites: 0
[Topology][Hub] Connections: 0
[Topology][Flow] Generating flow layout
[Topology][Flow] Nodes: 1
[Topology][Flow] Connections: 0
[Topology][Hub] Generating hub layout
[Topology][Hub] Hub: Goal · Improve delivery
[Topology][Hub] Satellites: 0
[Topology][Hub] Connections: 0
[Topology][Flow] Generating flow layout
[Topology][Flow] Nodes: 1
[Topology][Flow] Connections: 0
[Topology][Hub] Generating hub layout
[Topology][Hub] Hub: Goal · Improve delivery
[Topology][Hub] Satellites: 0
[Topology][Hub] Connections: 0
[Topology][Flow] Generating flow layout
[Topology][Flow] Nodes: 1
[Topology][Flow] Connections: 0
[Topology][Hub] Generating hub layout
[Topology][Hub] Hub: NEXORA
[Topology][Hub] Satellites: 0
[Topology][Hub] Connections: 0
[Topology][Flow] Generating flow layout
[Topology][Flow] Nodes: 1
[Topology][Flow] Connections: 0
[Topology][Hub] Generating hub layout
[Topology][Hub] Hub: NEXORA
[Topology][Hub] Satellites: 0
[Topology][Hub] Connections: 0
[Topology][Flow] Generating flow layout
[Topology][Flow] Nodes: 1
[Topology][Flow] Connections: 0
[Topology][Hub] Generating hub layout
[Topology][Hub] Hub: NEXORA
[Topology][Hub] Satellites: 0
[Topology][Hub] Connections: 0
[Topology][Flow] Generating flow layout
[Topology][Flow] Nodes: 1
[Topology][Flow] Connections: 0
[Topology][Hub] Generating hub layout
[Topology][Hub] Hub: NEXORA
[Topology][Hub] Satellites: 0
[Topology][Hub] Connections: 0
[Topology][Flow] Generating flow layout
[Topology][Flow] Nodes: 1
[Topology][Flow] Connections: 0
[Topology][Flow] Generating flow layout
[Topology][Flow] Nodes: 1
[Topology][Flow] Connections: 0
[Topology][Flow] Generating flow layout
[Topology][Flow] Nodes: 1
[Topology][Flow] Connections: 0
[Topology][Flow] Generating flow layout
[Topology][Flow] Nodes: 1
[Topology][Flow] Connections: 0
[Topology][Flow] Generating flow layout
[Topology][Flow] Nodes: 1
[Topology][Flow] Connections: 0
[Topology][Hub] Generating hub layout
[Topology][Hub] Hub: Goal · Improve delivery
[Topology][Hub] Satellites: 0
[Topology][Hub] Connections: 0
[Topology][Flow] Generating flow layout
[Topology][Flow] Nodes: 1
[Topology][Flow] Connections: 0
[Topology][Hub] Generating hub layout
[Topology][Hub] Hub: Goal · Improve delivery
[Topology][Hub] Satellites: 0
[Topology][Hub] Connections: 0
[Topology][Flow] Generating flow layout
[Topology][Flow] Nodes: 1
[Topology][Flow] Connections: 0
[Topology][Hub] Generating hub layout
[Topology][Hub] Hub: Goal · Improve delivery
[Topology][Hub] Satellites: 0
[Topology][Hub] Connections: 0
[Topology][Flow] Generating flow layout
[Topology][Flow] Nodes: 1
[Topology][Flow] Connections: 0
[Topology][Hub] Generating hub layout
[Topology][Hub] Hub: Goal · Improve delivery
[Topology][Hub] Satellites: 0
[Topology][Hub] Connections: 0
[Topology][Flow] Generating flow layout
[Topology][Flow] Nodes: 1
[Topology][Flow] Connections: 0
[Topology][Hub] Generating hub layout
[Topology][Hub] Hub: Goal · Improve delivery
[Topology][Hub] Satellites: 0
[Topology][Hub] Connections: 0
[Topology][Flow] Generating flow layout
[Topology][Flow] Nodes: 1
[Topology][Flow] Connections: 0
[Topology][Hub] Generating hub layout
[Topology][Hub] Hub: Goal · Improve delivery
[Topology][Hub] Satellites: 0
[Topology][Hub] Connections: 0
[Topology][Flow] Generating flow layout
[Topology][Flow] Nodes: 1
[Topology][Flow] Connections: 0
[Topology][Hub] Generating hub layout
[Topology][Hub] Hub: NEXORA
[Topology][Hub] Satellites: 0
[Topology][Hub] Connections: 0
[Topology][Flow] Generating flow layout
[Topology][Flow] Nodes: 1
[Topology][Flow] Connections: 0
[Topology][Hub] Generating hub layout
[Topology][Hub] Hub: NEXORA
[Topology][Hub] Satellites: 0
[Topology][Hub] Connections: 0
[Topology][Flow] Generating flow layout
[Topology][Flow] Nodes: 1
[Topology][Flow] Connections: 0
[Topology][Hub] Generating hub layout
[Topology][Hub] Hub: NEXORA
[Topology][Hub] Satellites: 0
[Topology][Hub] Connections: 0
[Topology][Flow] Generating flow layout
[Topology][Flow] Nodes: 1
[Topology][Flow] Connections: 0
[Topology][Hub] Generating hub layout
[Topology][Hub] Hub: NEXORA
[Topology][Hub] Satellites: 0
[Topology][Hub] Connections: 0
[Topology][Flow] Generating flow layout
[Topology][Flow] Nodes: 1
[Topology][Flow] Connections: 0
[Topology][Flow] Generating flow layout
[Topology][Flow] Nodes: 1
[Topology][Flow] Connections: 0
[Topology][Flow] Generating flow layout
[Topology][Flow] Nodes: 1
[Topology][Flow] Connections: 0
[Topology][Flow] Generating flow layout
[Topology][Flow] Nodes: 1
[Topology][Flow] Connections: 0
[Topology][Flow] Generating flow layout
[Topology][Flow] Nodes: 1
[Topology][Flow] Connections: 0
[Topology][Hub] Generating hub layout
[Topology][Hub] Hub: Goal · Improve delivery
[Topology][Hub] Satellites: 0
[Topology][Hub] Connections: 0
[Topology][Flow] Generating flow layout
[Topology][Flow] Nodes: 1
[Topology][Flow] Connections: 0
[Topology][Hub] Generating hub layout
[Topology][Hub] Hub: Goal · Improve delivery
[Topology][Hub] Satellites: 0
[Topology][Hub] Connections: 0
[Topology][Flow] Generating flow layout
[Topology][Flow] Nodes: 1
[Topology][Flow] Connections: 0
[Topology][Hub] Generating hub layout
[Topology][Hub] Hub: Goal · Improve delivery
[Topology][Hub] Satellites: 0
[Topology][Hub] Connections: 0
[Topology][Flow] Generating flow layout
[Topology][Flow] Nodes: 1
[Topology][Flow] Connections: 0
[Topology][Hub] Generating hub layout
[Topology][Hub] Hub: Goal · Improve delivery
[Topology][Hub] Satellites: 0
[Topology][Hub] Connections: 0
[Topology][Flow] Generating flow layout
[Topology][Flow] Nodes: 1
[Topology][Flow] Connections: 0
[Topology][Hub] Generating hub layout
[Topology][Hub] Hub: Goal · Improve delivery
[Topology][Hub] Satellites: 0
[Topology][Hub] Connections: 0
[Topology][Flow] Generating flow layout
[Topology][Flow] Nodes: 1
[Topology][Flow] Connections: 0
[Topology][Hub] Generating hub layout
[Topology][Hub] Hub: Goal · Improve delivery
[Topology][Hub] Satellites: 0
[Topology][Hub] Connections: 0
[Topology][Flow] Generating flow layout
[Topology][Flow] Nodes: 1
[Topology][Flow] Connections: 0
[Topology][Flow] Generating flow layout
[Topology][Flow] Nodes: 1
[Topology][Flow] Connections: 0
[Topology][Flow] Generating flow layout
[Topology][Flow] Nodes: 1
[Topology][Flow] Connections: 0
[Topology][Flow] Generating flow layout
[Topology][Flow] Nodes: 1
[Topology][Flow] Connections: 0
[Topology][Flow] Generating flow layout
[Topology][Flow] Nodes: 2
[Topology][Flow] Connections: 1
[Topology][Hub] Generating hub layout
[Topology][Hub] Hub: KPI · On-time delivery
[Topology][Hub] Satellites: 0
[Topology][Hub] Connections: 0
[Topology][Flow] Generating flow layout
[Topology][Flow] Nodes: 2
[Topology][Flow] Connections: 1
[Topology][Hub] Generating hub layout
[Topology][Hub] Hub: KPI · On-time delivery
[Topology][Hub] Satellites: 0
[Topology][Hub] Connections: 0
[Topology][Flow] Generating flow layout
[Topology][Flow] Nodes: 2
[Topology][Flow] Connections: 1
[Topology][Hub] Generating hub layout
[Topology][Hub] Hub: KPI · On-time delivery
[Topology][Hub] Satellites: 0
[Topology][Hub] Connections: 0
[Topology][Flow] Generating flow layout
[Topology][Flow] Nodes: 2
[Topology][Flow] Connections: 1
[Topology][Hub] Generating hub layout
[Topology][Hub] Hub: KPI · On-time delivery
[Topology][Hub] Satellites: 0
[Topology][Hub] Connections: 0
[Topology][Flow] Generating flow layout
[Topology][Flow] Nodes: 1
[Topology][Flow] Connections: 0
[Topology][Hub] Generating hub layout
[Topology][Hub] Hub: NEXORA
[Topology][Hub] Satellites: 0
[Topology][Hub] Connections: 0
[Topology][Flow] Generating flow layout
[Topology][Flow] Nodes: 1
[Topology][Flow] Connections: 0
[Topology][Hub] Generating hub layout
[Topology][Hub] Hub: NEXORA
[Topology][Hub] Satellites: 0
[Topology][Hub] Connections: 0
[Topology][Flow] Generating flow layout
[Topology][Flow] Nodes: 1
[Topology][Flow] Connections: 0
[Topology][Hub] Generating hub layout
[Topology][Hub] Hub: NEXORA
[Topology][Hub] Satellites: 0
[Topology][Hub] Connections: 0
[Topology][Flow] Generating flow layout
[Topology][Flow] Nodes: 1
[Topology][Flow] Connections: 0
[Topology][Hub] Generating hub layout
[Topology][Hub] Hub: NEXORA
[Topology][Hub] Satellites: 0
[Topology][Hub] Connections: 0
[Topology][Flow] Generating flow layout
[Topology][Flow] Nodes: 1
[Topology][Flow] Connections: 0
[Topology][Flow] Generating flow layout
[Topology][Flow] Nodes: 1
[Topology][Flow] Connections: 0
[Topology][Flow] Generating flow layout
[Topology][Flow] Nodes: 1
[Topology][Flow] Connections: 0
[Topology][Flow] Generating flow layout
[Topology][Flow] Nodes: 1
[Topology][Flow] Connections: 0
[Topology][Flow] Generating flow layout
[Topology][Flow] Nodes: 1
[Topology][Flow] Connections: 0
[Topology][Flow] Generating flow layout
[Topology][Flow] Nodes: 1
[Topology][Flow] Connections: 0
[Topology][Flow] Generating flow layout
[Topology][Flow] Nodes: 1
[Topology][Flow] Connections: 0
[Topology][Flow] Generating flow layout
[Topology][Flow] Nodes: 1
[Topology][Flow] Connections: 0
[Topology][Flow] Generating flow layout
[Topology][Flow] Nodes: 2
[Topology][Flow] Connections: 1
[Topology][Hub] Generating hub layout
[Topology][Hub] Hub: KPI · On-time delivery
[Topology][Hub] Satellites: 0
[Topology][Hub] Connections: 0
[Topology][Flow] Generating flow layout
[Topology][Flow] Nodes: 2
[Topology][Flow] Connections: 1
[Topology][Hub] Generating hub layout
[Topology][Hub] Hub: KPI · On-time delivery
[Topology][Hub] Satellites: 0
[Topology][Hub] Connections: 0
[Topology][Flow] Generating flow layout
[Topology][Flow] Nodes: 2
[Topology][Flow] Connections: 1
[Topology][Hub] Generating hub layout
[Topology][Hub] Hub: KPI · On-time delivery
[Topology][Hub] Satellites: 0
[Topology][Hub] Connections: 0
[Topology][Flow] Generating flow layout
[Topology][Flow] Nodes: 2
[Topology][Flow] Connections: 1
[Topology][Hub] Generating hub layout
[Topology][Hub] Hub: KPI · On-time delivery
[Topology][Hub] Satellites: 0
[Topology][Hub] Connections: 0
[Topology][Flow] Generating flow layout
[Topology][Flow] Nodes: 2
[Topology][Flow] Connections: 1
[Topology][Flow] Generating flow layout
[Topology][Flow] Nodes: 2
[Topology][Flow] Connections: 1
[Topology][Flow] Generating flow layout
[Topology][Flow] Nodes: 2
[Topology][Flow] Connections: 1
[Topology][Flow] Generating flow layout
[Topology][Flow] Nodes: 2
[Topology][Flow] Connections: 1
[Topology][Flow] Generating flow layout
[Topology][Flow] Nodes: 2
[Topology][Flow] Connections: 1
[Topology][Hub] Generating hub layout
[Topology][Hub] Hub: Problem · Delivery delays
[Topology][Hub] Satellites: 0
[Topology][Hub] Connections: 0
[Topology][Flow] Generating flow layout
[Topology][Flow] Nodes: 2
[Topology][Flow] Connections: 1
[Topology][Hub] Generating hub layout
[Topology][Hub] Hub: Problem · Delivery delays
[Topology][Hub] Satellites: 0
[Topology][Hub] Connections: 0
[Topology][Flow] Generating flow layout
[Topology][Flow] Nodes: 2
[Topology][Flow] Connections: 1
[Topology][Hub] Generating hub layout
[Topology][Hub] Hub: Problem · Delivery delays
[Topology][Hub] Satellites: 0
[Topology][Hub] Connections: 0
[Topology][Flow] Generating flow layout
[Topology][Flow] Nodes: 2
[Topology][Flow] Connections: 1
[Topology][Hub] Generating hub layout
[Topology][Hub] Hub: Problem · Delivery delays
[Topology][Hub] Satellites: 0
[Topology][Hub] Connections: 0
[Topology][Flow] Generating flow layout
[Topology][Flow] Nodes: 2
[Topology][Flow] Connections: 1
[Topology][Flow] Generating flow layout
[Topology][Flow] Nodes: 2
[Topology][Flow] Connections: 1
[Topology][Flow] Generating flow layout
[Topology][Flow] Nodes: 2
[Topology][Flow] Connections: 1
[Topology][Flow] Generating flow layout
[Topology][Flow] Nodes: 2
[Topology][Flow] Connections: 1
[Topology][Flow] Generating flow layout
[Topology][Flow] Nodes: 2
[Topology][Flow] Connections: 1
[Topology][Hub] Generating hub layout
[Topology][Hub] Hub: Scenario · Add temporary capacity
[Topology][Hub] Satellites: 0
[Topology][Hub] Connections: 0
[Topology][Flow] Generating flow layout
[Topology][Flow] Nodes: 2
[Topology][Flow] Connections: 1
[Topology][Hub] Generating hub layout
[Topology][Hub] Hub: Scenario · Add temporary capacity
[Topology][Hub] Satellites: 0
[Topology][Hub] Connections: 0
[Topology][Flow] Generating flow layout
[Topology][Flow] Nodes: 2
[Topology][Flow] Connections: 1
[Topology][Hub] Generating hub layout
[Topology][Hub] Hub: Scenario · Add temporary capacity
[Topology][Hub] Satellites: 0
[Topology][Hub] Connections: 0
[Topology][Flow] Generating flow layout
[Topology][Flow] Nodes: 2
[Topology][Flow] Connections: 1
[Topology][Hub] Generating hub layout
[Topology][Hub] Hub: Scenario · Add temporary capacity
[Topology][Hub] Satellites: 0
[Topology][Hub] Connections: 0
[Topology][Flow] Generating flow layout
[Topology][Flow] Nodes: 2
[Topology][Flow] Connections: 1
[Topology][Flow] Generating flow layout
[Topology][Flow] Nodes: 2
[Topology][Flow] Connections: 1
[Topology][Flow] Generating flow layout
[Topology][Flow] Nodes: 2
[Topology][Flow] Connections: 1
[Topology][Flow] Generating flow layout
[Topology][Flow] Nodes: 2
[Topology][Flow] Connections: 1
[Topology][Flow] Generating flow layout
[Topology][Flow] Nodes: 2
[Topology][Flow] Connections: 1
[Topology][Hub] Generating hub layout
[Topology][Hub] Hub: Decision · Use temporary capacity
[Topology][Hub] Satellites: 0
[Topology][Hub] Connections: 0
[Topology][Flow] Generating flow layout
[Topology][Flow] Nodes: 2
[Topology][Flow] Connections: 1
[Topology][Hub] Generating hub layout
[Topology][Hub] Hub: Decision · Use temporary capacity
[Topology][Hub] Satellites: 0
[Topology][Hub] Connections: 0
[Topology][Flow] Generating flow layout
[Topology][Flow] Nodes: 2
[Topology][Flow] Connections: 1
[Topology][Hub] Generating hub layout
[Topology][Hub] Hub: Decision · Use temporary capacity
[Topology][Hub] Satellites: 0
[Topology][Hub] Connections: 0
[Topology][Flow] Generating flow layout
[Topology][Flow] Nodes: 2
[Topology][Flow] Connections: 1
[Topology][Hub] Generating hub layout
[Topology][Hub] Hub: Decision · Use temporary capacity
[Topology][Hub] Satellites: 0
[Topology][Hub] Connections: 0
[Topology][Flow] Generating flow layout
[Topology][Flow] Nodes: 2
[Topology][Flow] Connections: 1
[Topology][Flow] Generating flow layout
[Topology][Flow] Nodes: 2
[Topology][Flow] Connections: 1
[Topology][Flow] Generating flow layout
[Topology][Flow] Nodes: 2
[Topology][Flow] Connections: 1
[Topology][Flow] Generating flow layout
[Topology][Flow] Nodes: 2
[Topology][Flow] Connections: 1
[Topology][Flow] Generating flow layout
[Topology][Flow] Nodes: 2
[Topology][Flow] Connections: 1
[Topology][Hub] Generating hub layout
[Topology][Hub] Hub: Execution · Capacity action
[Topology][Hub] Satellites: 0
[Topology][Hub] Connections: 0
[Topology][Flow] Generating flow layout
[Topology][Flow] Nodes: 2
[Topology][Flow] Connections: 1
[Topology][Hub] Generating hub layout
[Topology][Hub] Hub: Execution · Capacity action
[Topology][Hub] Satellites: 0
[Topology][Hub] Connections: 0
[Topology][Flow] Generating flow layout
[Topology][Flow] Nodes: 2
[Topology][Flow] Connections: 1
[Topology][Hub] Generating hub layout
[Topology][Hub] Hub: Execution · Capacity action
[Topology][Hub] Satellites: 0
[Topology][Hub] Connections: 0
[Topology][Flow] Generating flow layout
[Topology][Flow] Nodes: 2
[Topology][Flow] Connections: 1
[Topology][Hub] Generating hub layout
[Topology][Hub] Hub: Execution · Capacity action
[Topology][Hub] Satellites: 0
[Topology][Hub] Connections: 0
[Topology][Flow] Generating flow layout
[Topology][Flow] Nodes: 2
[Topology][Flow] Connections: 1
[Topology][Flow] Generating flow layout
[Topology][Flow] Nodes: 2
[Topology][Flow] Connections: 1
[Topology][Flow] Generating flow layout
[Topology][Flow] Nodes: 2
[Topology][Flow] Connections: 1
[Topology][Flow] Generating flow layout
[Topology][Flow] Nodes: 2
[Topology][Flow] Connections: 1
[Topology][Flow] Generating flow layout
[Topology][Flow] Nodes: 2
[Topology][Flow] Connections: 1
[Topology][Hub] Generating hub layout
[Topology][Hub] Hub: Outcome · Delivery improved
[Topology][Hub] Satellites: 0
[Topology][Hub] Connections: 0
[Topology][Flow] Generating flow layout
[Topology][Flow] Nodes: 2
[Topology][Flow] Connections: 1
[Topology][Hub] Generating hub layout
[Topology][Hub] Hub: Outcome · Delivery improved
[Topology][Hub] Satellites: 0
[Topology][Hub] Connections: 0
[Topology][Flow] Generating flow layout
[Topology][Flow] Nodes: 2
[Topology][Flow] Connections: 1
[Topology][Hub] Generating hub layout
[Topology][Hub] Hub: Outcome · Delivery improved
[Topology][Hub] Satellites: 0
[Topology][Hub] Connections: 0
[Topology][Flow] Generating flow layout
[Topology][Flow] Nodes: 2
[Topology][Flow] Connections: 1
[Topology][Hub] Generating hub layout
[Topology][Hub] Hub: Outcome · Delivery improved
[Topology][Hub] Satellites: 0
[Topology][Hub] Connections: 0
[Topology][Flow] Generating flow layout
[Topology][Flow] Nodes: 1
[Topology][Flow] Connections: 0
[Topology][Hub] Generating hub layout
[Topology][Hub] Hub: NEXORA
[Topology][Hub] Satellites: 0
[Topology][Hub] Connections: 0
[Topology][Flow] Generating flow layout
[Topology][Flow] Nodes: 1
[Topology][Flow] Connections: 0
[Topology][Hub] Generating hub layout
[Topology][Hub] Hub: NEXORA
[Topology][Hub] Satellites: 0
[Topology][Hub] Connections: 0
[Topology][Flow] Generating flow layout
[Topology][Flow] Nodes: 1
[Topology][Flow] Connections: 0
[Topology][Hub] Generating hub layout
[Topology][Hub] Hub: NEXORA
[Topology][Hub] Satellites: 0
[Topology][Hub] Connections: 0
[Topology][Flow] Generating flow layout
[Topology][Flow] Nodes: 1
[Topology][Flow] Connections: 0
[Topology][Hub] Generating hub layout
[Topology][Hub] Hub: NEXORA
[Topology][Hub] Satellites: 0
[Topology][Hub] Connections: 0
[Topology][Flow] Generating flow layout
[Topology][Flow] Nodes: 1
[Topology][Flow] Connections: 0
[Topology][Flow] Generating flow layout
[Topology][Flow] Nodes: 1
[Topology][Flow] Connections: 0
[Topology][Flow] Generating flow layout
[Topology][Flow] Nodes: 1
[Topology][Flow] Connections: 0
[Topology][Flow] Generating flow layout
[Topology][Flow] Nodes: 1
[Topology][Flow] Connections: 0
[Topology][Flow] Generating flow layout
[Topology][Flow] Nodes: 1
[Topology][Flow] Connections: 0
[Topology][Flow] Generating flow layout
[Topology][Flow] Nodes: 1
[Topology][Flow] Connections: 0
[Topology][Flow] Generating flow layout
[Topology][Flow] Nodes: 1
[Topology][Flow] Connections: 0
[Topology][Flow] Generating flow layout
[Topology][Flow] Nodes: 1
[Topology][Flow] Connections: 0
[Topology][Flow] Generating flow layout
[Topology][Flow] Nodes: 2
[Topology][Flow] Connections: 1
[Topology][Flow] Generating flow layout
[Topology][Flow] Nodes: 2
[Topology][Flow] Connections: 1
[Topology][Flow] Generating flow layout
[Topology][Flow] Nodes: 2
[Topology][Flow] Connections: 1
[Topology][Flow] Generating flow layout
[Topology][Flow] Nodes: 2
[Topology][Flow] Connections: 1
[Topology][Flow] Generating flow layout
[Topology][Flow] Nodes: 2
[Topology][Flow] Connections: 1
[Topology][Flow] Generating flow layout
[Topology][Flow] Nodes: 2
[Topology][Flow] Connections: 1
[Topology][Flow] Generating flow layout
[Topology][Flow] Nodes: 2
[Topology][Flow] Connections: 1
[Topology][Flow] Generating flow layout
[Topology][Flow] Nodes: 2
[Topology][Flow] Connections: 1
[Topology][Flow] Generating flow layout
[Topology][Flow] Nodes: 2
[Topology][Flow] Connections: 1
[Topology][Flow] Generating flow layout
[Topology][Flow] Nodes: 2
[Topology][Flow] Connections: 1
[Topology][Flow] Generating flow layout
[Topology][Flow] Nodes: 2
[Topology][Flow] Connections: 1
[Topology][Flow] Generating flow layout
[Topology][Flow] Nodes: 2
[Topology][Flow] Connections: 1
[Topology][Flow] Generating flow layout
[Topology][Flow] Nodes: 2
[Topology][Flow] Connections: 1
[Topology][Hub] Generating hub layout
[Topology][Hub] Hub: Decision · Use temporary capacity
[Topology][Hub] Satellites: 0
[Topology][Hub] Connections: 0
[Topology][Flow] Generating flow layout
[Topology][Flow] Nodes: 2
[Topology][Flow] Connections: 1
[Topology][Hub] Generating hub layout
[Topology][Hub] Hub: Decision · Use temporary capacity
[Topology][Hub] Satellites: 0
[Topology][Hub] Connections: 0
[Topology][Flow] Generating flow layout
[Topology][Flow] Nodes: 2
[Topology][Flow] Connections: 1
[Topology][Hub] Generating hub layout
[Topology][Hub] Hub: Decision · Use temporary capacity
[Topology][Hub] Satellites: 0
[Topology][Hub] Connections: 0
[Topology][Flow] Generating flow layout
[Topology][Flow] Nodes: 2
[Topology][Flow] Connections: 1
[Topology][Hub] Generating hub layout
[Topology][Hub] Hub: Decision · Use temporary capacity
[Topology][Hub] Satellites: 0
[Topology][Hub] Connections: 0
[Topology][Flow] Generating flow layout
[Topology][Flow] Nodes: 2
[Topology][Flow] Connections: 1
[Topology][Flow] Generating flow layout
[Topology][Flow] Nodes: 2
[Topology][Flow] Connections: 1
[Topology][Flow] Generating flow layout
[Topology][Flow] Nodes: 2
[Topology][Flow] Connections: 1
[Topology][Flow] Generating flow layout
[Topology][Flow] Nodes: 2
[Topology][Flow] Connections: 1
[Topology][Flow] Generating flow layout
[Topology][Flow] Nodes: 1
[Topology][Flow] Connections: 0
[Topology][Hub] Generating hub layout
[Topology][Hub] Hub: NEXORA
[Topology][Hub] Satellites: 0
[Topology][Hub] Connections: 0
[Topology][Flow] Generating flow layout
[Topology][Flow] Nodes: 1
[Topology][Flow] Connections: 0
[Topology][Hub] Generating hub layout
[Topology][Hub] Hub: NEXORA
[Topology][Hub] Satellites: 0
[Topology][Hub] Connections: 0
[Topology][Flow] Generating flow layout
[Topology][Flow] Nodes: 1
[Topology][Flow] Connections: 0
[Topology][Hub] Generating hub layout
[Topology][Hub] Hub: NEXORA
[Topology][Hub] Satellites: 0
[Topology][Hub] Connections: 0
[Topology][Flow] Generating flow layout
[Topology][Flow] Nodes: 1
[Topology][Flow] Connections: 0
[Topology][Hub] Generating hub layout
[Topology][Hub] Hub: NEXORA
[Topology][Hub] Satellites: 0
[Topology][Hub] Connections: 0
[Topology][Flow] Generating flow layout
[Topology][Flow] Nodes: 1
[Topology][Flow] Connections: 0
[Topology][Flow] Generating flow layout
[Topology][Flow] Nodes: 1
[Topology][Flow] Connections: 0
[Topology][Flow] Generating flow layout
[Topology][Flow] Nodes: 1
[Topology][Flow] Connections: 0
[Topology][Flow] Generating flow layout
[Topology][Flow] Nodes: 1
[Topology][Flow] Connections: 0
[Topology][Flow] Generating flow layout
[Topology][Flow] Nodes: 1
[Topology][Flow] Connections: 0
[Topology][Flow] Generating flow layout
[Topology][Flow] Nodes: 1
[Topology][Flow] Connections: 0
[Topology][Flow] Generating flow layout
[Topology][Flow] Nodes: 1
[Topology][Flow] Connections: 0
[Topology][Flow] Generating flow layout
[Topology][Flow] Nodes: 1
[Topology][Flow] Connections: 0
[Topology][Flow] Generating flow layout
[Topology][Flow] Nodes: 1
[Topology][Flow] Connections: 0
[Topology][Hub] Generating hub layout
[Topology][Hub] Hub: NEXORA
[Topology][Hub] Satellites: 0
[Topology][Hub] Connections: 0
[Topology][Flow] Generating flow layout
[Topology][Flow] Nodes: 1
[Topology][Flow] Connections: 0
[Topology][Hub] Generating hub layout
[Topology][Hub] Hub: NEXORA
[Topology][Hub] Satellites: 0
[Topology][Hub] Connections: 0
[Topology][Flow] Generating flow layout
[Topology][Flow] Nodes: 1
[Topology][Flow] Connections: 0
[Topology][Hub] Generating hub layout
[Topology][Hub] Hub: NEXORA
[Topology][Hub] Satellites: 0
[Topology][Hub] Connections: 0
[Topology][Flow] Generating flow layout
[Topology][Flow] Nodes: 1
[Topology][Flow] Connections: 0
[Topology][Hub] Generating hub layout
[Topology][Hub] Hub: NEXORA
[Topology][Hub] Satellites: 0
[Topology][Hub] Connections: 0
[Topology][Flow] Generating flow layout
[Topology][Flow] Nodes: 1
[Topology][Flow] Connections: 0
[Topology][Flow] Generating flow layout
[Topology][Flow] Nodes: 1
[Topology][Flow] Connections: 0
[Topology][Flow] Generating flow layout
[Topology][Flow] Nodes: 1
[Topology][Flow] Connections: 0
[Topology][Flow] Generating flow layout
[Topology][Flow] Nodes: 1
[Topology][Flow] Connections: 0
[Topology][Flow] Generating flow layout
[Topology][Flow] Nodes: 1
[Topology][Flow] Connections: 0
[Topology][Hub] Generating hub layout
[Topology][Hub] Hub: NEXORA
[Topology][Hub] Satellites: 0
[Topology][Hub] Connections: 0
[Topology][Flow] Generating flow layout
[Topology][Flow] Nodes: 1
[Topology][Flow] Connections: 0
[Topology][Hub] Generating hub layout
[Topology][Hub] Hub: NEXORA
[Topology][Hub] Satellites: 0
[Topology][Hub] Connections: 0
[Topology][Flow] Generating flow layout
[Topology][Flow] Nodes: 1
[Topology][Flow] Connections: 0
[Topology][Hub] Generating hub layout
[Topology][Hub] Hub: NEXORA
[Topology][Hub] Satellites: 0
[Topology][Hub] Connections: 0
[Topology][Flow] Generating flow layout
[Topology][Flow] Nodes: 1
[Topology][Flow] Connections: 0
[Topology][Hub] Generating hub layout
[Topology][Hub] Hub: NEXORA
[Topology][Hub] Satellites: 0
[Topology][Hub] Connections: 0
[Topology][Flow] Generating flow layout
[Topology][Flow] Nodes: 1
[Topology][Flow] Connections: 0
[Topology][Flow] Generating flow layout
[Topology][Flow] Nodes: 1
[Topology][Flow] Connections: 0
[Topology][Flow] Generating flow layout
[Topology][Flow] Nodes: 1
[Topology][Flow] Connections: 0
[Topology][Flow] Generating flow layout
[Topology][Flow] Nodes: 1
[Topology][Flow] Connections: 0
[Topology][Flow] Generating flow layout
[Topology][Flow] Nodes: 1
[Topology][Flow] Connections: 0
[Topology][Hub] Generating hub layout
[Topology][Hub] Hub: Goal · Improve delivery
[Topology][Hub] Satellites: 0
[Topology][Hub] Connections: 0
[Topology][Flow] Generating flow layout
[Topology][Flow] Nodes: 1
[Topology][Flow] Connections: 0
[Topology][Hub] Generating hub layout
[Topology][Hub] Hub: Goal · Improve delivery
[Topology][Hub] Satellites: 0
[Topology][Hub] Connections: 0
[Topology][Flow] Generating flow layout
[Topology][Flow] Nodes: 1
[Topology][Flow] Connections: 0
[Topology][Hub] Generating hub layout
[Topology][Hub] Hub: Goal · Improve delivery
[Topology][Hub] Satellites: 0
[Topology][Hub] Connections: 0
[Topology][Flow] Generating flow layout
[Topology][Flow] Nodes: 1
[Topology][Flow] Connections: 0
[Topology][Hub] Generating hub layout
[Topology][Hub] Hub: Goal · Improve delivery
[Topology][Hub] Satellites: 0
[Topology][Hub] Connections: 0
[Topology][Flow] Generating flow layout
[Topology][Flow] Nodes: 1
[Topology][Flow] Connections: 0
[Topology][Hub] Generating hub layout
[Topology][Hub] Hub: Goal · Improve delivery
[Topology][Hub] Satellites: 0
[Topology][Hub] Connections: 0
[Topology][Flow] Generating flow layout
[Topology][Flow] Nodes: 1
[Topology][Flow] Connections: 0
[Topology][Hub] Generating hub layout
[Topology][Hub] Hub: Goal · Improve delivery
[Topology][Hub] Satellites: 0
[Topology][Hub] Connections: 0
[Topology][Flow] Generating flow layout
[Topology][Flow] Nodes: 1
[Topology][Flow] Connections: 0
[Topology][Hub] Generating hub layout
[Topology][Hub] Hub: Goal · Improve delivery
[Topology][Hub] Satellites: 0
[Topology][Hub] Connections: 0
[Topology][Flow] Generating flow layout
[Topology][Flow] Nodes: 1
[Topology][Flow] Connections: 0
[Topology][Hub] Generating hub layout
[Topology][Hub] Hub: Goal · Improve delivery
[Topology][Hub] Satellites: 0
[Topology][Hub] Connections: 0
[Topology][Flow] Generating flow layout
[Topology][Flow] Nodes: 1
[Topology][Flow] Connections: 0
[Topology][Hub] Generating hub layout
[Topology][Hub] Hub: NEXORA
[Topology][Hub] Satellites: 0
[Topology][Hub] Connections: 0
[Topology][Flow] Generating flow layout
[Topology][Flow] Nodes: 1
[Topology][Flow] Connections: 0
[Topology][Hub] Generating hub layout
[Topology][Hub] Hub: NEXORA
[Topology][Hub] Satellites: 0
[Topology][Hub] Connections: 0
[Topology][Flow] Generating flow layout
[Topology][Flow] Nodes: 1
[Topology][Flow] Connections: 0
[Topology][Hub] Generating hub layout
[Topology][Hub] Hub: NEXORA
[Topology][Hub] Satellites: 0
[Topology][Hub] Connections: 0
[Topology][Flow] Generating flow layout
[Topology][Flow] Nodes: 1
[Topology][Flow] Connections: 0
[Topology][Hub] Generating hub layout
[Topology][Hub] Hub: NEXORA
[Topology][Hub] Satellites: 0
[Topology][Hub] Connections: 0
[Topology][Flow] Generating flow layout
[Topology][Flow] Nodes: 1
[Topology][Flow] Connections: 0
[Topology][Flow] Generating flow layout
[Topology][Flow] Nodes: 1
[Topology][Flow] Connections: 0
[Topology][Flow] Generating flow layout
[Topology][Flow] Nodes: 1
[Topology][Flow] Connections: 0
[Topology][Flow] Generating flow layout
[Topology][Flow] Nodes: 1
[Topology][Flow] Connections: 0
[Topology][Flow] Generating flow layout
[Topology][Flow] Nodes: 1
[Topology][Flow] Connections: 0
[Topology][Hub] Generating hub layout
[Topology][Hub] Hub: Goal · Improve delivery
[Topology][Hub] Satellites: 0
[Topology][Hub] Connections: 0
[Topology][Flow] Generating flow layout
[Topology][Flow] Nodes: 1
[Topology][Flow] Connections: 0
[Topology][Hub] Generating hub layout
[Topology][Hub] Hub: Goal · Improve delivery
[Topology][Hub] Satellites: 0
[Topology][Hub] Connections: 0
[Topology][Flow] Generating flow layout
[Topology][Flow] Nodes: 1
[Topology][Flow] Connections: 0
[Topology][Hub] Generating hub layout
[Topology][Hub] Hub: Goal · Improve delivery
[Topology][Hub] Satellites: 0
[Topology][Hub] Connections: 0
[Topology][Flow] Generating flow layout
[Topology][Flow] Nodes: 1
[Topology][Flow] Connections: 0
[Topology][Hub] Generating hub layout
[Topology][Hub] Hub: Goal · Improve delivery
[Topology][Hub] Satellites: 0
[Topology][Hub] Connections: 0
▶ NEX-CONV:2 educational thread progression
  ✔ the observed Goal sequence ends in thread-aware progression, not a clarification loop (188.913916ms)
  ✔ suggested actions evolve as purposes are covered (18.117417ms)
  ✔ KPI transition starts a fresh IDENTIFY thread and keeps Goal coverage (25.9115ms)
  ✔ the same thread architecture handles Problem through Outcome without per-object engines (55.272083ms)
  ✔ Continue on Decision education does not write a Decision or Execution (22.993833ms)
  ✔ Skip supersedes educational thread guidance (7.599333ms)
  ✔ does not own collection ranking (5.650625ms)
  ✔ that's not what I mean still clarifies after coverage (11.895208ms)
  ✔ explicit repeat still returns the previous educational copy (9.781459ms)
✔ NEX-CONV:2 educational thread progression (346.836583ms)
▶ NEX-CONV:2 Conversation Thread Intelligence
  ✔ 1. creates a bounded thread from CONV:1 coverage (1.423834ms)
  ✔ 2. reuses the same thread identity for the same subject and objective (0.295875ms)
  ✔ 3-6. aggregates IDENTIFY, WHY_PRESENT, and COMPARE without a second coverage engine (0.775708ms)
  ✔ 7-8. broad coverage turns CONV:1 CLARIFY into a productive thread move (0.738375ms)
  ✔ 9. genuine ambiguity still clarifies (0.347208ms)
  ✔ 10. explicit repeat still repeats (0.16125ms)
  ✔ 11. subject change does not contaminate coverage (0.235375ms)
  ✔ 12. purpose change keeps the same subject thread (0.1355ms)
  ✔ 13. related-subject comparison stays available after a subject change (0.079584ms)
  ✔ 14-15. pending offer validity is thread-subject scoped (0.102625ms)
  ✔ 16-17. suggested actions derive from covered purposes, not per-object templates (0.247917ms)
  ✔ 18. failed SHOW is not treated as covered (0.051125ms)
  ✔ 19. successful SHOW can be covered (0.052417ms)
  ✔ 20. manager redirect supersedes the thread (0.035458ms)
  ✔ 21-22. Skip and ENT:10 do not introduce a transcript store (0.031792ms)
  ✔ 23. the same policy works on a normal executive subject (0.083208ms)
  ✔ 24. collection conversation can hold an investigation objective (0.07675ms)
  ✔ 25-29. thread intelligence does not write business truth (0.029333ms)
  ✔ 30. duplicate-authority audit (0.216875ms)
  ✔ explicit manager intent outranks proactive progression (0.08675ms)
  ✔ does not hardcode a Goal curriculum (0.035084ms)
✔ NEX-CONV:2 Conversation Thread Intelligence (6.565416ms)
ℹ tests 1061
ℹ suites 26
ℹ pass 1057
ℹ fail 4
ℹ cancelled 0
ℹ skipped 0
ℹ todo 0
ℹ duration_ms 8594.326209

✖ failing tests:

test at app/lib/nexora-conversation/ecaPostEca2StageAwareness.test.ts:2:7817
✖ N — Explain visible actor without prior focus (24.507083ms)
  AssertionError [ERR_ASSERTION]: Expected values to be strictly equal:
  
  true !== false
  
      at TestContext.<anonymous> (/Users/bahadoors/Documents/StateStudio/frontend/app/lib/nexora-conversation/ecaPostEca2StageAwareness.test.ts:163:12)
      at Test.runInAsyncScope (node:async_hooks:214:14)
      at Test.run (node:internal/test_runner/test:1106:25)
      at Suite.processPendingSubtests (node:internal/test_runner/test:788:18)
      at Test.postRun (node:internal/test_runner/test:1235:19)
      at Test.run (node:internal/test_runner/test:1163:12)
      at async Suite.processPendingSubtests (node:internal/test_runner/test:788:7) {
    generatedMessage: true,
    code: 'ERR_ASSERTION',
    actual: true,
    expected: false,
    operator: 'strictEqual',
    diff: 'simple'
  }

test at app/lib/nexora-conversation/mra2ManagerReadiness.runtime.test.ts:2:5482
✖ C1 contrastive other binds the sibling Problem, not Outcome clarification (83.259292ms)
  AssertionError [ERR_ASSERTION]: The input did not match the regular expression /Margin Pressure/i. Input:
  
  "I don't have a current ordered list to apply that to. Which items should count as first, second, and third?"
  
      at TestContext.<anonymous> (/Users/bahadoors/Documents/StateStudio/frontend/app/lib/nexora-conversation/mra2ManagerReadiness.runtime.test.ts:99:12)
      at Test.runInAsyncScope (node:async_hooks:214:14)
      at Test.run (node:internal/test_runner/test:1106:25)
      at Suite.processPendingSubtests (node:internal/test_runner/test:788:18)
      at Test.postRun (node:internal/test_runner/test:1235:19)
      at Test.run (node:internal/test_runner/test:1163:12)
      at async Suite.processPendingSubtests (node:internal/test_runner/test:788:7) {
    generatedMessage: true,
    code: 'ERR_ASSERTION',
    actual: "I don't have a current ordered list to apply that to. Which items should count as first, second, and third?",
    expected: /Margin Pressure/i,
    operator: 'match',
    diff: 'simple'
  }

test at app/lib/nexora-conversation/mra3RecertFix6ExecutiveQuestionSemantics.runtime.test.ts:2:6038
✖ F asks the smallest useful clarification for ambiguous earlier Problems (125.933917ms)
  AssertionError [ERR_ASSERTION]: The input did not match the regular expression /Which earlier issue do you mean:.*Margin Pressure.*Capacity Gap/i. Input:
  
  'Which one do you want me to show?'
  
      at TestContext.<anonymous> (/Users/bahadoors/Documents/StateStudio/frontend/app/lib/nexora-conversation/mra3RecertFix6ExecutiveQuestionSemantics.runtime.test.ts:116:12)
      at Test.runInAsyncScope (node:async_hooks:214:14)
      at Test.run (node:internal/test_runner/test:1106:25)
      at Suite.processPendingSubtests (node:internal/test_runner/test:788:18)
      at Test.postRun (node:internal/test_runner/test:1235:19)
      at Test.run (node:internal/test_runner/test:1163:12)
      at async Suite.processPendingSubtests (node:internal/test_runner/test:788:7) {
    generatedMessage: true,
    code: 'ERR_ASSERTION',
    actual: 'Which one do you want me to show?',
    expected: /Which earlier issue do you mean:.*Margin Pressure.*Capacity Gap/i,
    operator: 'match',
    diff: 'simple'
  }

test at app/lib/nexora-conversation/mra3RecertFix6ExecutiveQuestionSemantics.runtime.test.ts:2:7072
✖ H distinguishes listed/planned Execution objects from active canonical Execution (10.913125ms)
  AssertionError [ERR_ASSERTION]: The input did not match the regular expression /planned or catalog records|no canonical Execution is active/i. Input:
  
  'Current Executions: Capacity Expansion, Pricing Rollout.'
  
      at TestContext.<anonymous> (/Users/bahadoors/Documents/StateStudio/frontend/app/lib/nexora-conversation/mra3RecertFix6ExecutiveQuestionSemantics.runtime.test.ts:134:12)
      at Test.runInAsyncScope (node:async_hooks:214:14)
      at Test.run (node:internal/test_runner/test:1106:25)
      at Suite.processPendingSubtests (node:internal/test_runner/test:788:18)
      at Test.postRun (node:internal/test_runner/test:1235:19)
      at Test.run (node:internal/test_runner/test:1163:12)
      at async Suite.processPendingSubtests (node:internal/test_runner/test:788:7) {
    generatedMessage: true,
    code: 'ERR_ASSERTION',
    actual: 'Current Executions: Capacity Expansion, Pricing Rollout.',
    expected: /planned or catalog records|no canonical Execution is active/i,
    operator: 'match',
    diff: 'simple'
  }
