[Topology][Flow] Generating flow layout
[Topology][Flow] Nodes: 8
[Topology][Flow] Connections: 7
[Topology][Flow] Generating flow layout
[Topology][Flow] Nodes: 2
[Topology][Flow] Connections: 1
[Topology][Flow] Generating flow layout
[Topology][Flow] Nodes: 8
[Topology][Flow] Connections: 7
[Topology][Flow] Generating flow layout
[Topology][Flow] Nodes: 2
[Topology][Flow] Connections: 1
[Topology][Flow] Generating flow layout
[Topology][Flow] Nodes: 8
[Topology][Flow] Connections: 7
[Topology][Flow] Generating flow layout
[Topology][Flow] Nodes: 2
[Topology][Flow] Connections: 1
[Topology][Flow] Generating flow layout
[Topology][Flow] Nodes: 8
[Topology][Flow] Connections: 7
[Topology][Flow] Generating flow layout
[Topology][Flow] Nodes: 2
[Topology][Flow] Connections: 1
[Topology][Flow] Generating flow layout
[Topology][Flow] Nodes: 8
[Topology][Flow] Connections: 7
[Topology][Flow] Generating flow layout
[Topology][Flow] Nodes: 2
[Topology][Flow] Connections: 1
[Topology][Flow] Generating flow layout
[Topology][Flow] Nodes: 8
[Topology][Flow] Connections: 7
[Topology][Flow] Generating flow layout
[Topology][Flow] Nodes: 2
[Topology][Flow] Connections: 1
[Topology][Flow] Generating flow layout
[Topology][Flow] Nodes: 8
[Topology][Flow] Connections: 7
[Topology][Flow] Generating flow layout
[Topology][Flow] Nodes: 2
[Topology][Flow] Connections: 1
[Topology][Flow] Generating flow layout
[Topology][Flow] Nodes: 8
[Topology][Flow] Connections: 7
[Topology][Flow] Generating flow layout
[Topology][Flow] Nodes: 2
[Topology][Flow] Connections: 1
[Topology][Flow] Generating flow layout
[Topology][Flow] Nodes: 8
[Topology][Flow] Connections: 7
[Topology][Flow] Generating flow layout
[Topology][Flow] Nodes: 2
[Topology][Flow] Connections: 1
[Topology][Flow] Generating flow layout
[Topology][Flow] Nodes: 8
[Topology][Flow] Connections: 7
[Topology][Flow] Generating flow layout
[Topology][Flow] Nodes: 2
[Topology][Flow] Connections: 1
[Topology][Flow] Generating flow layout
[Topology][Flow] Nodes: 8
[Topology][Flow] Connections: 7
[Topology][Flow] Generating flow layout
[Topology][Flow] Nodes: 2
[Topology][Flow] Connections: 1
[Topology][Flow] Generating flow layout
[Topology][Flow] Nodes: 8
[Topology][Flow] Connections: 7
[Topology][Flow] Generating flow layout
[Topology][Flow] Nodes: 2
[Topology][Flow] Connections: 1
[Topology][Flow] Generating flow layout
[Topology][Flow] Nodes: 8
[Topology][Flow] Connections: 7
[Topology][Flow] Generating flow layout
[Topology][Flow] Nodes: 2
[Topology][Flow] Connections: 1
[Topology][Flow] Generating flow layout
[Topology][Flow] Nodes: 8
[Topology][Flow] Connections: 7
[Topology][Flow] Generating flow layout
[Topology][Flow] Nodes: 2
[Topology][Flow] Connections: 1
[Topology][Flow] Generating flow layout
[Topology][Flow] Nodes: 8
[Topology][Flow] Connections: 7
[Topology][Flow] Generating flow layout
[Topology][Flow] Nodes: 2
[Topology][Flow] Connections: 1
[Topology][Flow] Generating flow layout
[Topology][Flow] Nodes: 8
[Topology][Flow] Connections: 7
[Topology][Flow] Generating flow layout
[Topology][Flow] Nodes: 2
[Topology][Flow] Connections: 1
[Topology][Flow] Generating flow layout
[Topology][Flow] Nodes: 8
[Topology][Flow] Connections: 7
[Topology][Flow] Generating flow layout
[Topology][Flow] Nodes: 2
[Topology][Flow] Connections: 1
[Topology][Flow] Generating flow layout
[Topology][Flow] Nodes: 8
[Topology][Flow] Connections: 7
[Topology][Flow] Generating flow layout
[Topology][Flow] Nodes: 2
[Topology][Flow] Connections: 1
[Topology][Flow] Generating flow layout
[Topology][Flow] Nodes: 8
[Topology][Flow] Connections: 7
[Topology][Flow] Generating flow layout
[Topology][Flow] Nodes: 2
[Topology][Flow] Connections: 1
[Topology][Flow] Generating flow layout
[Topology][Flow] Nodes: 8
[Topology][Flow] Connections: 7
[Topology][Flow] Generating flow layout
[Topology][Flow] Nodes: 2
[Topology][Flow] Connections: 1
[Topology][Flow] Generating flow layout
[Topology][Flow] Nodes: 8
[Topology][Flow] Connections: 7
[Topology][Flow] Generating flow layout
[Topology][Flow] Nodes: 2
[Topology][Flow] Connections: 1
[Topology][Flow] Generating flow layout
[Topology][Flow] Nodes: 8
[Topology][Flow] Connections: 7
[Topology][Flow] Generating flow layout
[Topology][Flow] Nodes: 2
[Topology][Flow] Connections: 1
[Topology][Flow] Generating flow layout
[Topology][Flow] Nodes: 8
[Topology][Flow] Connections: 7
[Topology][Flow] Generating flow layout
[Topology][Flow] Nodes: 2
[Topology][Flow] Connections: 1
[Topology][Flow] Generating flow layout
[Topology][Flow] Nodes: 8
[Topology][Flow] Connections: 7
[Topology][Flow] Generating flow layout
[Topology][Flow] Nodes: 2
[Topology][Flow] Connections: 1
[Topology][Flow] Generating flow layout
[Topology][Flow] Nodes: 8
[Topology][Flow] Connections: 7
[Topology][Flow] Generating flow layout
[Topology][Flow] Nodes: 2
[Topology][Flow] Connections: 1
[Topology][Flow] Generating flow layout
[Topology][Flow] Nodes: 8
[Topology][Flow] Connections: 7
[Topology][Flow] Generating flow layout
[Topology][Flow] Nodes: 2
[Topology][Flow] Connections: 1
[Topology][Flow] Generating flow layout
[Topology][Flow] Nodes: 8
[Topology][Flow] Connections: 7
[Topology][Flow] Generating flow layout
[Topology][Flow] Nodes: 2
[Topology][Flow] Connections: 1
✔ identity + boundary (1.115541ms)
✔ 1 preference-only (167.1635ms)
✔ 2–3 explicit scenario commitment + approval (56.003458ms)
✔ 4 ambiguous commitment (27.615834ms)
✔ 5–7 confirmation required, yes, cancel (162.1495ms)
✔ 8 stale confirmation on workspace change (53.92625ms)
✔ 9 unsupported scenario (13.879167ms)
✔ 10 partial scenario uncertainty preserved (13.684625ms)
✔ 11 duplicate commitment idempotent against Runtime (39.568792ms)
✔ 13 rejection does not delete scenario (25.65425ms)
✔ 14–15 illegal / locked transition (10.4515ms)
✔ 16 recommendation handoff (22.828333ms)
✔ 17 scenario preference handoff (13.25975ms)
✔ 19 approve this from current scenario (8.388083ms)
✔ 20 workspace scope isolation for yes (66.981083ms)
✔ 24–26 provenance + evidence/scenario preservation (12.231792ms)
✔ 30–31 no execution; compound defers execution (36.763458ms)
✔ 28–29 no Stage/camera mutation via shouldCommitRuntime false (10.462791ms)
✔ CC:10R identity + one canonical Runtime truth (20.81775ms)
✔ pending confirmation does not mutate Runtime (18.317375ms)
✔ empty decision session bootstrap (0.121291ms)
▶ CC:10R.1 Decision Runtime Full Debt Closure
  ✔ phase identity + CC11_GATE OPEN only when all debts CLOSED (0.971167ms)
  ✔ status serializer is pure projection (Under Review ↔ under-review) (0.193833ms)
  ✔ writer authority: flowDomain Decision mutation requires canonical Runtime (0.8ms)
  ✔ DEBT-2: flowDomain projects from canonical Runtime (no dual truth) (1.16425ms)
  ✔ UI / conversation transition equivalence on shared Runtime (0.205459ms)
  ✔ locked Decision: UI and Conversation receive same rejection (0.222458ms)
  ✔ DEBT-3: Stage catalog Decision status derives from flow projection (0.378792ms)
  ✔ conversation Runtime → flowDomain projection → Stage essential status (0.220458ms)
  ✔ provenance survives UI transition on shared Runtime record fields (1.07625ms)
  ✔ no focus steal: Stage projection does not mutate interaction focus fields (0.218083ms)
  ✔ EXS1 store adapter is thin port over live store (no mirror) (0.543834ms)
  ✔ ApprovalBar product path uses adapter (source audit) (0.791ms)
  ✔ CC:10R remains green identity (0.166584ms)
  ✔ hydration regression: Queue SSR gate source remains (0.384625ms)
  ✔ no execution created by Decision approve path (0.445084ms)
  ✔ projectCanonicalDecisionToFlowRecord maps lock separately (0.20175ms)
✔ CC:10R.1 Decision Runtime Full Debt Closure (9.605916ms)
✔ CC:11 identity boundary forbids parallel and external writers (1.638875ms)
✔ minimal execution language stays distinct from Decision commitment (1.693667ms)
✔ approved Decision creates and starts exactly one canonical Execution (1.548625ms)
✔ non-approved and missing Decisions create nothing atomically (0.414792ms)
✔ follow-up never invents progress, owner, blocker, milestone, or deadline (0.357625ms)
✔ trusted execution evidence is read without conflating risks and blockers (0.348167ms)
✔ illegal transition is atomic; completion/cancellation require confirmation (0.267333ms)
✔ execution transitions never rewrite canonical Decision (7.396292ms)
✔ why reads Decision and reconsider/scenario/recommend hand off (0.82775ms)
✔ workspace/model scope mismatch cannot create a dangling execution (0.220042ms)
✔ EXS1 UI and conversation converge through the live store adapter (1.632ms)
[Topology][Flow] Generating flow layout
[Topology][Flow] Nodes: 1
[Topology][Flow] Connections: 0
[Topology][Flow] Generating flow layout
[Topology][Flow] Nodes: 1
[Topology][Flow] Connections: 0
[Topology][Flow] Generating flow layout
[Topology][Flow] Nodes: 2
[Topology][Flow] Connections: 1
[Topology][Hub] Generating hub layout
[Topology][Hub] Hub: Improve Delivery Reliability
[Topology][Hub] Satellites: 1
[Topology][Hub] Connections: 1
[Topology][Flow] Generating flow layout
[Topology][Flow] Nodes: 2
[Topology][Flow] Connections: 1
[Topology][Hub] Generating hub layout
[Topology][Hub] Hub: Improve Delivery Reliability
[Topology][Hub] Satellites: 1
[Topology][Hub] Connections: 1
[Topology][Flow] Generating flow layout
[Topology][Flow] Nodes: 4
[Topology][Flow] Connections: 3
[Topology][Hub] Generating hub layout
[Topology][Hub] Hub: Improve Delivery Reliability
[Topology][Hub] Satellites: 3
[Topology][Hub] Connections: 3
[Topology][Flow] Generating flow layout
[Topology][Flow] Nodes: 5
[Topology][Flow] Connections: 4
[Topology][Hub] Generating hub layout
[Topology][Hub] Hub: Improve Delivery Reliability
[Topology][Hub] Satellites: 4
[Topology][Hub] Connections: 4
[Topology][Flow] Generating flow layout
[Topology][Flow] Nodes: 5
[Topology][Flow] Connections: 4
[Topology][Hub] Generating hub layout
[Topology][Hub] Hub: Improve Delivery Reliability
[Topology][Hub] Satellites: 4
[Topology][Hub] Connections: 4
[Topology][Flow] Generating flow layout
[Topology][Flow] Nodes: 1
[Topology][Flow] Connections: 0
[Topology][Flow] Generating flow layout
[Topology][Flow] Nodes: 1
[Topology][Flow] Connections: 0
[Topology][Flow] Generating flow layout
[Topology][Flow] Nodes: 2
[Topology][Flow] Connections: 1
[Topology][Hub] Generating hub layout
[Topology][Hub] Hub: Improve Delivery Reliability
[Topology][Hub] Satellites: 1
[Topology][Hub] Connections: 1
[Topology][Flow] Generating flow layout
[Topology][Flow] Nodes: 2
[Topology][Flow] Connections: 1
[Topology][Hub] Generating hub layout
[Topology][Hub] Hub: Improve Delivery Reliability
[Topology][Hub] Satellites: 1
[Topology][Hub] Connections: 1
[Topology][Flow] Generating flow layout
[Topology][Flow] Nodes: 4
[Topology][Flow] Connections: 3
[Topology][Hub] Generating hub layout
[Topology][Hub] Hub: Improve Delivery Reliability
[Topology][Hub] Satellites: 3
[Topology][Hub] Connections: 3
[Topology][Flow] Generating flow layout
[Topology][Flow] Nodes: 5
[Topology][Flow] Connections: 4
[Topology][Hub] Generating hub layout
[Topology][Hub] Hub: Improve Delivery Reliability
[Topology][Hub] Satellites: 4
[Topology][Hub] Connections: 4
[Topology][Flow] Generating flow layout
[Topology][Flow] Nodes: 5
[Topology][Flow] Connections: 4
[Topology][Hub] Generating hub layout
[Topology][Hub] Hub: Improve Delivery Reliability
[Topology][Hub] Satellites: 4
[Topology][Hub] Connections: 4
[Topology][Flow] Generating flow layout
[Topology][Flow] Nodes: 6
[Topology][Flow] Connections: 5
[Topology][Hub] Generating hub layout
[Topology][Hub] Hub: Improve Delivery Reliability
[Topology][Hub] Satellites: 5
[Topology][Hub] Connections: 5
[Topology][Flow] Generating flow layout
[Topology][Flow] Nodes: 7
[Topology][Flow] Connections: 6
[Topology][Hub] Generating hub layout
[Topology][Hub] Hub: Improve Delivery Reliability
[Topology][Hub] Satellites: 6
[Topology][Hub] Connections: 6
[Topology][Flow] Generating flow layout
[Topology][Flow] Nodes: 7
[Topology][Flow] Connections: 6
[Topology][Hub] Generating hub layout
[Topology][Hub] Hub: Improve Delivery Reliability
[Topology][Hub] Satellites: 6
[Topology][Hub] Connections: 6
[Topology][Flow] Generating flow layout
[Topology][Flow] Nodes: 7
[Topology][Flow] Connections: 6
[Topology][Hub] Generating hub layout
[Topology][Hub] Hub: Improve Delivery Reliability
[Topology][Hub] Satellites: 6
[Topology][Hub] Connections: 6
[Topology][Flow] Generating flow layout
[Topology][Flow] Nodes: 1
[Topology][Flow] Connections: 0
[Topology][Flow] Generating flow layout
[Topology][Flow] Nodes: 1
[Topology][Flow] Connections: 0
[Topology][Flow] Generating flow layout
[Topology][Flow] Nodes: 2
[Topology][Flow] Connections: 1
[Topology][Hub] Generating hub layout
[Topology][Hub] Hub: Improve Delivery Reliability
[Topology][Hub] Satellites: 1
[Topology][Hub] Connections: 1
[Topology][Flow] Generating flow layout
[Topology][Flow] Nodes: 2
[Topology][Flow] Connections: 1
[Topology][Hub] Generating hub layout
[Topology][Hub] Hub: Improve Delivery Reliability
[Topology][Hub] Satellites: 1
[Topology][Hub] Connections: 1
[Topology][Flow] Generating flow layout
[Topology][Flow] Nodes: 4
[Topology][Flow] Connections: 3
[Topology][Hub] Generating hub layout
[Topology][Hub] Hub: Improve Delivery Reliability
[Topology][Hub] Satellites: 3
[Topology][Hub] Connections: 3
[Topology][Flow] Generating flow layout
[Topology][Flow] Nodes: 5
[Topology][Flow] Connections: 4
[Topology][Hub] Generating hub layout
[Topology][Hub] Hub: Improve Delivery Reliability
[Topology][Hub] Satellites: 4
[Topology][Hub] Connections: 4
[Topology][Flow] Generating flow layout
[Topology][Flow] Nodes: 5
[Topology][Flow] Connections: 4
[Topology][Hub] Generating hub layout
[Topology][Hub] Hub: Improve Delivery Reliability
[Topology][Hub] Satellites: 4
[Topology][Hub] Connections: 4
[Topology][Flow] Generating flow layout
[Topology][Flow] Nodes: 6
[Topology][Flow] Connections: 5
[Topology][Hub] Generating hub layout
[Topology][Hub] Hub: Improve Delivery Reliability
[Topology][Hub] Satellites: 5
[Topology][Hub] Connections: 5
[Topology][Flow] Generating flow layout
[Topology][Flow] Nodes: 7
[Topology][Flow] Connections: 6
[Topology][Hub] Generating hub layout
[Topology][Hub] Hub: Improve Delivery Reliability
[Topology][Hub] Satellites: 6
[Topology][Hub] Connections: 6
[Topology][Flow] Generating flow layout
[Topology][Flow] Nodes: 7
[Topology][Flow] Connections: 6
[Topology][Hub] Generating hub layout
[Topology][Hub] Hub: Improve Delivery Reliability
[Topology][Hub] Satellites: 6
[Topology][Hub] Connections: 6
[Topology][Flow] Generating flow layout
[Topology][Flow] Nodes: 7
[Topology][Flow] Connections: 6
[Topology][Hub] Generating hub layout
[Topology][Hub] Hub: Improve Delivery Reliability
[Topology][Hub] Satellites: 6
[Topology][Hub] Connections: 6
[Topology][Flow] Generating flow layout
[Topology][Flow] Nodes: 7
[Topology][Flow] Connections: 6
[Topology][Hub] Generating hub layout
[Topology][Hub] Hub: Improve Delivery Reliability
[Topology][Hub] Satellites: 6
[Topology][Hub] Connections: 6
[Topology][Flow] Generating flow layout
[Topology][Flow] Nodes: 7
[Topology][Flow] Connections: 6
[Topology][Hub] Generating hub layout
[Topology][Hub] Hub: Improve Delivery Reliability
[Topology][Hub] Satellites: 6
[Topology][Hub] Connections: 6
[Topology][Flow] Generating flow layout
[Topology][Flow] Nodes: 7
[Topology][Flow] Connections: 6
[Topology][Hub] Generating hub layout
[Topology][Hub] Hub: Improve Delivery Reliability
[Topology][Hub] Satellites: 6
[Topology][Hub] Connections: 6
[Topology][Flow] Generating flow layout
[Topology][Flow] Nodes: 7
[Topology][Flow] Connections: 6
[Topology][Hub] Generating hub layout
[Topology][Hub] Hub: Improve Delivery Reliability
[Topology][Hub] Satellites: 6
[Topology][Hub] Connections: 6
[Topology][Flow] Generating flow layout
[Topology][Flow] Nodes: 7
[Topology][Flow] Connections: 6
[Topology][Hub] Generating hub layout
[Topology][Hub] Hub: Improve Delivery Reliability
[Topology][Hub] Satellites: 6
[Topology][Hub] Connections: 6
[Topology][Flow] Generating flow layout
[Topology][Flow] Nodes: 7
[Topology][Flow] Connections: 6
[Topology][Hub] Generating hub layout
[Topology][Hub] Hub: Improve Delivery Reliability
[Topology][Hub] Satellites: 6
[Topology][Hub] Connections: 6
[Topology][Flow] Generating flow layout
[Topology][Flow] Nodes: 1
[Topology][Flow] Connections: 0
[Topology][Flow] Generating flow layout
[Topology][Flow] Nodes: 1
[Topology][Flow] Connections: 0
[Topology][Flow] Generating flow layout
[Topology][Flow] Nodes: 2
[Topology][Flow] Connections: 1
[Topology][Hub] Generating hub layout
[Topology][Hub] Hub: Improve Delivery Reliability
[Topology][Hub] Satellites: 1
[Topology][Hub] Connections: 1
[Topology][Flow] Generating flow layout
[Topology][Flow] Nodes: 2
[Topology][Flow] Connections: 1
[Topology][Hub] Generating hub layout
[Topology][Hub] Hub: Improve Delivery Reliability
[Topology][Hub] Satellites: 1
[Topology][Hub] Connections: 1
[Topology][Flow] Generating flow layout
[Topology][Flow] Nodes: 4
[Topology][Flow] Connections: 3
[Topology][Hub] Generating hub layout
[Topology][Hub] Hub: Improve Delivery Reliability
[Topology][Hub] Satellites: 3
[Topology][Hub] Connections: 3
[Topology][Flow] Generating flow layout
[Topology][Flow] Nodes: 5
[Topology][Flow] Connections: 4
[Topology][Hub] Generating hub layout
[Topology][Hub] Hub: Improve Delivery Reliability
[Topology][Hub] Satellites: 4
[Topology][Hub] Connections: 4
[Topology][Flow] Generating flow layout
[Topology][Flow] Nodes: 5
[Topology][Flow] Connections: 4
[Topology][Hub] Generating hub layout
[Topology][Hub] Hub: Improve Delivery Reliability
[Topology][Hub] Satellites: 4
[Topology][Hub] Connections: 4
[Topology][Flow] Generating flow layout
[Topology][Flow] Nodes: 6
[Topology][Flow] Connections: 5
[Topology][Hub] Generating hub layout
[Topology][Hub] Hub: Improve Delivery Reliability
[Topology][Hub] Satellites: 5
[Topology][Hub] Connections: 5
[Topology][Flow] Generating flow layout
[Topology][Flow] Nodes: 7
[Topology][Flow] Connections: 6
[Topology][Hub] Generating hub layout
[Topology][Hub] Hub: Improve Delivery Reliability
[Topology][Hub] Satellites: 6
[Topology][Hub] Connections: 6
[Topology][Flow] Generating flow layout
[Topology][Flow] Nodes: 7
[Topology][Flow] Connections: 6
[Topology][Hub] Generating hub layout
[Topology][Hub] Hub: Improve Delivery Reliability
[Topology][Hub] Satellites: 6
[Topology][Hub] Connections: 6
[Topology][Flow] Generating flow layout
[Topology][Flow] Nodes: 7
[Topology][Flow] Connections: 6
[Topology][Hub] Generating hub layout
[Topology][Hub] Hub: Improve Delivery Reliability
[Topology][Hub] Satellites: 6
[Topology][Hub] Connections: 6
[Topology][Flow] Generating flow layout
[Topology][Flow] Nodes: 7
[Topology][Flow] Connections: 6
[Topology][Hub] Generating hub layout
[Topology][Hub] Hub: Improve Delivery Reliability
[Topology][Hub] Satellites: 6
[Topology][Hub] Connections: 6
[Topology][Flow] Generating flow layout
[Topology][Flow] Nodes: 7
[Topology][Flow] Connections: 6
[Topology][Hub] Generating hub layout
[Topology][Hub] Hub: Improve Delivery Reliability
[Topology][Hub] Satellites: 6
[Topology][Hub] Connections: 6
[Topology][Flow] Generating flow layout
[Topology][Flow] Nodes: 7
[Topology][Flow] Connections: 6
[Topology][Hub] Generating hub layout
[Topology][Hub] Hub: Improve Delivery Reliability
[Topology][Hub] Satellites: 6
[Topology][Hub] Connections: 6
[Topology][Flow] Generating flow layout
[Topology][Flow] Nodes: 7
[Topology][Flow] Connections: 6
[Topology][Hub] Generating hub layout
[Topology][Hub] Hub: Improve Delivery Reliability
[Topology][Hub] Satellites: 6
[Topology][Hub] Connections: 6
[Topology][Flow] Generating flow layout
[Topology][Flow] Nodes: 1
[Topology][Flow] Connections: 0
[Topology][Flow] Generating flow layout
[Topology][Flow] Nodes: 1
[Topology][Flow] Connections: 0
[Topology][Flow] Generating flow layout
[Topology][Flow] Nodes: 2
[Topology][Flow] Connections: 1
[Topology][Hub] Generating hub layout
[Topology][Hub] Hub: Improve Delivery Reliability
[Topology][Hub] Satellites: 1
[Topology][Hub] Connections: 1
[Topology][Flow] Generating flow layout
[Topology][Flow] Nodes: 2
[Topology][Flow] Connections: 1
[Topology][Hub] Generating hub layout
[Topology][Hub] Hub: Improve Delivery Reliability
[Topology][Hub] Satellites: 1
[Topology][Hub] Connections: 1
[Topology][Flow] Generating flow layout
[Topology][Flow] Nodes: 4
[Topology][Flow] Connections: 3
[Topology][Hub] Generating hub layout
[Topology][Hub] Hub: Improve Delivery Reliability
[Topology][Hub] Satellites: 3
[Topology][Hub] Connections: 3
[Topology][Flow] Generating flow layout
[Topology][Flow] Nodes: 5
[Topology][Flow] Connections: 4
[Topology][Hub] Generating hub layout
[Topology][Hub] Hub: Improve Delivery Reliability
[Topology][Hub] Satellites: 4
[Topology][Hub] Connections: 4
[Topology][Flow] Generating flow layout
[Topology][Flow] Nodes: 5
[Topology][Flow] Connections: 4
[Topology][Hub] Generating hub layout
[Topology][Hub] Hub: Improve Delivery Reliability
[Topology][Hub] Satellites: 4
[Topology][Hub] Connections: 4
[Topology][Flow] Generating flow layout
[Topology][Flow] Nodes: 6
[Topology][Flow] Connections: 5
[Topology][Hub] Generating hub layout
[Topology][Hub] Hub: Improve Delivery Reliability
[Topology][Hub] Satellites: 5
[Topology][Hub] Connections: 5
[Topology][Flow] Generating flow layout
[Topology][Flow] Nodes: 7
[Topology][Flow] Connections: 6
[Topology][Hub] Generating hub layout
[Topology][Hub] Hub: Improve Delivery Reliability
[Topology][Hub] Satellites: 6
[Topology][Hub] Connections: 6
[Topology][Flow] Generating flow layout
[Topology][Flow] Nodes: 7
[Topology][Flow] Connections: 6
[Topology][Hub] Generating hub layout
[Topology][Hub] Hub: Improve Delivery Reliability
[Topology][Hub] Satellites: 6
[Topology][Hub] Connections: 6
[Topology][Flow] Generating flow layout
[Topology][Flow] Nodes: 7
[Topology][Flow] Connections: 6
[Topology][Hub] Generating hub layout
[Topology][Hub] Hub: Improve Delivery Reliability
[Topology][Hub] Satellites: 6
[Topology][Hub] Connections: 6
[Topology][Flow] Generating flow layout
[Topology][Flow] Nodes: 7
[Topology][Flow] Connections: 6
[Topology][Hub] Generating hub layout
[Topology][Hub] Hub: Improve Delivery Reliability
[Topology][Hub] Satellites: 6
[Topology][Hub] Connections: 6
[Topology][Flow] Generating flow layout
[Topology][Flow] Nodes: 7
[Topology][Flow] Connections: 6
[Topology][Hub] Generating hub layout
[Topology][Hub] Hub: Improve Delivery Reliability
[Topology][Hub] Satellites: 6
[Topology][Hub] Connections: 6
[Topology][Flow] Generating flow layout
[Topology][Flow] Nodes: 7
[Topology][Flow] Connections: 6
[Topology][Hub] Generating hub layout
[Topology][Hub] Hub: Improve Delivery Reliability
[Topology][Hub] Satellites: 6
[Topology][Hub] Connections: 6
[Topology][Flow] Generating flow layout
[Topology][Flow] Nodes: 7
[Topology][Flow] Connections: 6
[Topology][Hub] Generating hub layout
[Topology][Hub] Hub: Improve Delivery Reliability
[Topology][Hub] Satellites: 6
[Topology][Hub] Connections: 6
[Topology][Flow] Generating flow layout
[Topology][Flow] Nodes: 7
[Topology][Flow] Connections: 6
[Topology][Hub] Generating hub layout
[Topology][Hub] Hub: Improve Delivery Reliability
[Topology][Hub] Satellites: 6
[Topology][Hub] Connections: 6
[Topology][Flow] Generating flow layout
[Topology][Flow] Nodes: 8
[Topology][Flow] Connections: 7
[Topology][Flow] Generating flow layout
[Topology][Flow] Nodes: 2
[Topology][Flow] Connections: 1
▶ NEX-EXP:7 Manager Decision & Commitment Experience
  ✔ identity, boundary, and reused authorities (0.976ms)
  ✔ starts only at READY_FOR_DECISION and consumes EXP:6 handoff (509.175417ms)
  ✔ recommendation and preference do not commit; confirmation is required (301.056833ms)
  ✔ ambiguous confirmation, rejection, deferral, and non-recommended choice (157.069542ms)
  ✔ stale confirmation after priority change; Stage overlay; existing workspace (222.543833ms)
  ✔ generic engine has no hardcoded domain branches (1.549334ms)
✔ NEX-EXP:7 Manager Decision & Commitment Experience (1193.655083ms)
[Topology][Flow] Generating flow layout
[Topology][Flow] Nodes: 1
[Topology][Flow] Connections: 0
[Topology][Hub] Generating hub layout
[Topology][Hub] Hub: Sarah · Operations
[Topology][Hub] Satellites: 0
[Topology][Hub] Connections: 0
[Topology][Flow] Generating flow layout
[Topology][Flow] Nodes: 1
[Topology][Flow] Connections: 0
[Topology][Hub] Generating hub layout
[Topology][Hub] Hub: Sarah · Operations
[Topology][Hub] Satellites: 0
[Topology][Hub] Connections: 0
[Topology][Flow] Generating flow layout
[Topology][Flow] Nodes: 1
[Topology][Flow] Connections: 0
[Topology][Flow] Generating flow layout
[Topology][Flow] Nodes: 1
[Topology][Flow] Connections: 0
[Topology][Flow] Generating flow layout
[Topology][Flow] Nodes: 2
[Topology][Flow] Connections: 1
[Topology][Hub] Generating hub layout
[Topology][Hub] Hub: Improve Delivery Reliability
[Topology][Hub] Satellites: 1
[Topology][Hub] Connections: 1
[Topology][Flow] Generating flow layout
[Topology][Flow] Nodes: 2
[Topology][Flow] Connections: 1
[Topology][Hub] Generating hub layout
[Topology][Hub] Hub: Improve Delivery Reliability
[Topology][Hub] Satellites: 1
[Topology][Hub] Connections: 1
[Topology][Flow] Generating flow layout
[Topology][Flow] Nodes: 4
[Topology][Flow] Connections: 3
[Topology][Hub] Generating hub layout
[Topology][Hub] Hub: Improve Delivery Reliability
[Topology][Hub] Satellites: 3
[Topology][Hub] Connections: 3
[Topology][Flow] Generating flow layout
[Topology][Flow] Nodes: 4
[Topology][Flow] Connections: 3
[Topology][Hub] Generating hub layout
[Topology][Hub] Hub: Improve Delivery Reliability
[Topology][Hub] Satellites: 3
[Topology][Hub] Connections: 3
[Topology][Flow] Generating flow layout
[Topology][Flow] Nodes: 5
[Topology][Flow] Connections: 4
[Topology][Hub] Generating hub layout
[Topology][Hub] Hub: Improve Delivery Reliability
[Topology][Hub] Satellites: 4
[Topology][Hub] Connections: 4
[Topology][Flow] Generating flow layout
[Topology][Flow] Nodes: 5
[Topology][Flow] Connections: 4
[Topology][Hub] Generating hub layout
[Topology][Hub] Hub: Improve Delivery Reliability
[Topology][Hub] Satellites: 4
[Topology][Hub] Connections: 4
[Topology][Flow] Generating flow layout
[Topology][Flow] Nodes: 5
[Topology][Flow] Connections: 4
[Topology][Hub] Generating hub layout
[Topology][Hub] Hub: Improve Delivery Reliability
[Topology][Hub] Satellites: 4
[Topology][Hub] Connections: 4
[Topology][Flow] Generating flow layout
[Topology][Flow] Nodes: 6
[Topology][Flow] Connections: 5
[Topology][Hub] Generating hub layout
[Topology][Hub] Hub: Improve Delivery Reliability
[Topology][Hub] Satellites: 5
[Topology][Hub] Connections: 5
[Topology][Flow] Generating flow layout
[Topology][Flow] Nodes: 6
[Topology][Flow] Connections: 5
[Topology][Hub] Generating hub layout
[Topology][Hub] Hub: Improve Delivery Reliability
[Topology][Hub] Satellites: 5
[Topology][Hub] Connections: 5
[Topology][Flow] Generating flow layout
[Topology][Flow] Nodes: 7
[Topology][Flow] Connections: 6
[Topology][Hub] Generating hub layout
[Topology][Hub] Hub: Improve Delivery Reliability
[Topology][Hub] Satellites: 6
[Topology][Hub] Connections: 6
[Topology][Flow] Generating flow layout
[Topology][Flow] Nodes: 7
[Topology][Flow] Connections: 6
[Topology][Hub] Generating hub layout
[Topology][Hub] Hub: Improve Delivery Reliability
[Topology][Hub] Satellites: 6
[Topology][Hub] Connections: 6
[Topology][Flow] Generating flow layout
[Topology][Flow] Nodes: 7
[Topology][Flow] Connections: 6
[Topology][Hub] Generating hub layout
[Topology][Hub] Hub: Improve Delivery Reliability
[Topology][Hub] Satellites: 6
[Topology][Hub] Connections: 6
[Topology][Flow] Generating flow layout
[Topology][Flow] Nodes: 1
[Topology][Flow] Connections: 0
[Topology][Hub] Generating hub layout
[Topology][Hub] Hub: Sarah · Operations
[Topology][Hub] Satellites: 0
[Topology][Hub] Connections: 0
[Topology][Flow] Generating flow layout
[Topology][Flow] Nodes: 1
[Topology][Flow] Connections: 0
[Topology][Hub] Generating hub layout
[Topology][Hub] Hub: Sarah · Operations
[Topology][Hub] Satellites: 0
[Topology][Hub] Connections: 0
[Topology][Flow] Generating flow layout
[Topology][Flow] Nodes: 1
[Topology][Flow] Connections: 0
[Topology][Flow] Generating flow layout
[Topology][Flow] Nodes: 1
[Topology][Flow] Connections: 0
[Topology][Flow] Generating flow layout
[Topology][Flow] Nodes: 2
[Topology][Flow] Connections: 1
[Topology][Hub] Generating hub layout
[Topology][Hub] Hub: Improve Delivery Reliability
[Topology][Hub] Satellites: 1
[Topology][Hub] Connections: 1
[Topology][Flow] Generating flow layout
[Topology][Flow] Nodes: 2
[Topology][Flow] Connections: 1
[Topology][Hub] Generating hub layout
[Topology][Hub] Hub: Improve Delivery Reliability
[Topology][Hub] Satellites: 1
[Topology][Hub] Connections: 1
[Topology][Flow] Generating flow layout
[Topology][Flow] Nodes: 4
[Topology][Flow] Connections: 3
[Topology][Hub] Generating hub layout
[Topology][Hub] Hub: Improve Delivery Reliability
[Topology][Hub] Satellites: 3
[Topology][Hub] Connections: 3
[Topology][Flow] Generating flow layout
[Topology][Flow] Nodes: 4
[Topology][Flow] Connections: 3
[Topology][Hub] Generating hub layout
[Topology][Hub] Hub: Improve Delivery Reliability
[Topology][Hub] Satellites: 3
[Topology][Hub] Connections: 3
[Topology][Flow] Generating flow layout
[Topology][Flow] Nodes: 5
[Topology][Flow] Connections: 4
[Topology][Hub] Generating hub layout
[Topology][Hub] Hub: Improve Delivery Reliability
[Topology][Hub] Satellites: 4
[Topology][Hub] Connections: 4
[Topology][Flow] Generating flow layout
[Topology][Flow] Nodes: 5
[Topology][Flow] Connections: 4
[Topology][Hub] Generating hub layout
[Topology][Hub] Hub: Improve Delivery Reliability
[Topology][Hub] Satellites: 4
[Topology][Hub] Connections: 4
[Topology][Flow] Generating flow layout
[Topology][Flow] Nodes: 5
[Topology][Flow] Connections: 4
[Topology][Hub] Generating hub layout
[Topology][Hub] Hub: Improve Delivery Reliability
[Topology][Hub] Satellites: 4
[Topology][Hub] Connections: 4
[Topology][Flow] Generating flow layout
[Topology][Flow] Nodes: 6
[Topology][Flow] Connections: 5
[Topology][Hub] Generating hub layout
[Topology][Hub] Hub: Improve Delivery Reliability
[Topology][Hub] Satellites: 5
[Topology][Hub] Connections: 5
[Topology][Flow] Generating flow layout
[Topology][Flow] Nodes: 6
[Topology][Flow] Connections: 5
[Topology][Hub] Generating hub layout
[Topology][Hub] Hub: Improve Delivery Reliability
[Topology][Hub] Satellites: 5
[Topology][Hub] Connections: 5
[Topology][Flow] Generating flow layout
[Topology][Flow] Nodes: 7
[Topology][Flow] Connections: 6
[Topology][Hub] Generating hub layout
[Topology][Hub] Hub: Improve Delivery Reliability
[Topology][Hub] Satellites: 6
[Topology][Hub] Connections: 6
[Topology][Flow] Generating flow layout
[Topology][Flow] Nodes: 7
[Topology][Flow] Connections: 6
[Topology][Hub] Generating hub layout
[Topology][Hub] Hub: Improve Delivery Reliability
[Topology][Hub] Satellites: 6
[Topology][Hub] Connections: 6
[Topology][Flow] Generating flow layout
[Topology][Flow] Nodes: 7
[Topology][Flow] Connections: 6
[Topology][Hub] Generating hub layout
[Topology][Hub] Hub: Improve Delivery Reliability
[Topology][Hub] Satellites: 6
[Topology][Hub] Connections: 6
[Topology][Flow] Generating flow layout
[Topology][Flow] Nodes: 7
[Topology][Flow] Connections: 6
[Topology][Hub] Generating hub layout
[Topology][Hub] Hub: Improve Delivery Reliability
[Topology][Hub] Satellites: 6
[Topology][Hub] Connections: 6
[Topology][Flow] Generating flow layout
[Topology][Flow] Nodes: 7
[Topology][Flow] Connections: 6
[Topology][Hub] Generating hub layout
[Topology][Hub] Hub: Improve Delivery Reliability
[Topology][Hub] Satellites: 6
[Topology][Hub] Connections: 6
[Topology][Flow] Generating flow layout
[Topology][Flow] Nodes: 7
[Topology][Flow] Connections: 6
[Topology][Hub] Generating hub layout
[Topology][Hub] Hub: Improve Delivery Reliability
[Topology][Hub] Satellites: 6
[Topology][Hub] Connections: 6
[Topology][Flow] Generating flow layout
[Topology][Flow] Nodes: 8
[Topology][Flow] Connections: 7
[Topology][Hub] Generating hub layout
[Topology][Hub] Hub: Improve Delivery Reliability
[Topology][Hub] Satellites: 7
[Topology][Hub] Connections: 7
[Topology][Flow] Generating flow layout
[Topology][Flow] Nodes: 1
[Topology][Flow] Connections: 0
[Topology][Hub] Generating hub layout
[Topology][Hub] Hub: Sarah · Operations
[Topology][Hub] Satellites: 0
[Topology][Hub] Connections: 0
[Topology][Flow] Generating flow layout
[Topology][Flow] Nodes: 1
[Topology][Flow] Connections: 0
[Topology][Hub] Generating hub layout
[Topology][Hub] Hub: Sarah · Operations
[Topology][Hub] Satellites: 0
[Topology][Hub] Connections: 0
[Topology][Flow] Generating flow layout
[Topology][Flow] Nodes: 1
[Topology][Flow] Connections: 0
[Topology][Flow] Generating flow layout
[Topology][Flow] Nodes: 1
[Topology][Flow] Connections: 0
[Topology][Flow] Generating flow layout
[Topology][Flow] Nodes: 2
[Topology][Flow] Connections: 1
[Topology][Hub] Generating hub layout
[Topology][Hub] Hub: Improve Delivery Reliability
[Topology][Hub] Satellites: 1
[Topology][Hub] Connections: 1
[Topology][Flow] Generating flow layout
[Topology][Flow] Nodes: 2
[Topology][Flow] Connections: 1
[Topology][Hub] Generating hub layout
[Topology][Hub] Hub: Improve Delivery Reliability
[Topology][Hub] Satellites: 1
[Topology][Hub] Connections: 1
[Topology][Flow] Generating flow layout
[Topology][Flow] Nodes: 4
[Topology][Flow] Connections: 3
[Topology][Hub] Generating hub layout
[Topology][Hub] Hub: Improve Delivery Reliability
[Topology][Hub] Satellites: 3
[Topology][Hub] Connections: 3
[Topology][Flow] Generating flow layout
[Topology][Flow] Nodes: 4
[Topology][Flow] Connections: 3
[Topology][Hub] Generating hub layout
[Topology][Hub] Hub: Improve Delivery Reliability
[Topology][Hub] Satellites: 3
[Topology][Hub] Connections: 3
[Topology][Flow] Generating flow layout
[Topology][Flow] Nodes: 5
[Topology][Flow] Connections: 4
[Topology][Hub] Generating hub layout
[Topology][Hub] Hub: Improve Delivery Reliability
[Topology][Hub] Satellites: 4
[Topology][Hub] Connections: 4
[Topology][Flow] Generating flow layout
[Topology][Flow] Nodes: 5
[Topology][Flow] Connections: 4
[Topology][Hub] Generating hub layout
[Topology][Hub] Hub: Improve Delivery Reliability
[Topology][Hub] Satellites: 4
[Topology][Hub] Connections: 4
[Topology][Flow] Generating flow layout
[Topology][Flow] Nodes: 5
[Topology][Flow] Connections: 4
[Topology][Hub] Generating hub layout
[Topology][Hub] Hub: Improve Delivery Reliability
[Topology][Hub] Satellites: 4
[Topology][Hub] Connections: 4
[Topology][Flow] Generating flow layout
[Topology][Flow] Nodes: 6
[Topology][Flow] Connections: 5
[Topology][Hub] Generating hub layout
[Topology][Hub] Hub: Improve Delivery Reliability
[Topology][Hub] Satellites: 5
[Topology][Hub] Connections: 5
[Topology][Flow] Generating flow layout
[Topology][Flow] Nodes: 6
[Topology][Flow] Connections: 5
[Topology][Hub] Generating hub layout
[Topology][Hub] Hub: Improve Delivery Reliability
[Topology][Hub] Satellites: 5
[Topology][Hub] Connections: 5
[Topology][Flow] Generating flow layout
[Topology][Flow] Nodes: 7
[Topology][Flow] Connections: 6
[Topology][Hub] Generating hub layout
[Topology][Hub] Hub: Improve Delivery Reliability
[Topology][Hub] Satellites: 6
[Topology][Hub] Connections: 6
[Topology][Flow] Generating flow layout
[Topology][Flow] Nodes: 7
[Topology][Flow] Connections: 6
[Topology][Hub] Generating hub layout
[Topology][Hub] Hub: Improve Delivery Reliability
[Topology][Hub] Satellites: 6
[Topology][Hub] Connections: 6
[Topology][Flow] Generating flow layout
[Topology][Flow] Nodes: 7
[Topology][Flow] Connections: 6
[Topology][Hub] Generating hub layout
[Topology][Hub] Hub: Improve Delivery Reliability
[Topology][Hub] Satellites: 6
[Topology][Hub] Connections: 6
[Topology][Flow] Generating flow layout
[Topology][Flow] Nodes: 7
[Topology][Flow] Connections: 6
[Topology][Hub] Generating hub layout
[Topology][Hub] Hub: Improve Delivery Reliability
[Topology][Hub] Satellites: 6
[Topology][Hub] Connections: 6
[Topology][Flow] Generating flow layout
[Topology][Flow] Nodes: 7
[Topology][Flow] Connections: 6
[Topology][Hub] Generating hub layout
[Topology][Hub] Hub: Improve Delivery Reliability
[Topology][Hub] Satellites: 6
[Topology][Hub] Connections: 6
[Topology][Flow] Generating flow layout
[Topology][Flow] Nodes: 7
[Topology][Flow] Connections: 6
[Topology][Hub] Generating hub layout
[Topology][Hub] Hub: Improve Delivery Reliability
[Topology][Hub] Satellites: 6
[Topology][Hub] Connections: 6
[Topology][Flow] Generating flow layout
[Topology][Flow] Nodes: 8
[Topology][Flow] Connections: 7
[Topology][Hub] Generating hub layout
[Topology][Hub] Hub: Improve Delivery Reliability
[Topology][Hub] Satellites: 7
[Topology][Hub] Connections: 7
[Topology][Flow] Generating flow layout
[Topology][Flow] Nodes: 9
[Topology][Flow] Connections: 8
[Topology][Hub] Generating hub layout
[Topology][Hub] Hub: Improve Delivery Reliability
[Topology][Hub] Satellites: 8
[Topology][Hub] Connections: 8
[Topology][Flow] Generating flow layout
[Topology][Flow] Nodes: 9
[Topology][Flow] Connections: 8
[Topology][Hub] Generating hub layout
[Topology][Hub] Hub: Improve Delivery Reliability
[Topology][Hub] Satellites: 8
[Topology][Hub] Connections: 8
[Topology][Flow] Generating flow layout
[Topology][Flow] Nodes: 9
[Topology][Flow] Connections: 8
[Topology][Hub] Generating hub layout
[Topology][Hub] Hub: Improve Delivery Reliability
[Topology][Hub] Satellites: 8
[Topology][Hub] Connections: 8
[Topology][Flow] Generating flow layout
[Topology][Flow] Nodes: 9
[Topology][Flow] Connections: 8
[Topology][Hub] Generating hub layout
[Topology][Hub] Hub: Improve Delivery Reliability
[Topology][Hub] Satellites: 8
[Topology][Hub] Connections: 8
[Topology][Flow] Generating flow layout
[Topology][Flow] Nodes: 1
[Topology][Flow] Connections: 0
[Topology][Hub] Generating hub layout
[Topology][Hub] Hub: Sarah · Operations
[Topology][Hub] Satellites: 0
[Topology][Hub] Connections: 0
[Topology][Flow] Generating flow layout
[Topology][Flow] Nodes: 1
[Topology][Flow] Connections: 0
[Topology][Hub] Generating hub layout
[Topology][Hub] Hub: Sarah · Operations
[Topology][Hub] Satellites: 0
[Topology][Hub] Connections: 0
[Topology][Flow] Generating flow layout
[Topology][Flow] Nodes: 1
[Topology][Flow] Connections: 0
[Topology][Flow] Generating flow layout
[Topology][Flow] Nodes: 1
[Topology][Flow] Connections: 0
[Topology][Flow] Generating flow layout
[Topology][Flow] Nodes: 2
[Topology][Flow] Connections: 1
[Topology][Hub] Generating hub layout
[Topology][Hub] Hub: Improve Delivery Reliability
[Topology][Hub] Satellites: 1
[Topology][Hub] Connections: 1
[Topology][Flow] Generating flow layout
[Topology][Flow] Nodes: 2
[Topology][Flow] Connections: 1
[Topology][Hub] Generating hub layout
[Topology][Hub] Hub: Improve Delivery Reliability
[Topology][Hub] Satellites: 1
[Topology][Hub] Connections: 1
[Topology][Flow] Generating flow layout
[Topology][Flow] Nodes: 4
[Topology][Flow] Connections: 3
[Topology][Hub] Generating hub layout
[Topology][Hub] Hub: Improve Delivery Reliability
[Topology][Hub] Satellites: 3
[Topology][Hub] Connections: 3
[Topology][Flow] Generating flow layout
[Topology][Flow] Nodes: 4
[Topology][Flow] Connections: 3
[Topology][Hub] Generating hub layout
[Topology][Hub] Hub: Improve Delivery Reliability
[Topology][Hub] Satellites: 3
[Topology][Hub] Connections: 3
[Topology][Flow] Generating flow layout
[Topology][Flow] Nodes: 5
[Topology][Flow] Connections: 4
[Topology][Hub] Generating hub layout
[Topology][Hub] Hub: Improve Delivery Reliability
[Topology][Hub] Satellites: 4
[Topology][Hub] Connections: 4
[Topology][Flow] Generating flow layout
[Topology][Flow] Nodes: 5
[Topology][Flow] Connections: 4
[Topology][Hub] Generating hub layout
[Topology][Hub] Hub: Improve Delivery Reliability
[Topology][Hub] Satellites: 4
[Topology][Hub] Connections: 4
[Topology][Flow] Generating flow layout
[Topology][Flow] Nodes: 5
[Topology][Flow] Connections: 4
[Topology][Hub] Generating hub layout
[Topology][Hub] Hub: Improve Delivery Reliability
[Topology][Hub] Satellites: 4
[Topology][Hub] Connections: 4
[Topology][Flow] Generating flow layout
[Topology][Flow] Nodes: 6
[Topology][Flow] Connections: 5
[Topology][Hub] Generating hub layout
[Topology][Hub] Hub: Improve Delivery Reliability
[Topology][Hub] Satellites: 5
[Topology][Hub] Connections: 5
[Topology][Flow] Generating flow layout
[Topology][Flow] Nodes: 6
[Topology][Flow] Connections: 5
[Topology][Hub] Generating hub layout
[Topology][Hub] Hub: Improve Delivery Reliability
[Topology][Hub] Satellites: 5
[Topology][Hub] Connections: 5
[Topology][Flow] Generating flow layout
[Topology][Flow] Nodes: 7
[Topology][Flow] Connections: 6
[Topology][Hub] Generating hub layout
[Topology][Hub] Hub: Improve Delivery Reliability
[Topology][Hub] Satellites: 6
[Topology][Hub] Connections: 6
[Topology][Flow] Generating flow layout
[Topology][Flow] Nodes: 7
[Topology][Flow] Connections: 6
[Topology][Hub] Generating hub layout
[Topology][Hub] Hub: Improve Delivery Reliability
[Topology][Hub] Satellites: 6
[Topology][Hub] Connections: 6
[Topology][Flow] Generating flow layout
[Topology][Flow] Nodes: 7
[Topology][Flow] Connections: 6
[Topology][Hub] Generating hub layout
[Topology][Hub] Hub: Improve Delivery Reliability
[Topology][Hub] Satellites: 6
[Topology][Hub] Connections: 6
[Topology][Flow] Generating flow layout
[Topology][Flow] Nodes: 7
[Topology][Flow] Connections: 6
[Topology][Hub] Generating hub layout
[Topology][Hub] Hub: Improve Delivery Reliability
[Topology][Hub] Satellites: 6
[Topology][Hub] Connections: 6
[Topology][Flow] Generating flow layout
[Topology][Flow] Nodes: 7
[Topology][Flow] Connections: 6
[Topology][Hub] Generating hub layout
[Topology][Hub] Hub: Improve Delivery Reliability
[Topology][Hub] Satellites: 6
[Topology][Hub] Connections: 6
[Topology][Flow] Generating flow layout
[Topology][Flow] Nodes: 7
[Topology][Flow] Connections: 6
[Topology][Hub] Generating hub layout
[Topology][Hub] Hub: Improve Delivery Reliability
[Topology][Hub] Satellites: 6
[Topology][Hub] Connections: 6
[Topology][Flow] Generating flow layout
[Topology][Flow] Nodes: 8
[Topology][Flow] Connections: 7
[Topology][Hub] Generating hub layout
[Topology][Hub] Hub: Improve Delivery Reliability
[Topology][Hub] Satellites: 7
[Topology][Hub] Connections: 7
[Topology][Flow] Generating flow layout
[Topology][Flow] Nodes: 9
[Topology][Flow] Connections: 8
[Topology][Hub] Generating hub layout
[Topology][Hub] Hub: Improve Delivery Reliability
[Topology][Hub] Satellites: 8
[Topology][Hub] Connections: 8
[Topology][Flow] Generating flow layout
[Topology][Flow] Nodes: 9
[Topology][Flow] Connections: 8
[Topology][Hub] Generating hub layout
[Topology][Hub] Hub: Improve Delivery Reliability
[Topology][Hub] Satellites: 8
[Topology][Hub] Connections: 8
[Topology][Flow] Generating flow layout
[Topology][Flow] Nodes: 9
[Topology][Flow] Connections: 8
[Topology][Hub] Generating hub layout
[Topology][Hub] Hub: Improve Delivery Reliability
[Topology][Hub] Satellites: 8
[Topology][Hub] Connections: 8
[Topology][Flow] Generating flow layout
[Topology][Flow] Nodes: 9
[Topology][Flow] Connections: 8
[Topology][Hub] Generating hub layout
[Topology][Hub] Hub: Improve Delivery Reliability
[Topology][Hub] Satellites: 8
[Topology][Hub] Connections: 8
[Topology][Flow] Generating flow layout
[Topology][Flow] Nodes: 9
[Topology][Flow] Connections: 8
[Topology][Hub] Generating hub layout
[Topology][Hub] Hub: Improve Delivery Reliability
[Topology][Hub] Satellites: 8
[Topology][Hub] Connections: 8
[Topology][Flow] Generating flow layout
[Topology][Flow] Nodes: 10
[Topology][Flow] Connections: 9
[Topology][Hub] Generating hub layout
[Topology][Hub] Hub: Improve Delivery Reliability
[Topology][Hub] Satellites: 9
[Topology][Hub] Connections: 9
[Topology][Flow] Generating flow layout
[Topology][Flow] Nodes: 10
[Topology][Flow] Connections: 9
[Topology][Hub] Generating hub layout
[Topology][Hub] Hub: Improve Delivery Reliability
[Topology][Hub] Satellites: 9
[Topology][Hub] Connections: 9
[Topology][Flow] Generating flow layout
[Topology][Flow] Nodes: 11
[Topology][Flow] Connections: 10
[Topology][Hub] Generating hub layout
[Topology][Hub] Hub: Improve Delivery Reliability
[Topology][Hub] Satellites: 10
[Topology][Hub] Connections: 10
[Topology][Flow] Generating flow layout
[Topology][Flow] Nodes: 11
[Topology][Flow] Connections: 10
[Topology][Hub] Generating hub layout
[Topology][Hub] Hub: Improve Delivery Reliability
[Topology][Hub] Satellites: 10
[Topology][Hub] Connections: 10
[Topology][Flow] Generating flow layout
[Topology][Flow] Nodes: 1
[Topology][Flow] Connections: 0
[Topology][Hub] Generating hub layout
[Topology][Hub] Hub: Sarah · Operations
[Topology][Hub] Satellites: 0
[Topology][Hub] Connections: 0
[Topology][Flow] Generating flow layout
[Topology][Flow] Nodes: 1
[Topology][Flow] Connections: 0
[Topology][Hub] Generating hub layout
[Topology][Hub] Hub: Sarah · Operations
[Topology][Hub] Satellites: 0
[Topology][Hub] Connections: 0
[Topology][Flow] Generating flow layout
[Topology][Flow] Nodes: 1
[Topology][Flow] Connections: 0
[Topology][Flow] Generating flow layout
[Topology][Flow] Nodes: 1
[Topology][Flow] Connections: 0
[Topology][Flow] Generating flow layout
[Topology][Flow] Nodes: 2
[Topology][Flow] Connections: 1
[Topology][Hub] Generating hub layout
[Topology][Hub] Hub: Improve Delivery Reliability
[Topology][Hub] Satellites: 1
[Topology][Hub] Connections: 1
[Topology][Flow] Generating flow layout
[Topology][Flow] Nodes: 2
[Topology][Flow] Connections: 1
[Topology][Hub] Generating hub layout
[Topology][Hub] Hub: Improve Delivery Reliability
[Topology][Hub] Satellites: 1
[Topology][Hub] Connections: 1
[Topology][Flow] Generating flow layout
[Topology][Flow] Nodes: 4
[Topology][Flow] Connections: 3
[Topology][Hub] Generating hub layout
[Topology][Hub] Hub: Improve Delivery Reliability
[Topology][Hub] Satellites: 3
[Topology][Hub] Connections: 3
[Topology][Flow] Generating flow layout
[Topology][Flow] Nodes: 4
[Topology][Flow] Connections: 3
[Topology][Hub] Generating hub layout
[Topology][Hub] Hub: Improve Delivery Reliability
[Topology][Hub] Satellites: 3
[Topology][Hub] Connections: 3
[Topology][Flow] Generating flow layout
[Topology][Flow] Nodes: 5
[Topology][Flow] Connections: 4
[Topology][Hub] Generating hub layout
[Topology][Hub] Hub: Improve Delivery Reliability
[Topology][Hub] Satellites: 4
[Topology][Hub] Connections: 4
[Topology][Flow] Generating flow layout
[Topology][Flow] Nodes: 5
[Topology][Flow] Connections: 4
[Topology][Hub] Generating hub layout
[Topology][Hub] Hub: Improve Delivery Reliability
[Topology][Hub] Satellites: 4
[Topology][Hub] Connections: 4
[Topology][Flow] Generating flow layout
[Topology][Flow] Nodes: 5
[Topology][Flow] Connections: 4
[Topology][Hub] Generating hub layout
[Topology][Hub] Hub: Improve Delivery Reliability
[Topology][Hub] Satellites: 4
[Topology][Hub] Connections: 4
[Topology][Flow] Generating flow layout
[Topology][Flow] Nodes: 6
[Topology][Flow] Connections: 5
[Topology][Hub] Generating hub layout
[Topology][Hub] Hub: Improve Delivery Reliability
[Topology][Hub] Satellites: 5
[Topology][Hub] Connections: 5
[Topology][Flow] Generating flow layout
[Topology][Flow] Nodes: 6
[Topology][Flow] Connections: 5
[Topology][Hub] Generating hub layout
[Topology][Hub] Hub: Improve Delivery Reliability
[Topology][Hub] Satellites: 5
[Topology][Hub] Connections: 5
[Topology][Flow] Generating flow layout
[Topology][Flow] Nodes: 7
[Topology][Flow] Connections: 6
[Topology][Hub] Generating hub layout
[Topology][Hub] Hub: Improve Delivery Reliability
[Topology][Hub] Satellites: 6
[Topology][Hub] Connections: 6
[Topology][Flow] Generating flow layout
[Topology][Flow] Nodes: 7
[Topology][Flow] Connections: 6
[Topology][Hub] Generating hub layout
[Topology][Hub] Hub: Improve Delivery Reliability
[Topology][Hub] Satellites: 6
[Topology][Hub] Connections: 6
[Topology][Flow] Generating flow layout
[Topology][Flow] Nodes: 1
[Topology][Flow] Connections: 0
[Topology][Hub] Generating hub layout
[Topology][Hub] Hub: Sarah · Operations
[Topology][Hub] Satellites: 0
[Topology][Hub] Connections: 0
[Topology][Flow] Generating flow layout
[Topology][Flow] Nodes: 1
[Topology][Flow] Connections: 0
[Topology][Hub] Generating hub layout
[Topology][Hub] Hub: Sarah · Operations
[Topology][Hub] Satellites: 0
[Topology][Hub] Connections: 0
[Topology][Flow] Generating flow layout
[Topology][Flow] Nodes: 1
[Topology][Flow] Connections: 0
[Topology][Flow] Generating flow layout
[Topology][Flow] Nodes: 1
[Topology][Flow] Connections: 0
[Topology][Flow] Generating flow layout
[Topology][Flow] Nodes: 2
[Topology][Flow] Connections: 1
[Topology][Hub] Generating hub layout
[Topology][Hub] Hub: Improve Delivery Reliability
[Topology][Hub] Satellites: 1
[Topology][Hub] Connections: 1
[Topology][Flow] Generating flow layout
[Topology][Flow] Nodes: 2
[Topology][Flow] Connections: 1
[Topology][Hub] Generating hub layout
[Topology][Hub] Hub: Improve Delivery Reliability
[Topology][Hub] Satellites: 1
[Topology][Hub] Connections: 1
[Topology][Flow] Generating flow layout
[Topology][Flow] Nodes: 4
[Topology][Flow] Connections: 3
[Topology][Hub] Generating hub layout
[Topology][Hub] Hub: Improve Delivery Reliability
[Topology][Hub] Satellites: 3
[Topology][Hub] Connections: 3
[Topology][Flow] Generating flow layout
[Topology][Flow] Nodes: 4
[Topology][Flow] Connections: 3
[Topology][Hub] Generating hub layout
[Topology][Hub] Hub: Improve Delivery Reliability
[Topology][Hub] Satellites: 3
[Topology][Hub] Connections: 3
[Topology][Flow] Generating flow layout
[Topology][Flow] Nodes: 5
[Topology][Flow] Connections: 4
[Topology][Hub] Generating hub layout
[Topology][Hub] Hub: Improve Delivery Reliability
[Topology][Hub] Satellites: 4
[Topology][Hub] Connections: 4
[Topology][Flow] Generating flow layout
[Topology][Flow] Nodes: 5
[Topology][Flow] Connections: 4
[Topology][Hub] Generating hub layout
[Topology][Hub] Hub: Improve Delivery Reliability
[Topology][Hub] Satellites: 4
[Topology][Hub] Connections: 4
[Topology][Flow] Generating flow layout
[Topology][Flow] Nodes: 5
[Topology][Flow] Connections: 4
[Topology][Hub] Generating hub layout
[Topology][Hub] Hub: Improve Delivery Reliability
[Topology][Hub] Satellites: 4
[Topology][Hub] Connections: 4
[Topology][Flow] Generating flow layout
[Topology][Flow] Nodes: 6
[Topology][Flow] Connections: 5
[Topology][Hub] Generating hub layout
[Topology][Hub] Hub: Improve Delivery Reliability
[Topology][Hub] Satellites: 5
[Topology][Hub] Connections: 5
[Topology][Flow] Generating flow layout
[Topology][Flow] Nodes: 6
[Topology][Flow] Connections: 5
[Topology][Hub] Generating hub layout
[Topology][Hub] Hub: Improve Delivery Reliability
[Topology][Hub] Satellites: 5
[Topology][Hub] Connections: 5
[Topology][Flow] Generating flow layout
[Topology][Flow] Nodes: 7
[Topology][Flow] Connections: 6
[Topology][Hub] Generating hub layout
[Topology][Hub] Hub: Improve Delivery Reliability
[Topology][Hub] Satellites: 6
[Topology][Hub] Connections: 6
[Topology][Flow] Generating flow layout
[Topology][Flow] Nodes: 7
[Topology][Flow] Connections: 6
[Topology][Hub] Generating hub layout
[Topology][Hub] Hub: Improve Delivery Reliability
[Topology][Hub] Satellites: 6
[Topology][Hub] Connections: 6
[Topology][Flow] Generating flow layout
[Topology][Flow] Nodes: 7
[Topology][Flow] Connections: 6
[Topology][Hub] Generating hub layout
[Topology][Hub] Hub: Improve Delivery Reliability
[Topology][Hub] Satellites: 6
[Topology][Hub] Connections: 6
[Topology][Flow] Generating flow layout
[Topology][Flow] Nodes: 7
[Topology][Flow] Connections: 6
[Topology][Hub] Generating hub layout
[Topology][Hub] Hub: Improve Delivery Reliability
[Topology][Hub] Satellites: 6
[Topology][Hub] Connections: 6
[Topology][Flow] Generating flow layout
[Topology][Flow] Nodes: 7
[Topology][Flow] Connections: 6
[Topology][Hub] Generating hub layout
[Topology][Hub] Hub: Improve Delivery Reliability
[Topology][Hub] Satellites: 6
[Topology][Hub] Connections: 6
[Topology][Flow] Generating flow layout
[Topology][Flow] Nodes: 7
[Topology][Flow] Connections: 6
[Topology][Hub] Generating hub layout
[Topology][Hub] Hub: Improve Delivery Reliability
[Topology][Hub] Satellites: 6
[Topology][Hub] Connections: 6
[Topology][Flow] Generating flow layout
[Topology][Flow] Nodes: 8
[Topology][Flow] Connections: 7
[Topology][Hub] Generating hub layout
[Topology][Hub] Hub: Improve Delivery Reliability
[Topology][Hub] Satellites: 7
[Topology][Hub] Connections: 7
[Topology][Flow] Generating flow layout
[Topology][Flow] Nodes: 1
[Topology][Flow] Connections: 0
[Topology][Hub] Generating hub layout
[Topology][Hub] Hub: Sarah · Operations
[Topology][Hub] Satellites: 0
[Topology][Hub] Connections: 0
[Topology][Flow] Generating flow layout
[Topology][Flow] Nodes: 1
[Topology][Flow] Connections: 0
[Topology][Hub] Generating hub layout
[Topology][Hub] Hub: Sarah · Operations
[Topology][Hub] Satellites: 0
[Topology][Hub] Connections: 0
[Topology][Flow] Generating flow layout
[Topology][Flow] Nodes: 1
[Topology][Flow] Connections: 0
[Topology][Flow] Generating flow layout
[Topology][Flow] Nodes: 1
[Topology][Flow] Connections: 0
[Topology][Flow] Generating flow layout
[Topology][Flow] Nodes: 2
[Topology][Flow] Connections: 1
[Topology][Hub] Generating hub layout
[Topology][Hub] Hub: Improve Delivery Reliability
[Topology][Hub] Satellites: 1
[Topology][Hub] Connections: 1
[Topology][Flow] Generating flow layout
[Topology][Flow] Nodes: 2
[Topology][Flow] Connections: 1
[Topology][Hub] Generating hub layout
[Topology][Hub] Hub: Improve Delivery Reliability
[Topology][Hub] Satellites: 1
[Topology][Hub] Connections: 1
[Topology][Flow] Generating flow layout
[Topology][Flow] Nodes: 4
[Topology][Flow] Connections: 3
[Topology][Hub] Generating hub layout
[Topology][Hub] Hub: Improve Delivery Reliability
[Topology][Hub] Satellites: 3
[Topology][Hub] Connections: 3
[Topology][Flow] Generating flow layout
[Topology][Flow] Nodes: 4
[Topology][Flow] Connections: 3
[Topology][Hub] Generating hub layout
[Topology][Hub] Hub: Improve Delivery Reliability
[Topology][Hub] Satellites: 3
[Topology][Hub] Connections: 3
[Topology][Flow] Generating flow layout
[Topology][Flow] Nodes: 5
[Topology][Flow] Connections: 4
[Topology][Hub] Generating hub layout
[Topology][Hub] Hub: Improve Delivery Reliability
[Topology][Hub] Satellites: 4
[Topology][Hub] Connections: 4
[Topology][Flow] Generating flow layout
[Topology][Flow] Nodes: 5
[Topology][Flow] Connections: 4
[Topology][Hub] Generating hub layout
[Topology][Hub] Hub: Improve Delivery Reliability
[Topology][Hub] Satellites: 4
[Topology][Hub] Connections: 4
[Topology][Flow] Generating flow layout
[Topology][Flow] Nodes: 5
[Topology][Flow] Connections: 4
[Topology][Hub] Generating hub layout
[Topology][Hub] Hub: Improve Delivery Reliability
[Topology][Hub] Satellites: 4
[Topology][Hub] Connections: 4
[Topology][Flow] Generating flow layout
[Topology][Flow] Nodes: 6
[Topology][Flow] Connections: 5
[Topology][Hub] Generating hub layout
[Topology][Hub] Hub: Improve Delivery Reliability
[Topology][Hub] Satellites: 5
[Topology][Hub] Connections: 5
[Topology][Flow] Generating flow layout
[Topology][Flow] Nodes: 6
[Topology][Flow] Connections: 5
[Topology][Hub] Generating hub layout
[Topology][Hub] Hub: Improve Delivery Reliability
[Topology][Hub] Satellites: 5
[Topology][Hub] Connections: 5
[Topology][Flow] Generating flow layout
[Topology][Flow] Nodes: 7
[Topology][Flow] Connections: 6
[Topology][Hub] Generating hub layout
[Topology][Hub] Hub: Improve Delivery Reliability
[Topology][Hub] Satellites: 6
[Topology][Hub] Connections: 6
[Topology][Flow] Generating flow layout
[Topology][Flow] Nodes: 7
[Topology][Flow] Connections: 6
[Topology][Hub] Generating hub layout
[Topology][Hub] Hub: Improve Delivery Reliability
[Topology][Hub] Satellites: 6
[Topology][Hub] Connections: 6
[Topology][Flow] Generating flow layout
[Topology][Flow] Nodes: 7
[Topology][Flow] Connections: 6
[Topology][Hub] Generating hub layout
[Topology][Hub] Hub: Improve Delivery Reliability
[Topology][Hub] Satellites: 6
[Topology][Hub] Connections: 6
[Topology][Flow] Generating flow layout
[Topology][Flow] Nodes: 7
[Topology][Flow] Connections: 6
[Topology][Hub] Generating hub layout
[Topology][Hub] Hub: Improve Delivery Reliability
[Topology][Hub] Satellites: 6
[Topology][Hub] Connections: 6
[Topology][Flow] Generating flow layout
[Topology][Flow] Nodes: 7
[Topology][Flow] Connections: 6
[Topology][Hub] Generating hub layout
[Topology][Hub] Hub: Improve Delivery Reliability
[Topology][Hub] Satellites: 6
[Topology][Hub] Connections: 6
[Topology][Flow] Generating flow layout
[Topology][Flow] Nodes: 7
[Topology][Flow] Connections: 6
[Topology][Hub] Generating hub layout
[Topology][Hub] Hub: Improve Delivery Reliability
[Topology][Hub] Satellites: 6
[Topology][Hub] Connections: 6
[Topology][Flow] Generating flow layout
[Topology][Flow] Nodes: 8
[Topology][Flow] Connections: 7
[Topology][Hub] Generating hub layout
[Topology][Hub] Hub: Improve Delivery Reliability
[Topology][Hub] Satellites: 7
[Topology][Hub] Connections: 7
[Topology][Flow] Generating flow layout
[Topology][Flow] Nodes: 9
[Topology][Flow] Connections: 8
[Topology][Hub] Generating hub layout
[Topology][Hub] Hub: Improve Delivery Reliability
[Topology][Hub] Satellites: 8
[Topology][Hub] Connections: 8
[Topology][Flow] Generating flow layout
[Topology][Flow] Nodes: 9
[Topology][Flow] Connections: 8
[Topology][Hub] Generating hub layout
[Topology][Hub] Hub: Improve Delivery Reliability
[Topology][Hub] Satellites: 8
[Topology][Hub] Connections: 8
[Topology][Flow] Generating flow layout
[Topology][Flow] Nodes: 9
[Topology][Flow] Connections: 8
[Topology][Hub] Generating hub layout
[Topology][Hub] Hub: Improve Delivery Reliability
[Topology][Hub] Satellites: 8
[Topology][Hub] Connections: 8
[Topology][Flow] Generating flow layout
[Topology][Flow] Nodes: 9
[Topology][Flow] Connections: 8
[Topology][Hub] Generating hub layout
[Topology][Hub] Hub: Improve Delivery Reliability
[Topology][Hub] Satellites: 8
[Topology][Hub] Connections: 8
[Topology][Flow] Generating flow layout
[Topology][Flow] Nodes: 9
[Topology][Flow] Connections: 8
[Topology][Hub] Generating hub layout
[Topology][Hub] Hub: Improve Delivery Reliability
[Topology][Hub] Satellites: 8
[Topology][Hub] Connections: 8
[Topology][Flow] Generating flow layout
[Topology][Flow] Nodes: 8
[Topology][Flow] Connections: 7
[Topology][Flow] Generating flow layout
[Topology][Flow] Nodes: 2
[Topology][Flow] Connections: 1
[Topology][Flow] Generating flow layout
[Topology][Flow] Nodes: 1
[Topology][Flow] Connections: 0
[Topology][Hub] Generating hub layout
[Topology][Hub] Hub: Nexora
[Topology][Hub] Satellites: 0
[Topology][Hub] Connections: 0
[Topology][Flow] Generating flow layout
[Topology][Flow] Nodes: 1
[Topology][Flow] Connections: 0
[Topology][Flow] Generating flow layout
[Topology][Flow] Nodes: 1
[Topology][Flow] Connections: 0
[Topology][Flow] Generating flow layout
[Topology][Flow] Nodes: 1
[Topology][Flow] Connections: 0
[Topology][Hub] Generating hub layout
[Topology][Hub] Hub: Nexora
[Topology][Hub] Satellites: 0
[Topology][Hub] Connections: 0
[Topology][Flow] Generating flow layout
[Topology][Flow] Nodes: 1
[Topology][Flow] Connections: 0
[Topology][Flow] Generating flow layout
[Topology][Flow] Nodes: 1
[Topology][Flow] Connections: 0
[Topology][Flow] Generating flow layout
[Topology][Flow] Nodes: 1
[Topology][Flow] Connections: 0
[Topology][Hub] Generating hub layout
[Topology][Hub] Hub: Nexora
[Topology][Hub] Satellites: 0
[Topology][Hub] Connections: 0
[Topology][Flow] Generating flow layout
[Topology][Flow] Nodes: 1
[Topology][Flow] Connections: 0
[Topology][Hub] Generating hub layout
[Topology][Hub] Hub: Nexora
[Topology][Hub] Satellites: 0
[Topology][Hub] Connections: 0
▶ NEX-E2E:1 Full Executive Experience
  ✔ identity is certification, not NEX-EXP:11 (1.039042ms)
  ✔ completes one continuous first-time loop with safety and continuity (1474.959791ms)
  ✔ does not auto-commit or auto-start, and does not promote PREDICTED to KNOWN (347.076708ms)
  ✔ existing workspace is not first-time restrained (22.996375ms)
  ✔ generic domains reuse the same architecture (20.741083ms)
  ✔ source-inspects no parallel Advisor/Stage/EXP:11 and overlay z=0 (2.029583ms)
✔ NEX-E2E:1 Full Executive Experience (1870.03825ms)
[Topology][Flow] Generating flow layout
[Topology][Flow] Nodes: 1
[Topology][Flow] Connections: 0
[Topology][Hub] Generating hub layout
[Topology][Hub] Hub: Nexora
[Topology][Hub] Satellites: 0
[Topology][Hub] Connections: 0
[Topology][Flow] Generating flow layout
[Topology][Flow] Nodes: 1
[Topology][Flow] Connections: 0
[Topology][Hub] Generating hub layout
[Topology][Hub] Hub: Nexora
[Topology][Hub] Satellites: 0
[Topology][Hub] Connections: 0
[Topology][Flow] Generating flow layout
[Topology][Flow] Nodes: 1
[Topology][Flow] Connections: 0
[Topology][Flow] Generating flow layout
[Topology][Flow] Nodes: 1
[Topology][Flow] Connections: 0
[Topology][Flow] Generating flow layout
[Topology][Flow] Nodes: 8
[Topology][Flow] Connections: 7
[Topology][Flow] Generating flow layout
[Topology][Flow] Nodes: 2
[Topology][Flow] Connections: 1
[Topology][Flow] Generating flow layout
[Topology][Flow] Nodes: 1
[Topology][Flow] Connections: 0
[Topology][Hub] Generating hub layout
[Topology][Hub] Hub: Nexora
[Topology][Hub] Satellites: 0
[Topology][Hub] Connections: 0
[Topology][Flow] Generating flow layout
[Topology][Flow] Nodes: 1
[Topology][Flow] Connections: 0
[Topology][Hub] Generating hub layout
[Topology][Hub] Hub: Nexora
[Topology][Hub] Satellites: 0
[Topology][Hub] Connections: 0
[Topology][Flow] Generating flow layout
[Topology][Flow] Nodes: 1
[Topology][Flow] Connections: 0
[Topology][Hub] Generating hub layout
[Topology][Hub] Hub: Nexora
[Topology][Hub] Satellites: 0
[Topology][Hub] Connections: 0
▶ NEX-EXP:1 Nexora Entrance & Manager Identity
  ✔ identity and boundary (1.802708ms)
  ✔ 1 completely new user starts with Nexora at center (4.958333ms)
  ✔ 2 name only remains partial and asks useful work question (6.789125ms)
  ✔ 3 company only remains partial (0.711417ms)
  ✔ 4 role plus domain is sufficient (0.384125ms)
  ✔ 5 one sentence can be sufficient (1.289459ms)
  ✔ 6 identity can accumulate across turns (213.23625ms)
  ✔ 7 optional skills may be omitted (0.540958ms)
  ✔ 8 inferred domain is not presented as a known fact (0.458875ms)
  ✔ 9 explicit correction outranks inferred domain (1.08675ms)
  ✔ 10-11 early goal signal is preserved for handoff and not persisted as a Goal (3.23775ms)
  ✔ 12 returning sufficient context skips redundant introduction (0.6ms)
  ✔ 13 existing workspace is not replaced (44.882125ms)
  ✔ 14 unknown fields remain unknown and 15 no fake identity facts (0.479208ms)
  ✔ 16 does not collect unnecessary personal data (0.82525ms)
  ✔ personal identity, executive context, and current work stay separate (0.264917ms)
  ✔ does not re-ask known name after it is established (23.557292ms)
  ✔ first-time greet uses entrance intro rather than Hi I'm ready (10.269958ms)
  ✔ goal extract helper is generic (0.374708ms)
  ✔ generic engine has no hardcoded manager/company names (1.3305ms)
  ✔ Stage transition uses select authority and keeps z = 0 topology (0.672875ms)
  ✔ sufficiency helper matches WHO + work + domain (0.0885ms)
✔ NEX-EXP:1 Nexora Entrance & Manager Identity (319.88625ms)
[Topology][Flow] Generating flow layout
[Topology][Flow] Nodes: 1
[Topology][Flow] Connections: 0
[Topology][Flow] Generating flow layout
[Topology][Flow] Nodes: 1
[Topology][Flow] Connections: 0
[Topology][Flow] Generating flow layout
[Topology][Flow] Nodes: 1
[Topology][Flow] Connections: 0
[Topology][Flow] Generating flow layout
[Topology][Flow] Nodes: 1
[Topology][Flow] Connections: 0
[Topology][Flow] Generating flow layout
[Topology][Flow] Nodes: 2
[Topology][Flow] Connections: 1
[Topology][Hub] Generating hub layout
[Topology][Hub] Hub: Improve Delivery Reliability
[Topology][Hub] Satellites: 1
[Topology][Hub] Connections: 1
[Topology][Flow] Generating flow layout
[Topology][Flow] Nodes: 2
[Topology][Flow] Connections: 1
[Topology][Hub] Generating hub layout
[Topology][Hub] Hub: Improve Delivery Reliability
[Topology][Hub] Satellites: 1
[Topology][Hub] Connections: 1
[Topology][Flow] Generating flow layout
[Topology][Flow] Nodes: 4
[Topology][Flow] Connections: 3
[Topology][Hub] Generating hub layout
[Topology][Hub] Hub: Improve Delivery Reliability
[Topology][Hub] Satellites: 3
[Topology][Hub] Connections: 3
[Topology][Flow] Generating flow layout
[Topology][Flow] Nodes: 5
[Topology][Flow] Connections: 4
[Topology][Hub] Generating hub layout
[Topology][Hub] Hub: Improve Delivery Reliability
[Topology][Hub] Satellites: 4
[Topology][Hub] Connections: 4
[Topology][Flow] Generating flow layout
[Topology][Flow] Nodes: 5
[Topology][Flow] Connections: 4
[Topology][Hub] Generating hub layout
[Topology][Hub] Hub: Improve Delivery Reliability
[Topology][Hub] Satellites: 4
[Topology][Hub] Connections: 4
[Topology][Flow] Generating flow layout
[Topology][Flow] Nodes: 6
[Topology][Flow] Connections: 5
[Topology][Hub] Generating hub layout
[Topology][Hub] Hub: Improve Delivery Reliability
[Topology][Hub] Satellites: 5
[Topology][Hub] Connections: 5
[Topology][Flow] Generating flow layout
[Topology][Flow] Nodes: 7
[Topology][Flow] Connections: 6
[Topology][Hub] Generating hub layout
[Topology][Hub] Hub: Improve Delivery Reliability
[Topology][Hub] Satellites: 6
[Topology][Hub] Connections: 6
[Topology][Flow] Generating flow layout
[Topology][Flow] Nodes: 7
[Topology][Flow] Connections: 6
[Topology][Hub] Generating hub layout
[Topology][Hub] Hub: Improve Delivery Reliability
[Topology][Hub] Satellites: 6
[Topology][Hub] Connections: 6
[Topology][Flow] Generating flow layout
[Topology][Flow] Nodes: 7
[Topology][Flow] Connections: 6
[Topology][Hub] Generating hub layout
[Topology][Hub] Hub: Improve Delivery Reliability
[Topology][Hub] Satellites: 6
[Topology][Hub] Connections: 6
[Topology][Flow] Generating flow layout
[Topology][Flow] Nodes: 7
[Topology][Flow] Connections: 6
[Topology][Hub] Generating hub layout
[Topology][Hub] Hub: Improve Delivery Reliability
[Topology][Hub] Satellites: 6
[Topology][Hub] Connections: 6
[Topology][Flow] Generating flow layout
[Topology][Flow] Nodes: 7
[Topology][Flow] Connections: 6
[Topology][Hub] Generating hub layout
[Topology][Hub] Hub: Improve Delivery Reliability
[Topology][Hub] Satellites: 6
[Topology][Hub] Connections: 6
[Topology][Flow] Generating flow layout
[Topology][Flow] Nodes: 1
[Topology][Flow] Connections: 0
[Topology][Flow] Generating flow layout
[Topology][Flow] Nodes: 1
[Topology][Flow] Connections: 0
[Topology][Flow] Generating flow layout
[Topology][Flow] Nodes: 2
[Topology][Flow] Connections: 1
[Topology][Hub] Generating hub layout
[Topology][Hub] Hub: Improve Delivery Reliability
[Topology][Hub] Satellites: 1
[Topology][Hub] Connections: 1
[Topology][Flow] Generating flow layout
[Topology][Flow] Nodes: 2
[Topology][Flow] Connections: 1
[Topology][Hub] Generating hub layout
[Topology][Hub] Hub: Improve Delivery Reliability
[Topology][Hub] Satellites: 1
[Topology][Hub] Connections: 1
[Topology][Flow] Generating flow layout
[Topology][Flow] Nodes: 4
[Topology][Flow] Connections: 3
[Topology][Hub] Generating hub layout
[Topology][Hub] Hub: Improve Delivery Reliability
[Topology][Hub] Satellites: 3
[Topology][Hub] Connections: 3
[Topology][Flow] Generating flow layout
[Topology][Flow] Nodes: 5
[Topology][Flow] Connections: 4
[Topology][Hub] Generating hub layout
[Topology][Hub] Hub: Improve Delivery Reliability
[Topology][Hub] Satellites: 4
[Topology][Hub] Connections: 4
[Topology][Flow] Generating flow layout
[Topology][Flow] Nodes: 5
[Topology][Flow] Connections: 4
[Topology][Hub] Generating hub layout
[Topology][Hub] Hub: Improve Delivery Reliability
[Topology][Hub] Satellites: 4
[Topology][Hub] Connections: 4
[Topology][Flow] Generating flow layout
[Topology][Flow] Nodes: 6
[Topology][Flow] Connections: 5
[Topology][Hub] Generating hub layout
[Topology][Hub] Hub: Improve Delivery Reliability
[Topology][Hub] Satellites: 5
[Topology][Hub] Connections: 5
[Topology][Flow] Generating flow layout
[Topology][Flow] Nodes: 7
[Topology][Flow] Connections: 6
[Topology][Hub] Generating hub layout
[Topology][Hub] Hub: Improve Delivery Reliability
[Topology][Hub] Satellites: 6
[Topology][Hub] Connections: 6
[Topology][Flow] Generating flow layout
[Topology][Flow] Nodes: 7
[Topology][Flow] Connections: 6
[Topology][Hub] Generating hub layout
[Topology][Hub] Hub: Improve Delivery Reliability
[Topology][Hub] Satellites: 6
[Topology][Hub] Connections: 6
[Topology][Flow] Generating flow layout
[Topology][Flow] Nodes: 7
[Topology][Flow] Connections: 6
[Topology][Hub] Generating hub layout
[Topology][Hub] Hub: Improve Delivery Reliability
[Topology][Hub] Satellites: 6
[Topology][Hub] Connections: 6
[Topology][Flow] Generating flow layout
[Topology][Flow] Nodes: 7
[Topology][Flow] Connections: 6
[Topology][Hub] Generating hub layout
[Topology][Hub] Hub: Improve Delivery Reliability
[Topology][Hub] Satellites: 6
[Topology][Hub] Connections: 6
[Topology][Flow] Generating flow layout
[Topology][Flow] Nodes: 7
[Topology][Flow] Connections: 6
[Topology][Hub] Generating hub layout
[Topology][Hub] Hub: Improve Delivery Reliability
[Topology][Hub] Satellites: 6
[Topology][Hub] Connections: 6
[Topology][Flow] Generating flow layout
[Topology][Flow] Nodes: 8
[Topology][Flow] Connections: 7
[Topology][Hub] Generating hub layout
[Topology][Hub] Hub: Improve Delivery Reliability
[Topology][Hub] Satellites: 7
[Topology][Hub] Connections: 7
[Topology][Flow] Generating flow layout
[Topology][Flow] Nodes: 9
[Topology][Flow] Connections: 8
[Topology][Hub] Generating hub layout
[Topology][Hub] Hub: Improve Delivery Reliability
[Topology][Hub] Satellites: 8
[Topology][Hub] Connections: 8
[Topology][Flow] Generating flow layout
[Topology][Flow] Nodes: 9
[Topology][Flow] Connections: 8
[Topology][Hub] Generating hub layout
[Topology][Hub] Hub: Improve Delivery Reliability
[Topology][Hub] Satellites: 8
[Topology][Hub] Connections: 8
[Topology][Flow] Generating flow layout
[Topology][Flow] Nodes: 9
[Topology][Flow] Connections: 8
[Topology][Hub] Generating hub layout
[Topology][Hub] Hub: Improve Delivery Reliability
[Topology][Hub] Satellites: 8
[Topology][Hub] Connections: 8
[Topology][Flow] Generating flow layout
[Topology][Flow] Nodes: 9
[Topology][Flow] Connections: 8
[Topology][Hub] Generating hub layout
[Topology][Hub] Hub: Improve Delivery Reliability
[Topology][Hub] Satellites: 8
[Topology][Hub] Connections: 8
[Topology][Flow] Generating flow layout
[Topology][Flow] Nodes: 9
[Topology][Flow] Connections: 8
[Topology][Hub] Generating hub layout
[Topology][Hub] Hub: Improve Delivery Reliability
[Topology][Hub] Satellites: 8
[Topology][Hub] Connections: 8
[Topology][Flow] Generating flow layout
[Topology][Flow] Nodes: 9
[Topology][Flow] Connections: 8
[Topology][Hub] Generating hub layout
[Topology][Hub] Hub: Improve Delivery Reliability
[Topology][Hub] Satellites: 8
[Topology][Hub] Connections: 8
[Topology][Flow] Generating flow layout
[Topology][Flow] Nodes: 9
[Topology][Flow] Connections: 8
[Topology][Hub] Generating hub layout
[Topology][Hub] Hub: Improve Delivery Reliability
[Topology][Hub] Satellites: 8
[Topology][Hub] Connections: 8
[Topology][Flow] Generating flow layout
[Topology][Flow] Nodes: 1
[Topology][Flow] Connections: 0
[Topology][Flow] Generating flow layout
[Topology][Flow] Nodes: 1
[Topology][Flow] Connections: 0
[Topology][Flow] Generating flow layout
[Topology][Flow] Nodes: 2
[Topology][Flow] Connections: 1
[Topology][Hub] Generating hub layout
[Topology][Hub] Hub: Improve Delivery Reliability
[Topology][Hub] Satellites: 1
[Topology][Hub] Connections: 1
[Topology][Flow] Generating flow layout
[Topology][Flow] Nodes: 2
[Topology][Flow] Connections: 1
[Topology][Hub] Generating hub layout
[Topology][Hub] Hub: Improve Delivery Reliability
[Topology][Hub] Satellites: 1
[Topology][Hub] Connections: 1
[Topology][Flow] Generating flow layout
[Topology][Flow] Nodes: 4
[Topology][Flow] Connections: 3
[Topology][Hub] Generating hub layout
[Topology][Hub] Hub: Improve Delivery Reliability
[Topology][Hub] Satellites: 3
[Topology][Hub] Connections: 3
[Topology][Flow] Generating flow layout
[Topology][Flow] Nodes: 5
[Topology][Flow] Connections: 4
[Topology][Hub] Generating hub layout
[Topology][Hub] Hub: Improve Delivery Reliability
[Topology][Hub] Satellites: 4
[Topology][Hub] Connections: 4
[Topology][Flow] Generating flow layout
[Topology][Flow] Nodes: 5
[Topology][Flow] Connections: 4
[Topology][Hub] Generating hub layout
[Topology][Hub] Hub: Improve Delivery Reliability
[Topology][Hub] Satellites: 4
[Topology][Hub] Connections: 4
[Topology][Flow] Generating flow layout
[Topology][Flow] Nodes: 6
[Topology][Flow] Connections: 5
[Topology][Hub] Generating hub layout
[Topology][Hub] Hub: Improve Delivery Reliability
[Topology][Hub] Satellites: 5
[Topology][Hub] Connections: 5
[Topology][Flow] Generating flow layout
[Topology][Flow] Nodes: 7
[Topology][Flow] Connections: 6
[Topology][Hub] Generating hub layout
[Topology][Hub] Hub: Improve Delivery Reliability
[Topology][Hub] Satellites: 6
[Topology][Hub] Connections: 6
[Topology][Flow] Generating flow layout
[Topology][Flow] Nodes: 7
[Topology][Flow] Connections: 6
[Topology][Hub] Generating hub layout
[Topology][Hub] Hub: Improve Delivery Reliability
[Topology][Hub] Satellites: 6
[Topology][Hub] Connections: 6
[Topology][Flow] Generating flow layout
[Topology][Flow] Nodes: 7
[Topology][Flow] Connections: 6
[Topology][Hub] Generating hub layout
[Topology][Hub] Hub: Improve Delivery Reliability
[Topology][Hub] Satellites: 6
[Topology][Hub] Connections: 6
[Topology][Flow] Generating flow layout
[Topology][Flow] Nodes: 7
[Topology][Flow] Connections: 6
[Topology][Hub] Generating hub layout
[Topology][Hub] Hub: Improve Delivery Reliability
[Topology][Hub] Satellites: 6
[Topology][Hub] Connections: 6
[Topology][Flow] Generating flow layout
[Topology][Flow] Nodes: 7
[Topology][Flow] Connections: 6
[Topology][Hub] Generating hub layout
[Topology][Hub] Hub: Improve Delivery Reliability
[Topology][Hub] Satellites: 6
[Topology][Hub] Connections: 6
[Topology][Flow] Generating flow layout
[Topology][Flow] Nodes: 8
[Topology][Flow] Connections: 7
[Topology][Hub] Generating hub layout
[Topology][Hub] Hub: Improve Delivery Reliability
[Topology][Hub] Satellites: 7
[Topology][Hub] Connections: 7
[Topology][Flow] Generating flow layout
[Topology][Flow] Nodes: 9
[Topology][Flow] Connections: 8
[Topology][Hub] Generating hub layout
[Topology][Hub] Hub: Improve Delivery Reliability
[Topology][Hub] Satellites: 8
[Topology][Hub] Connections: 8
[Topology][Flow] Generating flow layout
[Topology][Flow] Nodes: 9
[Topology][Flow] Connections: 8
[Topology][Hub] Generating hub layout
[Topology][Hub] Hub: Improve Delivery Reliability
[Topology][Hub] Satellites: 8
[Topology][Hub] Connections: 8
[Topology][Flow] Generating flow layout
[Topology][Flow] Nodes: 9
[Topology][Flow] Connections: 8
[Topology][Hub] Generating hub layout
[Topology][Hub] Hub: Improve Delivery Reliability
[Topology][Hub] Satellites: 8
[Topology][Hub] Connections: 8
[Topology][Flow] Generating flow layout
[Topology][Flow] Nodes: 9
[Topology][Flow] Connections: 8
[Topology][Hub] Generating hub layout
[Topology][Hub] Hub: Improve Delivery Reliability
[Topology][Hub] Satellites: 8
[Topology][Hub] Connections: 8
[Topology][Flow] Generating flow layout
[Topology][Flow] Nodes: 9
[Topology][Flow] Connections: 8
[Topology][Hub] Generating hub layout
[Topology][Hub] Hub: Improve Delivery Reliability
[Topology][Hub] Satellites: 8
[Topology][Hub] Connections: 8
[Topology][Flow] Generating flow layout
[Topology][Flow] Nodes: 1
[Topology][Flow] Connections: 0
[Topology][Flow] Generating flow layout
[Topology][Flow] Nodes: 1
[Topology][Flow] Connections: 0
[Topology][Flow] Generating flow layout
[Topology][Flow] Nodes: 2
[Topology][Flow] Connections: 1
[Topology][Hub] Generating hub layout
[Topology][Hub] Hub: Improve Delivery Reliability
[Topology][Hub] Satellites: 1
[Topology][Hub] Connections: 1
[Topology][Flow] Generating flow layout
[Topology][Flow] Nodes: 2
[Topology][Flow] Connections: 1
[Topology][Hub] Generating hub layout
[Topology][Hub] Hub: Improve Delivery Reliability
[Topology][Hub] Satellites: 1
[Topology][Hub] Connections: 1
[Topology][Flow] Generating flow layout
[Topology][Flow] Nodes: 4
[Topology][Flow] Connections: 3
[Topology][Hub] Generating hub layout
[Topology][Hub] Hub: Improve Delivery Reliability
[Topology][Hub] Satellites: 3
[Topology][Hub] Connections: 3
[Topology][Flow] Generating flow layout
[Topology][Flow] Nodes: 5
[Topology][Flow] Connections: 4
[Topology][Hub] Generating hub layout
[Topology][Hub] Hub: Improve Delivery Reliability
[Topology][Hub] Satellites: 4
[Topology][Hub] Connections: 4
[Topology][Flow] Generating flow layout
[Topology][Flow] Nodes: 5
[Topology][Flow] Connections: 4
[Topology][Hub] Generating hub layout
[Topology][Hub] Hub: Improve Delivery Reliability
[Topology][Hub] Satellites: 4
[Topology][Hub] Connections: 4
[Topology][Flow] Generating flow layout
[Topology][Flow] Nodes: 6
[Topology][Flow] Connections: 5
[Topology][Hub] Generating hub layout
[Topology][Hub] Hub: Improve Delivery Reliability
[Topology][Hub] Satellites: 5
[Topology][Hub] Connections: 5
[Topology][Flow] Generating flow layout
[Topology][Flow] Nodes: 7
[Topology][Flow] Connections: 6
[Topology][Hub] Generating hub layout
[Topology][Hub] Hub: Improve Delivery Reliability
[Topology][Hub] Satellites: 6
[Topology][Hub] Connections: 6
[Topology][Flow] Generating flow layout
[Topology][Flow] Nodes: 7
[Topology][Flow] Connections: 6
[Topology][Hub] Generating hub layout
[Topology][Hub] Hub: Improve Delivery Reliability
[Topology][Hub] Satellites: 6
[Topology][Hub] Connections: 6
[Topology][Flow] Generating flow layout
[Topology][Flow] Nodes: 7
[Topology][Flow] Connections: 6
[Topology][Hub] Generating hub layout
[Topology][Hub] Hub: Improve Delivery Reliability
[Topology][Hub] Satellites: 6
[Topology][Hub] Connections: 6
[Topology][Flow] Generating flow layout
[Topology][Flow] Nodes: 7
[Topology][Flow] Connections: 6
[Topology][Hub] Generating hub layout
[Topology][Hub] Hub: Improve Delivery Reliability
[Topology][Hub] Satellites: 6
[Topology][Hub] Connections: 6
[Topology][Flow] Generating flow layout
[Topology][Flow] Nodes: 7
[Topology][Flow] Connections: 6
[Topology][Hub] Generating hub layout
[Topology][Hub] Hub: Improve Delivery Reliability
[Topology][Hub] Satellites: 6
[Topology][Hub] Connections: 6
[Topology][Flow] Generating flow layout
[Topology][Flow] Nodes: 8
[Topology][Flow] Connections: 7
[Topology][Hub] Generating hub layout
[Topology][Hub] Hub: Improve Delivery Reliability
[Topology][Hub] Satellites: 7
[Topology][Hub] Connections: 7
[Topology][Flow] Generating flow layout
[Topology][Flow] Nodes: 8
[Topology][Flow] Connections: 7
[Topology][Hub] Generating hub layout
[Topology][Hub] Hub: Improve Delivery Reliability
[Topology][Hub] Satellites: 7
[Topology][Hub] Connections: 7
[Topology][Flow] Generating flow layout
[Topology][Flow] Nodes: 8
[Topology][Flow] Connections: 7
[Topology][Hub] Generating hub layout
[Topology][Hub] Hub: Improve Delivery Reliability
[Topology][Hub] Satellites: 7
[Topology][Hub] Connections: 7
[Topology][Flow] Generating flow layout
[Topology][Flow] Nodes: 8
[Topology][Flow] Connections: 7
[Topology][Hub] Generating hub layout
[Topology][Hub] Hub: Improve Delivery Reliability
[Topology][Hub] Satellites: 7
[Topology][Hub] Connections: 7
[Topology][Flow] Generating flow layout
[Topology][Flow] Nodes: 9
[Topology][Flow] Connections: 8
[Topology][Hub] Generating hub layout
[Topology][Hub] Hub: Improve Delivery Reliability
[Topology][Hub] Satellites: 8
[Topology][Hub] Connections: 8
[Topology][Flow] Generating flow layout
[Topology][Flow] Nodes: 9
[Topology][Flow] Connections: 8
[Topology][Hub] Generating hub layout
[Topology][Hub] Hub: Improve Delivery Reliability
[Topology][Hub] Satellites: 8
[Topology][Hub] Connections: 8
[Topology][Flow] Generating flow layout
[Topology][Flow] Nodes: 8
[Topology][Flow] Connections: 7
[Topology][Flow] Generating flow layout
[Topology][Flow] Nodes: 2
[Topology][Flow] Connections: 1
▶ NEX-EXP:8 Execution Planning & Commitment-to-Action
  ✔ identity, boundary, and reused authorities (0.910959ms)
  ✔ starts only at READY_FOR_EXECUTION_PLANNING and consumes EXP:7 handoff (482.129875ms)
  ✔ plan is explicit, owners unknown, and plan does not start execution (396.2435ms)
  ✔ confirmation is required and CC:11 is the sole start writer (236.372083ms)
  ✔ missing CC:11 does not fake start; scope and revision protections hold (221.688792ms)
  ✔ existing workspace is unaffected (33.126166ms)
  ✔ generic engine has no hardcoded domain branches (0.607959ms)
✔ NEX-EXP:8 Execution Planning & Commitment-to-Action (1372.234958ms)
[Topology][Flow] Generating flow layout
[Topology][Flow] Nodes: 1
[Topology][Flow] Connections: 0
[Topology][Flow] Generating flow layout
[Topology][Flow] Nodes: 1
[Topology][Flow] Connections: 0
[Topology][Flow] Generating flow layout
[Topology][Flow] Nodes: 1
[Topology][Flow] Connections: 0
[Topology][Hub] Generating hub layout
[Topology][Hub] Hub: Dana · Operations
[Topology][Hub] Satellites: 0
[Topology][Hub] Connections: 0
[Topology][Flow] Generating flow layout
[Topology][Flow] Nodes: 1
[Topology][Flow] Connections: 0
[Topology][Hub] Generating hub layout
[Topology][Hub] Hub: Dana · Operations
[Topology][Hub] Satellites: 0
[Topology][Hub] Connections: 0
[Topology][Flow] Generating flow layout
[Topology][Flow] Nodes: 1
[Topology][Flow] Connections: 0
[Topology][Flow] Generating flow layout
[Topology][Flow] Nodes: 1
[Topology][Flow] Connections: 0
[Topology][Flow] Generating flow layout
[Topology][Flow] Nodes: 1
[Topology][Flow] Connections: 0
[Topology][Flow] Generating flow layout
[Topology][Flow] Nodes: 1
[Topology][Flow] Connections: 0
[Topology][Flow] Generating flow layout
[Topology][Flow] Nodes: 2
[Topology][Flow] Connections: 1
[Topology][Hub] Generating hub layout
[Topology][Hub] Hub: Improve Delivery Reliability
[Topology][Hub] Satellites: 1
[Topology][Hub] Connections: 1
[Topology][Flow] Generating flow layout
[Topology][Flow] Nodes: 2
[Topology][Flow] Connections: 1
[Topology][Hub] Generating hub layout
[Topology][Hub] Hub: Improve Delivery Reliability
[Topology][Hub] Satellites: 1
[Topology][Hub] Connections: 1
[Topology][Flow] Generating flow layout
[Topology][Flow] Nodes: 1
[Topology][Flow] Connections: 0
[Topology][Hub] Generating hub layout
[Topology][Hub] Hub: Dana · Operations
[Topology][Hub] Satellites: 0
[Topology][Hub] Connections: 0
[Topology][Flow] Generating flow layout
[Topology][Flow] Nodes: 1
[Topology][Flow] Connections: 0
[Topology][Flow] Generating flow layout
[Topology][Flow] Nodes: 1
[Topology][Flow] Connections: 0
[Topology][Flow] Generating flow layout
[Topology][Flow] Nodes: 1
[Topology][Flow] Connections: 0
[Topology][Flow] Generating flow layout
[Topology][Flow] Nodes: 1
[Topology][Flow] Connections: 0
[Topology][Flow] Generating flow layout
[Topology][Flow] Nodes: 1
[Topology][Flow] Connections: 0
[Topology][Hub] Generating hub layout
[Topology][Hub] Hub: Dana · Operations
[Topology][Hub] Satellites: 0
[Topology][Hub] Connections: 0
[Topology][Flow] Generating flow layout
[Topology][Flow] Nodes: 1
[Topology][Flow] Connections: 0
[Topology][Flow] Generating flow layout
[Topology][Flow] Nodes: 1
[Topology][Flow] Connections: 0
[Topology][Flow] Generating flow layout
[Topology][Flow] Nodes: 2
[Topology][Flow] Connections: 1
[Topology][Hub] Generating hub layout
[Topology][Hub] Hub: Improve Delivery Reliability
[Topology][Hub] Satellites: 1
[Topology][Hub] Connections: 1
[Topology][Flow] Generating flow layout
[Topology][Flow] Nodes: 8
[Topology][Flow] Connections: 7
[Topology][Flow] Generating flow layout
[Topology][Flow] Nodes: 2
[Topology][Flow] Connections: 1
[Topology][Flow] Generating flow layout
[Topology][Flow] Nodes: 1
[Topology][Flow] Connections: 0
[Topology][Flow] Generating flow layout
[Topology][Flow] Nodes: 1
[Topology][Flow] Connections: 0
▶ NEX-EXP:2 Goal Discovery & Goal Object Emergence
  ✔ identity and boundary (0.89275ms)
  ✔ 1 clear explicit goal becomes the Stage center (148.376833ms)
  ✔ 2-3 ambiguous and broad goals do not emerge (41.876458ms)
  ✔ 4-7 target and deadline remain unknown unless stated (0.802125ms)
  ✔ 8 reuses NEX-EXP:1 goal signals (1.017875ms)
  ✔ 9-10 inferred wording requires confirmation (16.189625ms)
  ✔ 11-13 correction, refinement, and change (82.614041ms)
  ✔ 14-15 two goals and conflict stay unmerged (24.012542ms)
  ✔ 16-17 existing canonical match and duplicate titles (0.231ms)
  ✔ 18-20 goal object activates, context remains related, no explosion (15.121ms)
  ✔ 21-23 missing KPI/target/deadline do not block a sufficient goal (11.69525ms)
  ✔ 24-26 early reality, issue, and causal hypothesis stay epistemic (11.977292ms)
  ✔ 27 returning active goal skips rediscovery (25.198917ms)
  ✔ 28 existing workspace is unaffected (34.49325ms)
  ✔ generic engine has no hardcoded company or demo goal titles as special cases (0.925458ms)
  ✔ MO:4 can see the confirmed session goal (4.889417ms)
✔ NEX-EXP:2 Goal Discovery & Goal Object Emergence (422.48075ms)
[Topology][Flow] Generating flow layout
[Topology][Flow] Nodes: 1
[Topology][Flow] Connections: 0
[Topology][Flow] Generating flow layout
[Topology][Flow] Nodes: 1
[Topology][Flow] Connections: 0
[Topology][Flow] Generating flow layout
[Topology][Flow] Nodes: 2
[Topology][Flow] Connections: 1
[Topology][Hub] Generating hub layout
[Topology][Hub] Hub: Improve Delivery Reliability
[Topology][Hub] Satellites: 1
[Topology][Hub] Connections: 1
[Topology][Flow] Generating flow layout
[Topology][Flow] Nodes: 2
[Topology][Flow] Connections: 1
[Topology][Hub] Generating hub layout
[Topology][Hub] Hub: Improve Delivery Reliability
[Topology][Hub] Satellites: 1
[Topology][Hub] Connections: 1
[Topology][Flow] Generating flow layout
[Topology][Flow] Nodes: 4
[Topology][Flow] Connections: 3
[Topology][Hub] Generating hub layout
[Topology][Hub] Hub: Improve Delivery Reliability
[Topology][Hub] Satellites: 3
[Topology][Hub] Connections: 3
[Topology][Flow] Generating flow layout
[Topology][Flow] Nodes: 1
[Topology][Flow] Connections: 0
[Topology][Flow] Generating flow layout
[Topology][Flow] Nodes: 1
[Topology][Flow] Connections: 0
[Topology][Flow] Generating flow layout
[Topology][Flow] Nodes: 2
[Topology][Flow] Connections: 1
[Topology][Hub] Generating hub layout
[Topology][Hub] Hub: Improve Delivery Reliability
[Topology][Hub] Satellites: 1
[Topology][Hub] Connections: 1
[Topology][Flow] Generating flow layout
[Topology][Flow] Nodes: 2
[Topology][Flow] Connections: 1
[Topology][Hub] Generating hub layout
[Topology][Hub] Hub: Improve Delivery Reliability
[Topology][Hub] Satellites: 1
[Topology][Hub] Connections: 1
[Topology][Flow] Generating flow layout
[Topology][Flow] Nodes: 4
[Topology][Flow] Connections: 3
[Topology][Hub] Generating hub layout
[Topology][Hub] Hub: Improve Delivery Reliability
[Topology][Hub] Satellites: 3
[Topology][Hub] Connections: 3
[Topology][Flow] Generating flow layout
[Topology][Flow] Nodes: 5
[Topology][Flow] Connections: 4
[Topology][Hub] Generating hub layout
[Topology][Hub] Hub: Improve Delivery Reliability
[Topology][Hub] Satellites: 4
[Topology][Hub] Connections: 4
[Topology][Flow] Generating flow layout
[Topology][Flow] Nodes: 6
[Topology][Flow] Connections: 5
[Topology][Hub] Generating hub layout
[Topology][Hub] Hub: Improve Delivery Reliability
[Topology][Hub] Satellites: 5
[Topology][Hub] Connections: 5
[Topology][Flow] Generating flow layout
[Topology][Flow] Nodes: 7
[Topology][Flow] Connections: 6
[Topology][Hub] Generating hub layout
[Topology][Hub] Hub: Improve Delivery Reliability
[Topology][Hub] Satellites: 6
[Topology][Hub] Connections: 6
[Topology][Flow] Generating flow layout
[Topology][Flow] Nodes: 1
[Topology][Flow] Connections: 0
[Topology][Flow] Generating flow layout
[Topology][Flow] Nodes: 1
[Topology][Flow] Connections: 0
[Topology][Flow] Generating flow layout
[Topology][Flow] Nodes: 2
[Topology][Flow] Connections: 1
[Topology][Hub] Generating hub layout
[Topology][Hub] Hub: Improve Delivery Reliability
[Topology][Hub] Satellites: 1
[Topology][Hub] Connections: 1
[Topology][Flow] Generating flow layout
[Topology][Flow] Nodes: 2
[Topology][Flow] Connections: 1
[Topology][Hub] Generating hub layout
[Topology][Hub] Hub: Improve Delivery Reliability
[Topology][Hub] Satellites: 1
[Topology][Hub] Connections: 1
[Topology][Flow] Generating flow layout
[Topology][Flow] Nodes: 4
[Topology][Flow] Connections: 3
[Topology][Hub] Generating hub layout
[Topology][Hub] Hub: Improve Delivery Reliability
[Topology][Hub] Satellites: 3
[Topology][Hub] Connections: 3
[Topology][Flow] Generating flow layout
[Topology][Flow] Nodes: 4
[Topology][Flow] Connections: 3
[Topology][Hub] Generating hub layout
[Topology][Hub] Hub: Improve Delivery Reliability
[Topology][Hub] Satellites: 3
[Topology][Hub] Connections: 3
[Topology][Flow] Generating flow layout
[Topology][Flow] Nodes: 5
[Topology][Flow] Connections: 4
[Topology][Hub] Generating hub layout
[Topology][Hub] Hub: Improve Delivery Reliability
[Topology][Hub] Satellites: 4
[Topology][Hub] Connections: 4
[Topology][Flow] Generating flow layout
[Topology][Flow] Nodes: 5
[Topology][Flow] Connections: 4
[Topology][Hub] Generating hub layout
[Topology][Hub] Hub: Improve Delivery Reliability
[Topology][Hub] Satellites: 4
[Topology][Hub] Connections: 4
[Topology][Flow] Generating flow layout
[Topology][Flow] Nodes: 5
[Topology][Flow] Connections: 4
[Topology][Hub] Generating hub layout
[Topology][Hub] Hub: Improve Delivery Reliability
[Topology][Hub] Satellites: 4
[Topology][Hub] Connections: 4
[Topology][Flow] Generating flow layout
[Topology][Flow] Nodes: 1
[Topology][Flow] Connections: 0
[Topology][Flow] Generating flow layout
[Topology][Flow] Nodes: 1
[Topology][Flow] Connections: 0
[Topology][Flow] Generating flow layout
[Topology][Flow] Nodes: 2
[Topology][Flow] Connections: 1
[Topology][Hub] Generating hub layout
[Topology][Hub] Hub: Improve Delivery Reliability
[Topology][Hub] Satellites: 1
[Topology][Hub] Connections: 1
[Topology][Flow] Generating flow layout
[Topology][Flow] Nodes: 2
[Topology][Flow] Connections: 1
[Topology][Hub] Generating hub layout
[Topology][Hub] Hub: Improve Delivery Reliability
[Topology][Hub] Satellites: 1
[Topology][Hub] Connections: 1
[Topology][Flow] Generating flow layout
[Topology][Flow] Nodes: 4
[Topology][Flow] Connections: 3
[Topology][Hub] Generating hub layout
[Topology][Hub] Hub: Improve Delivery Reliability
[Topology][Hub] Satellites: 3
[Topology][Hub] Connections: 3
[Topology][Flow] Generating flow layout
[Topology][Flow] Nodes: 5
[Topology][Flow] Connections: 4
[Topology][Hub] Generating hub layout
[Topology][Hub] Hub: Improve Delivery Reliability
[Topology][Hub] Satellites: 4
[Topology][Hub] Connections: 4
[Topology][Flow] Generating flow layout
[Topology][Flow] Nodes: 5
[Topology][Flow] Connections: 4
[Topology][Hub] Generating hub layout
[Topology][Hub] Hub: Improve Delivery Reliability
[Topology][Hub] Satellites: 4
[Topology][Hub] Connections: 4
[Topology][Flow] Generating flow layout
[Topology][Flow] Nodes: 5
[Topology][Flow] Connections: 4
[Topology][Hub] Generating hub layout
[Topology][Hub] Hub: Improve Delivery Reliability
[Topology][Hub] Satellites: 4
[Topology][Hub] Connections: 4
[Topology][Flow] Generating flow layout
[Topology][Flow] Nodes: 5
[Topology][Flow] Connections: 4
[Topology][Hub] Generating hub layout
[Topology][Hub] Hub: Improve Delivery Reliability
[Topology][Hub] Satellites: 4
[Topology][Hub] Connections: 4
[Topology][Flow] Generating flow layout
[Topology][Flow] Nodes: 1
[Topology][Flow] Connections: 0
[Topology][Flow] Generating flow layout
[Topology][Flow] Nodes: 1
[Topology][Flow] Connections: 0
[Topology][Flow] Generating flow layout
[Topology][Flow] Nodes: 2
[Topology][Flow] Connections: 1
[Topology][Hub] Generating hub layout
[Topology][Hub] Hub: Improve Delivery Reliability
[Topology][Hub] Satellites: 1
[Topology][Hub] Connections: 1
[Topology][Flow] Generating flow layout
[Topology][Flow] Nodes: 2
[Topology][Flow] Connections: 1
[Topology][Hub] Generating hub layout
[Topology][Hub] Hub: Improve Delivery Reliability
[Topology][Hub] Satellites: 1
[Topology][Hub] Connections: 1
[Topology][Flow] Generating flow layout
[Topology][Flow] Nodes: 4
[Topology][Flow] Connections: 3
[Topology][Hub] Generating hub layout
[Topology][Hub] Hub: Improve Delivery Reliability
[Topology][Hub] Satellites: 3
[Topology][Hub] Connections: 3
[Topology][Flow] Generating flow layout
[Topology][Flow] Nodes: 1
[Topology][Flow] Connections: 0
[Topology][Flow] Generating flow layout
[Topology][Flow] Nodes: 1
[Topology][Flow] Connections: 0
[Topology][Flow] Generating flow layout
[Topology][Flow] Nodes: 2
[Topology][Flow] Connections: 1
[Topology][Hub] Generating hub layout
[Topology][Hub] Hub: Improve Delivery Reliability
[Topology][Hub] Satellites: 1
[Topology][Hub] Connections: 1
[Topology][Flow] Generating flow layout
[Topology][Flow] Nodes: 2
[Topology][Flow] Connections: 1
[Topology][Hub] Generating hub layout
[Topology][Hub] Hub: Improve Delivery Reliability
[Topology][Hub] Satellites: 1
[Topology][Hub] Connections: 1
[Topology][Flow] Generating flow layout
[Topology][Flow] Nodes: 4
[Topology][Flow] Connections: 3
[Topology][Hub] Generating hub layout
[Topology][Hub] Hub: Improve Delivery Reliability
[Topology][Hub] Satellites: 3
[Topology][Hub] Connections: 3
[Topology][Flow] Generating flow layout
[Topology][Flow] Nodes: 5
[Topology][Flow] Connections: 4
[Topology][Hub] Generating hub layout
[Topology][Hub] Hub: Improve Delivery Reliability
[Topology][Hub] Satellites: 4
[Topology][Hub] Connections: 4
[Topology][Flow] Generating flow layout
[Topology][Flow] Nodes: 1
[Topology][Flow] Connections: 0
[Topology][Flow] Generating flow layout
[Topology][Flow] Nodes: 1
[Topology][Flow] Connections: 0
[Topology][Flow] Generating flow layout
[Topology][Flow] Nodes: 2
[Topology][Flow] Connections: 1
[Topology][Hub] Generating hub layout
[Topology][Hub] Hub: Improve Delivery Reliability
[Topology][Hub] Satellites: 1
[Topology][Hub] Connections: 1
[Topology][Flow] Generating flow layout
[Topology][Flow] Nodes: 2
[Topology][Flow] Connections: 1
[Topology][Hub] Generating hub layout
[Topology][Hub] Hub: Improve Delivery Reliability
[Topology][Hub] Satellites: 1
[Topology][Hub] Connections: 1
[Topology][Flow] Generating flow layout
[Topology][Flow] Nodes: 4
[Topology][Flow] Connections: 3
[Topology][Hub] Generating hub layout
[Topology][Hub] Hub: Improve Delivery Reliability
[Topology][Hub] Satellites: 3
[Topology][Hub] Connections: 3
[Topology][Flow] Generating flow layout
[Topology][Flow] Nodes: 5
[Topology][Flow] Connections: 4
[Topology][Hub] Generating hub layout
[Topology][Hub] Hub: Improve Delivery Reliability
[Topology][Hub] Satellites: 4
[Topology][Hub] Connections: 4
[Topology][Flow] Generating flow layout
[Topology][Flow] Nodes: 1
[Topology][Flow] Connections: 0
[Topology][Flow] Generating flow layout
[Topology][Flow] Nodes: 1
[Topology][Flow] Connections: 0
[Topology][Flow] Generating flow layout
[Topology][Flow] Nodes: 2
[Topology][Flow] Connections: 1
[Topology][Hub] Generating hub layout
[Topology][Hub] Hub: Improve Delivery Reliability
[Topology][Hub] Satellites: 1
[Topology][Hub] Connections: 1
[Topology][Flow] Generating flow layout
[Topology][Flow] Nodes: 2
[Topology][Flow] Connections: 1
[Topology][Hub] Generating hub layout
[Topology][Hub] Hub: Improve Delivery Reliability
[Topology][Hub] Satellites: 1
[Topology][Hub] Connections: 1
[Topology][Flow] Generating flow layout
[Topology][Flow] Nodes: 4
[Topology][Flow] Connections: 3
[Topology][Hub] Generating hub layout
[Topology][Hub] Hub: Improve Delivery Reliability
[Topology][Hub] Satellites: 3
[Topology][Hub] Connections: 3
[Topology][Flow] Generating flow layout
[Topology][Flow] Nodes: 5
[Topology][Flow] Connections: 4
[Topology][Hub] Generating hub layout
[Topology][Hub] Hub: Improve Delivery Reliability
[Topology][Hub] Satellites: 4
[Topology][Hub] Connections: 4
[Topology][Flow] Generating flow layout
[Topology][Flow] Nodes: 6
[Topology][Flow] Connections: 5
[Topology][Hub] Generating hub layout
[Topology][Hub] Hub: Improve Delivery Reliability
[Topology][Hub] Satellites: 5
[Topology][Hub] Connections: 5
[Topology][Flow] Generating flow layout
[Topology][Flow] Nodes: 1
[Topology][Flow] Connections: 0
[Topology][Flow] Generating flow layout
[Topology][Flow] Nodes: 1
[Topology][Flow] Connections: 0
[Topology][Flow] Generating flow layout
[Topology][Flow] Nodes: 2
[Topology][Flow] Connections: 1
[Topology][Hub] Generating hub layout
[Topology][Hub] Hub: Improve Delivery Reliability
[Topology][Hub] Satellites: 1
[Topology][Hub] Connections: 1
[Topology][Flow] Generating flow layout
[Topology][Flow] Nodes: 2
[Topology][Flow] Connections: 1
[Topology][Hub] Generating hub layout
[Topology][Hub] Hub: Improve Delivery Reliability
[Topology][Hub] Satellites: 1
[Topology][Hub] Connections: 1
[Topology][Flow] Generating flow layout
[Topology][Flow] Nodes: 4
[Topology][Flow] Connections: 3
[Topology][Hub] Generating hub layout
[Topology][Hub] Hub: Improve Delivery Reliability
[Topology][Hub] Satellites: 3
[Topology][Hub] Connections: 3
[Topology][Flow] Generating flow layout
[Topology][Flow] Nodes: 1
[Topology][Flow] Connections: 0
[Topology][Flow] Generating flow layout
[Topology][Flow] Nodes: 1
[Topology][Flow] Connections: 0
[Topology][Flow] Generating flow layout
[Topology][Flow] Nodes: 2
[Topology][Flow] Connections: 1
[Topology][Hub] Generating hub layout
[Topology][Hub] Hub: Improve Delivery Reliability
[Topology][Hub] Satellites: 1
[Topology][Hub] Connections: 1
[Topology][Flow] Generating flow layout
[Topology][Flow] Nodes: 2
[Topology][Flow] Connections: 1
[Topology][Hub] Generating hub layout
[Topology][Hub] Hub: Improve Delivery Reliability
[Topology][Hub] Satellites: 1
[Topology][Hub] Connections: 1
[Topology][Flow] Generating flow layout
[Topology][Flow] Nodes: 4
[Topology][Flow] Connections: 3
[Topology][Hub] Generating hub layout
[Topology][Hub] Hub: Improve Delivery Reliability
[Topology][Hub] Satellites: 3
[Topology][Hub] Connections: 3
[Topology][Flow] Generating flow layout
[Topology][Flow] Nodes: 1
[Topology][Flow] Connections: 0
[Topology][Flow] Generating flow layout
[Topology][Flow] Nodes: 1
[Topology][Flow] Connections: 0
[Topology][Flow] Generating flow layout
[Topology][Flow] Nodes: 2
[Topology][Flow] Connections: 1
[Topology][Hub] Generating hub layout
[Topology][Hub] Hub: Improve Delivery Reliability
[Topology][Hub] Satellites: 1
[Topology][Hub] Connections: 1
[Topology][Flow] Generating flow layout
[Topology][Flow] Nodes: 2
[Topology][Flow] Connections: 1
[Topology][Hub] Generating hub layout
[Topology][Hub] Hub: Improve Delivery Reliability
[Topology][Hub] Satellites: 1
[Topology][Hub] Connections: 1
[Topology][Flow] Generating flow layout
[Topology][Flow] Nodes: 4
[Topology][Flow] Connections: 3
[Topology][Hub] Generating hub layout
[Topology][Hub] Hub: Improve Delivery Reliability
[Topology][Hub] Satellites: 3
[Topology][Hub] Connections: 3
[Topology][Flow] Generating flow layout
[Topology][Flow] Nodes: 5
[Topology][Flow] Connections: 4
[Topology][Hub] Generating hub layout
[Topology][Hub] Hub: Improve Delivery Reliability
[Topology][Hub] Satellites: 4
[Topology][Hub] Connections: 4
[Topology][Flow] Generating flow layout
[Topology][Flow] Nodes: 5
[Topology][Flow] Connections: 4
[Topology][Hub] Generating hub layout
[Topology][Hub] Hub: Improve Delivery Reliability
[Topology][Hub] Satellites: 4
[Topology][Hub] Connections: 4
[Topology][Flow] Generating flow layout
[Topology][Flow] Nodes: 8
[Topology][Flow] Connections: 7
[Topology][Flow] Generating flow layout
[Topology][Flow] Nodes: 2
[Topology][Flow] Connections: 1
[Topology][Flow] Generating flow layout
[Topology][Flow] Nodes: 1
[Topology][Flow] Connections: 0
[Topology][Flow] Generating flow layout
[Topology][Flow] Nodes: 1
[Topology][Flow] Connections: 0
[Topology][Flow] Generating flow layout
[Topology][Flow] Nodes: 2
[Topology][Flow] Connections: 1
[Topology][Hub] Generating hub layout
[Topology][Hub] Hub: Improve Delivery Reliability
[Topology][Hub] Satellites: 1
[Topology][Hub] Connections: 1
[Topology][Flow] Generating flow layout
[Topology][Flow] Nodes: 2
[Topology][Flow] Connections: 1
[Topology][Hub] Generating hub layout
[Topology][Hub] Hub: Improve Delivery Reliability
[Topology][Hub] Satellites: 1
[Topology][Hub] Connections: 1
[Topology][Flow] Generating flow layout
[Topology][Flow] Nodes: 4
[Topology][Flow] Connections: 3
[Topology][Hub] Generating hub layout
[Topology][Hub] Hub: Improve Delivery Reliability
[Topology][Hub] Satellites: 3
[Topology][Hub] Connections: 3
▶ NEX-EXP:4 Problem, Risk & Opportunity Discovery
  ✔ identity and boundary (0.749375ms)
  ✔ 1 gap exists but no Problem identified (260.553709ms)
  ✔ 2-5 current Problem, future Risk, Opportunity, Constraint (152.272166ms)
  ✔ 6-10 semantic distinctions hold (92.827833ms)
  ✔ 11-15 manager-stated signals stay unvalidated (138.777167ms)
  ✔ 16-18 canonical reuse and duplicate protection (0.411ms)
  ✔ 19-20 weak candidates stay off Stage; material ones emerge (41.681584ms)
  ✔ 21-23 Goal remains center; click uses MO:1; Goal context survives (89.653167ms)
  ✔ 24-30 relationship is not cause; stale; conflict; no invented scores (51.001167ms)
  ✔ 31-34 multiple issues stay distinct; none are mandatory (131.628208ms)
  ✔ 35-38 generic business, project, operational, and software cases (0.842167ms)
  ✔ 39 returning issue context skips rediscovery (48.7125ms)
  ✔ 40 default existing workspace is unaffected (36.867417ms)
  ✔ overlay keeps Goal at origin and issue z = 0 (36.496834ms)
  ✔ generic engine has no hardcoded domain branches (0.733791ms)
✔ NEX-EXP:4 Problem, Risk & Opportunity Discovery (1084.869708ms)
[Topology][Flow] Generating flow layout
[Topology][Flow] Nodes: 1
[Topology][Flow] Connections: 0
[Topology][Flow] Generating flow layout
[Topology][Flow] Nodes: 1
[Topology][Flow] Connections: 0
[Topology][Flow] Generating flow layout
[Topology][Flow] Nodes: 1
[Topology][Flow] Connections: 0
[Topology][Flow] Generating flow layout
[Topology][Flow] Nodes: 1
[Topology][Flow] Connections: 0
[Topology][Flow] Generating flow layout
[Topology][Flow] Nodes: 2
[Topology][Flow] Connections: 1
[Topology][Hub] Generating hub layout
[Topology][Hub] Hub: Improve Delivery Reliability
[Topology][Hub] Satellites: 1
[Topology][Hub] Connections: 1
[Topology][Flow] Generating flow layout
[Topology][Flow] Nodes: 2
[Topology][Flow] Connections: 1
[Topology][Hub] Generating hub layout
[Topology][Hub] Hub: Improve Delivery Reliability
[Topology][Hub] Satellites: 1
[Topology][Hub] Connections: 1
[Topology][Flow] Generating flow layout
[Topology][Flow] Nodes: 4
[Topology][Flow] Connections: 3
[Topology][Hub] Generating hub layout
[Topology][Hub] Hub: Improve Delivery Reliability
[Topology][Hub] Satellites: 3
[Topology][Hub] Connections: 3
[Topology][Flow] Generating flow layout
[Topology][Flow] Nodes: 5
[Topology][Flow] Connections: 4
[Topology][Hub] Generating hub layout
[Topology][Hub] Hub: Improve Delivery Reliability
[Topology][Hub] Satellites: 4
[Topology][Hub] Connections: 4
[Topology][Flow] Generating flow layout
[Topology][Flow] Nodes: 5
[Topology][Flow] Connections: 4
[Topology][Hub] Generating hub layout
[Topology][Hub] Hub: Improve Delivery Reliability
[Topology][Hub] Satellites: 4
[Topology][Hub] Connections: 4
[Topology][Flow] Generating flow layout
[Topology][Flow] Nodes: 6
[Topology][Flow] Connections: 5
[Topology][Hub] Generating hub layout
[Topology][Hub] Hub: Improve Delivery Reliability
[Topology][Hub] Satellites: 5
[Topology][Hub] Connections: 5
[Topology][Flow] Generating flow layout
[Topology][Flow] Nodes: 7
[Topology][Flow] Connections: 6
[Topology][Hub] Generating hub layout
[Topology][Hub] Hub: Improve Delivery Reliability
[Topology][Hub] Satellites: 6
[Topology][Hub] Connections: 6
[Topology][Flow] Generating flow layout
[Topology][Flow] Nodes: 7
[Topology][Flow] Connections: 6
[Topology][Hub] Generating hub layout
[Topology][Hub] Hub: Improve Delivery Reliability
[Topology][Hub] Satellites: 6
[Topology][Hub] Connections: 6
[Topology][Flow] Generating flow layout
[Topology][Flow] Nodes: 7
[Topology][Flow] Connections: 6
[Topology][Hub] Generating hub layout
[Topology][Hub] Hub: Improve Delivery Reliability
[Topology][Hub] Satellites: 6
[Topology][Hub] Connections: 6
[Topology][Flow] Generating flow layout
[Topology][Flow] Nodes: 7
[Topology][Flow] Connections: 6
[Topology][Hub] Generating hub layout
[Topology][Hub] Hub: Improve Delivery Reliability
[Topology][Hub] Satellites: 6
[Topology][Hub] Connections: 6
[Topology][Flow] Generating flow layout
[Topology][Flow] Nodes: 7
[Topology][Flow] Connections: 6
[Topology][Hub] Generating hub layout
[Topology][Hub] Hub: Improve Delivery Reliability
[Topology][Hub] Satellites: 6
[Topology][Hub] Connections: 6
[Topology][Flow] Generating flow layout
[Topology][Flow] Nodes: 8
[Topology][Flow] Connections: 7
[Topology][Hub] Generating hub layout
[Topology][Hub] Hub: Improve Delivery Reliability
[Topology][Hub] Satellites: 7
[Topology][Hub] Connections: 7
[Topology][Flow] Generating flow layout
[Topology][Flow] Nodes: 9
[Topology][Flow] Connections: 8
[Topology][Hub] Generating hub layout
[Topology][Hub] Hub: Improve Delivery Reliability
[Topology][Hub] Satellites: 8
[Topology][Hub] Connections: 8
[Topology][Flow] Generating flow layout
[Topology][Flow] Nodes: 9
[Topology][Flow] Connections: 8
[Topology][Hub] Generating hub layout
[Topology][Hub] Hub: Improve Delivery Reliability
[Topology][Hub] Satellites: 8
[Topology][Hub] Connections: 8
[Topology][Flow] Generating flow layout
[Topology][Flow] Nodes: 9
[Topology][Flow] Connections: 8
[Topology][Hub] Generating hub layout
[Topology][Hub] Hub: Improve Delivery Reliability
[Topology][Hub] Satellites: 8
[Topology][Hub] Connections: 8
[Topology][Flow] Generating flow layout
[Topology][Flow] Nodes: 1
[Topology][Flow] Connections: 0
[Topology][Flow] Generating flow layout
[Topology][Flow] Nodes: 1
[Topology][Flow] Connections: 0
[Topology][Flow] Generating flow layout
[Topology][Flow] Nodes: 2
[Topology][Flow] Connections: 1
[Topology][Hub] Generating hub layout
[Topology][Hub] Hub: Improve Delivery Reliability
[Topology][Hub] Satellites: 1
[Topology][Hub] Connections: 1
[Topology][Flow] Generating flow layout
[Topology][Flow] Nodes: 2
[Topology][Flow] Connections: 1
[Topology][Hub] Generating hub layout
[Topology][Hub] Hub: Improve Delivery Reliability
[Topology][Hub] Satellites: 1
[Topology][Hub] Connections: 1
[Topology][Flow] Generating flow layout
[Topology][Flow] Nodes: 4
[Topology][Flow] Connections: 3
[Topology][Hub] Generating hub layout
[Topology][Hub] Hub: Improve Delivery Reliability
[Topology][Hub] Satellites: 3
[Topology][Hub] Connections: 3
[Topology][Flow] Generating flow layout
[Topology][Flow] Nodes: 5
[Topology][Flow] Connections: 4
[Topology][Hub] Generating hub layout
[Topology][Hub] Hub: Improve Delivery Reliability
[Topology][Hub] Satellites: 4
[Topology][Hub] Connections: 4
[Topology][Flow] Generating flow layout
[Topology][Flow] Nodes: 5
[Topology][Flow] Connections: 4
[Topology][Hub] Generating hub layout
[Topology][Hub] Hub: Improve Delivery Reliability
[Topology][Hub] Satellites: 4
[Topology][Hub] Connections: 4
[Topology][Flow] Generating flow layout
[Topology][Flow] Nodes: 6
[Topology][Flow] Connections: 5
[Topology][Hub] Generating hub layout
[Topology][Hub] Hub: Improve Delivery Reliability
[Topology][Hub] Satellites: 5
[Topology][Hub] Connections: 5
[Topology][Flow] Generating flow layout
[Topology][Flow] Nodes: 7
[Topology][Flow] Connections: 6
[Topology][Hub] Generating hub layout
[Topology][Hub] Hub: Improve Delivery Reliability
[Topology][Hub] Satellites: 6
[Topology][Hub] Connections: 6
[Topology][Flow] Generating flow layout
[Topology][Flow] Nodes: 7
[Topology][Flow] Connections: 6
[Topology][Hub] Generating hub layout
[Topology][Hub] Hub: Improve Delivery Reliability
[Topology][Hub] Satellites: 6
[Topology][Hub] Connections: 6
[Topology][Flow] Generating flow layout
[Topology][Flow] Nodes: 7
[Topology][Flow] Connections: 6
[Topology][Hub] Generating hub layout
[Topology][Hub] Hub: Improve Delivery Reliability
[Topology][Hub] Satellites: 6
[Topology][Hub] Connections: 6
[Topology][Flow] Generating flow layout
[Topology][Flow] Nodes: 7
[Topology][Flow] Connections: 6
[Topology][Hub] Generating hub layout
[Topology][Hub] Hub: Improve Delivery Reliability
[Topology][Hub] Satellites: 6
[Topology][Hub] Connections: 6
[Topology][Flow] Generating flow layout
[Topology][Flow] Nodes: 7
[Topology][Flow] Connections: 6
[Topology][Hub] Generating hub layout
[Topology][Hub] Hub: Improve Delivery Reliability
[Topology][Hub] Satellites: 6
[Topology][Hub] Connections: 6
[Topology][Flow] Generating flow layout
[Topology][Flow] Nodes: 8
[Topology][Flow] Connections: 7
[Topology][Hub] Generating hub layout
[Topology][Hub] Hub: Improve Delivery Reliability
[Topology][Hub] Satellites: 7
[Topology][Hub] Connections: 7
[Topology][Flow] Generating flow layout
[Topology][Flow] Nodes: 9
[Topology][Flow] Connections: 8
[Topology][Hub] Generating hub layout
[Topology][Hub] Hub: Improve Delivery Reliability
[Topology][Hub] Satellites: 8
[Topology][Hub] Connections: 8
[Topology][Flow] Generating flow layout
[Topology][Flow] Nodes: 9
[Topology][Flow] Connections: 8
[Topology][Hub] Generating hub layout
[Topology][Hub] Hub: Improve Delivery Reliability
[Topology][Hub] Satellites: 8
[Topology][Hub] Connections: 8
[Topology][Flow] Generating flow layout
[Topology][Flow] Nodes: 1
[Topology][Flow] Connections: 0
[Topology][Flow] Generating flow layout
[Topology][Flow] Nodes: 1
[Topology][Flow] Connections: 0
[Topology][Flow] Generating flow layout
[Topology][Flow] Nodes: 2
[Topology][Flow] Connections: 1
[Topology][Hub] Generating hub layout
[Topology][Hub] Hub: Improve Delivery Reliability
[Topology][Hub] Satellites: 1
[Topology][Hub] Connections: 1
[Topology][Flow] Generating flow layout
[Topology][Flow] Nodes: 2
[Topology][Flow] Connections: 1
[Topology][Hub] Generating hub layout
[Topology][Hub] Hub: Improve Delivery Reliability
[Topology][Hub] Satellites: 1
[Topology][Hub] Connections: 1
[Topology][Flow] Generating flow layout
[Topology][Flow] Nodes: 4
[Topology][Flow] Connections: 3
[Topology][Hub] Generating hub layout
[Topology][Hub] Hub: Improve Delivery Reliability
[Topology][Hub] Satellites: 3
[Topology][Hub] Connections: 3
[Topology][Flow] Generating flow layout
[Topology][Flow] Nodes: 5
[Topology][Flow] Connections: 4
[Topology][Hub] Generating hub layout
[Topology][Hub] Hub: Improve Delivery Reliability
[Topology][Hub] Satellites: 4
[Topology][Hub] Connections: 4
[Topology][Flow] Generating flow layout
[Topology][Flow] Nodes: 5
[Topology][Flow] Connections: 4
[Topology][Hub] Generating hub layout
[Topology][Hub] Hub: Improve Delivery Reliability
[Topology][Hub] Satellites: 4
[Topology][Hub] Connections: 4
[Topology][Flow] Generating flow layout
[Topology][Flow] Nodes: 6
[Topology][Flow] Connections: 5
[Topology][Hub] Generating hub layout
[Topology][Hub] Hub: Improve Delivery Reliability
[Topology][Hub] Satellites: 5
[Topology][Hub] Connections: 5
[Topology][Flow] Generating flow layout
[Topology][Flow] Nodes: 7
[Topology][Flow] Connections: 6
[Topology][Hub] Generating hub layout
[Topology][Hub] Hub: Improve Delivery Reliability
[Topology][Hub] Satellites: 6
[Topology][Hub] Connections: 6
[Topology][Flow] Generating flow layout
[Topology][Flow] Nodes: 7
[Topology][Flow] Connections: 6
[Topology][Hub] Generating hub layout
[Topology][Hub] Hub: Improve Delivery Reliability
[Topology][Hub] Satellites: 6
[Topology][Hub] Connections: 6
[Topology][Flow] Generating flow layout
[Topology][Flow] Nodes: 7
[Topology][Flow] Connections: 6
[Topology][Hub] Generating hub layout
[Topology][Hub] Hub: Improve Delivery Reliability
[Topology][Hub] Satellites: 6
[Topology][Hub] Connections: 6
[Topology][Flow] Generating flow layout
[Topology][Flow] Nodes: 7
[Topology][Flow] Connections: 6
[Topology][Hub] Generating hub layout
[Topology][Hub] Hub: Improve Delivery Reliability
[Topology][Hub] Satellites: 6
[Topology][Hub] Connections: 6
[Topology][Flow] Generating flow layout
[Topology][Flow] Nodes: 7
[Topology][Flow] Connections: 6
[Topology][Hub] Generating hub layout
[Topology][Hub] Hub: Improve Delivery Reliability
[Topology][Hub] Satellites: 6
[Topology][Hub] Connections: 6
[Topology][Flow] Generating flow layout
[Topology][Flow] Nodes: 8
[Topology][Flow] Connections: 7
[Topology][Hub] Generating hub layout
[Topology][Hub] Hub: Improve Delivery Reliability
[Topology][Hub] Satellites: 7
[Topology][Hub] Connections: 7
[Topology][Flow] Generating flow layout
[Topology][Flow] Nodes: 9
[Topology][Flow] Connections: 8
[Topology][Hub] Generating hub layout
[Topology][Hub] Hub: Improve Delivery Reliability
[Topology][Hub] Satellites: 8
[Topology][Hub] Connections: 8
[Topology][Flow] Generating flow layout
[Topology][Flow] Nodes: 9
[Topology][Flow] Connections: 8
[Topology][Hub] Generating hub layout
[Topology][Hub] Hub: Improve Delivery Reliability
[Topology][Hub] Satellites: 8
[Topology][Hub] Connections: 8
[Topology][Flow] Generating flow layout
[Topology][Flow] Nodes: 9
[Topology][Flow] Connections: 8
[Topology][Hub] Generating hub layout
[Topology][Hub] Hub: Improve Delivery Reliability
[Topology][Hub] Satellites: 8
[Topology][Hub] Connections: 8
[Topology][Flow] Generating flow layout
[Topology][Flow] Nodes: 10
[Topology][Flow] Connections: 9
[Topology][Hub] Generating hub layout
[Topology][Hub] Hub: Improve Delivery Reliability
[Topology][Hub] Satellites: 9
[Topology][Hub] Connections: 9
[Topology][Flow] Generating flow layout
[Topology][Flow] Nodes: 11
[Topology][Flow] Connections: 10
[Topology][Hub] Generating hub layout
[Topology][Hub] Hub: Improve Delivery Reliability
[Topology][Hub] Satellites: 10
[Topology][Hub] Connections: 10
[Topology][Flow] Generating flow layout
[Topology][Flow] Nodes: 1
[Topology][Flow] Connections: 0
[Topology][Flow] Generating flow layout
[Topology][Flow] Nodes: 1
[Topology][Flow] Connections: 0
[Topology][Flow] Generating flow layout
[Topology][Flow] Nodes: 2
[Topology][Flow] Connections: 1
[Topology][Hub] Generating hub layout
[Topology][Hub] Hub: Improve Delivery Reliability
[Topology][Hub] Satellites: 1
[Topology][Hub] Connections: 1
[Topology][Flow] Generating flow layout
[Topology][Flow] Nodes: 2
[Topology][Flow] Connections: 1
[Topology][Hub] Generating hub layout
[Topology][Hub] Hub: Improve Delivery Reliability
[Topology][Hub] Satellites: 1
[Topology][Hub] Connections: 1
[Topology][Flow] Generating flow layout
[Topology][Flow] Nodes: 4
[Topology][Flow] Connections: 3
[Topology][Hub] Generating hub layout
[Topology][Hub] Hub: Improve Delivery Reliability
[Topology][Hub] Satellites: 3
[Topology][Hub] Connections: 3
[Topology][Flow] Generating flow layout
[Topology][Flow] Nodes: 5
[Topology][Flow] Connections: 4
[Topology][Hub] Generating hub layout
[Topology][Hub] Hub: Improve Delivery Reliability
[Topology][Hub] Satellites: 4
[Topology][Hub] Connections: 4
[Topology][Flow] Generating flow layout
[Topology][Flow] Nodes: 5
[Topology][Flow] Connections: 4
[Topology][Hub] Generating hub layout
[Topology][Hub] Hub: Improve Delivery Reliability
[Topology][Hub] Satellites: 4
[Topology][Hub] Connections: 4
[Topology][Flow] Generating flow layout
[Topology][Flow] Nodes: 6
[Topology][Flow] Connections: 5
[Topology][Hub] Generating hub layout
[Topology][Hub] Hub: Improve Delivery Reliability
[Topology][Hub] Satellites: 5
[Topology][Hub] Connections: 5
[Topology][Flow] Generating flow layout
[Topology][Flow] Nodes: 7
[Topology][Flow] Connections: 6
[Topology][Hub] Generating hub layout
[Topology][Hub] Hub: Improve Delivery Reliability
[Topology][Hub] Satellites: 6
[Topology][Hub] Connections: 6
[Topology][Flow] Generating flow layout
[Topology][Flow] Nodes: 7
[Topology][Flow] Connections: 6
[Topology][Hub] Generating hub layout
[Topology][Hub] Hub: Improve Delivery Reliability
[Topology][Hub] Satellites: 6
[Topology][Hub] Connections: 6
[Topology][Flow] Generating flow layout
[Topology][Flow] Nodes: 7
[Topology][Flow] Connections: 6
[Topology][Hub] Generating hub layout
[Topology][Hub] Hub: Improve Delivery Reliability
[Topology][Hub] Satellites: 6
[Topology][Hub] Connections: 6
[Topology][Flow] Generating flow layout
[Topology][Flow] Nodes: 7
[Topology][Flow] Connections: 6
[Topology][Hub] Generating hub layout
[Topology][Hub] Hub: Improve Delivery Reliability
[Topology][Hub] Satellites: 6
[Topology][Hub] Connections: 6
[Topology][Flow] Generating flow layout
[Topology][Flow] Nodes: 7
[Topology][Flow] Connections: 6
[Topology][Hub] Generating hub layout
[Topology][Hub] Hub: Improve Delivery Reliability
[Topology][Hub] Satellites: 6
[Topology][Hub] Connections: 6
[Topology][Flow] Generating flow layout
[Topology][Flow] Nodes: 8
[Topology][Flow] Connections: 7
[Topology][Hub] Generating hub layout
[Topology][Hub] Hub: Improve Delivery Reliability
[Topology][Hub] Satellites: 7
[Topology][Hub] Connections: 7
[Topology][Flow] Generating flow layout
[Topology][Flow] Nodes: 9
[Topology][Flow] Connections: 8
[Topology][Hub] Generating hub layout
[Topology][Hub] Hub: Improve Delivery Reliability
[Topology][Hub] Satellites: 8
[Topology][Hub] Connections: 8
[Topology][Flow] Generating flow layout
[Topology][Flow] Nodes: 9
[Topology][Flow] Connections: 8
[Topology][Hub] Generating hub layout
[Topology][Hub] Hub: Improve Delivery Reliability
[Topology][Hub] Satellites: 8
[Topology][Hub] Connections: 8
[Topology][Flow] Generating flow layout
[Topology][Flow] Nodes: 9
[Topology][Flow] Connections: 8
[Topology][Hub] Generating hub layout
[Topology][Hub] Hub: Improve Delivery Reliability
[Topology][Hub] Satellites: 8
[Topology][Hub] Connections: 8
[Topology][Flow] Generating flow layout
[Topology][Flow] Nodes: 10
[Topology][Flow] Connections: 9
[Topology][Hub] Generating hub layout
[Topology][Hub] Hub: Improve Delivery Reliability
[Topology][Hub] Satellites: 9
[Topology][Hub] Connections: 9
[Topology][Flow] Generating flow layout
[Topology][Flow] Nodes: 11
[Topology][Flow] Connections: 10
[Topology][Hub] Generating hub layout
[Topology][Hub] Hub: Improve Delivery Reliability
[Topology][Hub] Satellites: 10
[Topology][Hub] Connections: 10
[Topology][Flow] Generating flow layout
[Topology][Flow] Nodes: 11
[Topology][Flow] Connections: 10
[Topology][Hub] Generating hub layout
[Topology][Hub] Hub: Improve Delivery Reliability
[Topology][Hub] Satellites: 10
[Topology][Hub] Connections: 10
[Topology][Flow] Generating flow layout
[Topology][Flow] Nodes: 11
[Topology][Flow] Connections: 10
[Topology][Hub] Generating hub layout
[Topology][Hub] Hub: Improve Delivery Reliability
[Topology][Hub] Satellites: 10
[Topology][Hub] Connections: 10
▶ NEX-EXP:10 Learning, Reassessment & Next Executive Cycle
  ✔ identity, boundary, and reused authorities (1.11875ms)
  ✔ starts only at READY_FOR_LEARNING_REASSESSMENT and consumes EXP:9 handoff (735.472833ms)
  ✔ no outcome means no Learning; outcome is not a general rule; causality unconfirmed (436.567125ms)
  ✔ assumption review, routing, memory, overlay, and no forced Goal restart (266.297583ms)
  ✔ generic proofs share the engine; existing workspace unaffected (0.701875ms)
✔ NEX-EXP:10 Learning, Reassessment & Next Executive Cycle (1442.965ms)
[Topology][Flow] Generating flow layout
[Topology][Flow] Nodes: 1
[Topology][Flow] Connections: 0
[Topology][Hub] Generating hub layout
[Topology][Hub] Hub: Nexora
[Topology][Hub] Satellites: 0
[Topology][Hub] Connections: 0
[Topology][Flow] Generating flow layout
[Topology][Flow] Nodes: 1
[Topology][Flow] Connections: 0
[Topology][Hub] Generating hub layout
[Topology][Hub] Hub: Nexora
[Topology][Hub] Satellites: 0
[Topology][Hub] Connections: 0
[Topology][Flow] Generating flow layout
[Topology][Flow] Nodes: 1
[Topology][Flow] Connections: 0
[Topology][Hub] Generating hub layout
[Topology][Hub] Hub: Nexora
[Topology][Hub] Satellites: 0
[Topology][Hub] Connections: 0
[Topology][Flow] Generating flow layout
[Topology][Flow] Nodes: 1
[Topology][Flow] Connections: 0
[Topology][Hub] Generating hub layout
[Topology][Hub] Hub: Nexora
[Topology][Hub] Satellites: 0
[Topology][Hub] Connections: 0
[Topology][Flow] Generating flow layout
[Topology][Flow] Nodes: 1
[Topology][Flow] Connections: 0
[Topology][Hub] Generating hub layout
[Topology][Hub] Hub: Nexora
[Topology][Hub] Satellites: 0
[Topology][Hub] Connections: 0
[Topology][Flow] Generating flow layout
[Topology][Flow] Nodes: 1
[Topology][Flow] Connections: 0
[Topology][Flow] Generating flow layout
[Topology][Flow] Nodes: 1
[Topology][Flow] Connections: 0
[Topology][Flow] Generating flow layout
[Topology][Flow] Nodes: 1
[Topology][Flow] Connections: 0
[Topology][Flow] Generating flow layout
[Topology][Flow] Nodes: 1
[Topology][Flow] Connections: 0
[Topology][Flow] Generating flow layout
[Topology][Flow] Nodes: 1
[Topology][Flow] Connections: 0
[Topology][Hub] Generating hub layout
[Topology][Hub] Hub: Nexora
[Topology][Hub] Satellites: 0
[Topology][Hub] Connections: 0
[Topology][Flow] Generating flow layout
[Topology][Flow] Nodes: 1
[Topology][Flow] Connections: 0
[Topology][Hub] Generating hub layout
[Topology][Hub] Hub: Nexora
[Topology][Hub] Satellites: 0
[Topology][Hub] Connections: 0
[Topology][Flow] Generating flow layout
[Topology][Flow] Nodes: 1
[Topology][Flow] Connections: 0
[Topology][Hub] Generating hub layout
[Topology][Hub] Hub: Nexora
[Topology][Hub] Satellites: 0
[Topology][Hub] Connections: 0
[Topology][Flow] Generating flow layout
[Topology][Flow] Nodes: 1
[Topology][Flow] Connections: 0
[Topology][Flow] Generating flow layout
[Topology][Flow] Nodes: 1
[Topology][Flow] Connections: 0
[Topology][Flow] Generating flow layout
[Topology][Flow] Nodes: 1
[Topology][Flow] Connections: 0
[Topology][Hub] Generating hub layout
[Topology][Hub] Hub: Alex
[Topology][Hub] Satellites: 0
[Topology][Hub] Connections: 0
[Topology][Flow] Generating flow layout
[Topology][Flow] Nodes: 1
[Topology][Flow] Connections: 0
[Topology][Flow] Generating flow layout
[Topology][Flow] Nodes: 1
[Topology][Flow] Connections: 0
[Topology][Flow] Generating flow layout
[Topology][Flow] Nodes: 2
[Topology][Flow] Connections: 1
[Topology][Hub] Generating hub layout
[Topology][Hub] Hub: Improve Delivery Performance
[Topology][Hub] Satellites: 1
[Topology][Hub] Connections: 1
[Topology][Flow] Generating flow layout
[Topology][Flow] Nodes: 2
[Topology][Flow] Connections: 1
[Topology][Hub] Generating hub layout
[Topology][Hub] Hub: Improve Delivery Performance
[Topology][Hub] Satellites: 1
[Topology][Hub] Connections: 1
[Topology][Flow] Generating flow layout
[Topology][Flow] Nodes: 4
[Topology][Flow] Connections: 3
[Topology][Hub] Generating hub layout
[Topology][Hub] Hub: Improve Delivery Performance
[Topology][Hub] Satellites: 3
[Topology][Hub] Connections: 3
[Topology][Flow] Generating flow layout
[Topology][Flow] Nodes: 4
[Topology][Flow] Connections: 3
[Topology][Hub] Generating hub layout
[Topology][Hub] Hub: Improve Delivery Performance
[Topology][Hub] Satellites: 3
[Topology][Hub] Connections: 3
[Topology][Flow] Generating flow layout
[Topology][Flow] Nodes: 5
[Topology][Flow] Connections: 4
[Topology][Hub] Generating hub layout
[Topology][Hub] Hub: Improve Delivery Performance
[Topology][Hub] Satellites: 4
[Topology][Hub] Connections: 4
[Topology][Flow] Generating flow layout
[Topology][Flow] Nodes: 5
[Topology][Flow] Connections: 4
[Topology][Hub] Generating hub layout
[Topology][Hub] Hub: Improve Delivery Performance
[Topology][Hub] Satellites: 4
[Topology][Hub] Connections: 4
[Topology][Flow] Generating flow layout
[Topology][Flow] Nodes: 5
[Topology][Flow] Connections: 4
[Topology][Hub] Generating hub layout
[Topology][Hub] Hub: Improve Delivery Performance
[Topology][Hub] Satellites: 4
[Topology][Hub] Connections: 4
[Topology][Flow] Generating flow layout
[Topology][Flow] Nodes: 6
[Topology][Flow] Connections: 5
[Topology][Hub] Generating hub layout
[Topology][Hub] Hub: Improve Delivery Performance
[Topology][Hub] Satellites: 5
[Topology][Hub] Connections: 5
[Topology][Flow] Generating flow layout
[Topology][Flow] Nodes: 6
[Topology][Flow] Connections: 5
[Topology][Hub] Generating hub layout
[Topology][Hub] Hub: Improve Delivery Performance
[Topology][Hub] Satellites: 5
[Topology][Hub] Connections: 5
[Topology][Flow] Generating flow layout
[Topology][Flow] Nodes: 6
[Topology][Flow] Connections: 5
[Topology][Hub] Generating hub layout
[Topology][Hub] Hub: Improve Delivery Performance
[Topology][Hub] Satellites: 5
[Topology][Hub] Connections: 5
[Topology][Flow] Generating flow layout
[Topology][Flow] Nodes: 7
[Topology][Flow] Connections: 6
[Topology][Hub] Generating hub layout
[Topology][Hub] Hub: Improve Delivery Performance
[Topology][Hub] Satellites: 6
[Topology][Hub] Connections: 6
[Topology][Flow] Generating flow layout
[Topology][Flow] Nodes: 7
[Topology][Flow] Connections: 6
[Topology][Hub] Generating hub layout
[Topology][Hub] Hub: Improve Delivery Performance
[Topology][Hub] Satellites: 6
[Topology][Hub] Connections: 6
[Topology][Flow] Generating flow layout
[Topology][Flow] Nodes: 7
[Topology][Flow] Connections: 6
[Topology][Hub] Generating hub layout
[Topology][Hub] Hub: Improve Delivery Performance
[Topology][Hub] Satellites: 6
[Topology][Hub] Connections: 6
[Topology][Flow] Generating flow layout
[Topology][Flow] Nodes: 7
[Topology][Flow] Connections: 6
[Topology][Hub] Generating hub layout
[Topology][Hub] Hub: Improve Delivery Performance
[Topology][Hub] Satellites: 6
[Topology][Hub] Connections: 6
[Topology][Flow] Generating flow layout
[Topology][Flow] Nodes: 7
[Topology][Flow] Connections: 6
[Topology][Hub] Generating hub layout
[Topology][Hub] Hub: Improve Delivery Performance
[Topology][Hub] Satellites: 6
[Topology][Hub] Connections: 6
[Topology][Flow] Generating flow layout
[Topology][Flow] Nodes: 7
[Topology][Flow] Connections: 6
[Topology][Hub] Generating hub layout
[Topology][Hub] Hub: Improve Delivery Performance
[Topology][Hub] Satellites: 6
[Topology][Hub] Connections: 6
[Topology][Flow] Generating flow layout
[Topology][Flow] Nodes: 7
[Topology][Flow] Connections: 6
[Topology][Hub] Generating hub layout
[Topology][Hub] Hub: Improve Delivery Performance
[Topology][Hub] Satellites: 6
[Topology][Hub] Connections: 6
[Topology][Flow] Generating flow layout
[Topology][Flow] Nodes: 8
[Topology][Flow] Connections: 7
[Topology][Hub] Generating hub layout
[Topology][Hub] Hub: Improve Delivery Performance
[Topology][Hub] Satellites: 7
[Topology][Hub] Connections: 7
[Topology][Flow] Generating flow layout
[Topology][Flow] Nodes: 8
[Topology][Flow] Connections: 7
[Topology][Hub] Generating hub layout
[Topology][Hub] Hub: Improve Delivery Performance
[Topology][Hub] Satellites: 7
[Topology][Hub] Connections: 7
[Topology][Flow] Generating flow layout
[Topology][Flow] Nodes: 9
[Topology][Flow] Connections: 8
[Topology][Hub] Generating hub layout
[Topology][Hub] Hub: Improve Delivery Performance
[Topology][Hub] Satellites: 8
[Topology][Hub] Connections: 8
[Topology][Flow] Generating flow layout
[Topology][Flow] Nodes: 9
[Topology][Flow] Connections: 8
[Topology][Hub] Generating hub layout
[Topology][Hub] Hub: Improve Delivery Performance
[Topology][Hub] Satellites: 8
[Topology][Hub] Connections: 8
[Topology][Flow] Generating flow layout
[Topology][Flow] Nodes: 9
[Topology][Flow] Connections: 8
[Topology][Hub] Generating hub layout
[Topology][Hub] Hub: Improve Delivery Performance
[Topology][Hub] Satellites: 8
[Topology][Hub] Connections: 8
[Topology][Flow] Generating flow layout
[Topology][Flow] Nodes: 9
[Topology][Flow] Connections: 8
[Topology][Hub] Generating hub layout
[Topology][Hub] Hub: Improve Delivery Performance
[Topology][Hub] Satellites: 8
[Topology][Hub] Connections: 8
[Topology][Flow] Generating flow layout
[Topology][Flow] Nodes: 10
[Topology][Flow] Connections: 9
[Topology][Hub] Generating hub layout
[Topology][Hub] Hub: Improve Delivery Performance
[Topology][Hub] Satellites: 9
[Topology][Hub] Connections: 9
[Topology][Flow] Generating flow layout
[Topology][Flow] Nodes: 10
[Topology][Flow] Connections: 9
[Topology][Hub] Generating hub layout
[Topology][Hub] Hub: Improve Delivery Performance
[Topology][Hub] Satellites: 9
[Topology][Hub] Connections: 9
[Topology][Flow] Generating flow layout
[Topology][Flow] Nodes: 11
[Topology][Flow] Connections: 10
[Topology][Hub] Generating hub layout
[Topology][Hub] Hub: Improve Delivery Performance
[Topology][Hub] Satellites: 10
[Topology][Hub] Connections: 10
[Topology][Flow] Generating flow layout
[Topology][Flow] Nodes: 1
[Topology][Flow] Connections: 0
[Topology][Hub] Generating hub layout
[Topology][Hub] Hub: Nexora
[Topology][Hub] Satellites: 0
[Topology][Hub] Connections: 0
[Topology][Flow] Generating flow layout
[Topology][Flow] Nodes: 1
[Topology][Flow] Connections: 0
[Topology][Hub] Generating hub layout
[Topology][Hub] Hub: Nexora
[Topology][Hub] Satellites: 0
[Topology][Hub] Connections: 0
[Topology][Flow] Generating flow layout
[Topology][Flow] Nodes: 1
[Topology][Flow] Connections: 0
[Topology][Hub] Generating hub layout
[Topology][Hub] Hub: Nexora
[Topology][Hub] Satellites: 0
[Topology][Hub] Connections: 0
[Topology][Flow] Generating flow layout
[Topology][Flow] Nodes: 1
[Topology][Flow] Connections: 0
[Topology][Flow] Generating flow layout
[Topology][Flow] Nodes: 1
[Topology][Flow] Connections: 0
[Topology][Flow] Generating flow layout
[Topology][Flow] Nodes: 1
[Topology][Flow] Connections: 0
[Topology][Hub] Generating hub layout
[Topology][Hub] Hub: Alex
[Topology][Hub] Satellites: 0
[Topology][Hub] Connections: 0
[Topology][Flow] Generating flow layout
[Topology][Flow] Nodes: 1
[Topology][Flow] Connections: 0
[Topology][Flow] Generating flow layout
[Topology][Flow] Nodes: 1
[Topology][Flow] Connections: 0
[Topology][Flow] Generating flow layout
[Topology][Flow] Nodes: 2
[Topology][Flow] Connections: 1
[Topology][Flow] Generating flow layout
[Topology][Flow] Nodes: 1
[Topology][Flow] Connections: 0
▶ NEX-MVP-FINAL:1 Real Manager MVP
  ✔ identity is certification, not a new engine (0.773958ms)
  ✔ keeps first-time entrance session when 6.1 owns an executive ask (279.039417ms)
  ✔ first contact uses product language and learns manager context (75.637666ms)
  ✔ completes a natural manager loop without architecture leakage (642.734584ms)
  ✔ click and Show me share Goal focus; Explain uses one engine (172.393917ms)
✔ NEX-MVP-FINAL:1 Real Manager MVP (1171.716125ms)
[Topology][Flow] Generating flow layout
[Topology][Flow] Nodes: 1
[Topology][Flow] Connections: 0
[Topology][Flow] Generating flow layout
[Topology][Flow] Nodes: 1
[Topology][Flow] Connections: 0
[Topology][Flow] Generating flow layout
[Topology][Flow] Nodes: 1
[Topology][Flow] Connections: 0
[Topology][Flow] Generating flow layout
[Topology][Flow] Nodes: 1
[Topology][Flow] Connections: 0
[Topology][Flow] Generating flow layout
[Topology][Flow] Nodes: 2
[Topology][Flow] Connections: 1
[Topology][Hub] Generating hub layout
[Topology][Hub] Hub: Improve Delivery Reliability
[Topology][Hub] Satellites: 1
[Topology][Hub] Connections: 1
[Topology][Flow] Generating flow layout
[Topology][Flow] Nodes: 2
[Topology][Flow] Connections: 1
[Topology][Hub] Generating hub layout
[Topology][Hub] Hub: Improve Delivery Reliability
[Topology][Hub] Satellites: 1
[Topology][Hub] Connections: 1
[Topology][Flow] Generating flow layout
[Topology][Flow] Nodes: 4
[Topology][Flow] Connections: 3
[Topology][Hub] Generating hub layout
[Topology][Hub] Hub: Improve Delivery Reliability
[Topology][Hub] Satellites: 3
[Topology][Hub] Connections: 3
[Topology][Flow] Generating flow layout
[Topology][Flow] Nodes: 5
[Topology][Flow] Connections: 4
[Topology][Hub] Generating hub layout
[Topology][Hub] Hub: Improve Delivery Reliability
[Topology][Hub] Satellites: 4
[Topology][Hub] Connections: 4
[Topology][Flow] Generating flow layout
[Topology][Flow] Nodes: 5
[Topology][Flow] Connections: 4
[Topology][Hub] Generating hub layout
[Topology][Hub] Hub: Improve Delivery Reliability
[Topology][Hub] Satellites: 4
[Topology][Hub] Connections: 4
[Topology][Flow] Generating flow layout
[Topology][Flow] Nodes: 6
[Topology][Flow] Connections: 5
[Topology][Hub] Generating hub layout
[Topology][Hub] Hub: Improve Delivery Reliability
[Topology][Hub] Satellites: 5
[Topology][Hub] Connections: 5
[Topology][Flow] Generating flow layout
[Topology][Flow] Nodes: 7
[Topology][Flow] Connections: 6
[Topology][Hub] Generating hub layout
[Topology][Hub] Hub: Improve Delivery Reliability
[Topology][Hub] Satellites: 6
[Topology][Hub] Connections: 6
[Topology][Flow] Generating flow layout
[Topology][Flow] Nodes: 7
[Topology][Flow] Connections: 6
[Topology][Hub] Generating hub layout
[Topology][Hub] Hub: Improve Delivery Reliability
[Topology][Hub] Satellites: 6
[Topology][Hub] Connections: 6
[Topology][Flow] Generating flow layout
[Topology][Flow] Nodes: 7
[Topology][Flow] Connections: 6
[Topology][Hub] Generating hub layout
[Topology][Hub] Hub: Improve Delivery Reliability
[Topology][Hub] Satellites: 6
[Topology][Hub] Connections: 6
[Topology][Flow] Generating flow layout
[Topology][Flow] Nodes: 7
[Topology][Flow] Connections: 6
[Topology][Hub] Generating hub layout
[Topology][Hub] Hub: Improve Delivery Reliability
[Topology][Hub] Satellites: 6
[Topology][Hub] Connections: 6
[Topology][Flow] Generating flow layout
[Topology][Flow] Nodes: 7
[Topology][Flow] Connections: 6
[Topology][Hub] Generating hub layout
[Topology][Hub] Hub: Improve Delivery Reliability
[Topology][Hub] Satellites: 6
[Topology][Hub] Connections: 6
[Topology][Flow] Generating flow layout
[Topology][Flow] Nodes: 8
[Topology][Flow] Connections: 7
[Topology][Hub] Generating hub layout
[Topology][Hub] Hub: Improve Delivery Reliability
[Topology][Hub] Satellites: 7
[Topology][Hub] Connections: 7
[Topology][Flow] Generating flow layout
[Topology][Flow] Nodes: 9
[Topology][Flow] Connections: 8
[Topology][Hub] Generating hub layout
[Topology][Hub] Hub: Improve Delivery Reliability
[Topology][Hub] Satellites: 8
[Topology][Hub] Connections: 8
[Topology][Flow] Generating flow layout
[Topology][Flow] Nodes: 9
[Topology][Flow] Connections: 8
[Topology][Hub] Generating hub layout
[Topology][Hub] Hub: Improve Delivery Reliability
[Topology][Hub] Satellites: 8
[Topology][Hub] Connections: 8
[Topology][Flow] Generating flow layout
[Topology][Flow] Nodes: 1
[Topology][Flow] Connections: 0
[Topology][Flow] Generating flow layout
[Topology][Flow] Nodes: 1
[Topology][Flow] Connections: 0
[Topology][Flow] Generating flow layout
[Topology][Flow] Nodes: 2
[Topology][Flow] Connections: 1
[Topology][Hub] Generating hub layout
[Topology][Hub] Hub: Improve Delivery Reliability
[Topology][Hub] Satellites: 1
[Topology][Hub] Connections: 1
[Topology][Flow] Generating flow layout
[Topology][Flow] Nodes: 2
[Topology][Flow] Connections: 1
[Topology][Hub] Generating hub layout
[Topology][Hub] Hub: Improve Delivery Reliability
[Topology][Hub] Satellites: 1
[Topology][Hub] Connections: 1
[Topology][Flow] Generating flow layout
[Topology][Flow] Nodes: 4
[Topology][Flow] Connections: 3
[Topology][Hub] Generating hub layout
[Topology][Hub] Hub: Improve Delivery Reliability
[Topology][Hub] Satellites: 3
[Topology][Hub] Connections: 3
[Topology][Flow] Generating flow layout
[Topology][Flow] Nodes: 5
[Topology][Flow] Connections: 4
[Topology][Hub] Generating hub layout
[Topology][Hub] Hub: Improve Delivery Reliability
[Topology][Hub] Satellites: 4
[Topology][Hub] Connections: 4
[Topology][Flow] Generating flow layout
[Topology][Flow] Nodes: 5
[Topology][Flow] Connections: 4
[Topology][Hub] Generating hub layout
[Topology][Hub] Hub: Improve Delivery Reliability
[Topology][Hub] Satellites: 4
[Topology][Hub] Connections: 4
[Topology][Flow] Generating flow layout
[Topology][Flow] Nodes: 6
[Topology][Flow] Connections: 5
[Topology][Hub] Generating hub layout
[Topology][Hub] Hub: Improve Delivery Reliability
[Topology][Hub] Satellites: 5
[Topology][Hub] Connections: 5
[Topology][Flow] Generating flow layout
[Topology][Flow] Nodes: 7
[Topology][Flow] Connections: 6
[Topology][Hub] Generating hub layout
[Topology][Hub] Hub: Improve Delivery Reliability
[Topology][Hub] Satellites: 6
[Topology][Hub] Connections: 6
[Topology][Flow] Generating flow layout
[Topology][Flow] Nodes: 7
[Topology][Flow] Connections: 6
[Topology][Hub] Generating hub layout
[Topology][Hub] Hub: Improve Delivery Reliability
[Topology][Hub] Satellites: 6
[Topology][Hub] Connections: 6
[Topology][Flow] Generating flow layout
[Topology][Flow] Nodes: 7
[Topology][Flow] Connections: 6
[Topology][Hub] Generating hub layout
[Topology][Hub] Hub: Improve Delivery Reliability
[Topology][Hub] Satellites: 6
[Topology][Hub] Connections: 6
[Topology][Flow] Generating flow layout
[Topology][Flow] Nodes: 7
[Topology][Flow] Connections: 6
[Topology][Hub] Generating hub layout
[Topology][Hub] Hub: Improve Delivery Reliability
[Topology][Hub] Satellites: 6
[Topology][Hub] Connections: 6
[Topology][Flow] Generating flow layout
[Topology][Flow] Nodes: 7
[Topology][Flow] Connections: 6
[Topology][Hub] Generating hub layout
[Topology][Hub] Hub: Improve Delivery Reliability
[Topology][Hub] Satellites: 6
[Topology][Hub] Connections: 6
[Topology][Flow] Generating flow layout
[Topology][Flow] Nodes: 8
[Topology][Flow] Connections: 7
[Topology][Hub] Generating hub layout
[Topology][Hub] Hub: Improve Delivery Reliability
[Topology][Hub] Satellites: 7
[Topology][Hub] Connections: 7
[Topology][Flow] Generating flow layout
[Topology][Flow] Nodes: 9
[Topology][Flow] Connections: 8
[Topology][Hub] Generating hub layout
[Topology][Hub] Hub: Improve Delivery Reliability
[Topology][Hub] Satellites: 8
[Topology][Hub] Connections: 8
[Topology][Flow] Generating flow layout
[Topology][Flow] Nodes: 9
[Topology][Flow] Connections: 8
[Topology][Hub] Generating hub layout
[Topology][Hub] Hub: Improve Delivery Reliability
[Topology][Hub] Satellites: 8
[Topology][Hub] Connections: 8
[Topology][Flow] Generating flow layout
[Topology][Flow] Nodes: 9
[Topology][Flow] Connections: 8
[Topology][Hub] Generating hub layout
[Topology][Hub] Hub: Improve Delivery Reliability
[Topology][Hub] Satellites: 8
[Topology][Hub] Connections: 8
[Topology][Flow] Generating flow layout
[Topology][Flow] Nodes: 1
[Topology][Flow] Connections: 0
[Topology][Flow] Generating flow layout
[Topology][Flow] Nodes: 1
[Topology][Flow] Connections: 0
[Topology][Flow] Generating flow layout
[Topology][Flow] Nodes: 2
[Topology][Flow] Connections: 1
[Topology][Hub] Generating hub layout
[Topology][Hub] Hub: Improve Delivery Reliability
[Topology][Hub] Satellites: 1
[Topology][Hub] Connections: 1
[Topology][Flow] Generating flow layout
[Topology][Flow] Nodes: 2
[Topology][Flow] Connections: 1
[Topology][Hub] Generating hub layout
[Topology][Hub] Hub: Improve Delivery Reliability
[Topology][Hub] Satellites: 1
[Topology][Hub] Connections: 1
[Topology][Flow] Generating flow layout
[Topology][Flow] Nodes: 4
[Topology][Flow] Connections: 3
[Topology][Hub] Generating hub layout
[Topology][Hub] Hub: Improve Delivery Reliability
[Topology][Hub] Satellites: 3
[Topology][Hub] Connections: 3
[Topology][Flow] Generating flow layout
[Topology][Flow] Nodes: 5
[Topology][Flow] Connections: 4
[Topology][Hub] Generating hub layout
[Topology][Hub] Hub: Improve Delivery Reliability
[Topology][Hub] Satellites: 4
[Topology][Hub] Connections: 4
[Topology][Flow] Generating flow layout
[Topology][Flow] Nodes: 5
[Topology][Flow] Connections: 4
[Topology][Hub] Generating hub layout
[Topology][Hub] Hub: Improve Delivery Reliability
[Topology][Hub] Satellites: 4
[Topology][Hub] Connections: 4
[Topology][Flow] Generating flow layout
[Topology][Flow] Nodes: 6
[Topology][Flow] Connections: 5
[Topology][Hub] Generating hub layout
[Topology][Hub] Hub: Improve Delivery Reliability
[Topology][Hub] Satellites: 5
[Topology][Hub] Connections: 5
[Topology][Flow] Generating flow layout
[Topology][Flow] Nodes: 7
[Topology][Flow] Connections: 6
[Topology][Hub] Generating hub layout
[Topology][Hub] Hub: Improve Delivery Reliability
[Topology][Hub] Satellites: 6
[Topology][Hub] Connections: 6
[Topology][Flow] Generating flow layout
[Topology][Flow] Nodes: 7
[Topology][Flow] Connections: 6
[Topology][Hub] Generating hub layout
[Topology][Hub] Hub: Improve Delivery Reliability
[Topology][Hub] Satellites: 6
[Topology][Hub] Connections: 6
[Topology][Flow] Generating flow layout
[Topology][Flow] Nodes: 7
[Topology][Flow] Connections: 6
[Topology][Hub] Generating hub layout
[Topology][Hub] Hub: Improve Delivery Reliability
[Topology][Hub] Satellites: 6
[Topology][Hub] Connections: 6
[Topology][Flow] Generating flow layout
[Topology][Flow] Nodes: 7
[Topology][Flow] Connections: 6
[Topology][Hub] Generating hub layout
[Topology][Hub] Hub: Improve Delivery Reliability
[Topology][Hub] Satellites: 6
[Topology][Hub] Connections: 6
[Topology][Flow] Generating flow layout
[Topology][Flow] Nodes: 7
[Topology][Flow] Connections: 6
[Topology][Hub] Generating hub layout
[Topology][Hub] Hub: Improve Delivery Reliability
[Topology][Hub] Satellites: 6
[Topology][Hub] Connections: 6
[Topology][Flow] Generating flow layout
[Topology][Flow] Nodes: 8
[Topology][Flow] Connections: 7
[Topology][Hub] Generating hub layout
[Topology][Hub] Hub: Improve Delivery Reliability
[Topology][Hub] Satellites: 7
[Topology][Hub] Connections: 7
[Topology][Flow] Generating flow layout
[Topology][Flow] Nodes: 9
[Topology][Flow] Connections: 8
[Topology][Hub] Generating hub layout
[Topology][Hub] Hub: Improve Delivery Reliability
[Topology][Hub] Satellites: 8
[Topology][Hub] Connections: 8
[Topology][Flow] Generating flow layout
[Topology][Flow] Nodes: 9
[Topology][Flow] Connections: 8
[Topology][Hub] Generating hub layout
[Topology][Hub] Hub: Improve Delivery Reliability
[Topology][Hub] Satellites: 8
[Topology][Hub] Connections: 8
[Topology][Flow] Generating flow layout
[Topology][Flow] Nodes: 9
[Topology][Flow] Connections: 8
[Topology][Hub] Generating hub layout
[Topology][Hub] Hub: Improve Delivery Reliability
[Topology][Hub] Satellites: 8
[Topology][Hub] Connections: 8
[Topology][Flow] Generating flow layout
[Topology][Flow] Nodes: 1
[Topology][Flow] Connections: 0
[Topology][Flow] Generating flow layout
[Topology][Flow] Nodes: 1
[Topology][Flow] Connections: 0
[Topology][Flow] Generating flow layout
[Topology][Flow] Nodes: 2
[Topology][Flow] Connections: 1
[Topology][Hub] Generating hub layout
[Topology][Hub] Hub: Improve Delivery Reliability
[Topology][Hub] Satellites: 1
[Topology][Hub] Connections: 1
[Topology][Flow] Generating flow layout
[Topology][Flow] Nodes: 2
[Topology][Flow] Connections: 1
[Topology][Hub] Generating hub layout
[Topology][Hub] Hub: Improve Delivery Reliability
[Topology][Hub] Satellites: 1
[Topology][Hub] Connections: 1
[Topology][Flow] Generating flow layout
[Topology][Flow] Nodes: 4
[Topology][Flow] Connections: 3
[Topology][Hub] Generating hub layout
[Topology][Hub] Hub: Improve Delivery Reliability
[Topology][Hub] Satellites: 3
[Topology][Hub] Connections: 3
[Topology][Flow] Generating flow layout
[Topology][Flow] Nodes: 5
[Topology][Flow] Connections: 4
[Topology][Hub] Generating hub layout
[Topology][Hub] Hub: Improve Delivery Reliability
[Topology][Hub] Satellites: 4
[Topology][Hub] Connections: 4
[Topology][Flow] Generating flow layout
[Topology][Flow] Nodes: 5
[Topology][Flow] Connections: 4
[Topology][Hub] Generating hub layout
[Topology][Hub] Hub: Improve Delivery Reliability
[Topology][Hub] Satellites: 4
[Topology][Hub] Connections: 4
[Topology][Flow] Generating flow layout
[Topology][Flow] Nodes: 6
[Topology][Flow] Connections: 5
[Topology][Hub] Generating hub layout
[Topology][Hub] Hub: Improve Delivery Reliability
[Topology][Hub] Satellites: 5
[Topology][Hub] Connections: 5
[Topology][Flow] Generating flow layout
[Topology][Flow] Nodes: 7
[Topology][Flow] Connections: 6
[Topology][Hub] Generating hub layout
[Topology][Hub] Hub: Improve Delivery Reliability
[Topology][Hub] Satellites: 6
[Topology][Hub] Connections: 6
[Topology][Flow] Generating flow layout
[Topology][Flow] Nodes: 7
[Topology][Flow] Connections: 6
[Topology][Hub] Generating hub layout
[Topology][Hub] Hub: Improve Delivery Reliability
[Topology][Hub] Satellites: 6
[Topology][Hub] Connections: 6
[Topology][Flow] Generating flow layout
[Topology][Flow] Nodes: 7
[Topology][Flow] Connections: 6
[Topology][Hub] Generating hub layout
[Topology][Hub] Hub: Improve Delivery Reliability
[Topology][Hub] Satellites: 6
[Topology][Hub] Connections: 6
[Topology][Flow] Generating flow layout
[Topology][Flow] Nodes: 7
[Topology][Flow] Connections: 6
[Topology][Hub] Generating hub layout
[Topology][Hub] Hub: Improve Delivery Reliability
[Topology][Hub] Satellites: 6
[Topology][Hub] Connections: 6
[Topology][Flow] Generating flow layout
[Topology][Flow] Nodes: 7
[Topology][Flow] Connections: 6
[Topology][Hub] Generating hub layout
[Topology][Hub] Hub: Improve Delivery Reliability
[Topology][Hub] Satellites: 6
[Topology][Hub] Connections: 6
[Topology][Flow] Generating flow layout
[Topology][Flow] Nodes: 8
[Topology][Flow] Connections: 7
[Topology][Hub] Generating hub layout
[Topology][Hub] Hub: Improve Delivery Reliability
[Topology][Hub] Satellites: 7
[Topology][Hub] Connections: 7
[Topology][Flow] Generating flow layout
[Topology][Flow] Nodes: 9
[Topology][Flow] Connections: 8
[Topology][Hub] Generating hub layout
[Topology][Hub] Hub: Improve Delivery Reliability
[Topology][Hub] Satellites: 8
[Topology][Hub] Connections: 8
[Topology][Flow] Generating flow layout
[Topology][Flow] Nodes: 9
[Topology][Flow] Connections: 8
[Topology][Hub] Generating hub layout
[Topology][Hub] Hub: Improve Delivery Reliability
[Topology][Hub] Satellites: 8
[Topology][Hub] Connections: 8
[Topology][Flow] Generating flow layout
[Topology][Flow] Nodes: 9
[Topology][Flow] Connections: 8
[Topology][Hub] Generating hub layout
[Topology][Hub] Hub: Improve Delivery Reliability
[Topology][Hub] Satellites: 8
[Topology][Hub] Connections: 8
[Topology][Flow] Generating flow layout
[Topology][Flow] Nodes: 10
[Topology][Flow] Connections: 9
[Topology][Hub] Generating hub layout
[Topology][Hub] Hub: Improve Delivery Reliability
[Topology][Hub] Satellites: 9
[Topology][Hub] Connections: 9
[Topology][Flow] Generating flow layout
[Topology][Flow] Nodes: 10
[Topology][Flow] Connections: 9
[Topology][Hub] Generating hub layout
[Topology][Hub] Hub: Improve Delivery Reliability
[Topology][Hub] Satellites: 9
[Topology][Hub] Connections: 9
[Topology][Flow] Generating flow layout
[Topology][Flow] Nodes: 10
[Topology][Flow] Connections: 9
[Topology][Hub] Generating hub layout
[Topology][Hub] Hub: Improve Delivery Reliability
[Topology][Hub] Satellites: 9
[Topology][Hub] Connections: 9
[Topology][Flow] Generating flow layout
[Topology][Flow] Nodes: 10
[Topology][Flow] Connections: 9
[Topology][Hub] Generating hub layout
[Topology][Hub] Hub: Outcome
[Topology][Hub] Satellites: 5
[Topology][Hub] Connections: 5
[Topology][Flow] Generating flow layout
[Topology][Flow] Nodes: 1
[Topology][Flow] Connections: 0
[Topology][Flow] Generating flow layout
[Topology][Flow] Nodes: 1
[Topology][Flow] Connections: 0
[Topology][Flow] Generating flow layout
[Topology][Flow] Nodes: 2
[Topology][Flow] Connections: 1
[Topology][Hub] Generating hub layout
[Topology][Hub] Hub: Improve Delivery Reliability
[Topology][Hub] Satellites: 1
[Topology][Hub] Connections: 1
[Topology][Flow] Generating flow layout
[Topology][Flow] Nodes: 2
[Topology][Flow] Connections: 1
[Topology][Hub] Generating hub layout
[Topology][Hub] Hub: Improve Delivery Reliability
[Topology][Hub] Satellites: 1
[Topology][Hub] Connections: 1
[Topology][Flow] Generating flow layout
[Topology][Flow] Nodes: 4
[Topology][Flow] Connections: 3
[Topology][Hub] Generating hub layout
[Topology][Hub] Hub: Improve Delivery Reliability
[Topology][Hub] Satellites: 3
[Topology][Hub] Connections: 3
[Topology][Flow] Generating flow layout
[Topology][Flow] Nodes: 5
[Topology][Flow] Connections: 4
[Topology][Hub] Generating hub layout
[Topology][Hub] Hub: Improve Delivery Reliability
[Topology][Hub] Satellites: 4
[Topology][Hub] Connections: 4
[Topology][Flow] Generating flow layout
[Topology][Flow] Nodes: 5
[Topology][Flow] Connections: 4
[Topology][Hub] Generating hub layout
[Topology][Hub] Hub: Improve Delivery Reliability
[Topology][Hub] Satellites: 4
[Topology][Hub] Connections: 4
[Topology][Flow] Generating flow layout
[Topology][Flow] Nodes: 6
[Topology][Flow] Connections: 5
[Topology][Hub] Generating hub layout
[Topology][Hub] Hub: Improve Delivery Reliability
[Topology][Hub] Satellites: 5
[Topology][Hub] Connections: 5
[Topology][Flow] Generating flow layout
[Topology][Flow] Nodes: 7
[Topology][Flow] Connections: 6
[Topology][Hub] Generating hub layout
[Topology][Hub] Hub: Improve Delivery Reliability
[Topology][Hub] Satellites: 6
[Topology][Hub] Connections: 6
[Topology][Flow] Generating flow layout
[Topology][Flow] Nodes: 7
[Topology][Flow] Connections: 6
[Topology][Hub] Generating hub layout
[Topology][Hub] Hub: Improve Delivery Reliability
[Topology][Hub] Satellites: 6
[Topology][Hub] Connections: 6
[Topology][Flow] Generating flow layout
[Topology][Flow] Nodes: 7
[Topology][Flow] Connections: 6
[Topology][Hub] Generating hub layout
[Topology][Hub] Hub: Improve Delivery Reliability
[Topology][Hub] Satellites: 6
[Topology][Hub] Connections: 6
[Topology][Flow] Generating flow layout
[Topology][Flow] Nodes: 7
[Topology][Flow] Connections: 6
[Topology][Hub] Generating hub layout
[Topology][Hub] Hub: Improve Delivery Reliability
[Topology][Hub] Satellites: 6
[Topology][Hub] Connections: 6
[Topology][Flow] Generating flow layout
[Topology][Flow] Nodes: 7
[Topology][Flow] Connections: 6
[Topology][Hub] Generating hub layout
[Topology][Hub] Hub: Improve Delivery Reliability
[Topology][Hub] Satellites: 6
[Topology][Hub] Connections: 6
[Topology][Flow] Generating flow layout
[Topology][Flow] Nodes: 8
[Topology][Flow] Connections: 7
[Topology][Hub] Generating hub layout
[Topology][Hub] Hub: Improve Delivery Reliability
[Topology][Hub] Satellites: 7
[Topology][Hub] Connections: 7
[Topology][Flow] Generating flow layout
[Topology][Flow] Nodes: 9
[Topology][Flow] Connections: 8
[Topology][Hub] Generating hub layout
[Topology][Hub] Hub: Improve Delivery Reliability
[Topology][Hub] Satellites: 8
[Topology][Hub] Connections: 8
[Topology][Flow] Generating flow layout
[Topology][Flow] Nodes: 9
[Topology][Flow] Connections: 8
[Topology][Hub] Generating hub layout
[Topology][Hub] Hub: Improve Delivery Reliability
[Topology][Hub] Satellites: 8
[Topology][Hub] Connections: 8
[Topology][Flow] Generating flow layout
[Topology][Flow] Nodes: 9
[Topology][Flow] Connections: 8
[Topology][Hub] Generating hub layout
[Topology][Hub] Hub: Improve Delivery Reliability
[Topology][Hub] Satellites: 8
[Topology][Hub] Connections: 8
[Topology][Flow] Generating flow layout
[Topology][Flow] Nodes: 10
[Topology][Flow] Connections: 9
[Topology][Hub] Generating hub layout
[Topology][Hub] Hub: Improve Delivery Reliability
[Topology][Hub] Satellites: 9
[Topology][Hub] Connections: 9
[Topology][Flow] Generating flow layout
[Topology][Flow] Nodes: 1
[Topology][Flow] Connections: 0
[Topology][Flow] Generating flow layout
[Topology][Flow] Nodes: 1
[Topology][Flow] Connections: 0
[Topology][Flow] Generating flow layout
[Topology][Flow] Nodes: 2
[Topology][Flow] Connections: 1
[Topology][Hub] Generating hub layout
[Topology][Hub] Hub: Improve Delivery Reliability
[Topology][Hub] Satellites: 1
[Topology][Hub] Connections: 1
[Topology][Flow] Generating flow layout
[Topology][Flow] Nodes: 2
[Topology][Flow] Connections: 1
[Topology][Hub] Generating hub layout
[Topology][Hub] Hub: Improve Delivery Reliability
[Topology][Hub] Satellites: 1
[Topology][Hub] Connections: 1
[Topology][Flow] Generating flow layout
[Topology][Flow] Nodes: 4
[Topology][Flow] Connections: 3
[Topology][Hub] Generating hub layout
[Topology][Hub] Hub: Improve Delivery Reliability
[Topology][Hub] Satellites: 3
[Topology][Hub] Connections: 3
[Topology][Flow] Generating flow layout
[Topology][Flow] Nodes: 5
[Topology][Flow] Connections: 4
[Topology][Hub] Generating hub layout
[Topology][Hub] Hub: Improve Delivery Reliability
[Topology][Hub] Satellites: 4
[Topology][Hub] Connections: 4
[Topology][Flow] Generating flow layout
[Topology][Flow] Nodes: 5
[Topology][Flow] Connections: 4
[Topology][Hub] Generating hub layout
[Topology][Hub] Hub: Improve Delivery Reliability
[Topology][Hub] Satellites: 4
[Topology][Hub] Connections: 4
[Topology][Flow] Generating flow layout
[Topology][Flow] Nodes: 6
[Topology][Flow] Connections: 5
[Topology][Hub] Generating hub layout
[Topology][Hub] Hub: Improve Delivery Reliability
[Topology][Hub] Satellites: 5
[Topology][Hub] Connections: 5
[Topology][Flow] Generating flow layout
[Topology][Flow] Nodes: 7
[Topology][Flow] Connections: 6
[Topology][Hub] Generating hub layout
[Topology][Hub] Hub: Improve Delivery Reliability
[Topology][Hub] Satellites: 6
[Topology][Hub] Connections: 6
[Topology][Flow] Generating flow layout
[Topology][Flow] Nodes: 7
[Topology][Flow] Connections: 6
[Topology][Hub] Generating hub layout
[Topology][Hub] Hub: Improve Delivery Reliability
[Topology][Hub] Satellites: 6
[Topology][Hub] Connections: 6
[Topology][Flow] Generating flow layout
[Topology][Flow] Nodes: 7
[Topology][Flow] Connections: 6
[Topology][Hub] Generating hub layout
[Topology][Hub] Hub: Improve Delivery Reliability
[Topology][Hub] Satellites: 6
[Topology][Hub] Connections: 6
[Topology][Flow] Generating flow layout
[Topology][Flow] Nodes: 7
[Topology][Flow] Connections: 6
[Topology][Hub] Generating hub layout
[Topology][Hub] Hub: Improve Delivery Reliability
[Topology][Hub] Satellites: 6
[Topology][Hub] Connections: 6
[Topology][Flow] Generating flow layout
[Topology][Flow] Nodes: 7
[Topology][Flow] Connections: 6
[Topology][Hub] Generating hub layout
[Topology][Hub] Hub: Improve Delivery Reliability
[Topology][Hub] Satellites: 6
[Topology][Hub] Connections: 6
[Topology][Flow] Generating flow layout
[Topology][Flow] Nodes: 8
[Topology][Flow] Connections: 7
[Topology][Hub] Generating hub layout
[Topology][Hub] Hub: Improve Delivery Reliability
[Topology][Hub] Satellites: 7
[Topology][Hub] Connections: 7
[Topology][Flow] Generating flow layout
[Topology][Flow] Nodes: 9
[Topology][Flow] Connections: 8
[Topology][Hub] Generating hub layout
[Topology][Hub] Hub: Improve Delivery Reliability
[Topology][Hub] Satellites: 8
[Topology][Hub] Connections: 8
[Topology][Flow] Generating flow layout
[Topology][Flow] Nodes: 9
[Topology][Flow] Connections: 8
[Topology][Hub] Generating hub layout
[Topology][Hub] Hub: Improve Delivery Reliability
[Topology][Hub] Satellites: 8
[Topology][Hub] Connections: 8
[Topology][Flow] Generating flow layout
[Topology][Flow] Nodes: 9
[Topology][Flow] Connections: 8
[Topology][Hub] Generating hub layout
[Topology][Hub] Hub: Improve Delivery Reliability
[Topology][Hub] Satellites: 8
[Topology][Hub] Connections: 8
[Topology][Flow] Generating flow layout
[Topology][Flow] Nodes: 9
[Topology][Flow] Connections: 8
[Topology][Hub] Generating hub layout
[Topology][Hub] Hub: Improve Delivery Reliability
[Topology][Hub] Satellites: 8
[Topology][Hub] Connections: 8
[Topology][Flow] Generating flow layout
[Topology][Flow] Nodes: 10
[Topology][Flow] Connections: 9
[Topology][Hub] Generating hub layout
[Topology][Hub] Hub: Improve Delivery Reliability
[Topology][Hub] Satellites: 9
[Topology][Hub] Connections: 9
[Topology][Flow] Generating flow layout
[Topology][Flow] Nodes: 1
[Topology][Flow] Connections: 0
[Topology][Flow] Generating flow layout
[Topology][Flow] Nodes: 1
[Topology][Flow] Connections: 0
[Topology][Flow] Generating flow layout
[Topology][Flow] Nodes: 2
[Topology][Flow] Connections: 1
[Topology][Hub] Generating hub layout
[Topology][Hub] Hub: Improve Delivery Reliability
[Topology][Hub] Satellites: 1
[Topology][Hub] Connections: 1
[Topology][Flow] Generating flow layout
[Topology][Flow] Nodes: 2
[Topology][Flow] Connections: 1
[Topology][Hub] Generating hub layout
[Topology][Hub] Hub: Improve Delivery Reliability
[Topology][Hub] Satellites: 1
[Topology][Hub] Connections: 1
[Topology][Flow] Generating flow layout
[Topology][Flow] Nodes: 4
[Topology][Flow] Connections: 3
[Topology][Hub] Generating hub layout
[Topology][Hub] Hub: Improve Delivery Reliability
[Topology][Hub] Satellites: 3
[Topology][Hub] Connections: 3
[Topology][Flow] Generating flow layout
[Topology][Flow] Nodes: 5
[Topology][Flow] Connections: 4
[Topology][Hub] Generating hub layout
[Topology][Hub] Hub: Improve Delivery Reliability
[Topology][Hub] Satellites: 4
[Topology][Hub] Connections: 4
[Topology][Flow] Generating flow layout
[Topology][Flow] Nodes: 5
[Topology][Flow] Connections: 4
[Topology][Hub] Generating hub layout
[Topology][Hub] Hub: Improve Delivery Reliability
[Topology][Hub] Satellites: 4
[Topology][Hub] Connections: 4
[Topology][Flow] Generating flow layout
[Topology][Flow] Nodes: 6
[Topology][Flow] Connections: 5
[Topology][Hub] Generating hub layout
[Topology][Hub] Hub: Improve Delivery Reliability
[Topology][Hub] Satellites: 5
[Topology][Hub] Connections: 5
[Topology][Flow] Generating flow layout
[Topology][Flow] Nodes: 7
[Topology][Flow] Connections: 6
[Topology][Hub] Generating hub layout
[Topology][Hub] Hub: Improve Delivery Reliability
[Topology][Hub] Satellites: 6
[Topology][Hub] Connections: 6
[Topology][Flow] Generating flow layout
[Topology][Flow] Nodes: 7
[Topology][Flow] Connections: 6
[Topology][Hub] Generating hub layout
[Topology][Hub] Hub: Improve Delivery Reliability
[Topology][Hub] Satellites: 6
[Topology][Hub] Connections: 6
[Topology][Flow] Generating flow layout
[Topology][Flow] Nodes: 7
[Topology][Flow] Connections: 6
[Topology][Hub] Generating hub layout
[Topology][Hub] Hub: Improve Delivery Reliability
[Topology][Hub] Satellites: 6
[Topology][Hub] Connections: 6
[Topology][Flow] Generating flow layout
[Topology][Flow] Nodes: 7
[Topology][Flow] Connections: 6
[Topology][Hub] Generating hub layout
[Topology][Hub] Hub: Improve Delivery Reliability
[Topology][Hub] Satellites: 6
[Topology][Hub] Connections: 6
[Topology][Flow] Generating flow layout
[Topology][Flow] Nodes: 7
[Topology][Flow] Connections: 6
[Topology][Hub] Generating hub layout
[Topology][Hub] Hub: Improve Delivery Reliability
[Topology][Hub] Satellites: 6
[Topology][Hub] Connections: 6
[Topology][Flow] Generating flow layout
[Topology][Flow] Nodes: 8
[Topology][Flow] Connections: 7
[Topology][Hub] Generating hub layout
[Topology][Hub] Hub: Improve Delivery Reliability
[Topology][Hub] Satellites: 7
[Topology][Hub] Connections: 7
[Topology][Flow] Generating flow layout
[Topology][Flow] Nodes: 9
[Topology][Flow] Connections: 8
[Topology][Hub] Generating hub layout
[Topology][Hub] Hub: Improve Delivery Reliability
[Topology][Hub] Satellites: 8
[Topology][Hub] Connections: 8
[Topology][Flow] Generating flow layout
[Topology][Flow] Nodes: 9
[Topology][Flow] Connections: 8
[Topology][Hub] Generating hub layout
[Topology][Hub] Hub: Improve Delivery Reliability
[Topology][Hub] Satellites: 8
[Topology][Hub] Connections: 8
[Topology][Flow] Generating flow layout
[Topology][Flow] Nodes: 9
[Topology][Flow] Connections: 8
[Topology][Hub] Generating hub layout
[Topology][Hub] Hub: Improve Delivery Reliability
[Topology][Hub] Satellites: 8
[Topology][Hub] Connections: 8
[Topology][Flow] Generating flow layout
[Topology][Flow] Nodes: 1
[Topology][Flow] Connections: 0
[Topology][Flow] Generating flow layout
[Topology][Flow] Nodes: 1
[Topology][Flow] Connections: 0
[Topology][Flow] Generating flow layout
[Topology][Flow] Nodes: 2
[Topology][Flow] Connections: 1
[Topology][Hub] Generating hub layout
[Topology][Hub] Hub: Improve Delivery Reliability
[Topology][Hub] Satellites: 1
[Topology][Hub] Connections: 1
[Topology][Flow] Generating flow layout
[Topology][Flow] Nodes: 2
[Topology][Flow] Connections: 1
[Topology][Hub] Generating hub layout
[Topology][Hub] Hub: Improve Delivery Reliability
[Topology][Hub] Satellites: 1
[Topology][Hub] Connections: 1
[Topology][Flow] Generating flow layout
[Topology][Flow] Nodes: 4
[Topology][Flow] Connections: 3
[Topology][Hub] Generating hub layout
[Topology][Hub] Hub: Improve Delivery Reliability
[Topology][Hub] Satellites: 3
[Topology][Hub] Connections: 3
[Topology][Flow] Generating flow layout
[Topology][Flow] Nodes: 5
[Topology][Flow] Connections: 4
[Topology][Hub] Generating hub layout
[Topology][Hub] Hub: Improve Delivery Reliability
[Topology][Hub] Satellites: 4
[Topology][Hub] Connections: 4
[Topology][Flow] Generating flow layout
[Topology][Flow] Nodes: 5
[Topology][Flow] Connections: 4
[Topology][Hub] Generating hub layout
[Topology][Hub] Hub: Improve Delivery Reliability
[Topology][Hub] Satellites: 4
[Topology][Hub] Connections: 4
[Topology][Flow] Generating flow layout
[Topology][Flow] Nodes: 6
[Topology][Flow] Connections: 5
[Topology][Hub] Generating hub layout
[Topology][Hub] Hub: Improve Delivery Reliability
[Topology][Hub] Satellites: 5
[Topology][Hub] Connections: 5
[Topology][Flow] Generating flow layout
[Topology][Flow] Nodes: 7
[Topology][Flow] Connections: 6
[Topology][Hub] Generating hub layout
[Topology][Hub] Hub: Improve Delivery Reliability
[Topology][Hub] Satellites: 6
[Topology][Hub] Connections: 6
[Topology][Flow] Generating flow layout
[Topology][Flow] Nodes: 7
[Topology][Flow] Connections: 6
[Topology][Hub] Generating hub layout
[Topology][Hub] Hub: Improve Delivery Reliability
[Topology][Hub] Satellites: 6
[Topology][Hub] Connections: 6
[Topology][Flow] Generating flow layout
[Topology][Flow] Nodes: 7
[Topology][Flow] Connections: 6
[Topology][Hub] Generating hub layout
[Topology][Hub] Hub: Improve Delivery Reliability
[Topology][Hub] Satellites: 6
[Topology][Hub] Connections: 6
[Topology][Flow] Generating flow layout
[Topology][Flow] Nodes: 7
[Topology][Flow] Connections: 6
[Topology][Hub] Generating hub layout
[Topology][Hub] Hub: Improve Delivery Reliability
[Topology][Hub] Satellites: 6
[Topology][Hub] Connections: 6
[Topology][Flow] Generating flow layout
[Topology][Flow] Nodes: 7
[Topology][Flow] Connections: 6
[Topology][Hub] Generating hub layout
[Topology][Hub] Hub: Improve Delivery Reliability
[Topology][Hub] Satellites: 6
[Topology][Hub] Connections: 6
[Topology][Flow] Generating flow layout
[Topology][Flow] Nodes: 8
[Topology][Flow] Connections: 7
[Topology][Hub] Generating hub layout
[Topology][Hub] Hub: Improve Delivery Reliability
[Topology][Hub] Satellites: 7
[Topology][Hub] Connections: 7
[Topology][Flow] Generating flow layout
[Topology][Flow] Nodes: 9
[Topology][Flow] Connections: 8
[Topology][Hub] Generating hub layout
[Topology][Hub] Hub: Improve Delivery Reliability
[Topology][Hub] Satellites: 8
[Topology][Hub] Connections: 8
[Topology][Flow] Generating flow layout
[Topology][Flow] Nodes: 9
[Topology][Flow] Connections: 8
[Topology][Hub] Generating hub layout
[Topology][Hub] Hub: Improve Delivery Reliability
[Topology][Hub] Satellites: 8
[Topology][Hub] Connections: 8
[Topology][Flow] Generating flow layout
[Topology][Flow] Nodes: 9
[Topology][Flow] Connections: 8
[Topology][Hub] Generating hub layout
[Topology][Hub] Hub: Improve Delivery Reliability
[Topology][Hub] Satellites: 8
[Topology][Hub] Connections: 8
[Topology][Flow] Generating flow layout
[Topology][Flow] Nodes: 1
[Topology][Flow] Connections: 0
[Topology][Flow] Generating flow layout
[Topology][Flow] Nodes: 1
[Topology][Flow] Connections: 0
[Topology][Flow] Generating flow layout
[Topology][Flow] Nodes: 2
[Topology][Flow] Connections: 1
[Topology][Hub] Generating hub layout
[Topology][Hub] Hub: Improve Delivery Reliability
[Topology][Hub] Satellites: 1
[Topology][Hub] Connections: 1
[Topology][Flow] Generating flow layout
[Topology][Flow] Nodes: 2
[Topology][Flow] Connections: 1
[Topology][Hub] Generating hub layout
[Topology][Hub] Hub: Improve Delivery Reliability
[Topology][Hub] Satellites: 1
[Topology][Hub] Connections: 1
[Topology][Flow] Generating flow layout
[Topology][Flow] Nodes: 4
[Topology][Flow] Connections: 3
[Topology][Hub] Generating hub layout
[Topology][Hub] Hub: Improve Delivery Reliability
[Topology][Hub] Satellites: 3
[Topology][Hub] Connections: 3
[Topology][Flow] Generating flow layout
[Topology][Flow] Nodes: 5
[Topology][Flow] Connections: 4
[Topology][Hub] Generating hub layout
[Topology][Hub] Hub: Improve Delivery Reliability
[Topology][Hub] Satellites: 4
[Topology][Hub] Connections: 4
[Topology][Flow] Generating flow layout
[Topology][Flow] Nodes: 5
[Topology][Flow] Connections: 4
[Topology][Hub] Generating hub layout
[Topology][Hub] Hub: Improve Delivery Reliability
[Topology][Hub] Satellites: 4
[Topology][Hub] Connections: 4
[Topology][Flow] Generating flow layout
[Topology][Flow] Nodes: 6
[Topology][Flow] Connections: 5
[Topology][Hub] Generating hub layout
[Topology][Hub] Hub: Improve Delivery Reliability
[Topology][Hub] Satellites: 5
[Topology][Hub] Connections: 5
[Topology][Flow] Generating flow layout
[Topology][Flow] Nodes: 7
[Topology][Flow] Connections: 6
[Topology][Hub] Generating hub layout
[Topology][Hub] Hub: Improve Delivery Reliability
[Topology][Hub] Satellites: 6
[Topology][Hub] Connections: 6
[Topology][Flow] Generating flow layout
[Topology][Flow] Nodes: 7
[Topology][Flow] Connections: 6
[Topology][Hub] Generating hub layout
[Topology][Hub] Hub: Improve Delivery Reliability
[Topology][Hub] Satellites: 6
[Topology][Hub] Connections: 6
[Topology][Flow] Generating flow layout
[Topology][Flow] Nodes: 7
[Topology][Flow] Connections: 6
[Topology][Hub] Generating hub layout
[Topology][Hub] Hub: Improve Delivery Reliability
[Topology][Hub] Satellites: 6
[Topology][Hub] Connections: 6
[Topology][Flow] Generating flow layout
[Topology][Flow] Nodes: 7
[Topology][Flow] Connections: 6
[Topology][Hub] Generating hub layout
[Topology][Hub] Hub: Improve Delivery Reliability
[Topology][Hub] Satellites: 6
[Topology][Hub] Connections: 6
[Topology][Flow] Generating flow layout
[Topology][Flow] Nodes: 7
[Topology][Flow] Connections: 6
[Topology][Hub] Generating hub layout
[Topology][Hub] Hub: Improve Delivery Reliability
[Topology][Hub] Satellites: 6
[Topology][Hub] Connections: 6
[Topology][Flow] Generating flow layout
[Topology][Flow] Nodes: 8
[Topology][Flow] Connections: 7
[Topology][Hub] Generating hub layout
[Topology][Hub] Hub: Improve Delivery Reliability
[Topology][Hub] Satellites: 7
[Topology][Hub] Connections: 7
[Topology][Flow] Generating flow layout
[Topology][Flow] Nodes: 9
[Topology][Flow] Connections: 8
[Topology][Hub] Generating hub layout
[Topology][Hub] Hub: Improve Delivery Reliability
[Topology][Hub] Satellites: 8
[Topology][Hub] Connections: 8
[Topology][Flow] Generating flow layout
[Topology][Flow] Nodes: 9
[Topology][Flow] Connections: 8
[Topology][Hub] Generating hub layout
[Topology][Hub] Hub: Improve Delivery Reliability
[Topology][Hub] Satellites: 8
[Topology][Hub] Connections: 8
[Topology][Flow] Generating flow layout
[Topology][Flow] Nodes: 9
[Topology][Flow] Connections: 8
[Topology][Hub] Generating hub layout
[Topology][Hub] Hub: Improve Delivery Reliability
[Topology][Hub] Satellites: 8
[Topology][Hub] Connections: 8
[Topology][Flow] Generating flow layout
[Topology][Flow] Nodes: 9
[Topology][Flow] Connections: 8
[Topology][Hub] Generating hub layout
[Topology][Hub] Hub: Improve Delivery Reliability
[Topology][Hub] Satellites: 8
[Topology][Hub] Connections: 8
[Topology][Flow] Generating flow layout
[Topology][Flow] Nodes: 9
[Topology][Flow] Connections: 8
[Topology][Hub] Generating hub layout
[Topology][Hub] Hub: Improve Delivery Reliability
[Topology][Hub] Satellites: 8
[Topology][Hub] Connections: 8
[Topology][Flow] Generating flow layout
[Topology][Flow] Nodes: 1
[Topology][Flow] Connections: 0
[Topology][Flow] Generating flow layout
[Topology][Flow] Nodes: 1
[Topology][Flow] Connections: 0
[Topology][Flow] Generating flow layout
[Topology][Flow] Nodes: 2
[Topology][Flow] Connections: 1
[Topology][Hub] Generating hub layout
[Topology][Hub] Hub: Improve Delivery Reliability
[Topology][Hub] Satellites: 1
[Topology][Hub] Connections: 1
[Topology][Flow] Generating flow layout
[Topology][Flow] Nodes: 2
[Topology][Flow] Connections: 1
[Topology][Hub] Generating hub layout
[Topology][Hub] Hub: Improve Delivery Reliability
[Topology][Hub] Satellites: 1
[Topology][Hub] Connections: 1
[Topology][Flow] Generating flow layout
[Topology][Flow] Nodes: 4
[Topology][Flow] Connections: 3
[Topology][Hub] Generating hub layout
[Topology][Hub] Hub: Improve Delivery Reliability
[Topology][Hub] Satellites: 3
[Topology][Hub] Connections: 3
[Topology][Flow] Generating flow layout
[Topology][Flow] Nodes: 5
[Topology][Flow] Connections: 4
[Topology][Hub] Generating hub layout
[Topology][Hub] Hub: Improve Delivery Reliability
[Topology][Hub] Satellites: 4
[Topology][Hub] Connections: 4
[Topology][Flow] Generating flow layout
[Topology][Flow] Nodes: 5
[Topology][Flow] Connections: 4
[Topology][Hub] Generating hub layout
[Topology][Hub] Hub: Improve Delivery Reliability
[Topology][Hub] Satellites: 4
[Topology][Hub] Connections: 4
[Topology][Flow] Generating flow layout
[Topology][Flow] Nodes: 6
[Topology][Flow] Connections: 5
[Topology][Hub] Generating hub layout
[Topology][Hub] Hub: Improve Delivery Reliability
[Topology][Hub] Satellites: 5
[Topology][Hub] Connections: 5
[Topology][Flow] Generating flow layout
[Topology][Flow] Nodes: 7
[Topology][Flow] Connections: 6
[Topology][Hub] Generating hub layout
[Topology][Hub] Hub: Improve Delivery Reliability
[Topology][Hub] Satellites: 6
[Topology][Hub] Connections: 6
[Topology][Flow] Generating flow layout
[Topology][Flow] Nodes: 7
[Topology][Flow] Connections: 6
[Topology][Hub] Generating hub layout
[Topology][Hub] Hub: Improve Delivery Reliability
[Topology][Hub] Satellites: 6
[Topology][Hub] Connections: 6
[Topology][Flow] Generating flow layout
[Topology][Flow] Nodes: 7
[Topology][Flow] Connections: 6
[Topology][Hub] Generating hub layout
[Topology][Hub] Hub: Improve Delivery Reliability
[Topology][Hub] Satellites: 6
[Topology][Hub] Connections: 6
[Topology][Flow] Generating flow layout
[Topology][Flow] Nodes: 7
[Topology][Flow] Connections: 6
[Topology][Hub] Generating hub layout
[Topology][Hub] Hub: Improve Delivery Reliability
[Topology][Hub] Satellites: 6
[Topology][Hub] Connections: 6
[Topology][Flow] Generating flow layout
[Topology][Flow] Nodes: 7
[Topology][Flow] Connections: 6
[Topology][Hub] Generating hub layout
[Topology][Hub] Hub: Improve Delivery Reliability
[Topology][Hub] Satellites: 6
[Topology][Hub] Connections: 6
[Topology][Flow] Generating flow layout
[Topology][Flow] Nodes: 8
[Topology][Flow] Connections: 7
[Topology][Hub] Generating hub layout
[Topology][Hub] Hub: Improve Delivery Reliability
[Topology][Hub] Satellites: 7
[Topology][Hub] Connections: 7
[Topology][Flow] Generating flow layout
[Topology][Flow] Nodes: 9
[Topology][Flow] Connections: 8
[Topology][Hub] Generating hub layout
[Topology][Hub] Hub: Improve Delivery Reliability
[Topology][Hub] Satellites: 8
[Topology][Hub] Connections: 8
[Topology][Flow] Generating flow layout
[Topology][Flow] Nodes: 9
[Topology][Flow] Connections: 8
[Topology][Hub] Generating hub layout
[Topology][Hub] Hub: Improve Delivery Reliability
[Topology][Hub] Satellites: 8
[Topology][Hub] Connections: 8
[Topology][Flow] Generating flow layout
[Topology][Flow] Nodes: 9
[Topology][Flow] Connections: 8
[Topology][Hub] Generating hub layout
[Topology][Hub] Hub: Improve Delivery Reliability
[Topology][Hub] Satellites: 8
[Topology][Hub] Connections: 8
▶ NEX-EXP:9 Outcome Monitoring & Goal Impact
  ✔ identity, boundary, and reused authorities (0.984083ms)
  ✔ starts only from READY_FOR_OUTCOME_MONITORING (345.081042ms)
  ✔ no observation stays UNKNOWN and does not invent success (125.388166ms)
  ✔ manager-reported observation stays manager-reported and expected stays PREDICTED (107.001583ms)
  ✔ numeric Goal gap, improving, not achieved, and causality unconfirmed (137.798416ms)
  ✔ numeric comparison, qualitative comparison, and unit safety (115.236875ms)
  ✔ stale evidence, mixed signals, worsening, and achievement criteria (298.839916ms)
  ✔ execution complete is not Goal success; learning is not created (103.756ms)
  ✔ generic proofs share the engine and avoid domain hardcoding (84.562459ms)
  ✔ existing workspace and default catalog stay unaffected (0.2265ms)
✔ NEX-EXP:9 Outcome Monitoring & Goal Impact (1320.119334ms)
[Topology][Flow] Generating flow layout
[Topology][Flow] Nodes: 1
[Topology][Flow] Connections: 0
[Topology][Flow] Generating flow layout
[Topology][Flow] Nodes: 1
[Topology][Flow] Connections: 0
[Topology][Flow] Generating flow layout
[Topology][Flow] Nodes: 2
[Topology][Flow] Connections: 1
[Topology][Hub] Generating hub layout
[Topology][Hub] Hub: Improve Delivery Reliability
[Topology][Hub] Satellites: 1
[Topology][Hub] Connections: 1
[Topology][Flow] Generating flow layout
[Topology][Flow] Nodes: 1
[Topology][Flow] Connections: 0
[Topology][Flow] Generating flow layout
[Topology][Flow] Nodes: 1
[Topology][Flow] Connections: 0
[Topology][Flow] Generating flow layout
[Topology][Flow] Nodes: 2
[Topology][Flow] Connections: 1
[Topology][Hub] Generating hub layout
[Topology][Hub] Hub: Improve Delivery Reliability
[Topology][Hub] Satellites: 1
[Topology][Hub] Connections: 1
[Topology][Flow] Generating flow layout
[Topology][Flow] Nodes: 2
[Topology][Flow] Connections: 1
[Topology][Hub] Generating hub layout
[Topology][Hub] Hub: Improve Delivery Reliability
[Topology][Hub] Satellites: 1
[Topology][Hub] Connections: 1
[Topology][Flow] Generating flow layout
[Topology][Flow] Nodes: 2
[Topology][Flow] Connections: 1
[Topology][Hub] Generating hub layout
[Topology][Hub] Hub: Improve Delivery Reliability
[Topology][Hub] Satellites: 1
[Topology][Hub] Connections: 1
[Topology][Flow] Generating flow layout
[Topology][Flow] Nodes: 1
[Topology][Flow] Connections: 0
[Topology][Flow] Generating flow layout
[Topology][Flow] Nodes: 1
[Topology][Flow] Connections: 0
[Topology][Flow] Generating flow layout
[Topology][Flow] Nodes: 2
[Topology][Flow] Connections: 1
[Topology][Hub] Generating hub layout
[Topology][Hub] Hub: Improve Delivery Reliability
[Topology][Hub] Satellites: 1
[Topology][Hub] Connections: 1
[Topology][Flow] Generating flow layout
[Topology][Flow] Nodes: 2
[Topology][Flow] Connections: 1
[Topology][Hub] Generating hub layout
[Topology][Hub] Hub: Improve Delivery Reliability
[Topology][Hub] Satellites: 1
[Topology][Hub] Connections: 1
[Topology][Flow] Generating flow layout
[Topology][Flow] Nodes: 1
[Topology][Flow] Connections: 0
[Topology][Flow] Generating flow layout
[Topology][Flow] Nodes: 1
[Topology][Flow] Connections: 0
[Topology][Flow] Generating flow layout
[Topology][Flow] Nodes: 2
[Topology][Flow] Connections: 1
[Topology][Hub] Generating hub layout
[Topology][Hub] Hub: Improve Delivery Reliability
[Topology][Hub] Satellites: 1
[Topology][Hub] Connections: 1
[Topology][Flow] Generating flow layout
[Topology][Flow] Nodes: 2
[Topology][Flow] Connections: 1
[Topology][Hub] Generating hub layout
[Topology][Hub] Hub: Improve Delivery Reliability
[Topology][Hub] Satellites: 1
[Topology][Hub] Connections: 1
[Topology][Flow] Generating flow layout
[Topology][Flow] Nodes: 4
[Topology][Flow] Connections: 3
[Topology][Hub] Generating hub layout
[Topology][Hub] Hub: Improve Delivery Reliability
[Topology][Hub] Satellites: 3
[Topology][Hub] Connections: 3
[Topology][Flow] Generating flow layout
[Topology][Flow] Nodes: 4
[Topology][Flow] Connections: 3
[Topology][Hub] Generating hub layout
[Topology][Hub] Hub: Improve Delivery Reliability
[Topology][Hub] Satellites: 3
[Topology][Hub] Connections: 3
[Topology][Flow] Generating flow layout
[Topology][Flow] Nodes: 4
[Topology][Flow] Connections: 3
[Topology][Hub] Generating hub layout
[Topology][Hub] Hub: Improve Delivery Reliability
[Topology][Hub] Satellites: 3
[Topology][Hub] Connections: 3
[Topology][Flow] Generating flow layout
[Topology][Flow] Nodes: 1
[Topology][Flow] Connections: 0
[Topology][Flow] Generating flow layout
[Topology][Flow] Nodes: 1
[Topology][Flow] Connections: 0
[Topology][Flow] Generating flow layout
[Topology][Flow] Nodes: 2
[Topology][Flow] Connections: 1
[Topology][Hub] Generating hub layout
[Topology][Hub] Hub: Improve Delivery Reliability
[Topology][Hub] Satellites: 1
[Topology][Hub] Connections: 1
[Topology][Flow] Generating flow layout
[Topology][Flow] Nodes: 2
[Topology][Flow] Connections: 1
[Topology][Hub] Generating hub layout
[Topology][Hub] Hub: Improve Delivery Reliability
[Topology][Hub] Satellites: 1
[Topology][Hub] Connections: 1
[Topology][Flow] Generating flow layout
[Topology][Flow] Nodes: 4
[Topology][Flow] Connections: 3
[Topology][Hub] Generating hub layout
[Topology][Hub] Hub: Improve Delivery Reliability
[Topology][Hub] Satellites: 3
[Topology][Hub] Connections: 3
[Topology][Flow] Generating flow layout
[Topology][Flow] Nodes: 8
[Topology][Flow] Connections: 7
[Topology][Flow] Generating flow layout
[Topology][Flow] Nodes: 2
[Topology][Flow] Connections: 1
[Topology][Flow] Generating flow layout
[Topology][Flow] Nodes: 1
[Topology][Flow] Connections: 0
[Topology][Flow] Generating flow layout
[Topology][Flow] Nodes: 1
[Topology][Flow] Connections: 0
[Topology][Flow] Generating flow layout
[Topology][Flow] Nodes: 2
[Topology][Flow] Connections: 1
[Topology][Hub] Generating hub layout
[Topology][Hub] Hub: Improve Delivery Reliability
[Topology][Hub] Satellites: 1
[Topology][Hub] Connections: 1
▶ NEX-EXP:3 Current Reality & Executive Context Discovery
  ✔ identity and boundary (0.891667ms)
  ✔ 1-2 existing data vs no data (3.233791ms)
  ✔ 3 manager provides reality conversationally after the Goal (162.513708ms)
  ✔ 4-6 validated source outranks presentation and manager does not silently win (0.361334ms)
  ✔ 7-8 early EXP:2 reality and issue signals are reused (34.255125ms)
  ✔ 9-13 gap math, missing target/current, and units (0.294417ms)
  ✔ 14-16 historical, stale, and conflicts (0.52425ms)
  ✔ 17-19 constraints, risks, and opportunities are captured not reasoned (0.2235ms)
  ✔ 20-23 objects emerge with support, raw fields do not, KPI can be reused, Goal stays center (22.443042ms)
  ✔ 24-29 navigation, causality, unknowns, no recommendation or root cause (39.678667ms)
  ✔ 30-33 business, project, operational, and software cases share one engine (0.395167ms)
  ✔ 34 returning sufficient reality does not restart discovery (20.016666ms)
  ✔ 35 existing workspace is unaffected (24.275875ms)
  ✔ generic engine has no hardcoded demo titles as special-case branches (0.511709ms)
  ✔ MO:4 keeps the active Goal while Reality is recorded (8.346042ms)
✔ NEX-EXP:3 Current Reality & Executive Context Discovery (319.322791ms)
[Topology][Flow] Generating flow layout
[Topology][Flow] Nodes: 1
[Topology][Flow] Connections: 0
[Topology][Flow] Generating flow layout
[Topology][Flow] Nodes: 1
[Topology][Flow] Connections: 0
[Topology][Flow] Generating flow layout
[Topology][Flow] Nodes: 2
[Topology][Flow] Connections: 1
[Topology][Hub] Generating hub layout
[Topology][Hub] Hub: Improve Delivery Reliability
[Topology][Hub] Satellites: 1
[Topology][Hub] Connections: 1
[Topology][Flow] Generating flow layout
[Topology][Flow] Nodes: 2
[Topology][Flow] Connections: 1
[Topology][Hub] Generating hub layout
[Topology][Hub] Hub: Improve Delivery Reliability
[Topology][Hub] Satellites: 1
[Topology][Hub] Connections: 1
[Topology][Flow] Generating flow layout
[Topology][Flow] Nodes: 4
[Topology][Flow] Connections: 3
[Topology][Hub] Generating hub layout
[Topology][Hub] Hub: Improve Delivery Reliability
[Topology][Hub] Satellites: 3
[Topology][Hub] Connections: 3
[Topology][Flow] Generating flow layout
[Topology][Flow] Nodes: 5
[Topology][Flow] Connections: 4
[Topology][Hub] Generating hub layout
[Topology][Hub] Hub: Improve Delivery Reliability
[Topology][Hub] Satellites: 4
[Topology][Hub] Connections: 4
[Topology][Flow] Generating flow layout
[Topology][Flow] Nodes: 5
[Topology][Flow] Connections: 4
[Topology][Hub] Generating hub layout
[Topology][Hub] Hub: Improve Delivery Reliability
[Topology][Hub] Satellites: 4
[Topology][Hub] Connections: 4
[Topology][Flow] Generating flow layout
[Topology][Flow] Nodes: 1
[Topology][Flow] Connections: 0
[Topology][Flow] Generating flow layout
[Topology][Flow] Nodes: 1
[Topology][Flow] Connections: 0
[Topology][Flow] Generating flow layout
[Topology][Flow] Nodes: 2
[Topology][Flow] Connections: 1
[Topology][Hub] Generating hub layout
[Topology][Hub] Hub: Improve Delivery Reliability
[Topology][Hub] Satellites: 1
[Topology][Hub] Connections: 1
[Topology][Flow] Generating flow layout
[Topology][Flow] Nodes: 2
[Topology][Flow] Connections: 1
[Topology][Hub] Generating hub layout
[Topology][Hub] Hub: Improve Delivery Reliability
[Topology][Hub] Satellites: 1
[Topology][Hub] Connections: 1
[Topology][Flow] Generating flow layout
[Topology][Flow] Nodes: 4
[Topology][Flow] Connections: 3
[Topology][Hub] Generating hub layout
[Topology][Hub] Hub: Improve Delivery Reliability
[Topology][Hub] Satellites: 3
[Topology][Hub] Connections: 3
[Topology][Flow] Generating flow layout
[Topology][Flow] Nodes: 5
[Topology][Flow] Connections: 4
[Topology][Hub] Generating hub layout
[Topology][Hub] Hub: Improve Delivery Reliability
[Topology][Hub] Satellites: 4
[Topology][Hub] Connections: 4
[Topology][Flow] Generating flow layout
[Topology][Flow] Nodes: 5
[Topology][Flow] Connections: 4
[Topology][Hub] Generating hub layout
[Topology][Hub] Hub: Improve Delivery Reliability
[Topology][Hub] Satellites: 4
[Topology][Hub] Connections: 4
[Topology][Flow] Generating flow layout
[Topology][Flow] Nodes: 6
[Topology][Flow] Connections: 5
[Topology][Hub] Generating hub layout
[Topology][Hub] Hub: Improve Delivery Reliability
[Topology][Hub] Satellites: 5
[Topology][Hub] Connections: 5
[Topology][Flow] Generating flow layout
[Topology][Flow] Nodes: 7
[Topology][Flow] Connections: 6
[Topology][Hub] Generating hub layout
[Topology][Hub] Hub: Improve Delivery Reliability
[Topology][Hub] Satellites: 6
[Topology][Hub] Connections: 6
[Topology][Flow] Generating flow layout
[Topology][Flow] Nodes: 1
[Topology][Flow] Connections: 0
[Topology][Flow] Generating flow layout
[Topology][Flow] Nodes: 1
[Topology][Flow] Connections: 0
[Topology][Flow] Generating flow layout
[Topology][Flow] Nodes: 2
[Topology][Flow] Connections: 1
[Topology][Hub] Generating hub layout
[Topology][Hub] Hub: Improve Delivery Reliability
[Topology][Hub] Satellites: 1
[Topology][Hub] Connections: 1
[Topology][Flow] Generating flow layout
[Topology][Flow] Nodes: 2
[Topology][Flow] Connections: 1
[Topology][Hub] Generating hub layout
[Topology][Hub] Hub: Improve Delivery Reliability
[Topology][Hub] Satellites: 1
[Topology][Hub] Connections: 1
[Topology][Flow] Generating flow layout
[Topology][Flow] Nodes: 4
[Topology][Flow] Connections: 3
[Topology][Hub] Generating hub layout
[Topology][Hub] Hub: Improve Delivery Reliability
[Topology][Hub] Satellites: 3
[Topology][Hub] Connections: 3
[Topology][Flow] Generating flow layout
[Topology][Flow] Nodes: 5
[Topology][Flow] Connections: 4
[Topology][Hub] Generating hub layout
[Topology][Hub] Hub: Improve Delivery Reliability
[Topology][Hub] Satellites: 4
[Topology][Hub] Connections: 4
[Topology][Flow] Generating flow layout
[Topology][Flow] Nodes: 5
[Topology][Flow] Connections: 4
[Topology][Hub] Generating hub layout
[Topology][Hub] Hub: Improve Delivery Reliability
[Topology][Hub] Satellites: 4
[Topology][Hub] Connections: 4
[Topology][Flow] Generating flow layout
[Topology][Flow] Nodes: 6
[Topology][Flow] Connections: 5
[Topology][Hub] Generating hub layout
[Topology][Hub] Hub: Improve Delivery Reliability
[Topology][Hub] Satellites: 5
[Topology][Hub] Connections: 5
[Topology][Flow] Generating flow layout
[Topology][Flow] Nodes: 7
[Topology][Flow] Connections: 6
[Topology][Hub] Generating hub layout
[Topology][Hub] Hub: Improve Delivery Reliability
[Topology][Hub] Satellites: 6
[Topology][Hub] Connections: 6
[Topology][Flow] Generating flow layout
[Topology][Flow] Nodes: 7
[Topology][Flow] Connections: 6
[Topology][Hub] Generating hub layout
[Topology][Hub] Hub: Improve Delivery Reliability
[Topology][Hub] Satellites: 6
[Topology][Hub] Connections: 6
[Topology][Flow] Generating flow layout
[Topology][Flow] Nodes: 7
[Topology][Flow] Connections: 6
[Topology][Hub] Generating hub layout
[Topology][Hub] Hub: Improve Delivery Reliability
[Topology][Hub] Satellites: 6
[Topology][Hub] Connections: 6
[Topology][Flow] Generating flow layout
[Topology][Flow] Nodes: 7
[Topology][Flow] Connections: 6
[Topology][Hub] Generating hub layout
[Topology][Hub] Hub: Improve Delivery Reliability
[Topology][Hub] Satellites: 6
[Topology][Hub] Connections: 6
[Topology][Flow] Generating flow layout
[Topology][Flow] Nodes: 7
[Topology][Flow] Connections: 6
[Topology][Hub] Generating hub layout
[Topology][Hub] Hub: Improve Delivery Reliability
[Topology][Hub] Satellites: 6
[Topology][Hub] Connections: 6
[Topology][Flow] Generating flow layout
[Topology][Flow] Nodes: 7
[Topology][Flow] Connections: 6
[Topology][Hub] Generating hub layout
[Topology][Hub] Hub: Improve Delivery Reliability
[Topology][Hub] Satellites: 6
[Topology][Hub] Connections: 6
[Topology][Flow] Generating flow layout
[Topology][Flow] Nodes: 7
[Topology][Flow] Connections: 6
[Topology][Hub] Generating hub layout
[Topology][Hub] Hub: Improve Delivery Reliability
[Topology][Hub] Satellites: 6
[Topology][Hub] Connections: 6
[Topology][Flow] Generating flow layout
[Topology][Flow] Nodes: 1
[Topology][Flow] Connections: 0
[Topology][Flow] Generating flow layout
[Topology][Flow] Nodes: 1
[Topology][Flow] Connections: 0
[Topology][Flow] Generating flow layout
[Topology][Flow] Nodes: 2
[Topology][Flow] Connections: 1
[Topology][Hub] Generating hub layout
[Topology][Hub] Hub: Improve Delivery Reliability
[Topology][Hub] Satellites: 1
[Topology][Hub] Connections: 1
[Topology][Flow] Generating flow layout
[Topology][Flow] Nodes: 2
[Topology][Flow] Connections: 1
[Topology][Hub] Generating hub layout
[Topology][Hub] Hub: Improve Delivery Reliability
[Topology][Hub] Satellites: 1
[Topology][Hub] Connections: 1
[Topology][Flow] Generating flow layout
[Topology][Flow] Nodes: 4
[Topology][Flow] Connections: 3
[Topology][Hub] Generating hub layout
[Topology][Hub] Hub: Improve Delivery Reliability
[Topology][Hub] Satellites: 3
[Topology][Hub] Connections: 3
[Topology][Flow] Generating flow layout
[Topology][Flow] Nodes: 5
[Topology][Flow] Connections: 4
[Topology][Hub] Generating hub layout
[Topology][Hub] Hub: Improve Delivery Reliability
[Topology][Hub] Satellites: 4
[Topology][Hub] Connections: 4
[Topology][Flow] Generating flow layout
[Topology][Flow] Nodes: 5
[Topology][Flow] Connections: 4
[Topology][Hub] Generating hub layout
[Topology][Hub] Hub: Improve Delivery Reliability
[Topology][Hub] Satellites: 4
[Topology][Hub] Connections: 4
[Topology][Flow] Generating flow layout
[Topology][Flow] Nodes: 6
[Topology][Flow] Connections: 5
[Topology][Hub] Generating hub layout
[Topology][Hub] Hub: Improve Delivery Reliability
[Topology][Hub] Satellites: 5
[Topology][Hub] Connections: 5
[Topology][Flow] Generating flow layout
[Topology][Flow] Nodes: 7
[Topology][Flow] Connections: 6
[Topology][Hub] Generating hub layout
[Topology][Hub] Hub: Improve Delivery Reliability
[Topology][Hub] Satellites: 6
[Topology][Hub] Connections: 6
[Topology][Flow] Generating flow layout
[Topology][Flow] Nodes: 7
[Topology][Flow] Connections: 6
[Topology][Hub] Generating hub layout
[Topology][Hub] Hub: Improve Delivery Reliability
[Topology][Hub] Satellites: 6
[Topology][Hub] Connections: 6
[Topology][Flow] Generating flow layout
[Topology][Flow] Nodes: 8
[Topology][Flow] Connections: 7
[Topology][Hub] Generating hub layout
[Topology][Hub] Hub: Improve Delivery Reliability
[Topology][Hub] Satellites: 7
[Topology][Hub] Connections: 7
[Topology][Flow] Generating flow layout
[Topology][Flow] Nodes: 8
[Topology][Flow] Connections: 7
[Topology][Hub] Generating hub layout
[Topology][Hub] Hub: Improve Delivery Reliability
[Topology][Hub] Satellites: 7
[Topology][Hub] Connections: 7
[Topology][Flow] Generating flow layout
[Topology][Flow] Nodes: 8
[Topology][Flow] Connections: 7
[Topology][Hub] Generating hub layout
[Topology][Hub] Hub: Improve Delivery Reliability
[Topology][Hub] Satellites: 7
[Topology][Hub] Connections: 7
[Topology][Flow] Generating flow layout
[Topology][Flow] Nodes: 8
[Topology][Flow] Connections: 7
[Topology][Hub] Generating hub layout
[Topology][Hub] Hub: Improve Delivery Reliability
[Topology][Hub] Satellites: 7
[Topology][Hub] Connections: 7
[Topology][Flow] Generating flow layout
[Topology][Flow] Nodes: 8
[Topology][Flow] Connections: 7
[Topology][Hub] Generating hub layout
[Topology][Hub] Hub: Improve Delivery Reliability
[Topology][Hub] Satellites: 7
[Topology][Hub] Connections: 7
[Topology][Flow] Generating flow layout
[Topology][Flow] Nodes: 8
[Topology][Flow] Connections: 7
[Topology][Hub] Generating hub layout
[Topology][Hub] Hub: Improve Delivery Reliability
[Topology][Hub] Satellites: 7
[Topology][Hub] Connections: 7
[Topology][Flow] Generating flow layout
[Topology][Flow] Nodes: 8
[Topology][Flow] Connections: 7
[Topology][Hub] Generating hub layout
[Topology][Hub] Hub: Improve Delivery Reliability
[Topology][Hub] Satellites: 7
[Topology][Hub] Connections: 7
[Topology][Flow] Generating flow layout
[Topology][Flow] Nodes: 1
[Topology][Flow] Connections: 0
[Topology][Flow] Generating flow layout
[Topology][Flow] Nodes: 1
[Topology][Flow] Connections: 0
[Topology][Flow] Generating flow layout
[Topology][Flow] Nodes: 2
[Topology][Flow] Connections: 1
[Topology][Hub] Generating hub layout
[Topology][Hub] Hub: Improve Delivery Reliability
[Topology][Hub] Satellites: 1
[Topology][Hub] Connections: 1
[Topology][Flow] Generating flow layout
[Topology][Flow] Nodes: 2
[Topology][Flow] Connections: 1
[Topology][Hub] Generating hub layout
[Topology][Hub] Hub: Improve Delivery Reliability
[Topology][Hub] Satellites: 1
[Topology][Hub] Connections: 1
[Topology][Flow] Generating flow layout
[Topology][Flow] Nodes: 4
[Topology][Flow] Connections: 3
[Topology][Hub] Generating hub layout
[Topology][Hub] Hub: Improve Delivery Reliability
[Topology][Hub] Satellites: 3
[Topology][Hub] Connections: 3
[Topology][Flow] Generating flow layout
[Topology][Flow] Nodes: 5
[Topology][Flow] Connections: 4
[Topology][Hub] Generating hub layout
[Topology][Hub] Hub: Improve Delivery Reliability
[Topology][Hub] Satellites: 4
[Topology][Hub] Connections: 4
[Topology][Flow] Generating flow layout
[Topology][Flow] Nodes: 5
[Topology][Flow] Connections: 4
[Topology][Hub] Generating hub layout
[Topology][Hub] Hub: Improve Delivery Reliability
[Topology][Hub] Satellites: 4
[Topology][Hub] Connections: 4
[Topology][Flow] Generating flow layout
[Topology][Flow] Nodes: 6
[Topology][Flow] Connections: 5
[Topology][Hub] Generating hub layout
[Topology][Hub] Hub: Improve Delivery Reliability
[Topology][Hub] Satellites: 5
[Topology][Hub] Connections: 5
[Topology][Flow] Generating flow layout
[Topology][Flow] Nodes: 7
[Topology][Flow] Connections: 6
[Topology][Hub] Generating hub layout
[Topology][Hub] Hub: Improve Delivery Reliability
[Topology][Hub] Satellites: 6
[Topology][Hub] Connections: 6
[Topology][Flow] Generating flow layout
[Topology][Flow] Nodes: 7
[Topology][Flow] Connections: 6
[Topology][Hub] Generating hub layout
[Topology][Hub] Hub: Improve Delivery Reliability
[Topology][Hub] Satellites: 6
[Topology][Hub] Connections: 6
[Topology][Flow] Generating flow layout
[Topology][Flow] Nodes: 7
[Topology][Flow] Connections: 6
[Topology][Hub] Generating hub layout
[Topology][Hub] Hub: Improve Delivery Reliability
[Topology][Hub] Satellites: 6
[Topology][Hub] Connections: 6
[Topology][Flow] Generating flow layout
[Topology][Flow] Nodes: 7
[Topology][Flow] Connections: 6
[Topology][Hub] Generating hub layout
[Topology][Hub] Hub: Improve Delivery Reliability
[Topology][Hub] Satellites: 6
[Topology][Hub] Connections: 6
[Topology][Flow] Generating flow layout
[Topology][Flow] Nodes: 7
[Topology][Flow] Connections: 6
[Topology][Hub] Generating hub layout
[Topology][Hub] Hub: Improve Delivery Reliability
[Topology][Hub] Satellites: 6
[Topology][Hub] Connections: 6
[Topology][Flow] Generating flow layout
[Topology][Flow] Nodes: 1
[Topology][Flow] Connections: 0
[Topology][Flow] Generating flow layout
[Topology][Flow] Nodes: 1
[Topology][Flow] Connections: 0
[Topology][Flow] Generating flow layout
[Topology][Flow] Nodes: 2
[Topology][Flow] Connections: 1
[Topology][Hub] Generating hub layout
[Topology][Hub] Hub: Improve Delivery Reliability
[Topology][Hub] Satellites: 1
[Topology][Hub] Connections: 1
[Topology][Flow] Generating flow layout
[Topology][Flow] Nodes: 2
[Topology][Flow] Connections: 1
[Topology][Hub] Generating hub layout
[Topology][Hub] Hub: Improve Delivery Reliability
[Topology][Hub] Satellites: 1
[Topology][Hub] Connections: 1
[Topology][Flow] Generating flow layout
[Topology][Flow] Nodes: 4
[Topology][Flow] Connections: 3
[Topology][Hub] Generating hub layout
[Topology][Hub] Hub: Improve Delivery Reliability
[Topology][Hub] Satellites: 3
[Topology][Hub] Connections: 3
[Topology][Flow] Generating flow layout
[Topology][Flow] Nodes: 5
[Topology][Flow] Connections: 4
[Topology][Hub] Generating hub layout
[Topology][Hub] Hub: Improve Delivery Reliability
[Topology][Hub] Satellites: 4
[Topology][Hub] Connections: 4
[Topology][Flow] Generating flow layout
[Topology][Flow] Nodes: 5
[Topology][Flow] Connections: 4
[Topology][Hub] Generating hub layout
[Topology][Hub] Hub: Improve Delivery Reliability
[Topology][Hub] Satellites: 4
[Topology][Hub] Connections: 4
[Topology][Flow] Generating flow layout
[Topology][Flow] Nodes: 6
[Topology][Flow] Connections: 5
[Topology][Hub] Generating hub layout
[Topology][Hub] Hub: Improve Delivery Reliability
[Topology][Hub] Satellites: 5
[Topology][Hub] Connections: 5
[Topology][Flow] Generating flow layout
[Topology][Flow] Nodes: 7
[Topology][Flow] Connections: 6
[Topology][Hub] Generating hub layout
[Topology][Hub] Hub: Improve Delivery Reliability
[Topology][Hub] Satellites: 6
[Topology][Hub] Connections: 6
[Topology][Flow] Generating flow layout
[Topology][Flow] Nodes: 1
[Topology][Flow] Connections: 0
[Topology][Flow] Generating flow layout
[Topology][Flow] Nodes: 1
[Topology][Flow] Connections: 0
[Topology][Flow] Generating flow layout
[Topology][Flow] Nodes: 2
[Topology][Flow] Connections: 1
[Topology][Hub] Generating hub layout
[Topology][Hub] Hub: Improve Delivery Reliability
[Topology][Hub] Satellites: 1
[Topology][Hub] Connections: 1
[Topology][Flow] Generating flow layout
[Topology][Flow] Nodes: 2
[Topology][Flow] Connections: 1
[Topology][Hub] Generating hub layout
[Topology][Hub] Hub: Improve Delivery Reliability
[Topology][Hub] Satellites: 1
[Topology][Hub] Connections: 1
[Topology][Flow] Generating flow layout
[Topology][Flow] Nodes: 4
[Topology][Flow] Connections: 3
[Topology][Hub] Generating hub layout
[Topology][Hub] Hub: Improve Delivery Reliability
[Topology][Hub] Satellites: 3
[Topology][Hub] Connections: 3
[Topology][Flow] Generating flow layout
[Topology][Flow] Nodes: 5
[Topology][Flow] Connections: 4
[Topology][Hub] Generating hub layout
[Topology][Hub] Hub: Improve Delivery Reliability
[Topology][Hub] Satellites: 4
[Topology][Hub] Connections: 4
[Topology][Flow] Generating flow layout
[Topology][Flow] Nodes: 5
[Topology][Flow] Connections: 4
[Topology][Hub] Generating hub layout
[Topology][Hub] Hub: Improve Delivery Reliability
[Topology][Hub] Satellites: 4
[Topology][Hub] Connections: 4
[Topology][Flow] Generating flow layout
[Topology][Flow] Nodes: 6
[Topology][Flow] Connections: 5
[Topology][Hub] Generating hub layout
[Topology][Hub] Hub: Improve Delivery Reliability
[Topology][Hub] Satellites: 5
[Topology][Hub] Connections: 5
[Topology][Flow] Generating flow layout
[Topology][Flow] Nodes: 7
[Topology][Flow] Connections: 6
[Topology][Hub] Generating hub layout
[Topology][Hub] Hub: Improve Delivery Reliability
[Topology][Hub] Satellites: 6
[Topology][Hub] Connections: 6
[Topology][Flow] Generating flow layout
[Topology][Flow] Nodes: 7
[Topology][Flow] Connections: 6
[Topology][Hub] Generating hub layout
[Topology][Hub] Hub: Improve Delivery Reliability
[Topology][Hub] Satellites: 6
[Topology][Hub] Connections: 6
[Topology][Flow] Generating flow layout
[Topology][Flow] Nodes: 7
[Topology][Flow] Connections: 6
[Topology][Hub] Generating hub layout
[Topology][Hub] Hub: Improve Delivery Reliability
[Topology][Hub] Satellites: 6
[Topology][Hub] Connections: 6
[Topology][Flow] Generating flow layout
[Topology][Flow] Nodes: 1
[Topology][Flow] Connections: 0
[Topology][Flow] Generating flow layout
[Topology][Flow] Nodes: 1
[Topology][Flow] Connections: 0
[Topology][Flow] Generating flow layout
[Topology][Flow] Nodes: 2
[Topology][Flow] Connections: 1
[Topology][Hub] Generating hub layout
[Topology][Hub] Hub: Improve Delivery Reliability
[Topology][Hub] Satellites: 1
[Topology][Hub] Connections: 1
[Topology][Flow] Generating flow layout
[Topology][Flow] Nodes: 2
[Topology][Flow] Connections: 1
[Topology][Hub] Generating hub layout
[Topology][Hub] Hub: Improve Delivery Reliability
[Topology][Hub] Satellites: 1
[Topology][Hub] Connections: 1
[Topology][Flow] Generating flow layout
[Topology][Flow] Nodes: 4
[Topology][Flow] Connections: 3
[Topology][Hub] Generating hub layout
[Topology][Hub] Hub: Improve Delivery Reliability
[Topology][Hub] Satellites: 3
[Topology][Hub] Connections: 3
[Topology][Flow] Generating flow layout
[Topology][Flow] Nodes: 5
[Topology][Flow] Connections: 4
[Topology][Hub] Generating hub layout
[Topology][Hub] Hub: Improve Delivery Reliability
[Topology][Hub] Satellites: 4
[Topology][Hub] Connections: 4
[Topology][Flow] Generating flow layout
[Topology][Flow] Nodes: 5
[Topology][Flow] Connections: 4
[Topology][Hub] Generating hub layout
[Topology][Hub] Hub: Improve Delivery Reliability
[Topology][Hub] Satellites: 4
[Topology][Hub] Connections: 4
[Topology][Flow] Generating flow layout
[Topology][Flow] Nodes: 6
[Topology][Flow] Connections: 5
[Topology][Hub] Generating hub layout
[Topology][Hub] Hub: Improve Delivery Reliability
[Topology][Hub] Satellites: 5
[Topology][Hub] Connections: 5
[Topology][Flow] Generating flow layout
[Topology][Flow] Nodes: 7
[Topology][Flow] Connections: 6
[Topology][Hub] Generating hub layout
[Topology][Hub] Hub: Improve Delivery Reliability
[Topology][Hub] Satellites: 6
[Topology][Hub] Connections: 6
[Topology][Flow] Generating flow layout
[Topology][Flow] Nodes: 7
[Topology][Flow] Connections: 6
[Topology][Hub] Generating hub layout
[Topology][Hub] Hub: Improve Delivery Reliability
[Topology][Hub] Satellites: 6
[Topology][Hub] Connections: 6
[Topology][Flow] Generating flow layout
[Topology][Flow] Nodes: 7
[Topology][Flow] Connections: 6
[Topology][Hub] Generating hub layout
[Topology][Hub] Hub: Improve Delivery Reliability
[Topology][Hub] Satellites: 6
[Topology][Hub] Connections: 6
[Topology][Flow] Generating flow layout
[Topology][Flow] Nodes: 8
[Topology][Flow] Connections: 7
[Topology][Flow] Generating flow layout
[Topology][Flow] Nodes: 2
[Topology][Flow] Connections: 1
▶ NEX-EXP:6 Scenario Comparison, Trade-off & Recommendation
  ✔ identity, boundary, and reused authorities (0.806959ms)
  ✔ starts only after READY_FOR_SCENARIO_COMPARISON and does not steal EXP:5 close (285.156584ms)
  ✔ two valid scenarios compare, trade off, recommend, and do not decide (109.893917ms)
  ✔ three scenarios, baseline, unknowns, confidence, and decision routing (117.960083ms)
  ✔ goal conflict withholds recommendation; priority shift recalculates (68.205584ms)
  ✔ comparability, invalid exclusion, numeric evidence, and no fake scores (39.699917ms)
  ✔ decision handoff is prepared without starting NEX-EXP:7 (49.18275ms)
  ✔ Stage overlay preserves Goal origin, cue is restrained, and focus is not stolen (50.375584ms)
  ✔ existing workspace and default catalog remain unaffected (25.289333ms)
  ✔ generic engine has no hardcoded domain branches (0.690792ms)
✔ NEX-EXP:6 Scenario Comparison, Trade-off & Recommendation (748.569ms)
[Topology][Flow] Generating flow layout
[Topology][Flow] Nodes: 1
[Topology][Flow] Connections: 0
[Topology][Flow] Generating flow layout
[Topology][Flow] Nodes: 1
[Topology][Flow] Connections: 0
[Topology][Flow] Generating flow layout
[Topology][Flow] Nodes: 2
[Topology][Flow] Connections: 1
[Topology][Hub] Generating hub layout
[Topology][Hub] Hub: Improve Delivery Reliability
[Topology][Hub] Satellites: 1
[Topology][Hub] Connections: 1
[Topology][Flow] Generating flow layout
[Topology][Flow] Nodes: 2
[Topology][Flow] Connections: 1
[Topology][Hub] Generating hub layout
[Topology][Hub] Hub: Improve Delivery Reliability
[Topology][Hub] Satellites: 1
[Topology][Hub] Connections: 1
[Topology][Flow] Generating flow layout
[Topology][Flow] Nodes: 4
[Topology][Flow] Connections: 3
[Topology][Hub] Generating hub layout
[Topology][Hub] Hub: Improve Delivery Reliability
[Topology][Hub] Satellites: 3
[Topology][Hub] Connections: 3
[Topology][Flow] Generating flow layout
[Topology][Flow] Nodes: 5
[Topology][Flow] Connections: 4
[Topology][Hub] Generating hub layout
[Topology][Hub] Hub: Improve Delivery Reliability
[Topology][Hub] Satellites: 4
[Topology][Hub] Connections: 4
[Topology][Flow] Generating flow layout
[Topology][Flow] Nodes: 5
[Topology][Flow] Connections: 4
[Topology][Hub] Generating hub layout
[Topology][Hub] Hub: Improve Delivery Reliability
[Topology][Hub] Satellites: 4
[Topology][Hub] Connections: 4
[Topology][Flow] Generating flow layout
[Topology][Flow] Nodes: 6
[Topology][Flow] Connections: 5
[Topology][Hub] Generating hub layout
[Topology][Hub] Hub: Improve Delivery Reliability
[Topology][Hub] Satellites: 5
[Topology][Hub] Connections: 5
[Topology][Flow] Generating flow layout
[Topology][Flow] Nodes: 1
[Topology][Flow] Connections: 0
[Topology][Flow] Generating flow layout
[Topology][Flow] Nodes: 1
[Topology][Flow] Connections: 0
[Topology][Flow] Generating flow layout
[Topology][Flow] Nodes: 2
[Topology][Flow] Connections: 1
[Topology][Hub] Generating hub layout
[Topology][Hub] Hub: Improve Delivery Reliability
[Topology][Hub] Satellites: 1
[Topology][Hub] Connections: 1
[Topology][Flow] Generating flow layout
[Topology][Flow] Nodes: 2
[Topology][Flow] Connections: 1
[Topology][Hub] Generating hub layout
[Topology][Hub] Hub: Improve Delivery Reliability
[Topology][Hub] Satellites: 1
[Topology][Hub] Connections: 1
[Topology][Flow] Generating flow layout
[Topology][Flow] Nodes: 4
[Topology][Flow] Connections: 3
[Topology][Hub] Generating hub layout
[Topology][Hub] Hub: Improve Delivery Reliability
[Topology][Hub] Satellites: 3
[Topology][Hub] Connections: 3
[Topology][Flow] Generating flow layout
[Topology][Flow] Nodes: 5
[Topology][Flow] Connections: 4
[Topology][Hub] Generating hub layout
[Topology][Hub] Hub: Improve Delivery Reliability
[Topology][Hub] Satellites: 4
[Topology][Hub] Connections: 4
[Topology][Flow] Generating flow layout
[Topology][Flow] Nodes: 5
[Topology][Flow] Connections: 4
[Topology][Hub] Generating hub layout
[Topology][Hub] Hub: Improve Delivery Reliability
[Topology][Hub] Satellites: 4
[Topology][Hub] Connections: 4
[Topology][Flow] Generating flow layout
[Topology][Flow] Nodes: 6
[Topology][Flow] Connections: 5
[Topology][Hub] Generating hub layout
[Topology][Hub] Hub: Improve Delivery Reliability
[Topology][Hub] Satellites: 5
[Topology][Hub] Connections: 5
[Topology][Flow] Generating flow layout
[Topology][Flow] Nodes: 6
[Topology][Flow] Connections: 5
[Topology][Hub] Generating hub layout
[Topology][Hub] Hub: Improve Delivery Reliability
[Topology][Hub] Satellites: 5
[Topology][Hub] Connections: 5
[Topology][Flow] Generating flow layout
[Topology][Flow] Nodes: 6
[Topology][Flow] Connections: 5
[Topology][Hub] Generating hub layout
[Topology][Hub] Hub: Improve Delivery Reliability
[Topology][Hub] Satellites: 5
[Topology][Hub] Connections: 5
[Topology][Flow] Generating flow layout
[Topology][Flow] Nodes: 1
[Topology][Flow] Connections: 0
[Topology][Flow] Generating flow layout
[Topology][Flow] Nodes: 1
[Topology][Flow] Connections: 0
[Topology][Flow] Generating flow layout
[Topology][Flow] Nodes: 2
[Topology][Flow] Connections: 1
[Topology][Hub] Generating hub layout
[Topology][Hub] Hub: Improve Delivery Reliability
[Topology][Hub] Satellites: 1
[Topology][Hub] Connections: 1
[Topology][Flow] Generating flow layout
[Topology][Flow] Nodes: 2
[Topology][Flow] Connections: 1
[Topology][Hub] Generating hub layout
[Topology][Hub] Hub: Improve Delivery Reliability
[Topology][Hub] Satellites: 1
[Topology][Hub] Connections: 1
[Topology][Flow] Generating flow layout
[Topology][Flow] Nodes: 4
[Topology][Flow] Connections: 3
[Topology][Hub] Generating hub layout
[Topology][Hub] Hub: Improve Delivery Reliability
[Topology][Hub] Satellites: 3
[Topology][Hub] Connections: 3
[Topology][Flow] Generating flow layout
[Topology][Flow] Nodes: 5
[Topology][Flow] Connections: 4
[Topology][Hub] Generating hub layout
[Topology][Hub] Hub: Improve Delivery Reliability
[Topology][Hub] Satellites: 4
[Topology][Hub] Connections: 4
[Topology][Flow] Generating flow layout
[Topology][Flow] Nodes: 5
[Topology][Flow] Connections: 4
[Topology][Hub] Generating hub layout
[Topology][Hub] Hub: Improve Delivery Reliability
[Topology][Hub] Satellites: 4
[Topology][Hub] Connections: 4
[Topology][Flow] Generating flow layout
[Topology][Flow] Nodes: 6
[Topology][Flow] Connections: 5
[Topology][Hub] Generating hub layout
[Topology][Hub] Hub: Improve Delivery Reliability
[Topology][Hub] Satellites: 5
[Topology][Hub] Connections: 5
[Topology][Flow] Generating flow layout
[Topology][Flow] Nodes: 1
[Topology][Flow] Connections: 0
[Topology][Flow] Generating flow layout
[Topology][Flow] Nodes: 1
[Topology][Flow] Connections: 0
[Topology][Flow] Generating flow layout
[Topology][Flow] Nodes: 2
[Topology][Flow] Connections: 1
[Topology][Hub] Generating hub layout
[Topology][Hub] Hub: Improve Delivery Reliability
[Topology][Hub] Satellites: 1
[Topology][Hub] Connections: 1
[Topology][Flow] Generating flow layout
[Topology][Flow] Nodes: 2
[Topology][Flow] Connections: 1
[Topology][Hub] Generating hub layout
[Topology][Hub] Hub: Improve Delivery Reliability
[Topology][Hub] Satellites: 1
[Topology][Hub] Connections: 1
[Topology][Flow] Generating flow layout
[Topology][Flow] Nodes: 4
[Topology][Flow] Connections: 3
[Topology][Hub] Generating hub layout
[Topology][Hub] Hub: Improve Delivery Reliability
[Topology][Hub] Satellites: 3
[Topology][Hub] Connections: 3
[Topology][Flow] Generating flow layout
[Topology][Flow] Nodes: 5
[Topology][Flow] Connections: 4
[Topology][Hub] Generating hub layout
[Topology][Hub] Hub: Improve Delivery Reliability
[Topology][Hub] Satellites: 4
[Topology][Hub] Connections: 4
[Topology][Flow] Generating flow layout
[Topology][Flow] Nodes: 5
[Topology][Flow] Connections: 4
[Topology][Hub] Generating hub layout
[Topology][Hub] Hub: Improve Delivery Reliability
[Topology][Hub] Satellites: 4
[Topology][Hub] Connections: 4
[Topology][Flow] Generating flow layout
[Topology][Flow] Nodes: 6
[Topology][Flow] Connections: 5
[Topology][Hub] Generating hub layout
[Topology][Hub] Hub: Improve Delivery Reliability
[Topology][Hub] Satellites: 5
[Topology][Hub] Connections: 5
[Topology][Flow] Generating flow layout
[Topology][Flow] Nodes: 6
[Topology][Flow] Connections: 5
[Topology][Hub] Generating hub layout
[Topology][Hub] Hub: Improve Delivery Reliability
[Topology][Hub] Satellites: 5
[Topology][Hub] Connections: 5
[Topology][Flow] Generating flow layout
[Topology][Flow] Nodes: 1
[Topology][Flow] Connections: 0
[Topology][Flow] Generating flow layout
[Topology][Flow] Nodes: 1
[Topology][Flow] Connections: 0
[Topology][Flow] Generating flow layout
[Topology][Flow] Nodes: 2
[Topology][Flow] Connections: 1
[Topology][Hub] Generating hub layout
[Topology][Hub] Hub: Improve Delivery Reliability
[Topology][Hub] Satellites: 1
[Topology][Hub] Connections: 1
[Topology][Flow] Generating flow layout
[Topology][Flow] Nodes: 2
[Topology][Flow] Connections: 1
[Topology][Hub] Generating hub layout
[Topology][Hub] Hub: Improve Delivery Reliability
[Topology][Hub] Satellites: 1
[Topology][Hub] Connections: 1
[Topology][Flow] Generating flow layout
[Topology][Flow] Nodes: 4
[Topology][Flow] Connections: 3
[Topology][Hub] Generating hub layout
[Topology][Hub] Hub: Improve Delivery Reliability
[Topology][Hub] Satellites: 3
[Topology][Hub] Connections: 3
[Topology][Flow] Generating flow layout
[Topology][Flow] Nodes: 5
[Topology][Flow] Connections: 4
[Topology][Hub] Generating hub layout
[Topology][Hub] Hub: Improve Delivery Reliability
[Topology][Hub] Satellites: 4
[Topology][Hub] Connections: 4
[Topology][Flow] Generating flow layout
[Topology][Flow] Nodes: 5
[Topology][Flow] Connections: 4
[Topology][Hub] Generating hub layout
[Topology][Hub] Hub: Improve Delivery Reliability
[Topology][Hub] Satellites: 4
[Topology][Hub] Connections: 4
[Topology][Flow] Generating flow layout
[Topology][Flow] Nodes: 5
[Topology][Flow] Connections: 4
[Topology][Hub] Generating hub layout
[Topology][Hub] Hub: Improve Delivery Reliability
[Topology][Hub] Satellites: 4
[Topology][Hub] Connections: 4
[Topology][Flow] Generating flow layout
[Topology][Flow] Nodes: 6
[Topology][Flow] Connections: 5
[Topology][Hub] Generating hub layout
[Topology][Hub] Hub: Improve Delivery Reliability
[Topology][Hub] Satellites: 5
[Topology][Hub] Connections: 5
[Topology][Flow] Generating flow layout
[Topology][Flow] Nodes: 1
[Topology][Flow] Connections: 0
[Topology][Flow] Generating flow layout
[Topology][Flow] Nodes: 1
[Topology][Flow] Connections: 0
[Topology][Flow] Generating flow layout
[Topology][Flow] Nodes: 2
[Topology][Flow] Connections: 1
[Topology][Hub] Generating hub layout
[Topology][Hub] Hub: Improve Delivery Reliability
[Topology][Hub] Satellites: 1
[Topology][Hub] Connections: 1
[Topology][Flow] Generating flow layout
[Topology][Flow] Nodes: 2
[Topology][Flow] Connections: 1
[Topology][Hub] Generating hub layout
[Topology][Hub] Hub: Improve Delivery Reliability
[Topology][Hub] Satellites: 1
[Topology][Hub] Connections: 1
[Topology][Flow] Generating flow layout
[Topology][Flow] Nodes: 4
[Topology][Flow] Connections: 3
[Topology][Hub] Generating hub layout
[Topology][Hub] Hub: Improve Delivery Reliability
[Topology][Hub] Satellites: 3
[Topology][Hub] Connections: 3
[Topology][Flow] Generating flow layout
[Topology][Flow] Nodes: 5
[Topology][Flow] Connections: 4
[Topology][Hub] Generating hub layout
[Topology][Hub] Hub: Improve Delivery Reliability
[Topology][Hub] Satellites: 4
[Topology][Hub] Connections: 4
[Topology][Flow] Generating flow layout
[Topology][Flow] Nodes: 5
[Topology][Flow] Connections: 4
[Topology][Hub] Generating hub layout
[Topology][Hub] Hub: Improve Delivery Reliability
[Topology][Hub] Satellites: 4
[Topology][Hub] Connections: 4
[Topology][Flow] Generating flow layout
[Topology][Flow] Nodes: 6
[Topology][Flow] Connections: 5
[Topology][Hub] Generating hub layout
[Topology][Hub] Hub: Improve Delivery Reliability
[Topology][Hub] Satellites: 5
[Topology][Hub] Connections: 5
[Topology][Flow] Generating flow layout
[Topology][Flow] Nodes: 6
[Topology][Flow] Connections: 5
[Topology][Hub] Generating hub layout
[Topology][Hub] Hub: Improve Delivery Reliability
[Topology][Hub] Satellites: 5
[Topology][Hub] Connections: 5
[Topology][Flow] Generating flow layout
[Topology][Flow] Nodes: 1
[Topology][Flow] Connections: 0
[Topology][Flow] Generating flow layout
[Topology][Flow] Nodes: 1
[Topology][Flow] Connections: 0
[Topology][Flow] Generating flow layout
[Topology][Flow] Nodes: 2
[Topology][Flow] Connections: 1
[Topology][Hub] Generating hub layout
[Topology][Hub] Hub: Improve Delivery Reliability
[Topology][Hub] Satellites: 1
[Topology][Hub] Connections: 1
[Topology][Flow] Generating flow layout
[Topology][Flow] Nodes: 2
[Topology][Flow] Connections: 1
[Topology][Hub] Generating hub layout
[Topology][Hub] Hub: Improve Delivery Reliability
[Topology][Hub] Satellites: 1
[Topology][Hub] Connections: 1
[Topology][Flow] Generating flow layout
[Topology][Flow] Nodes: 4
[Topology][Flow] Connections: 3
[Topology][Hub] Generating hub layout
[Topology][Hub] Hub: Improve Delivery Reliability
[Topology][Hub] Satellites: 3
[Topology][Hub] Connections: 3
[Topology][Flow] Generating flow layout
[Topology][Flow] Nodes: 5
[Topology][Flow] Connections: 4
[Topology][Hub] Generating hub layout
[Topology][Hub] Hub: Improve Delivery Reliability
[Topology][Hub] Satellites: 4
[Topology][Hub] Connections: 4
[Topology][Flow] Generating flow layout
[Topology][Flow] Nodes: 5
[Topology][Flow] Connections: 4
[Topology][Hub] Generating hub layout
[Topology][Hub] Hub: Improve Delivery Reliability
[Topology][Hub] Satellites: 4
[Topology][Hub] Connections: 4
[Topology][Flow] Generating flow layout
[Topology][Flow] Nodes: 6
[Topology][Flow] Connections: 5
[Topology][Hub] Generating hub layout
[Topology][Hub] Hub: Improve Delivery Reliability
[Topology][Hub] Satellites: 5
[Topology][Hub] Connections: 5
[Topology][Flow] Generating flow layout
[Topology][Flow] Nodes: 6
[Topology][Flow] Connections: 5
[Topology][Hub] Generating hub layout
[Topology][Hub] Hub: Improve Delivery Reliability
[Topology][Hub] Satellites: 5
[Topology][Hub] Connections: 5
[Topology][Flow] Generating flow layout
[Topology][Flow] Nodes: 6
[Topology][Flow] Connections: 5
[Topology][Hub] Generating hub layout
[Topology][Hub] Hub: Improve Delivery Reliability
[Topology][Hub] Satellites: 5
[Topology][Hub] Connections: 5
[Topology][Flow] Generating flow layout
[Topology][Flow] Nodes: 1
[Topology][Flow] Connections: 0
[Topology][Flow] Generating flow layout
[Topology][Flow] Nodes: 1
[Topology][Flow] Connections: 0
[Topology][Flow] Generating flow layout
[Topology][Flow] Nodes: 2
[Topology][Flow] Connections: 1
[Topology][Hub] Generating hub layout
[Topology][Hub] Hub: Improve Delivery Reliability
[Topology][Hub] Satellites: 1
[Topology][Hub] Connections: 1
[Topology][Flow] Generating flow layout
[Topology][Flow] Nodes: 2
[Topology][Flow] Connections: 1
[Topology][Hub] Generating hub layout
[Topology][Hub] Hub: Improve Delivery Reliability
[Topology][Hub] Satellites: 1
[Topology][Hub] Connections: 1
[Topology][Flow] Generating flow layout
[Topology][Flow] Nodes: 4
[Topology][Flow] Connections: 3
[Topology][Hub] Generating hub layout
[Topology][Hub] Hub: Improve Delivery Reliability
[Topology][Hub] Satellites: 3
[Topology][Hub] Connections: 3
[Topology][Flow] Generating flow layout
[Topology][Flow] Nodes: 5
[Topology][Flow] Connections: 4
[Topology][Hub] Generating hub layout
[Topology][Hub] Hub: Improve Delivery Reliability
[Topology][Hub] Satellites: 4
[Topology][Hub] Connections: 4
[Topology][Flow] Generating flow layout
[Topology][Flow] Nodes: 5
[Topology][Flow] Connections: 4
[Topology][Hub] Generating hub layout
[Topology][Hub] Hub: Improve Delivery Reliability
[Topology][Hub] Satellites: 4
[Topology][Hub] Connections: 4
[Topology][Flow] Generating flow layout
[Topology][Flow] Nodes: 6
[Topology][Flow] Connections: 5
[Topology][Hub] Generating hub layout
[Topology][Hub] Hub: Improve Delivery Reliability
[Topology][Hub] Satellites: 5
[Topology][Hub] Connections: 5
[Topology][Flow] Generating flow layout
[Topology][Flow] Nodes: 6
[Topology][Flow] Connections: 5
[Topology][Hub] Generating hub layout
[Topology][Hub] Hub: Improve Delivery Reliability
[Topology][Hub] Satellites: 5
[Topology][Hub] Connections: 5
[Topology][Flow] Generating flow layout
[Topology][Flow] Nodes: 6
[Topology][Flow] Connections: 5
[Topology][Hub] Generating hub layout
[Topology][Hub] Hub: Improve Delivery Reliability
[Topology][Hub] Satellites: 5
[Topology][Hub] Connections: 5
[Topology][Flow] Generating flow layout
[Topology][Flow] Nodes: 7
[Topology][Flow] Connections: 6
[Topology][Hub] Generating hub layout
[Topology][Hub] Hub: Improve Delivery Reliability
[Topology][Hub] Satellites: 6
[Topology][Hub] Connections: 6
[Topology][Flow] Generating flow layout
[Topology][Flow] Nodes: 1
[Topology][Flow] Connections: 0
[Topology][Flow] Generating flow layout
[Topology][Flow] Nodes: 1
[Topology][Flow] Connections: 0
[Topology][Flow] Generating flow layout
[Topology][Flow] Nodes: 2
[Topology][Flow] Connections: 1
[Topology][Hub] Generating hub layout
[Topology][Hub] Hub: Improve Delivery Reliability
[Topology][Hub] Satellites: 1
[Topology][Hub] Connections: 1
[Topology][Flow] Generating flow layout
[Topology][Flow] Nodes: 2
[Topology][Flow] Connections: 1
[Topology][Hub] Generating hub layout
[Topology][Hub] Hub: Improve Delivery Reliability
[Topology][Hub] Satellites: 1
[Topology][Hub] Connections: 1
[Topology][Flow] Generating flow layout
[Topology][Flow] Nodes: 4
[Topology][Flow] Connections: 3
[Topology][Hub] Generating hub layout
[Topology][Hub] Hub: Improve Delivery Reliability
[Topology][Hub] Satellites: 3
[Topology][Hub] Connections: 3
[Topology][Flow] Generating flow layout
[Topology][Flow] Nodes: 5
[Topology][Flow] Connections: 4
[Topology][Hub] Generating hub layout
[Topology][Hub] Hub: Improve Delivery Reliability
[Topology][Hub] Satellites: 4
[Topology][Hub] Connections: 4
[Topology][Flow] Generating flow layout
[Topology][Flow] Nodes: 8
[Topology][Flow] Connections: 7
[Topology][Flow] Generating flow layout
[Topology][Flow] Nodes: 2
[Topology][Flow] Connections: 1
[Topology][Flow] Generating flow layout
[Topology][Flow] Nodes: 1
[Topology][Flow] Connections: 0
[Topology][Flow] Generating flow layout
[Topology][Flow] Nodes: 1
[Topology][Flow] Connections: 0
[Topology][Flow] Generating flow layout
[Topology][Flow] Nodes: 2
[Topology][Flow] Connections: 1
[Topology][Hub] Generating hub layout
[Topology][Hub] Hub: Improve Delivery Reliability
[Topology][Hub] Satellites: 1
[Topology][Hub] Connections: 1
[Topology][Flow] Generating flow layout
[Topology][Flow] Nodes: 2
[Topology][Flow] Connections: 1
[Topology][Hub] Generating hub layout
[Topology][Hub] Hub: Improve Delivery Reliability
[Topology][Hub] Satellites: 1
[Topology][Hub] Connections: 1
[Topology][Flow] Generating flow layout
[Topology][Flow] Nodes: 4
[Topology][Flow] Connections: 3
[Topology][Hub] Generating hub layout
[Topology][Hub] Hub: Improve Delivery Reliability
[Topology][Hub] Satellites: 3
[Topology][Hub] Connections: 3
[Topology][Flow] Generating flow layout
[Topology][Flow] Nodes: 5
[Topology][Flow] Connections: 4
[Topology][Hub] Generating hub layout
[Topology][Hub] Hub: Improve Delivery Reliability
[Topology][Hub] Satellites: 4
[Topology][Hub] Connections: 4
[Topology][Flow] Generating flow layout
[Topology][Flow] Nodes: 5
[Topology][Flow] Connections: 4
[Topology][Hub] Generating hub layout
[Topology][Hub] Hub: Improve Delivery Reliability
[Topology][Hub] Satellites: 4
[Topology][Hub] Connections: 4
▶ NEX-EXP:5 Scenario & Option Discovery
  ✔ identity and boundary (1.061ms)
  ✔ 1-2 manager proposes one and multiple Options (234.724083ms)
  ✔ 3-4 canonical reuse and duplicate protection (2.11825ms)
  ✔ 5-12 option/scenario are not recommendation, decision, prediction, or execution (68.915458ms)
  ✔ 13-14 invalid and constrained Options (49.605375ms)
  ✔ 15-21 assumptions, unknowns, no invented numbers (43.292625ms)
  ✔ 22-26 do-nothing, evidence-gathering, no forced ABC, draft vs stage (40.282334ms)
  ✔ 27-32 center, click, Goal, Reality immutability (50.730084ms)
  ✔ 33-35 correction, variant, removal/addition (49.67675ms)
  ✔ 36-42 scope, conflict, constraint, comparison threshold (54.271958ms)
  ✔ 43-46 generic cases (0.3885ms)
  ✔ 47-48 decision and execution commands are not owned (20.255375ms)
  ✔ 49 existing workspace unaffected (16.362542ms)
  ✔ overlay keeps Goal at origin and scenario z = 0 (24.861875ms)
  ✔ generic engine has no hardcoded domain branches (0.531125ms)
✔ NEX-EXP:5 Scenario & Option Discovery (658.5165ms)
ℹ tests 180
ℹ suites 13
ℹ pass 180
ℹ fail 0
ℹ cancelled 0
ℹ skipped 0
ℹ todo 0
ℹ duration_ms 4976.720166
