[Topology][Flow] Generating flow layout
[Topology][Flow] Nodes: 8
[Topology][Flow] Connections: 7
[Topology][Flow] Generating flow layout
[Topology][Flow] Nodes: 2
[Topology][Flow] Connections: 1
[Topology][Flow] Generating flow layout
[Topology][Flow] Nodes: 8
[Topology][Flow] Connections: 7
[Topology][Flow] Generating flow layout
[Topology][Flow] Nodes: 2
[Topology][Flow] Connections: 1
[Topology][Flow] Generating flow layout
[Topology][Flow] Nodes: 8
[Topology][Flow] Connections: 7
[Topology][Flow] Generating flow layout
[Topology][Flow] Nodes: 2
[Topology][Flow] Connections: 1
[Topology][Flow] Generating flow layout
[Topology][Flow] Nodes: 8
[Topology][Flow] Connections: 7
[Topology][Flow] Generating flow layout
[Topology][Flow] Nodes: 2
[Topology][Flow] Connections: 1
[Topology][Flow] Generating flow layout
[Topology][Flow] Nodes: 8
[Topology][Flow] Connections: 7
[Topology][Flow] Generating flow layout
[Topology][Flow] Nodes: 2
[Topology][Flow] Connections: 1
[Topology][Flow] Generating flow layout
[Topology][Flow] Nodes: 8
[Topology][Flow] Connections: 7
[Topology][Flow] Generating flow layout
[Topology][Flow] Nodes: 2
[Topology][Flow] Connections: 1
[Topology][Flow] Generating flow layout
[Topology][Flow] Nodes: 8
[Topology][Flow] Connections: 7
[Topology][Flow] Generating flow layout
[Topology][Flow] Nodes: 2
[Topology][Flow] Connections: 1
[Topology][Flow] Generating flow layout
[Topology][Flow] Nodes: 8
[Topology][Flow] Connections: 7
[Topology][Flow] Generating flow layout
[Topology][Flow] Nodes: 2
[Topology][Flow] Connections: 1
▶ MO:6 Executive Attention & Intervention Intelligence
  ✔ identity and boundary (1.246458ms)
  ✔ generic engine has no object-specific attention hardcoding (0.788459ms)
  ✔ 1-3. severity is not attention; critical does not auto-URGENT (49.963833ms)
  ✔ 4-6. goal-blocking moderate can outrank unrelated critical; goal and journey affect rank (9.422167ms)
  ✔ 7-8. new change ranks above stable ongoing; stable does not re-escalate (9.752208ms)
  ✔ 9-10. manager authority vs owner-handled operational blocker (10.780917ms)
  ✔ 11-13. pending decision, committed decision, healthy execution (18.434792ms)
  ✔ 14-17. blocked execution, missing outcome UNKNOWN, deviation only with comparison, stale evidence (28.946541ms)
  ✔ 18-20. unknown goal, opportunity, goal conflict (12.460416ms)
  ✔ 21-25. no invented deadline/consequence; ranking is not causal; focus and queue safety (15.167167ms)
  ✔ escalated vs de-escalated risk and safe-to-continue (11.405ms)
  ✔ attention budget prefers one primary; comparable items stay undistinguished (3.693167ms)
  ✔ conversation: attention, why this, why not, intervene, continue, inaction (455.548667ms)
✔ MO:6 Executive Attention & Intervention Intelligence (629.115875ms)
[Topology][Flow] Generating flow layout
[Topology][Flow] Nodes: 8
[Topology][Flow] Connections: 7
[Topology][Flow] Generating flow layout
[Topology][Flow] Nodes: 2
[Topology][Flow] Connections: 1
[Topology][Flow] Generating flow layout
[Topology][Flow] Nodes: 8
[Topology][Flow] Connections: 7
[Topology][Flow] Generating flow layout
[Topology][Flow] Nodes: 2
[Topology][Flow] Connections: 1
[Topology][Flow] Generating flow layout
[Topology][Flow] Nodes: 8
[Topology][Flow] Connections: 7
[Topology][Flow] Generating flow layout
[Topology][Flow] Nodes: 2
[Topology][Flow] Connections: 1
[Topology][Flow] Generating flow layout
[Topology][Flow] Nodes: 8
[Topology][Flow] Connections: 7
[Topology][Flow] Generating flow layout
[Topology][Flow] Nodes: 2
[Topology][Flow] Connections: 1
[Topology][Flow] Generating flow layout
[Topology][Flow] Nodes: 8
[Topology][Flow] Connections: 7
[Topology][Flow] Generating flow layout
[Topology][Flow] Nodes: 2
[Topology][Flow] Connections: 1
[Topology][Flow] Generating flow layout
[Topology][Flow] Nodes: 8
[Topology][Flow] Connections: 7
[Topology][Flow] Generating flow layout
[Topology][Flow] Nodes: 2
[Topology][Flow] Connections: 1
[Topology][Flow] Generating flow layout
[Topology][Flow] Nodes: 8
[Topology][Flow] Connections: 7
[Topology][Flow] Generating flow layout
[Topology][Flow] Nodes: 2
[Topology][Flow] Connections: 1
[Topology][Flow] Generating flow layout
[Topology][Flow] Nodes: 8
[Topology][Flow] Connections: 7
[Topology][Flow] Generating flow layout
[Topology][Flow] Nodes: 2
[Topology][Flow] Connections: 1
[Topology][Flow] Generating flow layout
[Topology][Flow] Nodes: 8
[Topology][Flow] Connections: 7
[Topology][Flow] Generating flow layout
[Topology][Flow] Nodes: 2
[Topology][Flow] Connections: 1
[Topology][Flow] Generating flow layout
[Topology][Flow] Nodes: 8
[Topology][Flow] Connections: 7
[Topology][Hub] Generating hub layout
[Topology][Hub] Hub: Capacity
[Topology][Hub] Satellites: 5
[Topology][Hub] Connections: 5
[Topology][Flow] Generating flow layout
[Topology][Flow] Nodes: 8
[Topology][Flow] Connections: 7
[Topology][Hub] Generating hub layout
[Topology][Hub] Hub: Capacity
[Topology][Hub] Satellites: 5
[Topology][Hub] Connections: 5
[Topology][Flow] Generating flow layout
[Topology][Flow] Nodes: 8
[Topology][Flow] Connections: 7
[Topology][Hub] Generating hub layout
[Topology][Hub] Hub: Capacity
[Topology][Hub] Satellites: 5
[Topology][Hub] Connections: 5
[Topology][Flow] Generating flow layout
[Topology][Flow] Nodes: 8
[Topology][Flow] Connections: 7
[Topology][Hub] Generating hub layout
[Topology][Hub] Hub: Capacity
[Topology][Hub] Satellites: 5
[Topology][Hub] Connections: 5
[Topology][Flow] Generating flow layout
[Topology][Flow] Nodes: 8
[Topology][Flow] Connections: 7
[Topology][Hub] Generating hub layout
[Topology][Hub] Hub: Capacity
[Topology][Hub] Satellites: 5
[Topology][Hub] Connections: 5
[Topology][Flow] Generating flow layout
[Topology][Flow] Nodes: 8
[Topology][Flow] Connections: 7
[Topology][Flow] Generating flow layout
[Topology][Flow] Nodes: 2
[Topology][Flow] Connections: 1
[Topology][Flow] Generating flow layout
[Topology][Flow] Nodes: 8
[Topology][Flow] Connections: 7
[Topology][Flow] Generating flow layout
[Topology][Flow] Nodes: 2
[Topology][Flow] Connections: 1
[Topology][Flow] Generating flow layout
[Topology][Flow] Nodes: 8
[Topology][Flow] Connections: 7
[Topology][Flow] Generating flow layout
[Topology][Flow] Nodes: 2
[Topology][Flow] Connections: 1
[Topology][Flow] Generating flow layout
[Topology][Flow] Nodes: 8
[Topology][Flow] Connections: 7
[Topology][Flow] Generating flow layout
[Topology][Flow] Nodes: 2
[Topology][Flow] Connections: 1
[Topology][Flow] Generating flow layout
[Topology][Flow] Nodes: 8
[Topology][Flow] Connections: 7
[Topology][Flow] Generating flow layout
[Topology][Flow] Nodes: 2
[Topology][Flow] Connections: 1
[Topology][Flow] Generating flow layout
[Topology][Flow] Nodes: 8
[Topology][Flow] Connections: 7
[Topology][Flow] Generating flow layout
[Topology][Flow] Nodes: 2
[Topology][Flow] Connections: 1
[Topology][Flow] Generating flow layout
[Topology][Flow] Nodes: 8
[Topology][Flow] Connections: 7
[Topology][Flow] Generating flow layout
[Topology][Flow] Nodes: 2
[Topology][Flow] Connections: 1
[Topology][Flow] Generating flow layout
[Topology][Flow] Nodes: 8
[Topology][Flow] Connections: 7
[Topology][Flow] Generating flow layout
[Topology][Flow] Nodes: 2
[Topology][Flow] Connections: 1
[Topology][Flow] Generating flow layout
[Topology][Flow] Nodes: 8
[Topology][Flow] Connections: 7
[Topology][Flow] Generating flow layout
[Topology][Flow] Nodes: 2
[Topology][Flow] Connections: 1
[Topology][Flow] Generating flow layout
[Topology][Flow] Nodes: 8
[Topology][Flow] Connections: 7
[Topology][Flow] Generating flow layout
[Topology][Flow] Nodes: 2
[Topology][Flow] Connections: 1
[Topology][Flow] Generating flow layout
[Topology][Flow] Nodes: 8
[Topology][Flow] Connections: 7
[Topology][Hub] Generating hub layout
[Topology][Hub] Hub: Capacity
[Topology][Hub] Satellites: 5
[Topology][Hub] Connections: 5
[Topology][Flow] Generating flow layout
[Topology][Flow] Nodes: 8
[Topology][Flow] Connections: 7
[Topology][Flow] Generating flow layout
[Topology][Flow] Nodes: 2
[Topology][Flow] Connections: 1
▶ MO-INT:1 Manager–Object Executive Experience Integration
  ✔ identity and boundary — not MO:7 (1.024625ms)
  ✔ generic composer has no object-identity routing (0.628917ms)
  ✔ manager-facing copy does not expose engine ids (434.072625ms)
  ✔ duplicate guidance is collapsed to one next step on journey questions (67.290333ms)
  ✔ full conversation remains one experience (634.050208ms)
  ✔ what about compares without stealing focus (63.4425ms)
  ✔ generic object types stay on one engine (20.264583ms)
  ✔ click activation matches show navigation for active object (29.390708ms)
  ✔ explain named object does not require a new Stage writer (10.397917ms)
✔ MO-INT:1 Manager–Object Executive Experience Integration (1262.61625ms)
[Topology][Flow] Generating flow layout
[Topology][Flow] Nodes: 8
[Topology][Flow] Connections: 7
[Topology][Flow] Generating flow layout
[Topology][Flow] Nodes: 2
[Topology][Flow] Connections: 1
[Topology][Flow] Generating flow layout
[Topology][Flow] Nodes: 8
[Topology][Flow] Connections: 7
[Topology][Flow] Generating flow layout
[Topology][Flow] Nodes: 2
[Topology][Flow] Connections: 1
[Topology][Flow] Generating flow layout
[Topology][Flow] Nodes: 8
[Topology][Flow] Connections: 7
[Topology][Flow] Generating flow layout
[Topology][Flow] Nodes: 2
[Topology][Flow] Connections: 1
[Topology][Flow] Generating flow layout
[Topology][Flow] Nodes: 8
[Topology][Flow] Connections: 7
[Topology][Flow] Generating flow layout
[Topology][Flow] Nodes: 2
[Topology][Flow] Connections: 1
[Topology][Flow] Generating flow layout
[Topology][Flow] Nodes: 8
[Topology][Flow] Connections: 7
[Topology][Flow] Generating flow layout
[Topology][Flow] Nodes: 2
[Topology][Flow] Connections: 1
[Topology][Flow] Generating flow layout
[Topology][Flow] Nodes: 8
[Topology][Flow] Connections: 7
[Topology][Flow] Generating flow layout
[Topology][Flow] Nodes: 2
[Topology][Flow] Connections: 1
[Topology][Flow] Generating flow layout
[Topology][Flow] Nodes: 8
[Topology][Flow] Connections: 7
[Topology][Flow] Generating flow layout
[Topology][Flow] Nodes: 2
[Topology][Flow] Connections: 1
[Topology][Flow] Generating flow layout
[Topology][Flow] Nodes: 8
[Topology][Flow] Connections: 7
[Topology][Flow] Generating flow layout
[Topology][Flow] Nodes: 2
[Topology][Flow] Connections: 1
[Topology][Flow] Generating flow layout
[Topology][Flow] Nodes: 8
[Topology][Flow] Connections: 7
[Topology][Flow] Generating flow layout
[Topology][Flow] Nodes: 2
[Topology][Flow] Connections: 1
[Topology][Flow] Generating flow layout
[Topology][Flow] Nodes: 8
[Topology][Flow] Connections: 7
[Topology][Flow] Generating flow layout
[Topology][Flow] Nodes: 2
[Topology][Flow] Connections: 1
▶ MO:2 Generic Explain Engine
  ✔ identity and boundary (0.984834ms)
  ✔ one engine source has no per-object explanation branches (0.593ms)
  ✔ 1-7. Generic engine explains Capacity, Delivery, Goal, Risk, Scenario, Decision, Execution (88.412083ms)
  ✔ also explains Revenue through the same engine (15.481208ms)
  ✔ 8. Why is this important uses significance without inventing cause (6.845792ms)
  ✔ 9. Why is this happening keeps relationship ≠ confirmed cause (8.419875ms)
  ✔ 10. What is connected explains relationship meaning, not raw ids (9.627167ms)
  ✔ 11. What evidence do we have stays traceable (3.731125ms)
  ✔ 12. What don't we know remains UNKNOWN (2.356958ms)
  ✔ 13. What happens if this continues is PREDICTED or UNKNOWN, never fact (3.259625ms)
  ✔ 14. What should I do does not invent a decision (3.361459ms)
  ✔ 15-17. Explain this, named switching, and deictic continuity (359.06925ms)
  ✔ 18. UNKNOWN evidence is not filled with generic advice (7.194125ms)
  ✔ 19. INFERRED is not promoted to KNOWN (0.402ms)
  ✔ 20. Relationship ≠ causality protection (4.114125ms)
  ✔ 21-22. Explanation does not commit a decision or start execution (79.948291ms)
  ✔ depth only exposes existing intelligence (0.325541ms)
  ✔ available actions are capability gated (2.064209ms)
  ✔ conversation overlay presents relationship explanation without Advisor duplication (67.373833ms)
✔ MO:2 Generic Explain Engine (665.223125ms)
[Topology][Flow] Generating flow layout
[Topology][Flow] Nodes: 8
[Topology][Flow] Connections: 7
[Topology][Flow] Generating flow layout
[Topology][Flow] Nodes: 2
[Topology][Flow] Connections: 1
[Topology][Flow] Generating flow layout
[Topology][Flow] Nodes: 8
[Topology][Flow] Connections: 7
[Topology][Flow] Generating flow layout
[Topology][Flow] Nodes: 2
[Topology][Flow] Connections: 1
[Topology][Flow] Generating flow layout
[Topology][Flow] Nodes: 8
[Topology][Flow] Connections: 7
[Topology][Flow] Generating flow layout
[Topology][Flow] Nodes: 2
[Topology][Flow] Connections: 1
[Topology][Flow] Generating flow layout
[Topology][Flow] Nodes: 8
[Topology][Flow] Connections: 7
[Topology][Flow] Generating flow layout
[Topology][Flow] Nodes: 2
[Topology][Flow] Connections: 1
[Topology][Flow] Generating flow layout
[Topology][Flow] Nodes: 8
[Topology][Flow] Connections: 7
[Topology][Flow] Generating flow layout
[Topology][Flow] Nodes: 2
[Topology][Flow] Connections: 1
[Topology][Flow] Generating flow layout
[Topology][Flow] Nodes: 8
[Topology][Flow] Connections: 7
[Topology][Flow] Generating flow layout
[Topology][Flow] Nodes: 2
[Topology][Flow] Connections: 1
[Topology][Flow] Generating flow layout
[Topology][Flow] Nodes: 8
[Topology][Flow] Connections: 7
[Topology][Flow] Generating flow layout
[Topology][Flow] Nodes: 2
[Topology][Flow] Connections: 1
[Topology][Flow] Generating flow layout
[Topology][Flow] Nodes: 8
[Topology][Flow] Connections: 7
[Topology][Flow] Generating flow layout
[Topology][Flow] Nodes: 2
[Topology][Flow] Connections: 1
▶ MO:3 Object-Guided Executive Exploration
  ✔ identity and boundary (0.955417ms)
  ✔ one engine has no per-object exploration branches (0.563375ms)
  ✔ 1. Capacity → related Problem (49.224459ms)
  ✔ 2. Capacity → Delivery (17.101667ms)
  ✔ 3. Problem → evidence (3.268167ms)
  ✔ 4. Problem → Risk where available (3.489667ms)
  ✔ 5. Problem → Scenario where available (7.324167ms)
  ✔ 6. Scenario → comparison (10.342083ms)
  ✔ 7. Scenario → recommendation (5.353625ms)
  ✔ 8. Scenario → Decision (4.71ms)
  ✔ 9. Decision → evidence/rationale (12.112667ms)
  ✔ 10. Decision → Execution (1.977875ms)
  ✔ 11. Execution → Decision (1.743834ms)
  ✔ 12. Execution → Outcome remains UNKNOWN when missing (2.46075ms)
  ✔ 13. Goal → relevant executive object (10.879959ms)
  ✔ 14. Goal relevance influences ranking (14.29475ms)
  ✔ 15. UNKNOWN outcome remains UNKNOWN (1.452334ms)
  ✔ 16. Unrelated object is not recommended without support (1.99875ms)
  ✔ 17. Relationship does not become causality (2.00875ms)
  ✔ 18. Inferred path stays INFERRED (8.459542ms)
  ✔ 19. No accidental decision commitment (241.129334ms)
  ✔ 20. No accidental execution start (60.98275ms)
  ✔ generic engine derives Revenue paths from Revenue context (2.878583ms)
  ✔ conversation loop: understand → explore → why → select problem (92.9995ms)
  ✔ requires manager choice and never uses graph-score copy (2.485959ms)
✔ MO:3 Object-Guided Executive Exploration (563.395833ms)
[Topology][Flow] Generating flow layout
[Topology][Flow] Nodes: 8
[Topology][Flow] Connections: 7
[Topology][Flow] Generating flow layout
[Topology][Flow] Nodes: 2
[Topology][Flow] Connections: 1
[Topology][Flow] Generating flow layout
[Topology][Flow] Nodes: 8
[Topology][Flow] Connections: 7
[Topology][Flow] Generating flow layout
[Topology][Flow] Nodes: 2
[Topology][Flow] Connections: 1
[Topology][Flow] Generating flow layout
[Topology][Flow] Nodes: 8
[Topology][Flow] Connections: 7
[Topology][Flow] Generating flow layout
[Topology][Flow] Nodes: 2
[Topology][Flow] Connections: 1
[Topology][Flow] Generating flow layout
[Topology][Flow] Nodes: 8
[Topology][Flow] Connections: 7
[Topology][Flow] Generating flow layout
[Topology][Flow] Nodes: 2
[Topology][Flow] Connections: 1
[Topology][Flow] Generating flow layout
[Topology][Flow] Nodes: 8
[Topology][Flow] Connections: 7
[Topology][Flow] Generating flow layout
[Topology][Flow] Nodes: 2
[Topology][Flow] Connections: 1
[Topology][Flow] Generating flow layout
[Topology][Flow] Nodes: 8
[Topology][Flow] Connections: 7
[Topology][Flow] Generating flow layout
[Topology][Flow] Nodes: 2
[Topology][Flow] Connections: 1
[Topology][Flow] Generating flow layout
[Topology][Flow] Nodes: 8
[Topology][Flow] Connections: 7
[Topology][Flow] Generating flow layout
[Topology][Flow] Nodes: 2
[Topology][Flow] Connections: 1
▶ MO:4 Goal-Directed Executive Navigation
  ✔ identity and boundary (1.17225ms)
  ✔ generic engine has no hardcoded goal-to-object branches (0.899709ms)
  ✔ parses explicit goals without confirming inferred ones (0.602167ms)
  ✔ 1. Goal → KPI / Reality when a related measured signal exists (60.126458ms)
  ✔ 2. Goal → relevant business object (13.724125ms)
  ✔ 3. Goal → Problem (4.32ms)
  ✔ 4. Goal → Risk when a risk path exists (16.822417ms)
  ✔ 5. Problem → Scenario (5.5275ms)
  ✔ 6. Scenario → Decision (2.521375ms)
  ✔ 7. Decision → Execution (7.545375ms)
  ✔ 8. Execution → Outcome (2.334375ms)
  ✔ 9. Outcome → Goal comparison stays UNKNOWN without recorded outcome (3.812083ms)
  ✔ 10. Active goal influences ranking of valid MO:3 paths (10.672416ms)
  ✔ 11. Changing goal changes ranking (7.813625ms)
  ✔ 12. Multiple goals do not collapse into one (13.188667ms)
  ✔ 13. Goal conflict is exposed rather than auto-resolved (24.397334ms)
  ✔ 14. Missing success signal stays UNKNOWN (3.218291ms)
  ✔ 15. Missing outcome stays UNKNOWN (2.443292ms)
  ✔ 16. Unrelated object is not recommended from semantic similarity alone (9.3005ms)
  ✔ 17. Inferred relevance stays INFERRED (3.5855ms)
  ✔ 18. Path relevance is not converted into causal certainty (3.212ms)
  ✔ 19. No accidental decision commitment (9.673209ms)
  ✔ 20. No accidental execution start (3.293916ms)
  ✔ explicit vs inferred vs unknown goal behavior (5.77075ms)
  ✔ conversation: goal continuity, guidance, and goal change (487.985125ms)
  ✔ does not write Stage coordinates (4.260833ms)
✔ MO:4 Goal-Directed Executive Navigation (710.444041ms)
[Topology][Flow] Generating flow layout
[Topology][Flow] Nodes: 8
[Topology][Flow] Connections: 7
[Topology][Hub] Generating hub layout
[Topology][Hub] Hub: Capacity
[Topology][Hub] Satellites: 5
[Topology][Hub] Connections: 5
[Topology][Flow] Generating flow layout
[Topology][Flow] Nodes: 8
[Topology][Flow] Connections: 7
[Topology][Hub] Generating hub layout
[Topology][Hub] Hub: Delivery
[Topology][Hub] Satellites: 5
[Topology][Hub] Connections: 5
[Topology][Flow] Generating flow layout
[Topology][Flow] Nodes: 8
[Topology][Flow] Connections: 7
[Topology][Flow] Generating flow layout
[Topology][Flow] Nodes: 2
[Topology][Flow] Connections: 1
[Topology][Flow] Generating flow layout
[Topology][Flow] Nodes: 8
[Topology][Flow] Connections: 7
[Topology][Flow] Generating flow layout
[Topology][Flow] Nodes: 2
[Topology][Flow] Connections: 1
[Topology][Flow] Generating flow layout
[Topology][Flow] Nodes: 8
[Topology][Flow] Connections: 7
[Topology][Hub] Generating hub layout
[Topology][Hub] Hub: Risk
[Topology][Hub] Satellites: 3
[Topology][Hub] Connections: 3
[Topology][Flow] Generating flow layout
[Topology][Flow] Nodes: 8
[Topology][Flow] Connections: 7
[Topology][Flow] Generating flow layout
[Topology][Flow] Nodes: 2
[Topology][Flow] Connections: 1
[Topology][Flow] Generating flow layout
[Topology][Flow] Nodes: 8
[Topology][Flow] Connections: 7
[Topology][Flow] Generating flow layout
[Topology][Flow] Nodes: 2
[Topology][Flow] Connections: 1
[Topology][Flow] Generating flow layout
[Topology][Flow] Nodes: 8
[Topology][Flow] Connections: 7
[Topology][Flow] Generating flow layout
[Topology][Flow] Nodes: 2
[Topology][Flow] Connections: 1
[Topology][Flow] Generating flow layout
[Topology][Flow] Nodes: 8
[Topology][Flow] Connections: 7
[Topology][Flow] Generating flow layout
[Topology][Flow] Nodes: 2
[Topology][Flow] Connections: 1
[Topology][Flow] Generating flow layout
[Topology][Flow] Nodes: 8
[Topology][Flow] Connections: 7
[Topology][Flow] Generating flow layout
[Topology][Flow] Nodes: 2
[Topology][Flow] Connections: 1
[Topology][Flow] Generating flow layout
[Topology][Flow] Nodes: 8
[Topology][Flow] Connections: 7
[Topology][Hub] Generating hub layout
[Topology][Hub] Hub: Capacity
[Topology][Hub] Satellites: 5
[Topology][Hub] Connections: 5
[Topology][Flow] Generating flow layout
[Topology][Flow] Nodes: 8
[Topology][Flow] Connections: 7
[Topology][Hub] Generating hub layout
[Topology][Hub] Hub: Capacity
[Topology][Hub] Satellites: 5
[Topology][Hub] Connections: 5
[Topology][Flow] Generating flow layout
[Topology][Flow] Nodes: 8
[Topology][Flow] Connections: 7
[Topology][Hub] Generating hub layout
[Topology][Hub] Hub: Capacity
[Topology][Hub] Satellites: 5
[Topology][Hub] Connections: 5
[Topology][Flow] Generating flow layout
[Topology][Flow] Nodes: 8
[Topology][Flow] Connections: 7
[Topology][Hub] Generating hub layout
[Topology][Hub] Hub: Capacity
[Topology][Hub] Satellites: 5
[Topology][Hub] Connections: 5
[Topology][Flow] Generating flow layout
[Topology][Flow] Nodes: 8
[Topology][Flow] Connections: 7
[Topology][Hub] Generating hub layout
[Topology][Hub] Hub: Capacity
[Topology][Hub] Satellites: 5
[Topology][Hub] Connections: 5
[Topology][Flow] Generating flow layout
[Topology][Flow] Nodes: 8
[Topology][Flow] Connections: 7
[Topology][Hub] Generating hub layout
[Topology][Hub] Hub: Capacity
[Topology][Hub] Satellites: 5
[Topology][Hub] Connections: 5
[Topology][Flow] Generating flow layout
[Topology][Flow] Nodes: 8
[Topology][Flow] Connections: 7
[Topology][Hub] Generating hub layout
[Topology][Hub] Hub: Capacity
[Topology][Hub] Satellites: 5
[Topology][Hub] Connections: 5
[Topology][Flow] Generating flow layout
[Topology][Flow] Nodes: 8
[Topology][Flow] Connections: 7
[Topology][Hub] Generating hub layout
[Topology][Hub] Hub: Delivery
[Topology][Hub] Satellites: 5
[Topology][Hub] Connections: 5
▶ MO:1 Manager–Object Interaction Foundation
  ✔ identity, boundary, and verify gate (0.797459ms)
  ✔ 1. Capacity can become active (301.731459ms)
  ✔ 2. Delivery can become active (46.4475ms)
  ✔ 3. Goal can become active (57.87525ms)
  ✔ 4. Problem/Risk can become active (53.832459ms)
  ✔ 5. Scenario can become active (39.583583ms)
  ✔ 6. Decision can become active (34.195042ms)
  ✔ 7. Execution can become active (27.637875ms)
  ✔ 8. Explain X resolves the requested object rather than a hard-coded default (84.040625ms)
  ✔ 9. Explain this uses the current active object (233.184166ms)
  ✔ 10. Follow-up questions preserve object context (84.449333ms)
  ✔ 11. Switching objects replaces active context correctly (66.704083ms)
  ✔ 12. Related objects are discoverable through the generic relationship contract (0.337333ms)
  ✔ 13. Missing evidence is reported as unknown rather than fabricated (1.265625ms)
  ✔ 14. Existing Stage click-to-center behavior remains intact (62.857541ms)
  ✔ 15. UX:1–UX:6 certified identities remain imported by live tests (0.455375ms)
  ✔ generic intents work across object types without per-object branches (3.874959ms)
✔ MO:1 Manager–Object Interaction Foundation (1100.95175ms)
[Topology][Flow] Generating flow layout
[Topology][Flow] Nodes: 8
[Topology][Flow] Connections: 7
[Topology][Flow] Generating flow layout
[Topology][Flow] Nodes: 2
[Topology][Flow] Connections: 1
[Topology][Flow] Generating flow layout
[Topology][Flow] Nodes: 8
[Topology][Flow] Connections: 7
[Topology][Flow] Generating flow layout
[Topology][Flow] Nodes: 2
[Topology][Flow] Connections: 1
[Topology][Flow] Generating flow layout
[Topology][Flow] Nodes: 8
[Topology][Flow] Connections: 7
[Topology][Flow] Generating flow layout
[Topology][Flow] Nodes: 2
[Topology][Flow] Connections: 1
[Topology][Flow] Generating flow layout
[Topology][Flow] Nodes: 8
[Topology][Flow] Connections: 7
[Topology][Flow] Generating flow layout
[Topology][Flow] Nodes: 2
[Topology][Flow] Connections: 1
[Topology][Flow] Generating flow layout
[Topology][Flow] Nodes: 8
[Topology][Flow] Connections: 7
[Topology][Flow] Generating flow layout
[Topology][Flow] Nodes: 2
[Topology][Flow] Connections: 1
[Topology][Flow] Generating flow layout
[Topology][Flow] Nodes: 8
[Topology][Flow] Connections: 7
[Topology][Flow] Generating flow layout
[Topology][Flow] Nodes: 2
[Topology][Flow] Connections: 1
[Topology][Flow] Generating flow layout
[Topology][Flow] Nodes: 8
[Topology][Flow] Connections: 7
[Topology][Flow] Generating flow layout
[Topology][Flow] Nodes: 2
[Topology][Flow] Connections: 1
[Topology][Flow] Generating flow layout
[Topology][Flow] Nodes: 8
[Topology][Flow] Connections: 7
[Topology][Flow] Generating flow layout
[Topology][Flow] Nodes: 2
[Topology][Flow] Connections: 1
▶ MO:5 Executive Journey & Progress Intelligence
  ✔ identity and boundary (1.0185ms)
  ✔ 30. generic engine has no object-specific journey hardcoding (0.683917ms)
  ✔ 1-2. Goal confirmed begins a journey; missing goal is MISSING_GOAL (58.421625ms)
  ✔ 3. Reality known is recognized (10.624167ms)
  ✔ 4-6. Problem / risk / scenario phases (44.086583ms)
  ✔ 7-8. Viewed scenario/decision is not resolved or committed (5.473209ms)
  ✔ 9-12. Committed decision, execution states, blocked execution (8.911125ms)
  ✔ 13-16. Completed execution without outcome; observed outcome; no fabricated learning (6.276208ms)
  ✔ 17-19. Visited is not resolved; unrelated click does not advance; back keeps truth (26.98225ms)
  ✔ 20-22. Goal change recalculates; history retained; multiple goals stay separate (7.813125ms)
  ✔ 23-24. Scenario branches remain alternatives; revisited decision supported (5.571ms)
  ✔ 25-29. Blocker is not a business cause; no fake percent; no commit/start/close (2.993875ms)
  ✔ conversation: where we are, remains, blocker, next, fit, continuity (463.498334ms)
✔ MO:5 Executive Journey & Progress Intelligence (644.233708ms)
[Topology][Flow] Generating flow layout
[Topology][Flow] Nodes: 8
[Topology][Flow] Connections: 7
[Topology][Hub] Generating hub layout
[Topology][Hub] Hub: Inventory
[Topology][Hub] Satellites: 3
[Topology][Hub] Connections: 3
[Topology][Flow] Generating flow layout
[Topology][Flow] Nodes: 8
[Topology][Flow] Connections: 7
[Topology][Hub] Generating hub layout
[Topology][Hub] Hub: Inventory
[Topology][Hub] Satellites: 3
[Topology][Hub] Connections: 3
[Topology][Flow] Generating flow layout
[Topology][Flow] Nodes: 8
[Topology][Flow] Connections: 7
[Topology][Hub] Generating hub layout
[Topology][Hub] Hub: Capacity
[Topology][Hub] Satellites: 5
[Topology][Hub] Connections: 5
[Topology][Flow] Generating flow layout
[Topology][Flow] Nodes: 8
[Topology][Flow] Connections: 7
[Topology][Hub] Generating hub layout
[Topology][Hub] Hub: Capacity
[Topology][Hub] Satellites: 5
[Topology][Hub] Connections: 5
[Topology][Flow] Generating flow layout
[Topology][Flow] Nodes: 8
[Topology][Flow] Connections: 7
[Topology][Hub] Generating hub layout
[Topology][Hub] Hub: Delivery
[Topology][Hub] Satellites: 5
[Topology][Hub] Connections: 5
[Topology][Flow] Generating flow layout
[Topology][Flow] Nodes: 8
[Topology][Flow] Connections: 7
[Topology][Hub] Generating hub layout
[Topology][Hub] Hub: Delivery
[Topology][Hub] Satellites: 5
[Topology][Hub] Connections: 5
[Topology][Flow] Generating flow layout
[Topology][Flow] Nodes: 8
[Topology][Flow] Connections: 7
[Topology][Flow] Generating flow layout
[Topology][Flow] Nodes: 2
[Topology][Flow] Connections: 1
[Topology][Flow] Generating flow layout
[Topology][Flow] Nodes: 8
[Topology][Flow] Connections: 7
[Topology][Flow] Generating flow layout
[Topology][Flow] Nodes: 2
[Topology][Flow] Connections: 1
[Topology][Flow] Generating flow layout
[Topology][Flow] Nodes: 8
[Topology][Flow] Connections: 7
[Topology][Hub] Generating hub layout
[Topology][Hub] Hub: Inventory
[Topology][Hub] Satellites: 3
[Topology][Hub] Connections: 3
[Topology][Flow] Generating flow layout
[Topology][Flow] Nodes: 8
[Topology][Flow] Connections: 7
[Topology][Hub] Generating hub layout
[Topology][Hub] Hub: Capacity
[Topology][Hub] Satellites: 5
[Topology][Hub] Connections: 5
[Topology][Flow] Generating flow layout
[Topology][Flow] Nodes: 8
[Topology][Flow] Connections: 7
[Topology][Hub] Generating hub layout
[Topology][Hub] Hub: Capacity
[Topology][Hub] Satellites: 5
[Topology][Hub] Connections: 5
[Topology][Flow] Generating flow layout
[Topology][Flow] Nodes: 8
[Topology][Flow] Connections: 7
[Topology][Hub] Generating hub layout
[Topology][Hub] Hub: Risk
[Topology][Hub] Satellites: 3
[Topology][Hub] Connections: 3
[Topology][Flow] Generating flow layout
[Topology][Flow] Nodes: 8
[Topology][Flow] Connections: 7
[Topology][Flow] Generating flow layout
[Topology][Flow] Nodes: 2
[Topology][Flow] Connections: 1
▶ NEX-MVP-FINAL:2 Manager Object Explain Quality
  ✔ does not classify Explain as EXI change (3.807666ms)
  ✔ show inventory then explain it explains Inventory, not prior-state comparison (335.391167ms)
  ✔ named Explain uses the same engine path for representative objects (164.990875ms)
  ✔ deictic it follows the latest focused object (119.080333ms)
  ✔ show risk problem does not silently pick Margin Pressure (52.170917ms)
  ✔ show Margin Pressure still focuses that problem (20.296792ms)
  ✔ generic explain engine has no Inventory branch (0.821459ms)
✔ NEX-MVP-FINAL:2 Manager Object Explain Quality (697.972208ms)
[Topology][Flow] Generating flow layout
[Topology][Flow] Nodes: 8
[Topology][Flow] Connections: 7
[Topology][Flow] Generating flow layout
[Topology][Flow] Nodes: 2
[Topology][Flow] Connections: 1
[Topology][Flow] Generating flow layout
[Topology][Flow] Nodes: 8
[Topology][Flow] Connections: 7
[Topology][Flow] Generating flow layout
[Topology][Flow] Nodes: 2
[Topology][Flow] Connections: 1
[Topology][Flow] Generating flow layout
[Topology][Flow] Nodes: 8
[Topology][Flow] Connections: 7
[Topology][Flow] Generating flow layout
[Topology][Flow] Nodes: 2
[Topology][Flow] Connections: 1
[Topology][Flow] Generating flow layout
[Topology][Flow] Nodes: 8
[Topology][Flow] Connections: 7
[Topology][Hub] Generating hub layout
[Topology][Hub] Hub: Risk
[Topology][Hub] Satellites: 3
[Topology][Hub] Connections: 3
[Topology][Flow] Generating flow layout
[Topology][Flow] Nodes: 8
[Topology][Flow] Connections: 7
[Topology][Hub] Generating hub layout
[Topology][Hub] Hub: Risk
[Topology][Hub] Satellites: 3
[Topology][Hub] Connections: 3
[Topology][Flow] Generating flow layout
[Topology][Flow] Nodes: 8
[Topology][Flow] Connections: 7
[Topology][Flow] Generating flow layout
[Topology][Flow] Nodes: 2
[Topology][Flow] Connections: 1
[Topology][Flow] Generating flow layout
[Topology][Flow] Nodes: 8
[Topology][Flow] Connections: 7
[Topology][Hub] Generating hub layout
[Topology][Hub] Hub: Risk
[Topology][Hub] Satellites: 3
[Topology][Hub] Connections: 3
[Topology][Flow] Generating flow layout
[Topology][Flow] Nodes: 8
[Topology][Flow] Connections: 7
[Topology][Hub] Generating hub layout
[Topology][Hub] Hub: Risk
[Topology][Hub] Satellites: 3
[Topology][Hub] Connections: 3
[Topology][Flow] Generating flow layout
[Topology][Flow] Nodes: 8
[Topology][Flow] Connections: 7
[Topology][Hub] Generating hub layout
[Topology][Hub] Hub: Risk
[Topology][Hub] Satellites: 3
[Topology][Hub] Connections: 3
[Topology][Flow] Generating flow layout
[Topology][Flow] Nodes: 8
[Topology][Flow] Connections: 7
[Topology][Hub] Generating hub layout
[Topology][Hub] Hub: Delivery
[Topology][Hub] Satellites: 5
[Topology][Hub] Connections: 5
[Topology][Flow] Generating flow layout
[Topology][Flow] Nodes: 8
[Topology][Flow] Connections: 7
[Topology][Hub] Generating hub layout
[Topology][Hub] Hub: Delivery
[Topology][Hub] Satellites: 5
[Topology][Hub] Connections: 5
[Topology][Flow] Generating flow layout
[Topology][Flow] Nodes: 8
[Topology][Flow] Connections: 7
[Topology][Hub] Generating hub layout
[Topology][Hub] Hub: Delivery
[Topology][Hub] Satellites: 5
[Topology][Hub] Connections: 5
[Topology][Flow] Generating flow layout
[Topology][Flow] Nodes: 8
[Topology][Flow] Connections: 7
[Topology][Hub] Generating hub layout
[Topology][Hub] Hub: Delivery
[Topology][Hub] Satellites: 5
[Topology][Hub] Connections: 5
[Topology][Flow] Generating flow layout
[Topology][Flow] Nodes: 8
[Topology][Flow] Connections: 7
[Topology][Hub] Generating hub layout
[Topology][Hub] Hub: Delivery
[Topology][Hub] Satellites: 5
[Topology][Hub] Connections: 5
[Topology][Flow] Generating flow layout
[Topology][Flow] Nodes: 8
[Topology][Flow] Connections: 7
[Topology][Hub] Generating hub layout
[Topology][Hub] Hub: Delivery
[Topology][Hub] Satellites: 5
[Topology][Hub] Connections: 5
[Topology][Flow] Generating flow layout
[Topology][Flow] Nodes: 8
[Topology][Flow] Connections: 7
[Topology][Hub] Generating hub layout
[Topology][Hub] Hub: Delivery
[Topology][Hub] Satellites: 5
[Topology][Hub] Connections: 5
[Topology][Flow] Generating flow layout
[Topology][Flow] Nodes: 8
[Topology][Flow] Connections: 7
[Topology][Hub] Generating hub layout
[Topology][Hub] Hub: Risk
[Topology][Hub] Satellites: 3
[Topology][Hub] Connections: 3
[Topology][Flow] Generating flow layout
[Topology][Flow] Nodes: 8
[Topology][Flow] Connections: 7
[Topology][Hub] Generating hub layout
[Topology][Hub] Hub: Risk
[Topology][Hub] Satellites: 3
[Topology][Hub] Connections: 3
[Topology][Flow] Generating flow layout
[Topology][Flow] Nodes: 8
[Topology][Flow] Connections: 7
[Topology][Hub] Generating hub layout
[Topology][Hub] Hub: Risk
[Topology][Hub] Satellites: 3
[Topology][Hub] Connections: 3
[Topology][Flow] Generating flow layout
[Topology][Flow] Nodes: 8
[Topology][Flow] Connections: 7
[Topology][Hub] Generating hub layout
[Topology][Hub] Hub: Risk
[Topology][Hub] Satellites: 3
[Topology][Hub] Connections: 3
[Topology][Flow] Generating flow layout
[Topology][Flow] Nodes: 8
[Topology][Flow] Connections: 7
[Topology][Hub] Generating hub layout
[Topology][Hub] Hub: Risk
[Topology][Hub] Satellites: 3
[Topology][Hub] Connections: 3
[Topology][Flow] Generating flow layout
[Topology][Flow] Nodes: 8
[Topology][Flow] Connections: 7
[Topology][Hub] Generating hub layout
[Topology][Hub] Hub: Risk
[Topology][Hub] Satellites: 3
[Topology][Hub] Connections: 3
[Topology][Flow] Generating flow layout
[Topology][Flow] Nodes: 8
[Topology][Flow] Connections: 7
[Topology][Hub] Generating hub layout
[Topology][Hub] Hub: Risk
[Topology][Hub] Satellites: 3
[Topology][Hub] Connections: 3
[Topology][Flow] Generating flow layout
[Topology][Flow] Nodes: 8
[Topology][Flow] Connections: 7
[Topology][Hub] Generating hub layout
[Topology][Hub] Hub: Risk
[Topology][Hub] Satellites: 3
[Topology][Hub] Connections: 3
[Topology][Flow] Generating flow layout
[Topology][Flow] Nodes: 8
[Topology][Flow] Connections: 7
[Topology][Hub] Generating hub layout
[Topology][Hub] Hub: Capacity
[Topology][Hub] Satellites: 5
[Topology][Hub] Connections: 5
[Topology][Flow] Generating flow layout
[Topology][Flow] Nodes: 8
[Topology][Flow] Connections: 7
[Topology][Hub] Generating hub layout
[Topology][Hub] Hub: Capacity
[Topology][Hub] Satellites: 5
[Topology][Hub] Connections: 5
[Topology][Flow] Generating flow layout
[Topology][Flow] Nodes: 8
[Topology][Flow] Connections: 7
[Topology][Hub] Generating hub layout
[Topology][Hub] Hub: Inventory
[Topology][Hub] Satellites: 3
[Topology][Hub] Connections: 3
[Topology][Flow] Generating flow layout
[Topology][Flow] Nodes: 8
[Topology][Flow] Connections: 7
[Topology][Hub] Generating hub layout
[Topology][Hub] Hub: Inventory
[Topology][Hub] Satellites: 3
[Topology][Hub] Connections: 3
[Topology][Flow] Generating flow layout
[Topology][Flow] Nodes: 8
[Topology][Flow] Connections: 7
[Topology][Flow] Generating flow layout
[Topology][Flow] Nodes: 2
[Topology][Flow] Connections: 1
[Topology][Flow] Generating flow layout
[Topology][Flow] Nodes: 8
[Topology][Flow] Connections: 7
[Topology][Flow] Generating flow layout
[Topology][Flow] Nodes: 2
[Topology][Flow] Connections: 1
[Topology][Flow] Generating flow layout
[Topology][Flow] Nodes: 8
[Topology][Flow] Connections: 7
[Topology][Flow] Generating flow layout
[Topology][Flow] Nodes: 2
[Topology][Flow] Connections: 1
[Topology][Flow] Generating flow layout
[Topology][Flow] Nodes: 8
[Topology][Flow] Connections: 7
[Topology][Flow] Generating flow layout
[Topology][Flow] Nodes: 2
[Topology][Flow] Connections: 1
[Topology][Flow] Generating flow layout
[Topology][Flow] Nodes: 8
[Topology][Flow] Connections: 7
[Topology][Flow] Generating flow layout
[Topology][Flow] Nodes: 2
[Topology][Flow] Connections: 1
[Topology][Flow] Generating flow layout
[Topology][Flow] Nodes: 8
[Topology][Flow] Connections: 7
[Topology][Flow] Generating flow layout
[Topology][Flow] Nodes: 2
[Topology][Flow] Connections: 1
[Topology][Flow] Generating flow layout
[Topology][Flow] Nodes: 8
[Topology][Flow] Connections: 7
[Topology][Flow] Generating flow layout
[Topology][Flow] Nodes: 2
[Topology][Flow] Connections: 1
[Topology][Flow] Generating flow layout
[Topology][Flow] Nodes: 8
[Topology][Flow] Connections: 7
[Topology][Flow] Generating flow layout
[Topology][Flow] Nodes: 2
[Topology][Flow] Connections: 1
[Topology][Flow] Generating flow layout
[Topology][Flow] Nodes: 8
[Topology][Flow] Connections: 7
[Topology][Hub] Generating hub layout
[Topology][Hub] Hub: Inventory
[Topology][Hub] Satellites: 3
[Topology][Hub] Connections: 3
[Topology][Flow] Generating flow layout
[Topology][Flow] Nodes: 8
[Topology][Flow] Connections: 7
[Topology][Hub] Generating hub layout
[Topology][Hub] Hub: Capacity
[Topology][Hub] Satellites: 5
[Topology][Hub] Connections: 5
[Topology][Flow] Generating flow layout
[Topology][Flow] Nodes: 8
[Topology][Flow] Connections: 7
[Topology][Hub] Generating hub layout
[Topology][Hub] Hub: Capacity
[Topology][Hub] Satellites: 5
[Topology][Hub] Connections: 5
[Topology][Flow] Generating flow layout
[Topology][Flow] Nodes: 8
[Topology][Flow] Connections: 7
[Topology][Hub] Generating hub layout
[Topology][Hub] Hub: Risk
[Topology][Hub] Satellites: 3
[Topology][Hub] Connections: 3
[Topology][Flow] Generating flow layout
[Topology][Flow] Nodes: 8
[Topology][Flow] Connections: 7
[Topology][Hub] Generating hub layout
[Topology][Hub] Hub: Risk
[Topology][Hub] Satellites: 3
[Topology][Hub] Connections: 3
[Topology][Flow] Generating flow layout
[Topology][Flow] Nodes: 8
[Topology][Flow] Connections: 7
[Topology][Hub] Generating hub layout
[Topology][Hub] Hub: Risk
[Topology][Hub] Satellites: 3
[Topology][Hub] Connections: 3
[Topology][Flow] Generating flow layout
[Topology][Flow] Nodes: 8
[Topology][Flow] Connections: 7
[Topology][Hub] Generating hub layout
[Topology][Hub] Hub: Risk
[Topology][Hub] Satellites: 3
[Topology][Hub] Connections: 3
[Topology][Flow] Generating flow layout
[Topology][Flow] Nodes: 8
[Topology][Flow] Connections: 7
[Topology][Hub] Generating hub layout
[Topology][Hub] Hub: Risk
[Topology][Hub] Satellites: 3
[Topology][Hub] Connections: 3
[Topology][Flow] Generating flow layout
[Topology][Flow] Nodes: 8
[Topology][Flow] Connections: 7
[Topology][Hub] Generating hub layout
[Topology][Hub] Hub: Risk
[Topology][Hub] Satellites: 3
[Topology][Hub] Connections: 3
[Topology][Flow] Generating flow layout
[Topology][Flow] Nodes: 8
[Topology][Flow] Connections: 7
[Topology][Hub] Generating hub layout
[Topology][Hub] Hub: Risk
[Topology][Hub] Satellites: 3
[Topology][Hub] Connections: 3
[Topology][Flow] Generating flow layout
[Topology][Flow] Nodes: 8
[Topology][Flow] Connections: 7
[Topology][Hub] Generating hub layout
[Topology][Hub] Hub: Risk
[Topology][Hub] Satellites: 3
[Topology][Hub] Connections: 3
[Topology][Flow] Generating flow layout
[Topology][Flow] Nodes: 8
[Topology][Flow] Connections: 7
[Topology][Hub] Generating hub layout
[Topology][Hub] Hub: Risk
[Topology][Hub] Satellites: 3
[Topology][Hub] Connections: 3
[Topology][Flow] Generating flow layout
[Topology][Flow] Nodes: 8
[Topology][Flow] Connections: 7
[Topology][Hub] Generating hub layout
[Topology][Hub] Hub: Risk
[Topology][Hub] Satellites: 3
[Topology][Hub] Connections: 3
[Topology][Flow] Generating flow layout
[Topology][Flow] Nodes: 8
[Topology][Flow] Connections: 7
[Topology][Hub] Generating hub layout
[Topology][Hub] Hub: Risk
[Topology][Hub] Satellites: 3
[Topology][Hub] Connections: 3
[Topology][Flow] Generating flow layout
[Topology][Flow] Nodes: 8
[Topology][Flow] Connections: 7
[Topology][Flow] Generating flow layout
[Topology][Flow] Nodes: 2
[Topology][Flow] Connections: 1
▶ NEX-MVP-FINAL:3 Natural Object Reference & Executive Explanation
  ✔ exact-first matching preserves a real name that contains object (2.94625ms)
  ✔ natural phrase variations resolve to the same Risk subject (531.123333ms)
  ✔ delivery object phrases resolve to canonical Delivery (184.71975ms)
  ✔ deliver object uses controlled er→ery manager language, not a Delivery branch (78.305ms)
  ✔ explain variants stay on Risk after natural focus (260.224917ms)
  ✔ representative types resolve through object filler when unambiguous (200.855583ms)
  ✔ Goal natural-reference resolves the registered Goal when unambiguous (33.574792ms)
  ✔ does not fabricate a unique Scenario from show the Scenario object (11.8775ms)
  ✔ keeps deictic continuity across Inventory then Capacity (44.840208ms)
  ✔ Stage click and Chat natural reference share the same Risk subject (9.819458ms)
  ✔ Explain vs Change remains separated (73.938583ms)
  ✔ Risk explain is concise, executive, and evidence-honest (41.26025ms)
  ✔ progressive follow-up keeps Risk and deepens without dumping (63.21725ms)
  ✔ show risk problem stays ambiguous (16.263375ms)
  ✔ contains no object-specific canned explanation branches (0.703333ms)
✔ NEX-MVP-FINAL:3 Natural Object Reference & Executive Explanation (1555.50675ms)
▶ NEX-MVP-FINAL:3R runtime parity invariants
  ✔ exposes FINAL:3 runtime identities for browser proof (1.800875ms)
  ✔ er→ery is general and does not hard-code Delivery (3.251833ms)
  ✔ browser cert harness cannot pass on couldn't-find Risk Object (0.991541ms)
✔ NEX-MVP-FINAL:3R runtime parity invariants (7.286375ms)
[Topology][Flow] Generating flow layout
[Topology][Flow] Nodes: 8
[Topology][Flow] Connections: 7
[Topology][Flow] Generating flow layout
[Topology][Flow] Nodes: 2
[Topology][Flow] Connections: 1
[Topology][Flow] Generating flow layout
[Topology][Flow] Nodes: 8
[Topology][Flow] Connections: 7
[Topology][Flow] Generating flow layout
[Topology][Flow] Nodes: 2
[Topology][Flow] Connections: 1
[Topology][Flow] Generating flow layout
[Topology][Flow] Nodes: 8
[Topology][Flow] Connections: 7
[Topology][Flow] Generating flow layout
[Topology][Flow] Nodes: 2
[Topology][Flow] Connections: 1
[Topology][Flow] Generating flow layout
[Topology][Flow] Nodes: 8
[Topology][Flow] Connections: 7
[Topology][Flow] Generating flow layout
[Topology][Flow] Nodes: 2
[Topology][Flow] Connections: 1
[Topology][Flow] Generating flow layout
[Topology][Flow] Nodes: 8
[Topology][Flow] Connections: 7
[Topology][Flow] Generating flow layout
[Topology][Flow] Nodes: 2
[Topology][Flow] Connections: 1
[Topology][Flow] Generating flow layout
[Topology][Flow] Nodes: 8
[Topology][Flow] Connections: 7
[Topology][Flow] Generating flow layout
[Topology][Flow] Nodes: 2
[Topology][Flow] Connections: 1
[Topology][Flow] Generating flow layout
[Topology][Flow] Nodes: 8
[Topology][Flow] Connections: 7
[Topology][Flow] Generating flow layout
[Topology][Flow] Nodes: 2
[Topology][Flow] Connections: 1
[Topology][Flow] Generating flow layout
[Topology][Flow] Nodes: 8
[Topology][Flow] Connections: 7
[Topology][Flow] Generating flow layout
[Topology][Flow] Nodes: 2
[Topology][Flow] Connections: 1
[Topology][Flow] Generating flow layout
[Topology][Flow] Nodes: 8
[Topology][Flow] Connections: 7
[Topology][Flow] Generating flow layout
[Topology][Flow] Nodes: 2
[Topology][Flow] Connections: 1
[Topology][Flow] Generating flow layout
[Topology][Flow] Nodes: 8
[Topology][Flow] Connections: 7
[Topology][Flow] Generating flow layout
[Topology][Flow] Nodes: 2
[Topology][Flow] Connections: 1
[Topology][Flow] Generating flow layout
[Topology][Flow] Nodes: 8
[Topology][Flow] Connections: 7
[Topology][Flow] Generating flow layout
[Topology][Flow] Nodes: 2
[Topology][Flow] Connections: 1
[Topology][Flow] Generating flow layout
[Topology][Flow] Nodes: 8
[Topology][Flow] Connections: 7
[Topology][Hub] Generating hub layout
[Topology][Hub] Hub: Delivery
[Topology][Hub] Satellites: 5
[Topology][Hub] Connections: 5
[Topology][Flow] Generating flow layout
[Topology][Flow] Nodes: 8
[Topology][Flow] Connections: 7
[Topology][Hub] Generating hub layout
[Topology][Hub] Hub: Delivery
[Topology][Hub] Satellites: 5
[Topology][Hub] Connections: 5
[Topology][Flow] Generating flow layout
[Topology][Flow] Nodes: 8
[Topology][Flow] Connections: 7
[Topology][Hub] Generating hub layout
[Topology][Hub] Hub: Capacity
[Topology][Hub] Satellites: 5
[Topology][Hub] Connections: 5
[Topology][Flow] Generating flow layout
[Topology][Flow] Nodes: 8
[Topology][Flow] Connections: 7
[Topology][Hub] Generating hub layout
[Topology][Hub] Hub: Capacity
[Topology][Hub] Satellites: 5
[Topology][Hub] Connections: 5
[Topology][Flow] Generating flow layout
[Topology][Flow] Nodes: 8
[Topology][Flow] Connections: 7
[Topology][Flow] Generating flow layout
[Topology][Flow] Nodes: 2
[Topology][Flow] Connections: 1
[Topology][Flow] Generating flow layout
[Topology][Flow] Nodes: 8
[Topology][Flow] Connections: 7
[Topology][Flow] Generating flow layout
[Topology][Flow] Nodes: 2
[Topology][Flow] Connections: 1
[Topology][Flow] Generating flow layout
[Topology][Flow] Nodes: 8
[Topology][Flow] Connections: 7
[Topology][Flow] Generating flow layout
[Topology][Flow] Nodes: 2
[Topology][Flow] Connections: 1
[Topology][Flow] Generating flow layout
[Topology][Flow] Nodes: 8
[Topology][Flow] Connections: 7
[Topology][Flow] Generating flow layout
[Topology][Flow] Nodes: 2
[Topology][Flow] Connections: 1
▶ NEX-MVP-FINAL:4 Executive Investigation Continuity
  ✔ assigns no-action family to explore-scenario, not unknown (14.661458ms)
  ✔ Risk investigation continues through ignore, options, compare, recommend (506.570166ms)
  ✔ does not hard-code a Risk ignore branch (1.289459ms)
  ✔ works for Delivery, Capacity, and Margin Pressure (196.794292ms)
  ✔ keeps architecture leaks out of manager copy (36.597ms)
✔ NEX-MVP-FINAL:4 Executive Investigation Continuity (757.673042ms)
[Topology][Flow] Generating flow layout
[Topology][Flow] Nodes: 8
[Topology][Flow] Connections: 7
[Topology][Hub] Generating hub layout
[Topology][Hub] Hub: Delivery
[Topology][Hub] Satellites: 5
[Topology][Hub] Connections: 5
[Topology][Flow] Generating flow layout
[Topology][Flow] Nodes: 8
[Topology][Flow] Connections: 7
[Topology][Hub] Generating hub layout
[Topology][Hub] Hub: Delivery
[Topology][Hub] Satellites: 5
[Topology][Hub] Connections: 5
[Topology][Flow] Generating flow layout
[Topology][Flow] Nodes: 8
[Topology][Flow] Connections: 7
[Topology][Hub] Generating hub layout
[Topology][Hub] Hub: Delivery
[Topology][Hub] Satellites: 5
[Topology][Hub] Connections: 5
[Topology][Flow] Generating flow layout
[Topology][Flow] Nodes: 8
[Topology][Flow] Connections: 7
[Topology][Hub] Generating hub layout
[Topology][Hub] Hub: Delivery
[Topology][Hub] Satellites: 5
[Topology][Hub] Connections: 5
[Topology][Flow] Generating flow layout
[Topology][Flow] Nodes: 8
[Topology][Flow] Connections: 7
[Topology][Hub] Generating hub layout
[Topology][Hub] Hub: Capacity
[Topology][Hub] Satellites: 5
[Topology][Hub] Connections: 5
[Topology][Flow] Generating flow layout
[Topology][Flow] Nodes: 8
[Topology][Flow] Connections: 7
[Topology][Hub] Generating hub layout
[Topology][Hub] Hub: Capacity
[Topology][Hub] Satellites: 5
[Topology][Hub] Connections: 5
[Topology][Flow] Generating flow layout
[Topology][Flow] Nodes: 8
[Topology][Flow] Connections: 7
[Topology][Hub] Generating hub layout
[Topology][Hub] Hub: Delivery
[Topology][Hub] Satellites: 5
[Topology][Hub] Connections: 5
[Topology][Flow] Generating flow layout
[Topology][Flow] Nodes: 8
[Topology][Flow] Connections: 7
[Topology][Hub] Generating hub layout
[Topology][Hub] Hub: Delivery
[Topology][Hub] Satellites: 5
[Topology][Hub] Connections: 5
[Topology][Flow] Generating flow layout
[Topology][Flow] Nodes: 8
[Topology][Flow] Connections: 7
[Topology][Hub] Generating hub layout
[Topology][Hub] Hub: Delivery
[Topology][Hub] Satellites: 5
[Topology][Hub] Connections: 5
[Topology][Flow] Generating flow layout
[Topology][Flow] Nodes: 8
[Topology][Flow] Connections: 7
[Topology][Hub] Generating hub layout
[Topology][Hub] Hub: Delivery
[Topology][Hub] Satellites: 5
[Topology][Hub] Connections: 5
[Topology][Flow] Generating flow layout
[Topology][Flow] Nodes: 8
[Topology][Flow] Connections: 7
[Topology][Hub] Generating hub layout
[Topology][Hub] Hub: Delivery
[Topology][Hub] Satellites: 5
[Topology][Hub] Connections: 5
[Topology][Flow] Generating flow layout
[Topology][Flow] Nodes: 8
[Topology][Flow] Connections: 7
[Topology][Hub] Generating hub layout
[Topology][Hub] Hub: Delivery
[Topology][Hub] Satellites: 5
[Topology][Hub] Connections: 5
[Topology][Flow] Generating flow layout
[Topology][Flow] Nodes: 8
[Topology][Flow] Connections: 7
[Topology][Hub] Generating hub layout
[Topology][Hub] Hub: Delivery
[Topology][Hub] Satellites: 5
[Topology][Hub] Connections: 5
[Topology][Flow] Generating flow layout
[Topology][Flow] Nodes: 8
[Topology][Flow] Connections: 7
[Topology][Hub] Generating hub layout
[Topology][Hub] Hub: Delivery
[Topology][Hub] Satellites: 5
[Topology][Hub] Connections: 5
[Topology][Flow] Generating flow layout
[Topology][Flow] Nodes: 8
[Topology][Flow] Connections: 7
[Topology][Hub] Generating hub layout
[Topology][Hub] Hub: Delivery
[Topology][Hub] Satellites: 5
[Topology][Hub] Connections: 5
[Topology][Flow] Generating flow layout
[Topology][Flow] Nodes: 8
[Topology][Flow] Connections: 7
[Topology][Hub] Generating hub layout
[Topology][Hub] Hub: Delivery
[Topology][Hub] Satellites: 5
[Topology][Hub] Connections: 5
[Topology][Flow] Generating flow layout
[Topology][Flow] Nodes: 8
[Topology][Flow] Connections: 7
[Topology][Flow] Generating flow layout
[Topology][Flow] Nodes: 2
[Topology][Flow] Connections: 1
[Topology][Flow] Generating flow layout
[Topology][Flow] Nodes: 8
[Topology][Flow] Connections: 7
[Topology][Flow] Generating flow layout
[Topology][Flow] Nodes: 2
[Topology][Flow] Connections: 1
[Topology][Flow] Generating flow layout
[Topology][Flow] Nodes: 8
[Topology][Flow] Connections: 7
[Topology][Flow] Generating flow layout
[Topology][Flow] Nodes: 2
[Topology][Flow] Connections: 1
[Topology][Flow] Generating flow layout
[Topology][Flow] Nodes: 8
[Topology][Flow] Connections: 7
[Topology][Flow] Generating flow layout
[Topology][Flow] Nodes: 2
[Topology][Flow] Connections: 1
[Topology][Flow] Generating flow layout
[Topology][Flow] Nodes: 8
[Topology][Flow] Connections: 7
[Topology][Flow] Generating flow layout
[Topology][Flow] Nodes: 2
[Topology][Flow] Connections: 1
▶ NEX-MVP-FINAL:5 Executive Investigation Intelligence
  ✔ does not collapse Delivery why to a single confirmed cause (269.899042ms)
  ✔ keeps the Delivery investigation after focusing Capacity (171.816ms)
  ✔ separates evidence, strength, manager-reported provenance, and recommendation uncertainty (256.250209ms)
  ✔ reopens a new investigation when the manager asks why on another object (64.455875ms)
  ✔ generalizes to Risk without Delivery-specific conclusions (62.483417ms)
  ✔ contains no object-name investigation branches (0.528333ms)
  ✔ resolves why-is-below-target to Delivery (0.271ms)
✔ NEX-MVP-FINAL:5 Executive Investigation Intelligence (826.885542ms)
[Topology][Flow] Generating flow layout
[Topology][Flow] Nodes: 8
[Topology][Flow] Connections: 7
[Topology][Flow] Generating flow layout
[Topology][Flow] Nodes: 2
[Topology][Flow] Connections: 1
[Topology][Flow] Generating flow layout
[Topology][Flow] Nodes: 8
[Topology][Flow] Connections: 7
[Topology][Hub] Generating hub layout
[Topology][Hub] Hub: Delivery
[Topology][Hub] Satellites: 5
[Topology][Hub] Connections: 5
[Topology][Flow] Generating flow layout
[Topology][Flow] Nodes: 8
[Topology][Flow] Connections: 7
[Topology][Hub] Generating hub layout
[Topology][Hub] Hub: Delivery
[Topology][Hub] Satellites: 5
[Topology][Hub] Connections: 5
[Topology][Flow] Generating flow layout
[Topology][Flow] Nodes: 8
[Topology][Flow] Connections: 7
[Topology][Hub] Generating hub layout
[Topology][Hub] Hub: Delivery
[Topology][Hub] Satellites: 5
[Topology][Hub] Connections: 5
[Topology][Flow] Generating flow layout
[Topology][Flow] Nodes: 8
[Topology][Flow] Connections: 7
[Topology][Hub] Generating hub layout
[Topology][Hub] Hub: Risk
[Topology][Hub] Satellites: 3
[Topology][Hub] Connections: 3
[Topology][Flow] Generating flow layout
[Topology][Flow] Nodes: 8
[Topology][Flow] Connections: 7
[Topology][Hub] Generating hub layout
[Topology][Hub] Hub: Risk
[Topology][Hub] Satellites: 3
[Topology][Hub] Connections: 3
[Topology][Flow] Generating flow layout
[Topology][Flow] Nodes: 8
[Topology][Flow] Connections: 7
[Topology][Hub] Generating hub layout
[Topology][Hub] Hub: Risk
[Topology][Hub] Satellites: 3
[Topology][Hub] Connections: 3
[Topology][Flow] Generating flow layout
[Topology][Flow] Nodes: 8
[Topology][Flow] Connections: 7
[Topology][Hub] Generating hub layout
[Topology][Hub] Hub: Risk
[Topology][Hub] Satellites: 3
[Topology][Hub] Connections: 3
[Topology][Flow] Generating flow layout
[Topology][Flow] Nodes: 8
[Topology][Flow] Connections: 7
[Topology][Hub] Generating hub layout
[Topology][Hub] Hub: Risk
[Topology][Hub] Satellites: 3
[Topology][Hub] Connections: 3
[Topology][Flow] Generating flow layout
[Topology][Flow] Nodes: 8
[Topology][Flow] Connections: 7
[Topology][Hub] Generating hub layout
[Topology][Hub] Hub: Risk
[Topology][Hub] Satellites: 3
[Topology][Hub] Connections: 3
[Topology][Flow] Generating flow layout
[Topology][Flow] Nodes: 8
[Topology][Flow] Connections: 7
[Topology][Hub] Generating hub layout
[Topology][Hub] Hub: Risk
[Topology][Hub] Satellites: 3
[Topology][Hub] Connections: 3
▶ NEX-MVP-FINAL:6.1 Natural Language Understanding
  ✔ has FINAL:6.1 identity and does not create a second engine (0.910083ms)
  ✔ does not encode unseen certification paraphrases in production NLU (0.361625ms)
  ✔ certifies the NLU corpus without hiding failures (398.950166ms)
  ✔ generalizes paraphrase groups to compatible operations (85.872458ms)
  ✔ keeps mutated wording stable for Delivery focus (4.745417ms)
  ✔ does not fabricate objects or commitments for negative cases (74.169542ms)
  ✔ distinguishes observations from focus commands (1.767291ms)
  ✔ does not manufacture Focus from an unknown action plus a resolved entity (1.9765ms)
  ✔ retains explicit and entity-only navigation evidence (2.71525ms)
  ✔ classifies challenges without starting trusted-communication 6.4 (2.539208ms)
  ✔ classifies Nexora meta questions without binding KPI as the business object (1.407583ms)
  ✔ resolves future synthetic registered objects (5.793916ms)
  ✔ never overlays suggestion into decision or execution (187.744458ms)
  ✔ routes unseen Delivery focus through existing conversation authorities (95.319416ms)
  ✔ preserves certified regression phrases (295.302916ms)
✔ NEX-MVP-FINAL:6.1 Natural Language Understanding (1161.217ms)
[Topology][Flow] Generating flow layout
[Topology][Flow] Nodes: 8
[Topology][Flow] Connections: 7
[Topology][Hub] Generating hub layout
[Topology][Hub] Hub: Delivery
[Topology][Hub] Satellites: 5
[Topology][Hub] Connections: 5
[Topology][Flow] Generating flow layout
[Topology][Flow] Nodes: 8
[Topology][Flow] Connections: 7
[Topology][Hub] Generating hub layout
[Topology][Hub] Hub: Delivery
[Topology][Hub] Satellites: 5
[Topology][Hub] Connections: 5
[Topology][Flow] Generating flow layout
[Topology][Flow] Nodes: 8
[Topology][Flow] Connections: 7
[Topology][Hub] Generating hub layout
[Topology][Hub] Hub: Capacity
[Topology][Hub] Satellites: 5
[Topology][Hub] Connections: 5
[Topology][Flow] Generating flow layout
[Topology][Flow] Nodes: 8
[Topology][Flow] Connections: 7
[Topology][Hub] Generating hub layout
[Topology][Hub] Hub: Capacity
[Topology][Hub] Satellites: 5
[Topology][Hub] Connections: 5
[Topology][Flow] Generating flow layout
[Topology][Flow] Nodes: 8
[Topology][Flow] Connections: 7
[Topology][Flow] Generating flow layout
[Topology][Flow] Nodes: 2
[Topology][Flow] Connections: 1
[Topology][Flow] Generating flow layout
[Topology][Flow] Nodes: 8
[Topology][Flow] Connections: 7
[Topology][Flow] Generating flow layout
[Topology][Flow] Nodes: 2
[Topology][Flow] Connections: 1
[Topology][Flow] Generating flow layout
[Topology][Flow] Nodes: 8
[Topology][Flow] Connections: 7
[Topology][Hub] Generating hub layout
[Topology][Hub] Hub: Delivery
[Topology][Hub] Satellites: 5
[Topology][Hub] Connections: 5
[Topology][Flow] Generating flow layout
[Topology][Flow] Nodes: 8
[Topology][Flow] Connections: 7
[Topology][Hub] Generating hub layout
[Topology][Hub] Hub: Delivery
[Topology][Hub] Satellites: 5
[Topology][Hub] Connections: 5
[Topology][Flow] Generating flow layout
[Topology][Flow] Nodes: 8
[Topology][Flow] Connections: 7
[Topology][Hub] Generating hub layout
[Topology][Hub] Hub: Delivery
[Topology][Hub] Satellites: 5
[Topology][Hub] Connections: 5
[Topology][Flow] Generating flow layout
[Topology][Flow] Nodes: 8
[Topology][Flow] Connections: 7
[Topology][Flow] Generating flow layout
[Topology][Flow] Nodes: 2
[Topology][Flow] Connections: 1
[Topology][Flow] Generating flow layout
[Topology][Flow] Nodes: 8
[Topology][Flow] Connections: 7
[Topology][Flow] Generating flow layout
[Topology][Flow] Nodes: 2
[Topology][Flow] Connections: 1
[Topology][Flow] Generating flow layout
[Topology][Flow] Nodes: 8
[Topology][Flow] Connections: 7
[Topology][Flow] Generating flow layout
[Topology][Flow] Nodes: 2
[Topology][Flow] Connections: 1
[Topology][Flow] Generating flow layout
[Topology][Flow] Nodes: 8
[Topology][Flow] Connections: 7
[Topology][Hub] Generating hub layout
[Topology][Hub] Hub: Delivery
[Topology][Hub] Satellites: 5
[Topology][Hub] Connections: 5
[Topology][Flow] Generating flow layout
[Topology][Flow] Nodes: 8
[Topology][Flow] Connections: 7
[Topology][Hub] Generating hub layout
[Topology][Hub] Hub: Delivery
[Topology][Hub] Satellites: 5
[Topology][Hub] Connections: 5
[Topology][Flow] Generating flow layout
[Topology][Flow] Nodes: 8
[Topology][Flow] Connections: 7
[Topology][Hub] Generating hub layout
[Topology][Hub] Hub: Delivery
[Topology][Hub] Satellites: 5
[Topology][Hub] Connections: 5
[Topology][Flow] Generating flow layout
[Topology][Flow] Nodes: 8
[Topology][Flow] Connections: 7
[Topology][Hub] Generating hub layout
[Topology][Hub] Hub: Delivery
[Topology][Hub] Satellites: 5
[Topology][Hub] Connections: 5
[Topology][Flow] Generating flow layout
[Topology][Flow] Nodes: 8
[Topology][Flow] Connections: 7
[Topology][Hub] Generating hub layout
[Topology][Hub] Hub: Delivery
[Topology][Hub] Satellites: 5
[Topology][Hub] Connections: 5
[Topology][Flow] Generating flow layout
[Topology][Flow] Nodes: 8
[Topology][Flow] Connections: 7
[Topology][Hub] Generating hub layout
[Topology][Hub] Hub: Delivery
[Topology][Hub] Satellites: 5
[Topology][Hub] Connections: 5
[Topology][Flow] Generating flow layout
[Topology][Flow] Nodes: 8
[Topology][Flow] Connections: 7
[Topology][Hub] Generating hub layout
[Topology][Hub] Hub: Delivery
[Topology][Hub] Satellites: 5
[Topology][Hub] Connections: 5
[Topology][Flow] Generating flow layout
[Topology][Flow] Nodes: 8
[Topology][Flow] Connections: 7
[Topology][Hub] Generating hub layout
[Topology][Hub] Hub: Delivery
[Topology][Hub] Satellites: 5
[Topology][Hub] Connections: 5
[Topology][Flow] Generating flow layout
[Topology][Flow] Nodes: 8
[Topology][Flow] Connections: 7
[Topology][Hub] Generating hub layout
[Topology][Hub] Hub: Delivery
[Topology][Hub] Satellites: 5
[Topology][Hub] Connections: 5
[Topology][Flow] Generating flow layout
[Topology][Flow] Nodes: 8
[Topology][Flow] Connections: 7
[Topology][Hub] Generating hub layout
[Topology][Hub] Hub: Delivery
[Topology][Hub] Satellites: 5
[Topology][Hub] Connections: 5
[Topology][Flow] Generating flow layout
[Topology][Flow] Nodes: 8
[Topology][Flow] Connections: 7
[Topology][Hub] Generating hub layout
[Topology][Hub] Hub: Delivery
[Topology][Hub] Satellites: 5
[Topology][Hub] Connections: 5
[Topology][Flow] Generating flow layout
[Topology][Flow] Nodes: 8
[Topology][Flow] Connections: 7
[Topology][Flow] Generating flow layout
[Topology][Flow] Nodes: 2
[Topology][Flow] Connections: 1
[Topology][Flow] Generating flow layout
[Topology][Flow] Nodes: 8
[Topology][Flow] Connections: 7
[Topology][Flow] Generating flow layout
[Topology][Flow] Nodes: 2
[Topology][Flow] Connections: 1
[Topology][Flow] Generating flow layout
[Topology][Flow] Nodes: 8
[Topology][Flow] Connections: 7
[Topology][Flow] Generating flow layout
[Topology][Flow] Nodes: 2
[Topology][Flow] Connections: 1
[Topology][Flow] Generating flow layout
[Topology][Flow] Nodes: 8
[Topology][Flow] Connections: 7
[Topology][Flow] Generating flow layout
[Topology][Flow] Nodes: 2
[Topology][Flow] Connections: 1
[Topology][Flow] Generating flow layout
[Topology][Flow] Nodes: 8
[Topology][Flow] Connections: 7
[Topology][Hub] Generating hub layout
[Topology][Hub] Hub: Capacity
[Topology][Hub] Satellites: 5
[Topology][Hub] Connections: 5
[Topology][Flow] Generating flow layout
[Topology][Flow] Nodes: 8
[Topology][Flow] Connections: 7
[Topology][Hub] Generating hub layout
[Topology][Hub] Hub: Capacity
[Topology][Hub] Satellites: 5
[Topology][Hub] Connections: 5
[Topology][Flow] Generating flow layout
[Topology][Flow] Nodes: 8
[Topology][Flow] Connections: 7
[Topology][Hub] Generating hub layout
[Topology][Hub] Hub: Delivery
[Topology][Hub] Satellites: 5
[Topology][Hub] Connections: 5
[Topology][Flow] Generating flow layout
[Topology][Flow] Nodes: 8
[Topology][Flow] Connections: 7
[Topology][Hub] Generating hub layout
[Topology][Hub] Hub: Capacity
[Topology][Hub] Satellites: 5
[Topology][Hub] Connections: 5
[Topology][Flow] Generating flow layout
[Topology][Flow] Nodes: 8
[Topology][Flow] Connections: 7
[Topology][Hub] Generating hub layout
[Topology][Hub] Hub: Delivery
[Topology][Hub] Satellites: 5
[Topology][Hub] Connections: 5
[Topology][Flow] Generating flow layout
[Topology][Flow] Nodes: 8
[Topology][Flow] Connections: 7
[Topology][Hub] Generating hub layout
[Topology][Hub] Hub: Delivery
[Topology][Hub] Satellites: 5
[Topology][Hub] Connections: 5
[Topology][Flow] Generating flow layout
[Topology][Flow] Nodes: 8
[Topology][Flow] Connections: 7
[Topology][Hub] Generating hub layout
[Topology][Hub] Hub: Delivery
[Topology][Hub] Satellites: 5
[Topology][Hub] Connections: 5
[Topology][Flow] Generating flow layout
[Topology][Flow] Nodes: 8
[Topology][Flow] Connections: 7
[Topology][Flow] Generating flow layout
[Topology][Flow] Nodes: 2
[Topology][Flow] Connections: 1
[Topology][Flow] Generating flow layout
[Topology][Flow] Nodes: 8
[Topology][Flow] Connections: 7
[Topology][Flow] Generating flow layout
[Topology][Flow] Nodes: 2
[Topology][Flow] Connections: 1
[Topology][Flow] Generating flow layout
[Topology][Flow] Nodes: 8
[Topology][Flow] Connections: 7
[Topology][Hub] Generating hub layout
[Topology][Hub] Hub: Risk
[Topology][Hub] Satellites: 3
[Topology][Hub] Connections: 3
[Topology][Flow] Generating flow layout
[Topology][Flow] Nodes: 8
[Topology][Flow] Connections: 7
[Topology][Hub] Generating hub layout
[Topology][Hub] Hub: Risk
[Topology][Hub] Satellites: 3
[Topology][Hub] Connections: 3
[Topology][Flow] Generating flow layout
[Topology][Flow] Nodes: 8
[Topology][Flow] Connections: 7
[Topology][Flow] Generating flow layout
[Topology][Flow] Nodes: 2
[Topology][Flow] Connections: 1
[Topology][Flow] Generating flow layout
[Topology][Flow] Nodes: 8
[Topology][Flow] Connections: 7
[Topology][Flow] Generating flow layout
[Topology][Flow] Nodes: 2
[Topology][Flow] Connections: 1
[Topology][Flow] Generating flow layout
[Topology][Flow] Nodes: 8
[Topology][Flow] Connections: 7
[Topology][Hub] Generating hub layout
[Topology][Hub] Hub: Delivery
[Topology][Hub] Satellites: 5
[Topology][Hub] Connections: 5
[Topology][Flow] Generating flow layout
[Topology][Flow] Nodes: 8
[Topology][Flow] Connections: 7
[Topology][Hub] Generating hub layout
[Topology][Hub] Hub: Delivery
[Topology][Hub] Satellites: 5
[Topology][Hub] Connections: 5
[Topology][Flow] Generating flow layout
[Topology][Flow] Nodes: 8
[Topology][Flow] Connections: 7
[Topology][Hub] Generating hub layout
[Topology][Hub] Hub: Delivery
[Topology][Hub] Satellites: 5
[Topology][Hub] Connections: 5
[Topology][Flow] Generating flow layout
[Topology][Flow] Nodes: 8
[Topology][Flow] Connections: 7
[Topology][Flow] Generating flow layout
[Topology][Flow] Nodes: 2
[Topology][Flow] Connections: 1
[Topology][Flow] Generating flow layout
[Topology][Flow] Nodes: 8
[Topology][Flow] Connections: 7
[Topology][Flow] Generating flow layout
[Topology][Flow] Nodes: 2
[Topology][Flow] Connections: 1
[Topology][Flow] Generating flow layout
[Topology][Flow] Nodes: 8
[Topology][Flow] Connections: 7
[Topology][Flow] Generating flow layout
[Topology][Flow] Nodes: 2
[Topology][Flow] Connections: 1
[Topology][Flow] Generating flow layout
[Topology][Flow] Nodes: 8
[Topology][Flow] Connections: 7
[Topology][Flow] Generating flow layout
[Topology][Flow] Nodes: 2
[Topology][Flow] Connections: 1
[Topology][Flow] Generating flow layout
[Topology][Flow] Nodes: 8
[Topology][Flow] Connections: 7
[Topology][Flow] Generating flow layout
[Topology][Flow] Nodes: 2
[Topology][Flow] Connections: 1
[Topology][Flow] Generating flow layout
[Topology][Flow] Nodes: 8
[Topology][Flow] Connections: 7
[Topology][Flow] Generating flow layout
[Topology][Flow] Nodes: 2
[Topology][Flow] Connections: 1
[Topology][Flow] Generating flow layout
[Topology][Flow] Nodes: 8
[Topology][Flow] Connections: 7
[Topology][Flow] Generating flow layout
[Topology][Flow] Nodes: 2
[Topology][Flow] Connections: 1
[Topology][Flow] Generating flow layout
[Topology][Flow] Nodes: 8
[Topology][Flow] Connections: 7
[Topology][Flow] Generating flow layout
[Topology][Flow] Nodes: 2
[Topology][Flow] Connections: 1
[Topology][Flow] Generating flow layout
[Topology][Flow] Nodes: 8
[Topology][Flow] Connections: 7
[Topology][Flow] Generating flow layout
[Topology][Flow] Nodes: 2
[Topology][Flow] Connections: 1
[Topology][Flow] Generating flow layout
[Topology][Flow] Nodes: 8
[Topology][Flow] Connections: 7
[Topology][Flow] Generating flow layout
[Topology][Flow] Nodes: 2
[Topology][Flow] Connections: 1
[Topology][Flow] Generating flow layout
[Topology][Flow] Nodes: 8
[Topology][Flow] Connections: 7
[Topology][Flow] Generating flow layout
[Topology][Flow] Nodes: 2
[Topology][Flow] Connections: 1
[Topology][Flow] Generating flow layout
[Topology][Flow] Nodes: 8
[Topology][Flow] Connections: 7
[Topology][Flow] Generating flow layout
[Topology][Flow] Nodes: 2
[Topology][Flow] Connections: 1
[Topology][Flow] Generating flow layout
[Topology][Flow] Nodes: 8
[Topology][Flow] Connections: 7
[Topology][Flow] Generating flow layout
[Topology][Flow] Nodes: 2
[Topology][Flow] Connections: 1
[Topology][Flow] Generating flow layout
[Topology][Flow] Nodes: 8
[Topology][Flow] Connections: 7
[Topology][Hub] Generating hub layout
[Topology][Hub] Hub: Delivery
[Topology][Hub] Satellites: 5
[Topology][Hub] Connections: 5
[Topology][Flow] Generating flow layout
[Topology][Flow] Nodes: 8
[Topology][Flow] Connections: 7
[Topology][Hub] Generating hub layout
[Topology][Hub] Hub: Delivery
[Topology][Hub] Satellites: 5
[Topology][Hub] Connections: 5
[Topology][Flow] Generating flow layout
[Topology][Flow] Nodes: 8
[Topology][Flow] Connections: 7
[Topology][Hub] Generating hub layout
[Topology][Hub] Hub: Delivery
[Topology][Hub] Satellites: 5
[Topology][Hub] Connections: 5
[Topology][Flow] Generating flow layout
[Topology][Flow] Nodes: 8
[Topology][Flow] Connections: 7
[Topology][Flow] Generating flow layout
[Topology][Flow] Nodes: 2
[Topology][Flow] Connections: 1
[Topology][Flow] Generating flow layout
[Topology][Flow] Nodes: 8
[Topology][Flow] Connections: 7
[Topology][Flow] Generating flow layout
[Topology][Flow] Nodes: 2
[Topology][Flow] Connections: 1
[Topology][Flow] Generating flow layout
[Topology][Flow] Nodes: 8
[Topology][Flow] Connections: 7
[Topology][Flow] Generating flow layout
[Topology][Flow] Nodes: 2
[Topology][Flow] Connections: 1
[Topology][Flow] Generating flow layout
[Topology][Flow] Nodes: 8
[Topology][Flow] Connections: 7
[Topology][Flow] Generating flow layout
[Topology][Flow] Nodes: 2
[Topology][Flow] Connections: 1
[Topology][Flow] Generating flow layout
[Topology][Flow] Nodes: 8
[Topology][Flow] Connections: 7
[Topology][Hub] Generating hub layout
[Topology][Hub] Hub: Delivery
[Topology][Hub] Satellites: 5
[Topology][Hub] Connections: 5
[Topology][Flow] Generating flow layout
[Topology][Flow] Nodes: 8
[Topology][Flow] Connections: 7
[Topology][Hub] Generating hub layout
[Topology][Hub] Hub: Delivery
[Topology][Hub] Satellites: 5
[Topology][Hub] Connections: 5
[Topology][Flow] Generating flow layout
[Topology][Flow] Nodes: 8
[Topology][Flow] Connections: 7
[Topology][Hub] Generating hub layout
[Topology][Hub] Hub: Delivery
[Topology][Hub] Satellites: 5
[Topology][Hub] Connections: 5
[Topology][Flow] Generating flow layout
[Topology][Flow] Nodes: 8
[Topology][Flow] Connections: 7
[Topology][Flow] Generating flow layout
[Topology][Flow] Nodes: 2
[Topology][Flow] Connections: 1
[Topology][Flow] Generating flow layout
[Topology][Flow] Nodes: 8
[Topology][Flow] Connections: 7
[Topology][Flow] Generating flow layout
[Topology][Flow] Nodes: 2
[Topology][Flow] Connections: 1
[Topology][Flow] Generating flow layout
[Topology][Flow] Nodes: 8
[Topology][Flow] Connections: 7
[Topology][Flow] Generating flow layout
[Topology][Flow] Nodes: 2
[Topology][Flow] Connections: 1
[Topology][Flow] Generating flow layout
[Topology][Flow] Nodes: 8
[Topology][Flow] Connections: 7
[Topology][Hub] Generating hub layout
[Topology][Hub] Hub: Delivery
[Topology][Hub] Satellites: 5
[Topology][Hub] Connections: 5
[Topology][Flow] Generating flow layout
[Topology][Flow] Nodes: 8
[Topology][Flow] Connections: 7
[Topology][Hub] Generating hub layout
[Topology][Hub] Hub: Capacity
[Topology][Hub] Satellites: 5
[Topology][Hub] Connections: 5
[Topology][Flow] Generating flow layout
[Topology][Flow] Nodes: 8
[Topology][Flow] Connections: 7
[Topology][Hub] Generating hub layout
[Topology][Hub] Hub: Capacity
[Topology][Hub] Satellites: 5
[Topology][Hub] Connections: 5
[Topology][Flow] Generating flow layout
[Topology][Flow] Nodes: 8
[Topology][Flow] Connections: 7
[Topology][Flow] Generating flow layout
[Topology][Flow] Nodes: 2
[Topology][Flow] Connections: 1
[Topology][Flow] Generating flow layout
[Topology][Flow] Nodes: 8
[Topology][Flow] Connections: 7
[Topology][Flow] Generating flow layout
[Topology][Flow] Nodes: 2
[Topology][Flow] Connections: 1
[Topology][Flow] Generating flow layout
[Topology][Flow] Nodes: 8
[Topology][Flow] Connections: 7
[Topology][Flow] Generating flow layout
[Topology][Flow] Nodes: 2
[Topology][Flow] Connections: 1
[Topology][Flow] Generating flow layout
[Topology][Flow] Nodes: 8
[Topology][Flow] Connections: 7
[Topology][Flow] Generating flow layout
[Topology][Flow] Nodes: 2
[Topology][Flow] Connections: 1
[Topology][Flow] Generating flow layout
[Topology][Flow] Nodes: 8
[Topology][Flow] Connections: 7
[Topology][Flow] Generating flow layout
[Topology][Flow] Nodes: 2
[Topology][Flow] Connections: 1
[Topology][Flow] Generating flow layout
[Topology][Flow] Nodes: 8
[Topology][Flow] Connections: 7
[Topology][Hub] Generating hub layout
[Topology][Hub] Hub: Capacity
[Topology][Hub] Satellites: 5
[Topology][Hub] Connections: 5
[Topology][Flow] Generating flow layout
[Topology][Flow] Nodes: 8
[Topology][Flow] Connections: 7
[Topology][Hub] Generating hub layout
[Topology][Hub] Hub: Capacity
[Topology][Hub] Satellites: 5
[Topology][Hub] Connections: 5
[Topology][Flow] Generating flow layout
[Topology][Flow] Nodes: 8
[Topology][Flow] Connections: 7
[Topology][Hub] Generating hub layout
[Topology][Hub] Hub: Capacity
[Topology][Hub] Satellites: 5
[Topology][Hub] Connections: 5
[Topology][Flow] Generating flow layout
[Topology][Flow] Nodes: 8
[Topology][Flow] Connections: 7
[Topology][Flow] Generating flow layout
[Topology][Flow] Nodes: 2
[Topology][Flow] Connections: 1
[Topology][Flow] Generating flow layout
[Topology][Flow] Nodes: 8
[Topology][Flow] Connections: 7
[Topology][Flow] Generating flow layout
[Topology][Flow] Nodes: 2
[Topology][Flow] Connections: 1
[Topology][Flow] Generating flow layout
[Topology][Flow] Nodes: 8
[Topology][Flow] Connections: 7
[Topology][Flow] Generating flow layout
[Topology][Flow] Nodes: 2
[Topology][Flow] Connections: 1
[Topology][Flow] Generating flow layout
[Topology][Flow] Nodes: 8
[Topology][Flow] Connections: 7
[Topology][Flow] Generating flow layout
[Topology][Flow] Nodes: 2
[Topology][Flow] Connections: 1
[Topology][Flow] Generating flow layout
[Topology][Flow] Nodes: 8
[Topology][Flow] Connections: 7
[Topology][Flow] Generating flow layout
[Topology][Flow] Nodes: 2
[Topology][Flow] Connections: 1
[Topology][Flow] Generating flow layout
[Topology][Flow] Nodes: 8
[Topology][Flow] Connections: 7
[Topology][Flow] Generating flow layout
[Topology][Flow] Nodes: 2
[Topology][Flow] Connections: 1
[Topology][Flow] Generating flow layout
[Topology][Flow] Nodes: 8
[Topology][Flow] Connections: 7
[Topology][Flow] Generating flow layout
[Topology][Flow] Nodes: 2
[Topology][Flow] Connections: 1
[Topology][Flow] Generating flow layout
[Topology][Flow] Nodes: 8
[Topology][Flow] Connections: 7
[Topology][Flow] Generating flow layout
[Topology][Flow] Nodes: 2
[Topology][Flow] Connections: 1
[Topology][Flow] Generating flow layout
[Topology][Flow] Nodes: 8
[Topology][Flow] Connections: 7
[Topology][Hub] Generating hub layout
[Topology][Hub] Hub: Delivery
[Topology][Hub] Satellites: 5
[Topology][Hub] Connections: 5
[Topology][Flow] Generating flow layout
[Topology][Flow] Nodes: 8
[Topology][Flow] Connections: 7
[Topology][Hub] Generating hub layout
[Topology][Hub] Hub: Delivery
[Topology][Hub] Satellites: 5
[Topology][Hub] Connections: 5
[Topology][Flow] Generating flow layout
[Topology][Flow] Nodes: 8
[Topology][Flow] Connections: 7
[Topology][Hub] Generating hub layout
[Topology][Hub] Hub: Delivery
[Topology][Hub] Satellites: 5
[Topology][Hub] Connections: 5
[Topology][Flow] Generating flow layout
[Topology][Flow] Nodes: 8
[Topology][Flow] Connections: 7
[Topology][Hub] Generating hub layout
[Topology][Hub] Hub: Delivery
[Topology][Hub] Satellites: 5
[Topology][Hub] Connections: 5
[Topology][Flow] Generating flow layout
[Topology][Flow] Nodes: 8
[Topology][Flow] Connections: 7
[Topology][Hub] Generating hub layout
[Topology][Hub] Hub: Delivery
[Topology][Hub] Satellites: 5
[Topology][Hub] Connections: 5
[Topology][Flow] Generating flow layout
[Topology][Flow] Nodes: 8
[Topology][Flow] Connections: 7
[Topology][Hub] Generating hub layout
[Topology][Hub] Hub: Delivery
[Topology][Hub] Satellites: 5
[Topology][Hub] Connections: 5
[Topology][Flow] Generating flow layout
[Topology][Flow] Nodes: 8
[Topology][Flow] Connections: 7
[Topology][Hub] Generating hub layout
[Topology][Hub] Hub: Capacity
[Topology][Hub] Satellites: 5
[Topology][Hub] Connections: 5
[Topology][Flow] Generating flow layout
[Topology][Flow] Nodes: 8
[Topology][Flow] Connections: 7
[Topology][Hub] Generating hub layout
[Topology][Hub] Hub: Capacity
[Topology][Hub] Satellites: 5
[Topology][Hub] Connections: 5
[Topology][Flow] Generating flow layout
[Topology][Flow] Nodes: 8
[Topology][Flow] Connections: 7
[Topology][Hub] Generating hub layout
[Topology][Hub] Hub: Capacity
[Topology][Hub] Satellites: 5
[Topology][Hub] Connections: 5
[Topology][Flow] Generating flow layout
[Topology][Flow] Nodes: 8
[Topology][Flow] Connections: 7
[Topology][Flow] Generating flow layout
[Topology][Flow] Nodes: 2
[Topology][Flow] Connections: 1
[Topology][Flow] Generating flow layout
[Topology][Flow] Nodes: 8
[Topology][Flow] Connections: 7
[Topology][Flow] Generating flow layout
[Topology][Flow] Nodes: 2
[Topology][Flow] Connections: 1
[Topology][Flow] Generating flow layout
[Topology][Flow] Nodes: 8
[Topology][Flow] Connections: 7
[Topology][Flow] Generating flow layout
[Topology][Flow] Nodes: 2
[Topology][Flow] Connections: 1
[Topology][Flow] Generating flow layout
[Topology][Flow] Nodes: 8
[Topology][Flow] Connections: 7
[Topology][Hub] Generating hub layout
[Topology][Hub] Hub: Delivery
[Topology][Hub] Satellites: 5
[Topology][Hub] Connections: 5
[Topology][Flow] Generating flow layout
[Topology][Flow] Nodes: 8
[Topology][Flow] Connections: 7
[Topology][Hub] Generating hub layout
[Topology][Hub] Hub: Delivery
[Topology][Hub] Satellites: 5
[Topology][Hub] Connections: 5
[Topology][Flow] Generating flow layout
[Topology][Flow] Nodes: 8
[Topology][Flow] Connections: 7
[Topology][Hub] Generating hub layout
[Topology][Hub] Hub: Delivery
[Topology][Hub] Satellites: 5
[Topology][Hub] Connections: 5
[Topology][Flow] Generating flow layout
[Topology][Flow] Nodes: 8
[Topology][Flow] Connections: 7
[Topology][Hub] Generating hub layout
[Topology][Hub] Hub: Delivery
[Topology][Hub] Satellites: 5
[Topology][Hub] Connections: 5
[Topology][Flow] Generating flow layout
[Topology][Flow] Nodes: 8
[Topology][Flow] Connections: 7
[Topology][Flow] Generating flow layout
[Topology][Flow] Nodes: 2
[Topology][Flow] Connections: 1
[Topology][Flow] Generating flow layout
[Topology][Flow] Nodes: 8
[Topology][Flow] Connections: 7
[Topology][Flow] Generating flow layout
[Topology][Flow] Nodes: 2
[Topology][Flow] Connections: 1
[Topology][Flow] Generating flow layout
[Topology][Flow] Nodes: 8
[Topology][Flow] Connections: 7
[Topology][Flow] Generating flow layout
[Topology][Flow] Nodes: 2
[Topology][Flow] Connections: 1
[Topology][Flow] Generating flow layout
[Topology][Flow] Nodes: 8
[Topology][Flow] Connections: 7
[Topology][Flow] Generating flow layout
[Topology][Flow] Nodes: 2
[Topology][Flow] Connections: 1
[Topology][Flow] Generating flow layout
[Topology][Flow] Nodes: 8
[Topology][Flow] Connections: 7
[Topology][Flow] Generating flow layout
[Topology][Flow] Nodes: 2
[Topology][Flow] Connections: 1
[Topology][Flow] Generating flow layout
[Topology][Flow] Nodes: 8
[Topology][Flow] Connections: 7
[Topology][Flow] Generating flow layout
[Topology][Flow] Nodes: 2
[Topology][Flow] Connections: 1
[Topology][Flow] Generating flow layout
[Topology][Flow] Nodes: 8
[Topology][Flow] Connections: 7
[Topology][Flow] Generating flow layout
[Topology][Flow] Nodes: 2
[Topology][Flow] Connections: 1
[Topology][Flow] Generating flow layout
[Topology][Flow] Nodes: 8
[Topology][Flow] Connections: 7
[Topology][Flow] Generating flow layout
[Topology][Flow] Nodes: 2
[Topology][Flow] Connections: 1
[Topology][Flow] Generating flow layout
[Topology][Flow] Nodes: 8
[Topology][Flow] Connections: 7
[Topology][Hub] Generating hub layout
[Topology][Hub] Hub: Delivery
[Topology][Hub] Satellites: 5
[Topology][Hub] Connections: 5
[Topology][Flow] Generating flow layout
[Topology][Flow] Nodes: 8
[Topology][Flow] Connections: 7
[Topology][Hub] Generating hub layout
[Topology][Hub] Hub: Delivery
[Topology][Hub] Satellites: 5
[Topology][Hub] Connections: 5
[Topology][Flow] Generating flow layout
[Topology][Flow] Nodes: 8
[Topology][Flow] Connections: 7
[Topology][Hub] Generating hub layout
[Topology][Hub] Hub: Delivery
[Topology][Hub] Satellites: 5
[Topology][Hub] Connections: 5
[Topology][Flow] Generating flow layout
[Topology][Flow] Nodes: 8
[Topology][Flow] Connections: 7
[Topology][Hub] Generating hub layout
[Topology][Hub] Hub: Delivery
[Topology][Hub] Satellites: 5
[Topology][Hub] Connections: 5
[Topology][Flow] Generating flow layout
[Topology][Flow] Nodes: 8
[Topology][Flow] Connections: 7
[Topology][Hub] Generating hub layout
[Topology][Hub] Hub: Delivery
[Topology][Hub] Satellites: 5
[Topology][Hub] Connections: 5
[Topology][Flow] Generating flow layout
[Topology][Flow] Nodes: 8
[Topology][Flow] Connections: 7
[Topology][Hub] Generating hub layout
[Topology][Hub] Hub: Delivery
[Topology][Hub] Satellites: 5
[Topology][Hub] Connections: 5
[Topology][Flow] Generating flow layout
[Topology][Flow] Nodes: 8
[Topology][Flow] Connections: 7
[Topology][Hub] Generating hub layout
[Topology][Hub] Hub: Delivery
[Topology][Hub] Satellites: 5
[Topology][Hub] Connections: 5
[Topology][Flow] Generating flow layout
[Topology][Flow] Nodes: 8
[Topology][Flow] Connections: 7
[Topology][Hub] Generating hub layout
[Topology][Hub] Hub: Delivery
[Topology][Hub] Satellites: 5
[Topology][Hub] Connections: 5
[Topology][Flow] Generating flow layout
[Topology][Flow] Nodes: 8
[Topology][Flow] Connections: 7
[Topology][Hub] Generating hub layout
[Topology][Hub] Hub: Delivery
[Topology][Hub] Satellites: 5
[Topology][Hub] Connections: 5
[Topology][Flow] Generating flow layout
[Topology][Flow] Nodes: 8
[Topology][Flow] Connections: 7
[Topology][Hub] Generating hub layout
[Topology][Hub] Hub: Delivery
[Topology][Hub] Satellites: 5
[Topology][Hub] Connections: 5
[Topology][Flow] Generating flow layout
[Topology][Flow] Nodes: 8
[Topology][Flow] Connections: 7
[Topology][Hub] Generating hub layout
[Topology][Hub] Hub: Delivery
[Topology][Hub] Satellites: 5
[Topology][Hub] Connections: 5
[Topology][Flow] Generating flow layout
[Topology][Flow] Nodes: 8
[Topology][Flow] Connections: 7
[Topology][Hub] Generating hub layout
[Topology][Hub] Hub: Delivery
[Topology][Hub] Satellites: 5
[Topology][Hub] Connections: 5
[Topology][Flow] Generating flow layout
[Topology][Flow] Nodes: 8
[Topology][Flow] Connections: 7
[Topology][Hub] Generating hub layout
[Topology][Hub] Hub: Delivery
[Topology][Hub] Satellites: 5
[Topology][Hub] Connections: 5
[Topology][Flow] Generating flow layout
[Topology][Flow] Nodes: 8
[Topology][Flow] Connections: 7
[Topology][Hub] Generating hub layout
[Topology][Hub] Hub: Delivery
[Topology][Hub] Satellites: 5
[Topology][Hub] Connections: 5
[Topology][Flow] Generating flow layout
[Topology][Flow] Nodes: 8
[Topology][Flow] Connections: 7
[Topology][Hub] Generating hub layout
[Topology][Hub] Hub: Delivery
[Topology][Hub] Satellites: 5
[Topology][Hub] Connections: 5
[Topology][Flow] Generating flow layout
[Topology][Flow] Nodes: 8
[Topology][Flow] Connections: 7
[Topology][Hub] Generating hub layout
[Topology][Hub] Hub: Delivery
[Topology][Hub] Satellites: 5
[Topology][Hub] Connections: 5
[Topology][Flow] Generating flow layout
[Topology][Flow] Nodes: 8
[Topology][Flow] Connections: 7
[Topology][Hub] Generating hub layout
[Topology][Hub] Hub: Delivery
[Topology][Hub] Satellites: 5
[Topology][Hub] Connections: 5
[Topology][Flow] Generating flow layout
[Topology][Flow] Nodes: 8
[Topology][Flow] Connections: 7
[Topology][Hub] Generating hub layout
[Topology][Hub] Hub: Delivery
[Topology][Hub] Satellites: 5
[Topology][Hub] Connections: 5
[Topology][Flow] Generating flow layout
[Topology][Flow] Nodes: 8
[Topology][Flow] Connections: 7
[Topology][Hub] Generating hub layout
[Topology][Hub] Hub: Delivery
[Topology][Hub] Satellites: 5
[Topology][Hub] Connections: 5
[Topology][Flow] Generating flow layout
[Topology][Flow] Nodes: 8
[Topology][Flow] Connections: 7
[Topology][Flow] Generating flow layout
[Topology][Flow] Nodes: 2
[Topology][Flow] Connections: 1
[Topology][Flow] Generating flow layout
[Topology][Flow] Nodes: 8
[Topology][Flow] Connections: 7
[Topology][Flow] Generating flow layout
[Topology][Flow] Nodes: 2
[Topology][Flow] Connections: 1
[Topology][Flow] Generating flow layout
[Topology][Flow] Nodes: 8
[Topology][Flow] Connections: 7
[Topology][Flow] Generating flow layout
[Topology][Flow] Nodes: 2
[Topology][Flow] Connections: 1
[Topology][Flow] Generating flow layout
[Topology][Flow] Nodes: 8
[Topology][Flow] Connections: 7
[Topology][Hub] Generating hub layout
[Topology][Hub] Hub: Risk
[Topology][Hub] Satellites: 3
[Topology][Hub] Connections: 3
[Topology][Flow] Generating flow layout
[Topology][Flow] Nodes: 8
[Topology][Flow] Connections: 7
[Topology][Hub] Generating hub layout
[Topology][Hub] Hub: Risk
[Topology][Hub] Satellites: 3
[Topology][Hub] Connections: 3
[Topology][Flow] Generating flow layout
[Topology][Flow] Nodes: 8
[Topology][Flow] Connections: 7
[Topology][Hub] Generating hub layout
[Topology][Hub] Hub: Risk
[Topology][Hub] Satellites: 3
[Topology][Hub] Connections: 3
[Topology][Flow] Generating flow layout
[Topology][Flow] Nodes: 8
[Topology][Flow] Connections: 7
[Topology][Hub] Generating hub layout
[Topology][Hub] Hub: Risk
[Topology][Hub] Satellites: 3
[Topology][Hub] Connections: 3
[Topology][Flow] Generating flow layout
[Topology][Flow] Nodes: 8
[Topology][Flow] Connections: 7
[Topology][Hub] Generating hub layout
[Topology][Hub] Hub: Delivery
[Topology][Hub] Satellites: 5
[Topology][Hub] Connections: 5
[Topology][Flow] Generating flow layout
[Topology][Flow] Nodes: 8
[Topology][Flow] Connections: 7
[Topology][Hub] Generating hub layout
[Topology][Hub] Hub: Delivery
[Topology][Hub] Satellites: 5
[Topology][Hub] Connections: 5
[Topology][Flow] Generating flow layout
[Topology][Flow] Nodes: 8
[Topology][Flow] Connections: 7
[Topology][Hub] Generating hub layout
[Topology][Hub] Hub: Delivery
[Topology][Hub] Satellites: 5
[Topology][Hub] Connections: 5
[Topology][Flow] Generating flow layout
[Topology][Flow] Nodes: 8
[Topology][Flow] Connections: 7
[Topology][Hub] Generating hub layout
[Topology][Hub] Hub: Delivery
[Topology][Hub] Satellites: 5
[Topology][Hub] Connections: 5
[Topology][Flow] Generating flow layout
[Topology][Flow] Nodes: 8
[Topology][Flow] Connections: 7
[Topology][Flow] Generating flow layout
[Topology][Flow] Nodes: 2
[Topology][Flow] Connections: 1
[Topology][Flow] Generating flow layout
[Topology][Flow] Nodes: 8
[Topology][Flow] Connections: 7
[Topology][Flow] Generating flow layout
[Topology][Flow] Nodes: 2
[Topology][Flow] Connections: 1
[Topology][Flow] Generating flow layout
[Topology][Flow] Nodes: 8
[Topology][Flow] Connections: 7
[Topology][Hub] Generating hub layout
[Topology][Hub] Hub: Delivery
[Topology][Hub] Satellites: 5
[Topology][Hub] Connections: 5
[Topology][Flow] Generating flow layout
[Topology][Flow] Nodes: 8
[Topology][Flow] Connections: 7
[Topology][Hub] Generating hub layout
[Topology][Hub] Hub: Delivery
[Topology][Hub] Satellites: 5
[Topology][Hub] Connections: 5
[Topology][Flow] Generating flow layout
[Topology][Flow] Nodes: 8
[Topology][Flow] Connections: 7
[Topology][Hub] Generating hub layout
[Topology][Hub] Hub: Delivery
[Topology][Hub] Satellites: 5
[Topology][Hub] Connections: 5
[Topology][Flow] Generating flow layout
[Topology][Flow] Nodes: 8
[Topology][Flow] Connections: 7
[Topology][Hub] Generating hub layout
[Topology][Hub] Hub: Delivery
[Topology][Hub] Satellites: 5
[Topology][Hub] Connections: 5
[Topology][Flow] Generating flow layout
[Topology][Flow] Nodes: 8
[Topology][Flow] Connections: 7
[Topology][Hub] Generating hub layout
[Topology][Hub] Hub: Delivery
[Topology][Hub] Satellites: 5
[Topology][Hub] Connections: 5
[Topology][Flow] Generating flow layout
[Topology][Flow] Nodes: 8
[Topology][Flow] Connections: 7
[Topology][Hub] Generating hub layout
[Topology][Hub] Hub: Delivery
[Topology][Hub] Satellites: 5
[Topology][Hub] Connections: 5
[Topology][Flow] Generating flow layout
[Topology][Flow] Nodes: 8
[Topology][Flow] Connections: 7
[Topology][Flow] Generating flow layout
[Topology][Flow] Nodes: 2
[Topology][Flow] Connections: 1
[Topology][Flow] Generating flow layout
[Topology][Flow] Nodes: 8
[Topology][Flow] Connections: 7
[Topology][Flow] Generating flow layout
[Topology][Flow] Nodes: 2
[Topology][Flow] Connections: 1
[Topology][Flow] Generating flow layout
[Topology][Flow] Nodes: 8
[Topology][Flow] Connections: 7
[Topology][Flow] Generating flow layout
[Topology][Flow] Nodes: 2
[Topology][Flow] Connections: 1
[Topology][Flow] Generating flow layout
[Topology][Flow] Nodes: 8
[Topology][Flow] Connections: 7
[Topology][Hub] Generating hub layout
[Topology][Hub] Hub: Delivery
[Topology][Hub] Satellites: 5
[Topology][Hub] Connections: 5
[Topology][Flow] Generating flow layout
[Topology][Flow] Nodes: 8
[Topology][Flow] Connections: 7
[Topology][Hub] Generating hub layout
[Topology][Hub] Hub: Delivery
[Topology][Hub] Satellites: 5
[Topology][Hub] Connections: 5
[Topology][Flow] Generating flow layout
[Topology][Flow] Nodes: 8
[Topology][Flow] Connections: 7
[Topology][Hub] Generating hub layout
[Topology][Hub] Hub: Delivery
[Topology][Hub] Satellites: 5
[Topology][Hub] Connections: 5
[Topology][Flow] Generating flow layout
[Topology][Flow] Nodes: 8
[Topology][Flow] Connections: 7
[Topology][Flow] Generating flow layout
[Topology][Flow] Nodes: 2
[Topology][Flow] Connections: 1
[Topology][Flow] Generating flow layout
[Topology][Flow] Nodes: 8
[Topology][Flow] Connections: 7
[Topology][Flow] Generating flow layout
[Topology][Flow] Nodes: 2
[Topology][Flow] Connections: 1
[Topology][Flow] Generating flow layout
[Topology][Flow] Nodes: 8
[Topology][Flow] Connections: 7
[Topology][Flow] Generating flow layout
[Topology][Flow] Nodes: 2
[Topology][Flow] Connections: 1
[Topology][Flow] Generating flow layout
[Topology][Flow] Nodes: 8
[Topology][Flow] Connections: 7
[Topology][Hub] Generating hub layout
[Topology][Hub] Hub: Delivery
[Topology][Hub] Satellites: 5
[Topology][Hub] Connections: 5
[Topology][Flow] Generating flow layout
[Topology][Flow] Nodes: 8
[Topology][Flow] Connections: 7
[Topology][Hub] Generating hub layout
[Topology][Hub] Hub: Delivery
[Topology][Hub] Satellites: 5
[Topology][Hub] Connections: 5
[Topology][Flow] Generating flow layout
[Topology][Flow] Nodes: 8
[Topology][Flow] Connections: 7
[Topology][Hub] Generating hub layout
[Topology][Hub] Hub: Delivery
[Topology][Hub] Satellites: 5
[Topology][Hub] Connections: 5
[Topology][Flow] Generating flow layout
[Topology][Flow] Nodes: 8
[Topology][Flow] Connections: 7
[Topology][Hub] Generating hub layout
[Topology][Hub] Hub: Capacity
[Topology][Hub] Satellites: 5
[Topology][Hub] Connections: 5
[Topology][Flow] Generating flow layout
[Topology][Flow] Nodes: 8
[Topology][Flow] Connections: 7
[Topology][Hub] Generating hub layout
[Topology][Hub] Hub: Capacity
[Topology][Hub] Satellites: 5
[Topology][Hub] Connections: 5
[Topology][Flow] Generating flow layout
[Topology][Flow] Nodes: 8
[Topology][Flow] Connections: 7
[Topology][Hub] Generating hub layout
[Topology][Hub] Hub: Capacity
[Topology][Hub] Satellites: 5
[Topology][Hub] Connections: 5
[Topology][Flow] Generating flow layout
[Topology][Flow] Nodes: 8
[Topology][Flow] Connections: 7
[Topology][Hub] Generating hub layout
[Topology][Hub] Hub: Delivery
[Topology][Hub] Satellites: 5
[Topology][Hub] Connections: 5
[Topology][Flow] Generating flow layout
[Topology][Flow] Nodes: 8
[Topology][Flow] Connections: 7
[Topology][Hub] Generating hub layout
[Topology][Hub] Hub: Delivery
[Topology][Hub] Satellites: 5
[Topology][Hub] Connections: 5
[Topology][Flow] Generating flow layout
[Topology][Flow] Nodes: 8
[Topology][Flow] Connections: 7
[Topology][Hub] Generating hub layout
[Topology][Hub] Hub: Delivery
[Topology][Hub] Satellites: 5
[Topology][Hub] Connections: 5
[Topology][Flow] Generating flow layout
[Topology][Flow] Nodes: 8
[Topology][Flow] Connections: 7
[Topology][Hub] Generating hub layout
[Topology][Hub] Hub: Delivery
[Topology][Hub] Satellites: 5
[Topology][Hub] Connections: 5
[Topology][Flow] Generating flow layout
[Topology][Flow] Nodes: 8
[Topology][Flow] Connections: 7
[Topology][Hub] Generating hub layout
[Topology][Hub] Hub: Delivery
[Topology][Hub] Satellites: 5
[Topology][Hub] Connections: 5
[Topology][Flow] Generating flow layout
[Topology][Flow] Nodes: 8
[Topology][Flow] Connections: 7
[Topology][Hub] Generating hub layout
[Topology][Hub] Hub: Inventory
[Topology][Hub] Satellites: 3
[Topology][Hub] Connections: 3
[Topology][Flow] Generating flow layout
[Topology][Flow] Nodes: 8
[Topology][Flow] Connections: 7
[Topology][Hub] Generating hub layout
[Topology][Hub] Hub: Inventory
[Topology][Hub] Satellites: 3
[Topology][Hub] Connections: 3
[Topology][Flow] Generating flow layout
[Topology][Flow] Nodes: 8
[Topology][Flow] Connections: 7
[Topology][Hub] Generating hub layout
[Topology][Hub] Hub: Inventory
[Topology][Hub] Satellites: 3
[Topology][Hub] Connections: 3
[Topology][Flow] Generating flow layout
[Topology][Flow] Nodes: 8
[Topology][Flow] Connections: 7
[Topology][Hub] Generating hub layout
[Topology][Hub] Hub: Inventory
[Topology][Hub] Satellites: 3
[Topology][Hub] Connections: 3
[Topology][Flow] Generating flow layout
[Topology][Flow] Nodes: 8
[Topology][Flow] Connections: 7
[Topology][Hub] Generating hub layout
[Topology][Hub] Hub: Inventory
[Topology][Hub] Satellites: 3
[Topology][Hub] Connections: 3
[Topology][Flow] Generating flow layout
[Topology][Flow] Nodes: 8
[Topology][Flow] Connections: 7
[Topology][Hub] Generating hub layout
[Topology][Hub] Hub: Risk
[Topology][Hub] Satellites: 3
[Topology][Hub] Connections: 3
[Topology][Flow] Generating flow layout
[Topology][Flow] Nodes: 8
[Topology][Flow] Connections: 7
[Topology][Hub] Generating hub layout
[Topology][Hub] Hub: Risk
[Topology][Hub] Satellites: 3
[Topology][Hub] Connections: 3
[Topology][Flow] Generating flow layout
[Topology][Flow] Nodes: 8
[Topology][Flow] Connections: 7
[Topology][Hub] Generating hub layout
[Topology][Hub] Hub: Delivery
[Topology][Hub] Satellites: 5
[Topology][Hub] Connections: 5
[Topology][Flow] Generating flow layout
[Topology][Flow] Nodes: 8
[Topology][Flow] Connections: 7
[Topology][Hub] Generating hub layout
[Topology][Hub] Hub: Delivery
[Topology][Hub] Satellites: 5
[Topology][Hub] Connections: 5
[Topology][Flow] Generating flow layout
[Topology][Flow] Nodes: 8
[Topology][Flow] Connections: 7
[Topology][Hub] Generating hub layout
[Topology][Hub] Hub: Delivery
[Topology][Hub] Satellites: 5
[Topology][Hub] Connections: 5
[Topology][Flow] Generating flow layout
[Topology][Flow] Nodes: 8
[Topology][Flow] Connections: 7
[Topology][Hub] Generating hub layout
[Topology][Hub] Hub: Delivery
[Topology][Hub] Satellites: 5
[Topology][Hub] Connections: 5
[Topology][Flow] Generating flow layout
[Topology][Flow] Nodes: 8
[Topology][Flow] Connections: 7
[Topology][Hub] Generating hub layout
[Topology][Hub] Hub: Delivery
[Topology][Hub] Satellites: 5
[Topology][Hub] Connections: 5
[Topology][Flow] Generating flow layout
[Topology][Flow] Nodes: 8
[Topology][Flow] Connections: 7
[Topology][Hub] Generating hub layout
[Topology][Hub] Hub: Delivery
[Topology][Hub] Satellites: 5
[Topology][Hub] Connections: 5
[Topology][Flow] Generating flow layout
[Topology][Flow] Nodes: 8
[Topology][Flow] Connections: 7
[Topology][Hub] Generating hub layout
[Topology][Hub] Hub: Delivery
[Topology][Hub] Satellites: 5
[Topology][Hub] Connections: 5
[Topology][Flow] Generating flow layout
[Topology][Flow] Nodes: 8
[Topology][Flow] Connections: 7
[Topology][Hub] Generating hub layout
[Topology][Hub] Hub: Delivery
[Topology][Hub] Satellites: 5
[Topology][Hub] Connections: 5
[Topology][Flow] Generating flow layout
[Topology][Flow] Nodes: 8
[Topology][Flow] Connections: 7
[Topology][Hub] Generating hub layout
[Topology][Hub] Hub: Delivery
[Topology][Hub] Satellites: 5
[Topology][Hub] Connections: 5
[Topology][Flow] Generating flow layout
[Topology][Flow] Nodes: 8
[Topology][Flow] Connections: 7
[Topology][Hub] Generating hub layout
[Topology][Hub] Hub: Delivery
[Topology][Hub] Satellites: 5
[Topology][Hub] Connections: 5
[Topology][Flow] Generating flow layout
[Topology][Flow] Nodes: 8
[Topology][Flow] Connections: 7
[Topology][Hub] Generating hub layout
[Topology][Hub] Hub: Capacity
[Topology][Hub] Satellites: 5
[Topology][Hub] Connections: 5
[Topology][Flow] Generating flow layout
[Topology][Flow] Nodes: 8
[Topology][Flow] Connections: 7
[Topology][Hub] Generating hub layout
[Topology][Hub] Hub: Capacity
[Topology][Hub] Satellites: 5
[Topology][Hub] Connections: 5
[Topology][Flow] Generating flow layout
[Topology][Flow] Nodes: 8
[Topology][Flow] Connections: 7
[Topology][Hub] Generating hub layout
[Topology][Hub] Hub: Capacity
[Topology][Hub] Satellites: 5
[Topology][Hub] Connections: 5
[Topology][Flow] Generating flow layout
[Topology][Flow] Nodes: 8
[Topology][Flow] Connections: 7
[Topology][Hub] Generating hub layout
[Topology][Hub] Hub: Capacity
[Topology][Hub] Satellites: 5
[Topology][Hub] Connections: 5
[Topology][Flow] Generating flow layout
[Topology][Flow] Nodes: 8
[Topology][Flow] Connections: 7
[Topology][Hub] Generating hub layout
[Topology][Hub] Hub: Capacity
[Topology][Hub] Satellites: 5
[Topology][Hub] Connections: 5
[Topology][Flow] Generating flow layout
[Topology][Flow] Nodes: 8
[Topology][Flow] Connections: 7
[Topology][Hub] Generating hub layout
[Topology][Hub] Hub: Capacity
[Topology][Hub] Satellites: 5
[Topology][Hub] Connections: 5
[Topology][Flow] Generating flow layout
[Topology][Flow] Nodes: 8
[Topology][Flow] Connections: 7
[Topology][Hub] Generating hub layout
[Topology][Hub] Hub: Capacity
[Topology][Hub] Satellites: 5
[Topology][Hub] Connections: 5
[Topology][Flow] Generating flow layout
[Topology][Flow] Nodes: 8
[Topology][Flow] Connections: 7
[Topology][Flow] Generating flow layout
[Topology][Flow] Nodes: 2
[Topology][Flow] Connections: 1
[Topology][Flow] Generating flow layout
[Topology][Flow] Nodes: 8
[Topology][Flow] Connections: 7
[Topology][Flow] Generating flow layout
[Topology][Flow] Nodes: 2
[Topology][Flow] Connections: 1
[Topology][Flow] Generating flow layout
[Topology][Flow] Nodes: 8
[Topology][Flow] Connections: 7
[Topology][Flow] Generating flow layout
[Topology][Flow] Nodes: 2
[Topology][Flow] Connections: 1
[Topology][Flow] Generating flow layout
[Topology][Flow] Nodes: 8
[Topology][Flow] Connections: 7
[Topology][Flow] Generating flow layout
[Topology][Flow] Nodes: 2
[Topology][Flow] Connections: 1
[Topology][Flow] Generating flow layout
[Topology][Flow] Nodes: 8
[Topology][Flow] Connections: 7
[Topology][Hub] Generating hub layout
[Topology][Hub] Hub: Risk
[Topology][Hub] Satellites: 3
[Topology][Hub] Connections: 3
[Topology][Flow] Generating flow layout
[Topology][Flow] Nodes: 8
[Topology][Flow] Connections: 7
[Topology][Hub] Generating hub layout
[Topology][Hub] Hub: Risk
[Topology][Hub] Satellites: 3
[Topology][Hub] Connections: 3
[Topology][Flow] Generating flow layout
[Topology][Flow] Nodes: 8
[Topology][Flow] Connections: 7
[Topology][Hub] Generating hub layout
[Topology][Hub] Hub: Risk
[Topology][Hub] Satellites: 3
[Topology][Hub] Connections: 3
[Topology][Flow] Generating flow layout
[Topology][Flow] Nodes: 8
[Topology][Flow] Connections: 7
[Topology][Hub] Generating hub layout
[Topology][Hub] Hub: Inventory
[Topology][Hub] Satellites: 3
[Topology][Hub] Connections: 3
[Topology][Flow] Generating flow layout
[Topology][Flow] Nodes: 8
[Topology][Flow] Connections: 7
[Topology][Hub] Generating hub layout
[Topology][Hub] Hub: Inventory
[Topology][Hub] Satellites: 3
[Topology][Hub] Connections: 3
[Topology][Flow] Generating flow layout
[Topology][Flow] Nodes: 8
[Topology][Flow] Connections: 7
[Topology][Hub] Generating hub layout
[Topology][Hub] Hub: Inventory
[Topology][Hub] Satellites: 3
[Topology][Hub] Connections: 3
[Topology][Flow] Generating flow layout
[Topology][Flow] Nodes: 8
[Topology][Flow] Connections: 7
[Topology][Hub] Generating hub layout
[Topology][Hub] Hub: Inventory
[Topology][Hub] Satellites: 3
[Topology][Hub] Connections: 3
[Topology][Flow] Generating flow layout
[Topology][Flow] Nodes: 8
[Topology][Flow] Connections: 7
[Topology][Hub] Generating hub layout
[Topology][Hub] Hub: Inventory
[Topology][Hub] Satellites: 3
[Topology][Hub] Connections: 3
[Topology][Flow] Generating flow layout
[Topology][Flow] Nodes: 8
[Topology][Flow] Connections: 7
[Topology][Hub] Generating hub layout
[Topology][Hub] Hub: Inventory
[Topology][Hub] Satellites: 3
[Topology][Hub] Connections: 3
[Topology][Flow] Generating flow layout
[Topology][Flow] Nodes: 8
[Topology][Flow] Connections: 7
[Topology][Hub] Generating hub layout
[Topology][Hub] Hub: Inventory
[Topology][Hub] Satellites: 3
[Topology][Hub] Connections: 3
[Topology][Flow] Generating flow layout
[Topology][Flow] Nodes: 8
[Topology][Flow] Connections: 7
[Topology][Flow] Generating flow layout
[Topology][Flow] Nodes: 2
[Topology][Flow] Connections: 1
[Topology][Flow] Generating flow layout
[Topology][Flow] Nodes: 8
[Topology][Flow] Connections: 7
[Topology][Flow] Generating flow layout
[Topology][Flow] Nodes: 2
[Topology][Flow] Connections: 1
[Topology][Flow] Generating flow layout
[Topology][Flow] Nodes: 8
[Topology][Flow] Connections: 7
[Topology][Flow] Generating flow layout
[Topology][Flow] Nodes: 2
[Topology][Flow] Connections: 1
[Topology][Flow] Generating flow layout
[Topology][Flow] Nodes: 8
[Topology][Flow] Connections: 7
[Topology][Flow] Generating flow layout
[Topology][Flow] Nodes: 2
[Topology][Flow] Connections: 1
[Topology][Flow] Generating flow layout
[Topology][Flow] Nodes: 8
[Topology][Flow] Connections: 7
[Topology][Flow] Generating flow layout
[Topology][Flow] Nodes: 2
[Topology][Flow] Connections: 1
[Topology][Flow] Generating flow layout
[Topology][Flow] Nodes: 8
[Topology][Flow] Connections: 7
[Topology][Flow] Generating flow layout
[Topology][Flow] Nodes: 2
[Topology][Flow] Connections: 1
[Topology][Flow] Generating flow layout
[Topology][Flow] Nodes: 8
[Topology][Flow] Connections: 7
[Topology][Flow] Generating flow layout
[Topology][Flow] Nodes: 2
[Topology][Flow] Connections: 1
[Topology][Flow] Generating flow layout
[Topology][Flow] Nodes: 8
[Topology][Flow] Connections: 7
[Topology][Flow] Generating flow layout
[Topology][Flow] Nodes: 2
[Topology][Flow] Connections: 1
[Topology][Flow] Generating flow layout
[Topology][Flow] Nodes: 8
[Topology][Flow] Connections: 7
[Topology][Flow] Generating flow layout
[Topology][Flow] Nodes: 2
[Topology][Flow] Connections: 1
[Topology][Flow] Generating flow layout
[Topology][Flow] Nodes: 8
[Topology][Flow] Connections: 7
[Topology][Flow] Generating flow layout
[Topology][Flow] Nodes: 2
[Topology][Flow] Connections: 1
[Topology][Flow] Generating flow layout
[Topology][Flow] Nodes: 8
[Topology][Flow] Connections: 7
[Topology][Flow] Generating flow layout
[Topology][Flow] Nodes: 2
[Topology][Flow] Connections: 1
[Topology][Flow] Generating flow layout
[Topology][Flow] Nodes: 8
[Topology][Flow] Connections: 7
[Topology][Flow] Generating flow layout
[Topology][Flow] Nodes: 2
[Topology][Flow] Connections: 1
[Topology][Flow] Generating flow layout
[Topology][Flow] Nodes: 8
[Topology][Flow] Connections: 7
[Topology][Flow] Generating flow layout
[Topology][Flow] Nodes: 2
[Topology][Flow] Connections: 1
[Topology][Flow] Generating flow layout
[Topology][Flow] Nodes: 8
[Topology][Flow] Connections: 7
[Topology][Flow] Generating flow layout
[Topology][Flow] Nodes: 2
[Topology][Flow] Connections: 1
[Topology][Flow] Generating flow layout
[Topology][Flow] Nodes: 8
[Topology][Flow] Connections: 7
[Topology][Flow] Generating flow layout
[Topology][Flow] Nodes: 2
[Topology][Flow] Connections: 1
[Topology][Flow] Generating flow layout
[Topology][Flow] Nodes: 8
[Topology][Flow] Connections: 7
[Topology][Flow] Generating flow layout
[Topology][Flow] Nodes: 2
[Topology][Flow] Connections: 1
[Topology][Flow] Generating flow layout
[Topology][Flow] Nodes: 8
[Topology][Flow] Connections: 7
[Topology][Flow] Generating flow layout
[Topology][Flow] Nodes: 2
[Topology][Flow] Connections: 1
[Topology][Flow] Generating flow layout
[Topology][Flow] Nodes: 8
[Topology][Flow] Connections: 7
[Topology][Flow] Generating flow layout
[Topology][Flow] Nodes: 2
[Topology][Flow] Connections: 1
[Topology][Flow] Generating flow layout
[Topology][Flow] Nodes: 8
[Topology][Flow] Connections: 7
[Topology][Flow] Generating flow layout
[Topology][Flow] Nodes: 2
[Topology][Flow] Connections: 1
[Topology][Flow] Generating flow layout
[Topology][Flow] Nodes: 8
[Topology][Flow] Connections: 7
[Topology][Flow] Generating flow layout
[Topology][Flow] Nodes: 2
[Topology][Flow] Connections: 1
[Topology][Flow] Generating flow layout
[Topology][Flow] Nodes: 8
[Topology][Flow] Connections: 7
[Topology][Flow] Generating flow layout
[Topology][Flow] Nodes: 2
[Topology][Flow] Connections: 1
[Topology][Flow] Generating flow layout
[Topology][Flow] Nodes: 8
[Topology][Flow] Connections: 7
[Topology][Flow] Generating flow layout
[Topology][Flow] Nodes: 2
[Topology][Flow] Connections: 1
[Topology][Flow] Generating flow layout
[Topology][Flow] Nodes: 8
[Topology][Flow] Connections: 7
[Topology][Flow] Generating flow layout
[Topology][Flow] Nodes: 2
[Topology][Flow] Connections: 1
[Topology][Flow] Generating flow layout
[Topology][Flow] Nodes: 8
[Topology][Flow] Connections: 7
[Topology][Flow] Generating flow layout
[Topology][Flow] Nodes: 2
[Topology][Flow] Connections: 1
[Topology][Flow] Generating flow layout
[Topology][Flow] Nodes: 8
[Topology][Flow] Connections: 7
[Topology][Flow] Generating flow layout
[Topology][Flow] Nodes: 2
[Topology][Flow] Connections: 1
[Topology][Flow] Generating flow layout
[Topology][Flow] Nodes: 8
[Topology][Flow] Connections: 7
[Topology][Flow] Generating flow layout
[Topology][Flow] Nodes: 2
[Topology][Flow] Connections: 1
[Topology][Flow] Generating flow layout
[Topology][Flow] Nodes: 8
[Topology][Flow] Connections: 7
[Topology][Flow] Generating flow layout
[Topology][Flow] Nodes: 2
[Topology][Flow] Connections: 1
[Topology][Flow] Generating flow layout
[Topology][Flow] Nodes: 8
[Topology][Flow] Connections: 7
[Topology][Flow] Generating flow layout
[Topology][Flow] Nodes: 2
[Topology][Flow] Connections: 1
[Topology][Flow] Generating flow layout
[Topology][Flow] Nodes: 8
[Topology][Flow] Connections: 7
[Topology][Hub] Generating hub layout
[Topology][Hub] Hub: Delivery
[Topology][Hub] Satellites: 5
[Topology][Hub] Connections: 5
[Topology][Flow] Generating flow layout
[Topology][Flow] Nodes: 8
[Topology][Flow] Connections: 7
[Topology][Flow] Generating flow layout
[Topology][Flow] Nodes: 2
[Topology][Flow] Connections: 1
[Topology][Flow] Generating flow layout
[Topology][Flow] Nodes: 8
[Topology][Flow] Connections: 7
[Topology][Flow] Generating flow layout
[Topology][Flow] Nodes: 2
[Topology][Flow] Connections: 1
[Topology][Flow] Generating flow layout
[Topology][Flow] Nodes: 8
[Topology][Flow] Connections: 7
[Topology][Hub] Generating hub layout
[Topology][Hub] Hub: Delivery
[Topology][Hub] Satellites: 5
[Topology][Hub] Connections: 5
[Topology][Flow] Generating flow layout
[Topology][Flow] Nodes: 8
[Topology][Flow] Connections: 7
[Topology][Hub] Generating hub layout
[Topology][Hub] Hub: Delivery
[Topology][Hub] Satellites: 5
[Topology][Hub] Connections: 5
[Topology][Flow] Generating flow layout
[Topology][Flow] Nodes: 8
[Topology][Flow] Connections: 7
[Topology][Flow] Generating flow layout
[Topology][Flow] Nodes: 2
[Topology][Flow] Connections: 1
[Topology][Flow] Generating flow layout
[Topology][Flow] Nodes: 8
[Topology][Flow] Connections: 7
[Topology][Flow] Generating flow layout
[Topology][Flow] Nodes: 2
[Topology][Flow] Connections: 1
[Topology][Flow] Generating flow layout
[Topology][Flow] Nodes: 8
[Topology][Flow] Connections: 7
[Topology][Hub] Generating hub layout
[Topology][Hub] Hub: Delivery
[Topology][Hub] Satellites: 5
[Topology][Hub] Connections: 5
[Topology][Flow] Generating flow layout
[Topology][Flow] Nodes: 8
[Topology][Flow] Connections: 7
[Topology][Hub] Generating hub layout
[Topology][Hub] Hub: Delivery
[Topology][Hub] Satellites: 5
[Topology][Hub] Connections: 5
[Topology][Flow] Generating flow layout
[Topology][Flow] Nodes: 8
[Topology][Flow] Connections: 7
[Topology][Hub] Generating hub layout
[Topology][Hub] Hub: Delivery
[Topology][Hub] Satellites: 5
[Topology][Hub] Connections: 5
[Topology][Flow] Generating flow layout
[Topology][Flow] Nodes: 8
[Topology][Flow] Connections: 7
[Topology][Hub] Generating hub layout
[Topology][Hub] Hub: Delivery
[Topology][Hub] Satellites: 5
[Topology][Hub] Connections: 5
[Topology][Flow] Generating flow layout
[Topology][Flow] Nodes: 8
[Topology][Flow] Connections: 7
[Topology][Flow] Generating flow layout
[Topology][Flow] Nodes: 2
[Topology][Flow] Connections: 1
[Topology][Flow] Generating flow layout
[Topology][Flow] Nodes: 8
[Topology][Flow] Connections: 7
[Topology][Hub] Generating hub layout
[Topology][Hub] Hub: Capacity
[Topology][Hub] Satellites: 5
[Topology][Hub] Connections: 5
[Topology][Flow] Generating flow layout
[Topology][Flow] Nodes: 8
[Topology][Flow] Connections: 7
[Topology][Flow] Generating flow layout
[Topology][Flow] Nodes: 2
[Topology][Flow] Connections: 1
[Topology][Flow] Generating flow layout
[Topology][Flow] Nodes: 8
[Topology][Flow] Connections: 7
[Topology][Flow] Generating flow layout
[Topology][Flow] Nodes: 2
[Topology][Flow] Connections: 1
[Topology][Flow] Generating flow layout
[Topology][Flow] Nodes: 8
[Topology][Flow] Connections: 7
[Topology][Flow] Generating flow layout
[Topology][Flow] Nodes: 2
[Topology][Flow] Connections: 1
[Topology][Flow] Generating flow layout
[Topology][Flow] Nodes: 8
[Topology][Flow] Connections: 7
[Topology][Flow] Generating flow layout
[Topology][Flow] Nodes: 2
[Topology][Flow] Connections: 1
[Topology][Flow] Generating flow layout
[Topology][Flow] Nodes: 8
[Topology][Flow] Connections: 7
[Topology][Hub] Generating hub layout
[Topology][Hub] Hub: Delivery
[Topology][Hub] Satellites: 5
[Topology][Hub] Connections: 5
[Topology][Flow] Generating flow layout
[Topology][Flow] Nodes: 8
[Topology][Flow] Connections: 7
[Topology][Hub] Generating hub layout
[Topology][Hub] Hub: Delivery
[Topology][Hub] Satellites: 5
[Topology][Hub] Connections: 5
▶ NEX-MVP-FINAL:6.2 Conversation Context & Continuity
  ✔ has FINAL:6.2 identity and does not create competing authorities (0.873167ms)
  ✔ does not encode certification dialogues as production routes (0.370375ms)
  ✔ meets corpus size (0.217875ms)
  ✔ certifies multi-turn dialogues without hiding failures (4771.821625ms)
  ✔ preserves FINAL:6.1 single-turn NLU corpus operations (264.081083ms)
  ✔ resolves typed problem references over recency (28.885958ms)
  ✔ lets explicit subjects outrank inherited context (47.031916ms)
  ✔ supports correction-ready subject replacement (39.475583ms)
  ✔ clears continuity on session reset (17.771542ms)
  ✔ resolves click-driven Stage context (11.300584ms)
  ✔ never promotes continue into decision or execution (51.163625ms)
  ✔ keeps 6.1 meaning inspectable after context enrichment (21.061208ms)
  ✔ does not use a pronoun dictionary as the architecture (0.444208ms)
  ✔ updateConversationContinuity is session-scoped and bounded (1.809375ms)
  ✔ preserves overlay safety for commitment phrasing (8.182125ms)
✔ NEX-MVP-FINAL:6.2 Conversation Context & Continuity (5266.1295ms)
[Topology][Flow] Generating flow layout
[Topology][Flow] Nodes: 8
[Topology][Flow] Connections: 7
[Topology][Hub] Generating hub layout
[Topology][Hub] Hub: Delivery
[Topology][Hub] Satellites: 5
[Topology][Hub] Connections: 5
[Topology][Flow] Generating flow layout
[Topology][Flow] Nodes: 8
[Topology][Flow] Connections: 7
[Topology][Flow] Generating flow layout
[Topology][Flow] Nodes: 2
[Topology][Flow] Connections: 1
[Topology][Flow] Generating flow layout
[Topology][Flow] Nodes: 8
[Topology][Flow] Connections: 7
[Topology][Flow] Generating flow layout
[Topology][Flow] Nodes: 2
[Topology][Flow] Connections: 1
[Topology][Flow] Generating flow layout
[Topology][Flow] Nodes: 8
[Topology][Flow] Connections: 7
[Topology][Flow] Generating flow layout
[Topology][Flow] Nodes: 2
[Topology][Flow] Connections: 1
[Topology][Flow] Generating flow layout
[Topology][Flow] Nodes: 8
[Topology][Flow] Connections: 7
[Topology][Flow] Generating flow layout
[Topology][Flow] Nodes: 2
[Topology][Flow] Connections: 1
[Topology][Flow] Generating flow layout
[Topology][Flow] Nodes: 8
[Topology][Flow] Connections: 7
[Topology][Flow] Generating flow layout
[Topology][Flow] Nodes: 2
[Topology][Flow] Connections: 1
[Topology][Flow] Generating flow layout
[Topology][Flow] Nodes: 8
[Topology][Flow] Connections: 7
[Topology][Flow] Generating flow layout
[Topology][Flow] Nodes: 2
[Topology][Flow] Connections: 1
[Topology][Flow] Generating flow layout
[Topology][Flow] Nodes: 8
[Topology][Flow] Connections: 7
[Topology][Hub] Generating hub layout
[Topology][Hub] Hub: Delivery
[Topology][Hub] Satellites: 5
[Topology][Hub] Connections: 5
[Topology][Flow] Generating flow layout
[Topology][Flow] Nodes: 8
[Topology][Flow] Connections: 7
[Topology][Flow] Generating flow layout
[Topology][Flow] Nodes: 2
[Topology][Flow] Connections: 1
[Topology][Flow] Generating flow layout
[Topology][Flow] Nodes: 8
[Topology][Flow] Connections: 7
[Topology][Flow] Generating flow layout
[Topology][Flow] Nodes: 2
[Topology][Flow] Connections: 1
[Topology][Flow] Generating flow layout
[Topology][Flow] Nodes: 8
[Topology][Flow] Connections: 7
[Topology][Flow] Generating flow layout
[Topology][Flow] Nodes: 2
[Topology][Flow] Connections: 1
[Topology][Flow] Generating flow layout
[Topology][Flow] Nodes: 8
[Topology][Flow] Connections: 7
[Topology][Flow] Generating flow layout
[Topology][Flow] Nodes: 2
[Topology][Flow] Connections: 1
[Topology][Flow] Generating flow layout
[Topology][Flow] Nodes: 8
[Topology][Flow] Connections: 7
[Topology][Flow] Generating flow layout
[Topology][Flow] Nodes: 2
[Topology][Flow] Connections: 1
[Topology][Flow] Generating flow layout
[Topology][Flow] Nodes: 8
[Topology][Flow] Connections: 7
[Topology][Hub] Generating hub layout
[Topology][Hub] Hub: Delivery
[Topology][Hub] Satellites: 5
[Topology][Hub] Connections: 5
[Topology][Flow] Generating flow layout
[Topology][Flow] Nodes: 8
[Topology][Flow] Connections: 7
[Topology][Hub] Generating hub layout
[Topology][Hub] Hub: Delivery
[Topology][Hub] Satellites: 5
[Topology][Hub] Connections: 5
[Topology][Flow] Generating flow layout
[Topology][Flow] Nodes: 8
[Topology][Flow] Connections: 7
[Topology][Flow] Generating flow layout
[Topology][Flow] Nodes: 2
[Topology][Flow] Connections: 1
[Topology][Flow] Generating flow layout
[Topology][Flow] Nodes: 8
[Topology][Flow] Connections: 7
[Topology][Hub] Generating hub layout
[Topology][Hub] Hub: Delivery
[Topology][Hub] Satellites: 5
[Topology][Hub] Connections: 5
[Topology][Flow] Generating flow layout
[Topology][Flow] Nodes: 8
[Topology][Flow] Connections: 7
[Topology][Hub] Generating hub layout
[Topology][Hub] Hub: Capacity
[Topology][Hub] Satellites: 5
[Topology][Hub] Connections: 5
[Topology][Flow] Generating flow layout
[Topology][Flow] Nodes: 8
[Topology][Flow] Connections: 7
[Topology][Hub] Generating hub layout
[Topology][Hub] Hub: Capacity
[Topology][Hub] Satellites: 5
[Topology][Hub] Connections: 5
[Topology][Flow] Generating flow layout
[Topology][Flow] Nodes: 8
[Topology][Flow] Connections: 7
[Topology][Hub] Generating hub layout
[Topology][Hub] Hub: Capacity
[Topology][Hub] Satellites: 5
[Topology][Hub] Connections: 5
[Topology][Flow] Generating flow layout
[Topology][Flow] Nodes: 8
[Topology][Flow] Connections: 7
[Topology][Hub] Generating hub layout
[Topology][Hub] Hub: Delivery
[Topology][Hub] Satellites: 5
[Topology][Hub] Connections: 5
[Topology][Flow] Generating flow layout
[Topology][Flow] Nodes: 8
[Topology][Flow] Connections: 7
[Topology][Hub] Generating hub layout
[Topology][Hub] Hub: Capacity
[Topology][Hub] Satellites: 5
[Topology][Hub] Connections: 5
[Topology][Flow] Generating flow layout
[Topology][Flow] Nodes: 8
[Topology][Flow] Connections: 7
[Topology][Hub] Generating hub layout
[Topology][Hub] Hub: Capacity
[Topology][Hub] Satellites: 5
[Topology][Hub] Connections: 5
[Topology][Flow] Generating flow layout
[Topology][Flow] Nodes: 8
[Topology][Flow] Connections: 7
[Topology][Hub] Generating hub layout
[Topology][Hub] Hub: Capacity
[Topology][Hub] Satellites: 5
[Topology][Hub] Connections: 5
[Topology][Flow] Generating flow layout
[Topology][Flow] Nodes: 8
[Topology][Flow] Connections: 7
[Topology][Hub] Generating hub layout
[Topology][Hub] Hub: Delivery
[Topology][Hub] Satellites: 5
[Topology][Hub] Connections: 5
[Topology][Flow] Generating flow layout
[Topology][Flow] Nodes: 8
[Topology][Flow] Connections: 7
[Topology][Hub] Generating hub layout
[Topology][Hub] Hub: Capacity
[Topology][Hub] Satellites: 5
[Topology][Hub] Connections: 5
[Topology][Flow] Generating flow layout
[Topology][Flow] Nodes: 8
[Topology][Flow] Connections: 7
[Topology][Hub] Generating hub layout
[Topology][Hub] Hub: Capacity
[Topology][Hub] Satellites: 5
[Topology][Hub] Connections: 5
[Topology][Flow] Generating flow layout
[Topology][Flow] Nodes: 8
[Topology][Flow] Connections: 7
[Topology][Hub] Generating hub layout
[Topology][Hub] Hub: Capacity
[Topology][Hub] Satellites: 5
[Topology][Hub] Connections: 5
[Topology][Flow] Generating flow layout
[Topology][Flow] Nodes: 8
[Topology][Flow] Connections: 7
[Topology][Hub] Generating hub layout
[Topology][Hub] Hub: Delivery
[Topology][Hub] Satellites: 5
[Topology][Hub] Connections: 5
[Topology][Flow] Generating flow layout
[Topology][Flow] Nodes: 8
[Topology][Flow] Connections: 7
[Topology][Hub] Generating hub layout
[Topology][Hub] Hub: Capacity
[Topology][Hub] Satellites: 5
[Topology][Hub] Connections: 5
[Topology][Flow] Generating flow layout
[Topology][Flow] Nodes: 8
[Topology][Flow] Connections: 7
[Topology][Hub] Generating hub layout
[Topology][Hub] Hub: Capacity
[Topology][Hub] Satellites: 5
[Topology][Hub] Connections: 5
[Topology][Flow] Generating flow layout
[Topology][Flow] Nodes: 8
[Topology][Flow] Connections: 7
[Topology][Hub] Generating hub layout
[Topology][Hub] Hub: Capacity
[Topology][Hub] Satellites: 5
[Topology][Hub] Connections: 5
[Topology][Flow] Generating flow layout
[Topology][Flow] Nodes: 8
[Topology][Flow] Connections: 7
[Topology][Hub] Generating hub layout
[Topology][Hub] Hub: Delivery
[Topology][Hub] Satellites: 5
[Topology][Hub] Connections: 5
[Topology][Flow] Generating flow layout
[Topology][Flow] Nodes: 8
[Topology][Flow] Connections: 7
[Topology][Hub] Generating hub layout
[Topology][Hub] Hub: Capacity
[Topology][Hub] Satellites: 5
[Topology][Hub] Connections: 5
[Topology][Flow] Generating flow layout
[Topology][Flow] Nodes: 8
[Topology][Flow] Connections: 7
[Topology][Hub] Generating hub layout
[Topology][Hub] Hub: Capacity
[Topology][Hub] Satellites: 5
[Topology][Hub] Connections: 5
[Topology][Flow] Generating flow layout
[Topology][Flow] Nodes: 8
[Topology][Flow] Connections: 7
[Topology][Hub] Generating hub layout
[Topology][Hub] Hub: Risk
[Topology][Hub] Satellites: 3
[Topology][Hub] Connections: 3
[Topology][Flow] Generating flow layout
[Topology][Flow] Nodes: 8
[Topology][Flow] Connections: 7
[Topology][Hub] Generating hub layout
[Topology][Hub] Hub: Delivery
[Topology][Hub] Satellites: 5
[Topology][Hub] Connections: 5
[Topology][Flow] Generating flow layout
[Topology][Flow] Nodes: 8
[Topology][Flow] Connections: 7
[Topology][Hub] Generating hub layout
[Topology][Hub] Hub: Delivery
[Topology][Hub] Satellites: 5
[Topology][Hub] Connections: 5
[Topology][Flow] Generating flow layout
[Topology][Flow] Nodes: 8
[Topology][Flow] Connections: 7
[Topology][Hub] Generating hub layout
[Topology][Hub] Hub: Delivery
[Topology][Hub] Satellites: 5
[Topology][Hub] Connections: 5
[Topology][Flow] Generating flow layout
[Topology][Flow] Nodes: 8
[Topology][Flow] Connections: 7
[Topology][Flow] Generating flow layout
[Topology][Flow] Nodes: 2
[Topology][Flow] Connections: 1
[Topology][Flow] Generating flow layout
[Topology][Flow] Nodes: 8
[Topology][Flow] Connections: 7
[Topology][Flow] Generating flow layout
[Topology][Flow] Nodes: 2
[Topology][Flow] Connections: 1
[Topology][Flow] Generating flow layout
[Topology][Flow] Nodes: 8
[Topology][Flow] Connections: 7
[Topology][Flow] Generating flow layout
[Topology][Flow] Nodes: 2
[Topology][Flow] Connections: 1
[Topology][Flow] Generating flow layout
[Topology][Flow] Nodes: 8
[Topology][Flow] Connections: 7
[Topology][Hub] Generating hub layout
[Topology][Hub] Hub: Delivery
[Topology][Hub] Satellites: 5
[Topology][Hub] Connections: 5
[Topology][Flow] Generating flow layout
[Topology][Flow] Nodes: 8
[Topology][Flow] Connections: 7
[Topology][Hub] Generating hub layout
[Topology][Hub] Hub: Delivery
[Topology][Hub] Satellites: 5
[Topology][Hub] Connections: 5
[Topology][Flow] Generating flow layout
[Topology][Flow] Nodes: 8
[Topology][Flow] Connections: 7
[Topology][Hub] Generating hub layout
[Topology][Hub] Hub: Delivery
[Topology][Hub] Satellites: 5
[Topology][Hub] Connections: 5
[Topology][Flow] Generating flow layout
[Topology][Flow] Nodes: 8
[Topology][Flow] Connections: 7
[Topology][Hub] Generating hub layout
[Topology][Hub] Hub: Delivery
[Topology][Hub] Satellites: 5
[Topology][Hub] Connections: 5
[Topology][Flow] Generating flow layout
[Topology][Flow] Nodes: 8
[Topology][Flow] Connections: 7
[Topology][Flow] Generating flow layout
[Topology][Flow] Nodes: 2
[Topology][Flow] Connections: 1
[Topology][Flow] Generating flow layout
[Topology][Flow] Nodes: 8
[Topology][Flow] Connections: 7
[Topology][Hub] Generating hub layout
[Topology][Hub] Hub: Capacity
[Topology][Hub] Satellites: 5
[Topology][Hub] Connections: 5
[Topology][Flow] Generating flow layout
[Topology][Flow] Nodes: 8
[Topology][Flow] Connections: 7
[Topology][Flow] Generating flow layout
[Topology][Flow] Nodes: 2
[Topology][Flow] Connections: 1
[Topology][Flow] Generating flow layout
[Topology][Flow] Nodes: 8
[Topology][Flow] Connections: 7
[Topology][Flow] Generating flow layout
[Topology][Flow] Nodes: 2
[Topology][Flow] Connections: 1
[Topology][Flow] Generating flow layout
[Topology][Flow] Nodes: 8
[Topology][Flow] Connections: 7
[Topology][Hub] Generating hub layout
[Topology][Hub] Hub: Delivery
[Topology][Hub] Satellites: 5
[Topology][Hub] Connections: 5
[Topology][Flow] Generating flow layout
[Topology][Flow] Nodes: 8
[Topology][Flow] Connections: 7
[Topology][Hub] Generating hub layout
[Topology][Hub] Hub: Delivery
[Topology][Hub] Satellites: 5
[Topology][Hub] Connections: 5
[Topology][Flow] Generating flow layout
[Topology][Flow] Nodes: 8
[Topology][Flow] Connections: 7
[Topology][Hub] Generating hub layout
[Topology][Hub] Hub: Delivery
[Topology][Hub] Satellites: 5
[Topology][Hub] Connections: 5
[Topology][Flow] Generating flow layout
[Topology][Flow] Nodes: 8
[Topology][Flow] Connections: 7
[Topology][Hub] Generating hub layout
[Topology][Hub] Hub: Capacity
[Topology][Hub] Satellites: 5
[Topology][Hub] Connections: 5
[Topology][Flow] Generating flow layout
[Topology][Flow] Nodes: 8
[Topology][Flow] Connections: 7
[Topology][Hub] Generating hub layout
[Topology][Hub] Hub: Capacity
[Topology][Hub] Satellites: 5
[Topology][Hub] Connections: 5
[Topology][Flow] Generating flow layout
[Topology][Flow] Nodes: 8
[Topology][Flow] Connections: 7
[Topology][Hub] Generating hub layout
[Topology][Hub] Hub: Capacity
[Topology][Hub] Satellites: 5
[Topology][Hub] Connections: 5
[Topology][Flow] Generating flow layout
[Topology][Flow] Nodes: 8
[Topology][Flow] Connections: 7
[Topology][Hub] Generating hub layout
[Topology][Hub] Hub: Delivery
[Topology][Hub] Satellites: 5
[Topology][Hub] Connections: 5
[Topology][Flow] Generating flow layout
[Topology][Flow] Nodes: 8
[Topology][Flow] Connections: 7
[Topology][Hub] Generating hub layout
[Topology][Hub] Hub: Capacity
[Topology][Hub] Satellites: 5
[Topology][Hub] Connections: 5
[Topology][Flow] Generating flow layout
[Topology][Flow] Nodes: 8
[Topology][Flow] Connections: 7
[Topology][Hub] Generating hub layout
[Topology][Hub] Hub: Capacity
[Topology][Hub] Satellites: 5
[Topology][Hub] Connections: 5
[Topology][Flow] Generating flow layout
[Topology][Flow] Nodes: 8
[Topology][Flow] Connections: 7
[Topology][Hub] Generating hub layout
[Topology][Hub] Hub: Capacity
[Topology][Hub] Satellites: 5
[Topology][Hub] Connections: 5
[Topology][Flow] Generating flow layout
[Topology][Flow] Nodes: 8
[Topology][Flow] Connections: 7
[Topology][Flow] Generating flow layout
[Topology][Flow] Nodes: 2
[Topology][Flow] Connections: 1
[Topology][Flow] Generating flow layout
[Topology][Flow] Nodes: 8
[Topology][Flow] Connections: 7
[Topology][Flow] Generating flow layout
[Topology][Flow] Nodes: 2
[Topology][Flow] Connections: 1
[Topology][Flow] Generating flow layout
[Topology][Flow] Nodes: 8
[Topology][Flow] Connections: 7
[Topology][Flow] Generating flow layout
[Topology][Flow] Nodes: 2
[Topology][Flow] Connections: 1
[Topology][Flow] Generating flow layout
[Topology][Flow] Nodes: 8
[Topology][Flow] Connections: 7
[Topology][Flow] Generating flow layout
[Topology][Flow] Nodes: 2
[Topology][Flow] Connections: 1
[Topology][Flow] Generating flow layout
[Topology][Flow] Nodes: 8
[Topology][Flow] Connections: 7
[Topology][Flow] Generating flow layout
[Topology][Flow] Nodes: 2
[Topology][Flow] Connections: 1
[Topology][Flow] Generating flow layout
[Topology][Flow] Nodes: 8
[Topology][Flow] Connections: 7
[Topology][Flow] Generating flow layout
[Topology][Flow] Nodes: 2
[Topology][Flow] Connections: 1
[Topology][Flow] Generating flow layout
[Topology][Flow] Nodes: 8
[Topology][Flow] Connections: 7
[Topology][Flow] Generating flow layout
[Topology][Flow] Nodes: 2
[Topology][Flow] Connections: 1
[Topology][Flow] Generating flow layout
[Topology][Flow] Nodes: 8
[Topology][Flow] Connections: 7
[Topology][Hub] Generating hub layout
[Topology][Hub] Hub: Delivery
[Topology][Hub] Satellites: 5
[Topology][Hub] Connections: 5
[Topology][Flow] Generating flow layout
[Topology][Flow] Nodes: 8
[Topology][Flow] Connections: 7
[Topology][Hub] Generating hub layout
[Topology][Hub] Hub: Delivery
[Topology][Hub] Satellites: 5
[Topology][Hub] Connections: 5
[Topology][Flow] Generating flow layout
[Topology][Flow] Nodes: 8
[Topology][Flow] Connections: 7
[Topology][Hub] Generating hub layout
[Topology][Hub] Hub: Delivery
[Topology][Hub] Satellites: 5
[Topology][Hub] Connections: 5
[Topology][Flow] Generating flow layout
[Topology][Flow] Nodes: 8
[Topology][Flow] Connections: 7
[Topology][Hub] Generating hub layout
[Topology][Hub] Hub: Delivery
[Topology][Hub] Satellites: 5
[Topology][Hub] Connections: 5
[Topology][Flow] Generating flow layout
[Topology][Flow] Nodes: 8
[Topology][Flow] Connections: 7
[Topology][Hub] Generating hub layout
[Topology][Hub] Hub: Delivery
[Topology][Hub] Satellites: 5
[Topology][Hub] Connections: 5
[Topology][Flow] Generating flow layout
[Topology][Flow] Nodes: 8
[Topology][Flow] Connections: 7
[Topology][Hub] Generating hub layout
[Topology][Hub] Hub: Delivery
[Topology][Hub] Satellites: 5
[Topology][Hub] Connections: 5
[Topology][Flow] Generating flow layout
[Topology][Flow] Nodes: 8
[Topology][Flow] Connections: 7
[Topology][Hub] Generating hub layout
[Topology][Hub] Hub: Delivery
[Topology][Hub] Satellites: 5
[Topology][Hub] Connections: 5
[Topology][Flow] Generating flow layout
[Topology][Flow] Nodes: 8
[Topology][Flow] Connections: 7
[Topology][Hub] Generating hub layout
[Topology][Hub] Hub: Delivery
[Topology][Hub] Satellites: 5
[Topology][Hub] Connections: 5
[Topology][Flow] Generating flow layout
[Topology][Flow] Nodes: 8
[Topology][Flow] Connections: 7
[Topology][Flow] Generating flow layout
[Topology][Flow] Nodes: 2
[Topology][Flow] Connections: 1
[Topology][Flow] Generating flow layout
[Topology][Flow] Nodes: 8
[Topology][Flow] Connections: 7
[Topology][Flow] Generating flow layout
[Topology][Flow] Nodes: 2
[Topology][Flow] Connections: 1
[Topology][Flow] Generating flow layout
[Topology][Flow] Nodes: 8
[Topology][Flow] Connections: 7
[Topology][Flow] Generating flow layout
[Topology][Flow] Nodes: 2
[Topology][Flow] Connections: 1
[Topology][Flow] Generating flow layout
[Topology][Flow] Nodes: 8
[Topology][Flow] Connections: 7
[Topology][Hub] Generating hub layout
[Topology][Hub] Hub: Delivery
[Topology][Hub] Satellites: 5
[Topology][Hub] Connections: 5
[Topology][Flow] Generating flow layout
[Topology][Flow] Nodes: 8
[Topology][Flow] Connections: 7
[Topology][Hub] Generating hub layout
[Topology][Hub] Hub: Delivery
[Topology][Hub] Satellites: 5
[Topology][Hub] Connections: 5
[Topology][Flow] Generating flow layout
[Topology][Flow] Nodes: 8
[Topology][Flow] Connections: 7
[Topology][Hub] Generating hub layout
[Topology][Hub] Hub: Delivery
[Topology][Hub] Satellites: 5
[Topology][Hub] Connections: 5
[Topology][Flow] Generating flow layout
[Topology][Flow] Nodes: 8
[Topology][Flow] Connections: 7
[Topology][Hub] Generating hub layout
[Topology][Hub] Hub: Delivery
[Topology][Hub] Satellites: 5
[Topology][Hub] Connections: 5
[Topology][Flow] Generating flow layout
[Topology][Flow] Nodes: 8
[Topology][Flow] Connections: 7
[Topology][Hub] Generating hub layout
[Topology][Hub] Hub: Capacity
[Topology][Hub] Satellites: 5
[Topology][Hub] Connections: 5
[Topology][Flow] Generating flow layout
[Topology][Flow] Nodes: 8
[Topology][Flow] Connections: 7
[Topology][Hub] Generating hub layout
[Topology][Hub] Hub: Capacity
[Topology][Hub] Satellites: 5
[Topology][Hub] Connections: 5
[Topology][Flow] Generating flow layout
[Topology][Flow] Nodes: 8
[Topology][Flow] Connections: 7
[Topology][Hub] Generating hub layout
[Topology][Hub] Hub: Capacity
[Topology][Hub] Satellites: 5
[Topology][Hub] Connections: 5
[Topology][Flow] Generating flow layout
[Topology][Flow] Nodes: 8
[Topology][Flow] Connections: 7
[Topology][Hub] Generating hub layout
[Topology][Hub] Hub: Capacity
[Topology][Hub] Satellites: 5
[Topology][Hub] Connections: 5
[Topology][Flow] Generating flow layout
[Topology][Flow] Nodes: 8
[Topology][Flow] Connections: 7
[Topology][Hub] Generating hub layout
[Topology][Hub] Hub: Capacity
[Topology][Hub] Satellites: 5
[Topology][Hub] Connections: 5
[Topology][Flow] Generating flow layout
[Topology][Flow] Nodes: 8
[Topology][Flow] Connections: 7
[Topology][Hub] Generating hub layout
[Topology][Hub] Hub: Capacity
[Topology][Hub] Satellites: 5
[Topology][Hub] Connections: 5
[Topology][Flow] Generating flow layout
[Topology][Flow] Nodes: 8
[Topology][Flow] Connections: 7
[Topology][Hub] Generating hub layout
[Topology][Hub] Hub: Capacity
[Topology][Hub] Satellites: 5
[Topology][Hub] Connections: 5
[Topology][Flow] Generating flow layout
[Topology][Flow] Nodes: 8
[Topology][Flow] Connections: 7
[Topology][Hub] Generating hub layout
[Topology][Hub] Hub: Capacity
[Topology][Hub] Satellites: 5
[Topology][Hub] Connections: 5
[Topology][Flow] Generating flow layout
[Topology][Flow] Nodes: 8
[Topology][Flow] Connections: 7
[Topology][Flow] Generating flow layout
[Topology][Flow] Nodes: 2
[Topology][Flow] Connections: 1
[Topology][Flow] Generating flow layout
[Topology][Flow] Nodes: 8
[Topology][Flow] Connections: 7
[Topology][Flow] Generating flow layout
[Topology][Flow] Nodes: 2
[Topology][Flow] Connections: 1
[Topology][Flow] Generating flow layout
[Topology][Flow] Nodes: 8
[Topology][Flow] Connections: 7
[Topology][Flow] Generating flow layout
[Topology][Flow] Nodes: 2
[Topology][Flow] Connections: 1
[Topology][Flow] Generating flow layout
[Topology][Flow] Nodes: 8
[Topology][Flow] Connections: 7
[Topology][Hub] Generating hub layout
[Topology][Hub] Hub: Capacity
[Topology][Hub] Satellites: 5
[Topology][Hub] Connections: 5
[Topology][Flow] Generating flow layout
[Topology][Flow] Nodes: 8
[Topology][Flow] Connections: 7
[Topology][Hub] Generating hub layout
[Topology][Hub] Hub: Capacity
[Topology][Hub] Satellites: 5
[Topology][Hub] Connections: 5
[Topology][Flow] Generating flow layout
[Topology][Flow] Nodes: 8
[Topology][Flow] Connections: 7
[Topology][Hub] Generating hub layout
[Topology][Hub] Hub: Capacity
[Topology][Hub] Satellites: 5
[Topology][Hub] Connections: 5
[Topology][Flow] Generating flow layout
[Topology][Flow] Nodes: 8
[Topology][Flow] Connections: 7
[Topology][Hub] Generating hub layout
[Topology][Hub] Hub: Capacity
[Topology][Hub] Satellites: 5
[Topology][Hub] Connections: 5
[Topology][Flow] Generating flow layout
[Topology][Flow] Nodes: 8
[Topology][Flow] Connections: 7
[Topology][Flow] Generating flow layout
[Topology][Flow] Nodes: 2
[Topology][Flow] Connections: 1
[Topology][Flow] Generating flow layout
[Topology][Flow] Nodes: 8
[Topology][Flow] Connections: 7
[Topology][Flow] Generating flow layout
[Topology][Flow] Nodes: 2
[Topology][Flow] Connections: 1
[Topology][Flow] Generating flow layout
[Topology][Flow] Nodes: 8
[Topology][Flow] Connections: 7
[Topology][Flow] Generating flow layout
[Topology][Flow] Nodes: 2
[Topology][Flow] Connections: 1
[Topology][Flow] Generating flow layout
[Topology][Flow] Nodes: 8
[Topology][Flow] Connections: 7
[Topology][Flow] Generating flow layout
[Topology][Flow] Nodes: 2
[Topology][Flow] Connections: 1
[Topology][Flow] Generating flow layout
[Topology][Flow] Nodes: 8
[Topology][Flow] Connections: 7
[Topology][Flow] Generating flow layout
[Topology][Flow] Nodes: 2
[Topology][Flow] Connections: 1
[Topology][Flow] Generating flow layout
[Topology][Flow] Nodes: 8
[Topology][Flow] Connections: 7
[Topology][Flow] Generating flow layout
[Topology][Flow] Nodes: 2
[Topology][Flow] Connections: 1
[Topology][Flow] Generating flow layout
[Topology][Flow] Nodes: 8
[Topology][Flow] Connections: 7
[Topology][Flow] Generating flow layout
[Topology][Flow] Nodes: 2
[Topology][Flow] Connections: 1
[Topology][Flow] Generating flow layout
[Topology][Flow] Nodes: 8
[Topology][Flow] Connections: 7
[Topology][Flow] Generating flow layout
[Topology][Flow] Nodes: 2
[Topology][Flow] Connections: 1
[Topology][Flow] Generating flow layout
[Topology][Flow] Nodes: 8
[Topology][Flow] Connections: 7
[Topology][Hub] Generating hub layout
[Topology][Hub] Hub: Delivery
[Topology][Hub] Satellites: 5
[Topology][Hub] Connections: 5
[Topology][Flow] Generating flow layout
[Topology][Flow] Nodes: 8
[Topology][Flow] Connections: 7
[Topology][Hub] Generating hub layout
[Topology][Hub] Hub: Delivery
[Topology][Hub] Satellites: 5
[Topology][Hub] Connections: 5
[Topology][Flow] Generating flow layout
[Topology][Flow] Nodes: 8
[Topology][Flow] Connections: 7
[Topology][Hub] Generating hub layout
[Topology][Hub] Hub: Delivery
[Topology][Hub] Satellites: 5
[Topology][Hub] Connections: 5
[Topology][Flow] Generating flow layout
[Topology][Flow] Nodes: 8
[Topology][Flow] Connections: 7
[Topology][Hub] Generating hub layout
[Topology][Hub] Hub: Risk
[Topology][Hub] Satellites: 3
[Topology][Hub] Connections: 3
[Topology][Flow] Generating flow layout
[Topology][Flow] Nodes: 8
[Topology][Flow] Connections: 7
[Topology][Hub] Generating hub layout
[Topology][Hub] Hub: Risk
[Topology][Hub] Satellites: 3
[Topology][Hub] Connections: 3
[Topology][Flow] Generating flow layout
[Topology][Flow] Nodes: 8
[Topology][Flow] Connections: 7
[Topology][Hub] Generating hub layout
[Topology][Hub] Hub: Risk
[Topology][Hub] Satellites: 3
[Topology][Hub] Connections: 3
[Topology][Flow] Generating flow layout
[Topology][Flow] Nodes: 8
[Topology][Flow] Connections: 7
[Topology][Hub] Generating hub layout
[Topology][Hub] Hub: Risk
[Topology][Hub] Satellites: 3
[Topology][Hub] Connections: 3
[Topology][Flow] Generating flow layout
[Topology][Flow] Nodes: 8
[Topology][Flow] Connections: 7
[Topology][Hub] Generating hub layout
[Topology][Hub] Hub: Inventory
[Topology][Hub] Satellites: 3
[Topology][Hub] Connections: 3
[Topology][Flow] Generating flow layout
[Topology][Flow] Nodes: 8
[Topology][Flow] Connections: 7
[Topology][Hub] Generating hub layout
[Topology][Hub] Hub: Inventory
[Topology][Hub] Satellites: 3
[Topology][Hub] Connections: 3
[Topology][Flow] Generating flow layout
[Topology][Flow] Nodes: 8
[Topology][Flow] Connections: 7
[Topology][Hub] Generating hub layout
[Topology][Hub] Hub: Inventory
[Topology][Hub] Satellites: 3
[Topology][Hub] Connections: 3
[Topology][Flow] Generating flow layout
[Topology][Flow] Nodes: 8
[Topology][Flow] Connections: 7
[Topology][Hub] Generating hub layout
[Topology][Hub] Hub: Inventory
[Topology][Hub] Satellites: 3
[Topology][Hub] Connections: 3
[Topology][Flow] Generating flow layout
[Topology][Flow] Nodes: 8
[Topology][Flow] Connections: 7
[Topology][Hub] Generating hub layout
[Topology][Hub] Hub: Inventory
[Topology][Hub] Satellites: 3
[Topology][Hub] Connections: 3
[Topology][Flow] Generating flow layout
[Topology][Flow] Nodes: 8
[Topology][Flow] Connections: 7
[Topology][Hub] Generating hub layout
[Topology][Hub] Hub: Inventory
[Topology][Hub] Satellites: 3
[Topology][Hub] Connections: 3
[Topology][Flow] Generating flow layout
[Topology][Flow] Nodes: 8
[Topology][Flow] Connections: 7
[Topology][Hub] Generating hub layout
[Topology][Hub] Hub: Inventory
[Topology][Hub] Satellites: 3
[Topology][Hub] Connections: 3
[Topology][Flow] Generating flow layout
[Topology][Flow] Nodes: 8
[Topology][Flow] Connections: 7
[Topology][Hub] Generating hub layout
[Topology][Hub] Hub: Inventory
[Topology][Hub] Satellites: 3
[Topology][Hub] Connections: 3
[Topology][Flow] Generating flow layout
[Topology][Flow] Nodes: 8
[Topology][Flow] Connections: 7
[Topology][Flow] Generating flow layout
[Topology][Flow] Nodes: 2
[Topology][Flow] Connections: 1
[Topology][Flow] Generating flow layout
[Topology][Flow] Nodes: 8
[Topology][Flow] Connections: 7
[Topology][Flow] Generating flow layout
[Topology][Flow] Nodes: 2
[Topology][Flow] Connections: 1
[Topology][Flow] Generating flow layout
[Topology][Flow] Nodes: 8
[Topology][Flow] Connections: 7
[Topology][Flow] Generating flow layout
[Topology][Flow] Nodes: 2
[Topology][Flow] Connections: 1
[Topology][Flow] Generating flow layout
[Topology][Flow] Nodes: 8
[Topology][Flow] Connections: 7
[Topology][Hub] Generating hub layout
[Topology][Hub] Hub: Inventory
[Topology][Hub] Satellites: 3
[Topology][Hub] Connections: 3
[Topology][Flow] Generating flow layout
[Topology][Flow] Nodes: 8
[Topology][Flow] Connections: 7
[Topology][Hub] Generating hub layout
[Topology][Hub] Hub: Inventory
[Topology][Hub] Satellites: 3
[Topology][Hub] Connections: 3
[Topology][Flow] Generating flow layout
[Topology][Flow] Nodes: 8
[Topology][Flow] Connections: 7
[Topology][Hub] Generating hub layout
[Topology][Hub] Hub: Inventory
[Topology][Hub] Satellites: 3
[Topology][Hub] Connections: 3
[Topology][Flow] Generating flow layout
[Topology][Flow] Nodes: 8
[Topology][Flow] Connections: 7
[Topology][Hub] Generating hub layout
[Topology][Hub] Hub: Inventory
[Topology][Hub] Satellites: 3
[Topology][Hub] Connections: 3
[Topology][Flow] Generating flow layout
[Topology][Flow] Nodes: 8
[Topology][Flow] Connections: 7
[Topology][Flow] Generating flow layout
[Topology][Flow] Nodes: 2
[Topology][Flow] Connections: 1
[Topology][Flow] Generating flow layout
[Topology][Flow] Nodes: 8
[Topology][Flow] Connections: 7
[Topology][Flow] Generating flow layout
[Topology][Flow] Nodes: 2
[Topology][Flow] Connections: 1
[Topology][Flow] Generating flow layout
[Topology][Flow] Nodes: 8
[Topology][Flow] Connections: 7
[Topology][Flow] Generating flow layout
[Topology][Flow] Nodes: 2
[Topology][Flow] Connections: 1
[Topology][Flow] Generating flow layout
[Topology][Flow] Nodes: 8
[Topology][Flow] Connections: 7
[Topology][Flow] Generating flow layout
[Topology][Flow] Nodes: 2
[Topology][Flow] Connections: 1
[Topology][Flow] Generating flow layout
[Topology][Flow] Nodes: 8
[Topology][Flow] Connections: 7
[Topology][Flow] Generating flow layout
[Topology][Flow] Nodes: 2
[Topology][Flow] Connections: 1
[Topology][Flow] Generating flow layout
[Topology][Flow] Nodes: 8
[Topology][Flow] Connections: 7
[Topology][Flow] Generating flow layout
[Topology][Flow] Nodes: 2
[Topology][Flow] Connections: 1
[Topology][Flow] Generating flow layout
[Topology][Flow] Nodes: 8
[Topology][Flow] Connections: 7
[Topology][Flow] Generating flow layout
[Topology][Flow] Nodes: 2
[Topology][Flow] Connections: 1
[Topology][Flow] Generating flow layout
[Topology][Flow] Nodes: 8
[Topology][Flow] Connections: 7
[Topology][Flow] Generating flow layout
[Topology][Flow] Nodes: 2
[Topology][Flow] Connections: 1
[Topology][Flow] Generating flow layout
[Topology][Flow] Nodes: 8
[Topology][Flow] Connections: 7
[Topology][Flow] Generating flow layout
[Topology][Flow] Nodes: 2
[Topology][Flow] Connections: 1
[Topology][Flow] Generating flow layout
[Topology][Flow] Nodes: 8
[Topology][Flow] Connections: 7
[Topology][Flow] Generating flow layout
[Topology][Flow] Nodes: 2
[Topology][Flow] Connections: 1
[Topology][Flow] Generating flow layout
[Topology][Flow] Nodes: 8
[Topology][Flow] Connections: 7
[Topology][Flow] Generating flow layout
[Topology][Flow] Nodes: 2
[Topology][Flow] Connections: 1
[Topology][Flow] Generating flow layout
[Topology][Flow] Nodes: 8
[Topology][Flow] Connections: 7
[Topology][Flow] Generating flow layout
[Topology][Flow] Nodes: 2
[Topology][Flow] Connections: 1
[Topology][Flow] Generating flow layout
[Topology][Flow] Nodes: 8
[Topology][Flow] Connections: 7
[Topology][Flow] Generating flow layout
[Topology][Flow] Nodes: 2
[Topology][Flow] Connections: 1
[Topology][Flow] Generating flow layout
[Topology][Flow] Nodes: 8
[Topology][Flow] Connections: 7
[Topology][Flow] Generating flow layout
[Topology][Flow] Nodes: 2
[Topology][Flow] Connections: 1
[Topology][Flow] Generating flow layout
[Topology][Flow] Nodes: 8
[Topology][Flow] Connections: 7
[Topology][Flow] Generating flow layout
[Topology][Flow] Nodes: 2
[Topology][Flow] Connections: 1
[Topology][Flow] Generating flow layout
[Topology][Flow] Nodes: 8
[Topology][Flow] Connections: 7
[Topology][Flow] Generating flow layout
[Topology][Flow] Nodes: 2
[Topology][Flow] Connections: 1
[Topology][Flow] Generating flow layout
[Topology][Flow] Nodes: 8
[Topology][Flow] Connections: 7
[Topology][Flow] Generating flow layout
[Topology][Flow] Nodes: 2
[Topology][Flow] Connections: 1
[Topology][Flow] Generating flow layout
[Topology][Flow] Nodes: 8
[Topology][Flow] Connections: 7
[Topology][Flow] Generating flow layout
[Topology][Flow] Nodes: 2
[Topology][Flow] Connections: 1
[Topology][Flow] Generating flow layout
[Topology][Flow] Nodes: 8
[Topology][Flow] Connections: 7
[Topology][Flow] Generating flow layout
[Topology][Flow] Nodes: 2
[Topology][Flow] Connections: 1
[Topology][Flow] Generating flow layout
[Topology][Flow] Nodes: 8
[Topology][Flow] Connections: 7
[Topology][Flow] Generating flow layout
[Topology][Flow] Nodes: 2
[Topology][Flow] Connections: 1
[Topology][Flow] Generating flow layout
[Topology][Flow] Nodes: 8
[Topology][Flow] Connections: 7
[Topology][Flow] Generating flow layout
[Topology][Flow] Nodes: 2
[Topology][Flow] Connections: 1
[Topology][Flow] Generating flow layout
[Topology][Flow] Nodes: 8
[Topology][Flow] Connections: 7
[Topology][Flow] Generating flow layout
[Topology][Flow] Nodes: 2
[Topology][Flow] Connections: 1
[Topology][Flow] Generating flow layout
[Topology][Flow] Nodes: 8
[Topology][Flow] Connections: 7
[Topology][Flow] Generating flow layout
[Topology][Flow] Nodes: 2
[Topology][Flow] Connections: 1
[Topology][Flow] Generating flow layout
[Topology][Flow] Nodes: 8
[Topology][Flow] Connections: 7
[Topology][Flow] Generating flow layout
[Topology][Flow] Nodes: 2
[Topology][Flow] Connections: 1
[Topology][Flow] Generating flow layout
[Topology][Flow] Nodes: 8
[Topology][Flow] Connections: 7
[Topology][Flow] Generating flow layout
[Topology][Flow] Nodes: 2
[Topology][Flow] Connections: 1
[Topology][Flow] Generating flow layout
[Topology][Flow] Nodes: 8
[Topology][Flow] Connections: 7
[Topology][Flow] Generating flow layout
[Topology][Flow] Nodes: 2
[Topology][Flow] Connections: 1
[Topology][Flow] Generating flow layout
[Topology][Flow] Nodes: 8
[Topology][Flow] Connections: 7
[Topology][Flow] Generating flow layout
[Topology][Flow] Nodes: 2
[Topology][Flow] Connections: 1
[Topology][Flow] Generating flow layout
[Topology][Flow] Nodes: 8
[Topology][Flow] Connections: 7
[Topology][Flow] Generating flow layout
[Topology][Flow] Nodes: 2
[Topology][Flow] Connections: 1
[Topology][Flow] Generating flow layout
[Topology][Flow] Nodes: 8
[Topology][Flow] Connections: 7
[Topology][Flow] Generating flow layout
[Topology][Flow] Nodes: 2
[Topology][Flow] Connections: 1
[Topology][Flow] Generating flow layout
[Topology][Flow] Nodes: 8
[Topology][Flow] Connections: 7
[Topology][Flow] Generating flow layout
[Topology][Flow] Nodes: 2
[Topology][Flow] Connections: 1
[Topology][Flow] Generating flow layout
[Topology][Flow] Nodes: 8
[Topology][Flow] Connections: 7
[Topology][Flow] Generating flow layout
[Topology][Flow] Nodes: 2
[Topology][Flow] Connections: 1
[Topology][Flow] Generating flow layout
[Topology][Flow] Nodes: 8
[Topology][Flow] Connections: 7
[Topology][Flow] Generating flow layout
[Topology][Flow] Nodes: 2
[Topology][Flow] Connections: 1
[Topology][Flow] Generating flow layout
[Topology][Flow] Nodes: 8
[Topology][Flow] Connections: 7
[Topology][Flow] Generating flow layout
[Topology][Flow] Nodes: 2
[Topology][Flow] Connections: 1
[Topology][Flow] Generating flow layout
[Topology][Flow] Nodes: 8
[Topology][Flow] Connections: 7
[Topology][Flow] Generating flow layout
[Topology][Flow] Nodes: 2
[Topology][Flow] Connections: 1
[Topology][Flow] Generating flow layout
[Topology][Flow] Nodes: 8
[Topology][Flow] Connections: 7
[Topology][Flow] Generating flow layout
[Topology][Flow] Nodes: 2
[Topology][Flow] Connections: 1
[Topology][Flow] Generating flow layout
[Topology][Flow] Nodes: 8
[Topology][Flow] Connections: 7
[Topology][Flow] Generating flow layout
[Topology][Flow] Nodes: 2
[Topology][Flow] Connections: 1
[Topology][Flow] Generating flow layout
[Topology][Flow] Nodes: 8
[Topology][Flow] Connections: 7
[Topology][Flow] Generating flow layout
[Topology][Flow] Nodes: 2
[Topology][Flow] Connections: 1
[Topology][Flow] Generating flow layout
[Topology][Flow] Nodes: 8
[Topology][Flow] Connections: 7
[Topology][Flow] Generating flow layout
[Topology][Flow] Nodes: 2
[Topology][Flow] Connections: 1
[Topology][Flow] Generating flow layout
[Topology][Flow] Nodes: 8
[Topology][Flow] Connections: 7
[Topology][Flow] Generating flow layout
[Topology][Flow] Nodes: 2
[Topology][Flow] Connections: 1
[Topology][Flow] Generating flow layout
[Topology][Flow] Nodes: 8
[Topology][Flow] Connections: 7
[Topology][Flow] Generating flow layout
[Topology][Flow] Nodes: 2
[Topology][Flow] Connections: 1
[Topology][Flow] Generating flow layout
[Topology][Flow] Nodes: 8
[Topology][Flow] Connections: 7
[Topology][Flow] Generating flow layout
[Topology][Flow] Nodes: 2
[Topology][Flow] Connections: 1
[Topology][Flow] Generating flow layout
[Topology][Flow] Nodes: 8
[Topology][Flow] Connections: 7
[Topology][Flow] Generating flow layout
[Topology][Flow] Nodes: 2
[Topology][Flow] Connections: 1
[Topology][Flow] Generating flow layout
[Topology][Flow] Nodes: 8
[Topology][Flow] Connections: 7
[Topology][Flow] Generating flow layout
[Topology][Flow] Nodes: 2
[Topology][Flow] Connections: 1
[Topology][Flow] Generating flow layout
[Topology][Flow] Nodes: 8
[Topology][Flow] Connections: 7
[Topology][Flow] Generating flow layout
[Topology][Flow] Nodes: 2
[Topology][Flow] Connections: 1
[Topology][Flow] Generating flow layout
[Topology][Flow] Nodes: 8
[Topology][Flow] Connections: 7
[Topology][Flow] Generating flow layout
[Topology][Flow] Nodes: 2
[Topology][Flow] Connections: 1
[Topology][Flow] Generating flow layout
[Topology][Flow] Nodes: 8
[Topology][Flow] Connections: 7
[Topology][Flow] Generating flow layout
[Topology][Flow] Nodes: 2
[Topology][Flow] Connections: 1
[Topology][Flow] Generating flow layout
[Topology][Flow] Nodes: 8
[Topology][Flow] Connections: 7
[Topology][Flow] Generating flow layout
[Topology][Flow] Nodes: 2
[Topology][Flow] Connections: 1
[Topology][Flow] Generating flow layout
[Topology][Flow] Nodes: 8
[Topology][Flow] Connections: 7
[Topology][Flow] Generating flow layout
[Topology][Flow] Nodes: 2
[Topology][Flow] Connections: 1
[Topology][Flow] Generating flow layout
[Topology][Flow] Nodes: 8
[Topology][Flow] Connections: 7
[Topology][Flow] Generating flow layout
[Topology][Flow] Nodes: 2
[Topology][Flow] Connections: 1
[Topology][Flow] Generating flow layout
[Topology][Flow] Nodes: 8
[Topology][Flow] Connections: 7
[Topology][Flow] Generating flow layout
[Topology][Flow] Nodes: 2
[Topology][Flow] Connections: 1
[Topology][Flow] Generating flow layout
[Topology][Flow] Nodes: 8
[Topology][Flow] Connections: 7
[Topology][Flow] Generating flow layout
[Topology][Flow] Nodes: 2
[Topology][Flow] Connections: 1
[Topology][Flow] Generating flow layout
[Topology][Flow] Nodes: 8
[Topology][Flow] Connections: 7
[Topology][Flow] Generating flow layout
[Topology][Flow] Nodes: 2
[Topology][Flow] Connections: 1
[Topology][Flow] Generating flow layout
[Topology][Flow] Nodes: 8
[Topology][Flow] Connections: 7
[Topology][Flow] Generating flow layout
[Topology][Flow] Nodes: 2
[Topology][Flow] Connections: 1
[Topology][Flow] Generating flow layout
[Topology][Flow] Nodes: 8
[Topology][Flow] Connections: 7
[Topology][Flow] Generating flow layout
[Topology][Flow] Nodes: 2
[Topology][Flow] Connections: 1
[Topology][Flow] Generating flow layout
[Topology][Flow] Nodes: 8
[Topology][Flow] Connections: 7
[Topology][Flow] Generating flow layout
[Topology][Flow] Nodes: 2
[Topology][Flow] Connections: 1
[Topology][Flow] Generating flow layout
[Topology][Flow] Nodes: 8
[Topology][Flow] Connections: 7
[Topology][Flow] Generating flow layout
[Topology][Flow] Nodes: 2
[Topology][Flow] Connections: 1
[Topology][Flow] Generating flow layout
[Topology][Flow] Nodes: 8
[Topology][Flow] Connections: 7
[Topology][Flow] Generating flow layout
[Topology][Flow] Nodes: 2
[Topology][Flow] Connections: 1
[Topology][Flow] Generating flow layout
[Topology][Flow] Nodes: 8
[Topology][Flow] Connections: 7
[Topology][Flow] Generating flow layout
[Topology][Flow] Nodes: 2
[Topology][Flow] Connections: 1
[Topology][Flow] Generating flow layout
[Topology][Flow] Nodes: 8
[Topology][Flow] Connections: 7
[Topology][Flow] Generating flow layout
[Topology][Flow] Nodes: 2
[Topology][Flow] Connections: 1
[Topology][Flow] Generating flow layout
[Topology][Flow] Nodes: 8
[Topology][Flow] Connections: 7
[Topology][Flow] Generating flow layout
[Topology][Flow] Nodes: 2
[Topology][Flow] Connections: 1
[Topology][Flow] Generating flow layout
[Topology][Flow] Nodes: 8
[Topology][Flow] Connections: 7
[Topology][Hub] Generating hub layout
[Topology][Hub] Hub: Delivery
[Topology][Hub] Satellites: 5
[Topology][Hub] Connections: 5
[Topology][Flow] Generating flow layout
[Topology][Flow] Nodes: 8
[Topology][Flow] Connections: 7
[Topology][Hub] Generating hub layout
[Topology][Hub] Hub: Delivery
[Topology][Hub] Satellites: 5
[Topology][Hub] Connections: 5
[Topology][Flow] Generating flow layout
[Topology][Flow] Nodes: 8
[Topology][Flow] Connections: 7
[Topology][Flow] Generating flow layout
[Topology][Flow] Nodes: 2
[Topology][Flow] Connections: 1
[Topology][Flow] Generating flow layout
[Topology][Flow] Nodes: 8
[Topology][Flow] Connections: 7
[Topology][Flow] Generating flow layout
[Topology][Flow] Nodes: 2
[Topology][Flow] Connections: 1
[Topology][Flow] Generating flow layout
[Topology][Flow] Nodes: 8
[Topology][Flow] Connections: 7
[Topology][Hub] Generating hub layout
[Topology][Hub] Hub: Delivery
[Topology][Hub] Satellites: 5
[Topology][Hub] Connections: 5
[Topology][Flow] Generating flow layout
[Topology][Flow] Nodes: 8
[Topology][Flow] Connections: 7
[Topology][Hub] Generating hub layout
[Topology][Hub] Hub: Capacity
[Topology][Hub] Satellites: 5
[Topology][Hub] Connections: 5
[Topology][Flow] Generating flow layout
[Topology][Flow] Nodes: 8
[Topology][Flow] Connections: 7
[Topology][Hub] Generating hub layout
[Topology][Hub] Hub: Capacity
[Topology][Hub] Satellites: 5
[Topology][Hub] Connections: 5
[Topology][Flow] Generating flow layout
[Topology][Flow] Nodes: 8
[Topology][Flow] Connections: 7
[Topology][Hub] Generating hub layout
[Topology][Hub] Hub: Capacity
[Topology][Hub] Satellites: 5
[Topology][Hub] Connections: 5
[Topology][Flow] Generating flow layout
[Topology][Flow] Nodes: 8
[Topology][Flow] Connections: 7
[Topology][Hub] Generating hub layout
[Topology][Hub] Hub: Delivery
[Topology][Hub] Satellites: 5
[Topology][Hub] Connections: 5
[Topology][Flow] Generating flow layout
[Topology][Flow] Nodes: 8
[Topology][Flow] Connections: 7
[Topology][Hub] Generating hub layout
[Topology][Hub] Hub: Delivery
[Topology][Hub] Satellites: 5
[Topology][Hub] Connections: 5
[Topology][Flow] Generating flow layout
[Topology][Flow] Nodes: 8
[Topology][Flow] Connections: 7
[Topology][Hub] Generating hub layout
[Topology][Hub] Hub: Delivery
[Topology][Hub] Satellites: 5
[Topology][Hub] Connections: 5
[Topology][Flow] Generating flow layout
[Topology][Flow] Nodes: 8
[Topology][Flow] Connections: 7
[Topology][Hub] Generating hub layout
[Topology][Hub] Hub: Delivery
[Topology][Hub] Satellites: 5
[Topology][Hub] Connections: 5
[Topology][Flow] Generating flow layout
[Topology][Flow] Nodes: 8
[Topology][Flow] Connections: 7
[Topology][Hub] Generating hub layout
[Topology][Hub] Hub: Capacity
[Topology][Hub] Satellites: 5
[Topology][Hub] Connections: 5
[Topology][Flow] Generating flow layout
[Topology][Flow] Nodes: 8
[Topology][Flow] Connections: 7
[Topology][Hub] Generating hub layout
[Topology][Hub] Hub: Capacity
[Topology][Hub] Satellites: 5
[Topology][Hub] Connections: 5
[Topology][Flow] Generating flow layout
[Topology][Flow] Nodes: 8
[Topology][Flow] Connections: 7
[Topology][Hub] Generating hub layout
[Topology][Hub] Hub: Capacity
[Topology][Hub] Satellites: 5
[Topology][Hub] Connections: 5
[Topology][Flow] Generating flow layout
[Topology][Flow] Nodes: 8
[Topology][Flow] Connections: 7
[Topology][Hub] Generating hub layout
[Topology][Hub] Hub: Delivery
[Topology][Hub] Satellites: 5
[Topology][Hub] Connections: 5
[Topology][Flow] Generating flow layout
[Topology][Flow] Nodes: 8
[Topology][Flow] Connections: 7
[Topology][Hub] Generating hub layout
[Topology][Hub] Hub: Capacity
[Topology][Hub] Satellites: 5
[Topology][Hub] Connections: 5
[Topology][Flow] Generating flow layout
[Topology][Flow] Nodes: 8
[Topology][Flow] Connections: 7
[Topology][Hub] Generating hub layout
[Topology][Hub] Hub: Capacity
[Topology][Hub] Satellites: 5
[Topology][Hub] Connections: 5
[Topology][Flow] Generating flow layout
[Topology][Flow] Nodes: 8
[Topology][Flow] Connections: 7
[Topology][Hub] Generating hub layout
[Topology][Hub] Hub: Capacity
[Topology][Hub] Satellites: 5
[Topology][Hub] Connections: 5
▶ NEX-MVP-FINAL:6.3 Smart Clarification & Correction
  ✔ has FINAL:6.3 identity and does not create competing engines (0.866958ms)
  ✔ does not encode unseen correction sentences in production (0.339083ms)
  ✔ meets corpus size (0.250125ms)
  ✔ does not ask unnecessary clarification (466.76925ms)
  ✔ certifies clarification/correction dialogues (3462.236125ms)
  ✔ classifies correction speech acts in 6.1 (1.474334ms)
  ✔ resumes EXPLAIN after a short clarification answer (65.641333ms)
  ✔ repairs context so later it refers to the correction (69.22825ms)
  ✔ clears pending clarification on session reset (53.336417ms)
  ✔ does not treat yes as decision authorization during clarification (84.044542ms)
✔ NEX-MVP-FINAL:6.3 Smart Clarification & Correction (4206.867083ms)
[Topology][Flow] Generating flow layout
[Topology][Flow] Nodes: 8
[Topology][Flow] Connections: 7
[Topology][Hub] Generating hub layout
[Topology][Hub] Hub: Delivery
[Topology][Hub] Satellites: 5
[Topology][Hub] Connections: 5
[Topology][Flow] Generating flow layout
[Topology][Flow] Nodes: 8
[Topology][Flow] Connections: 7
[Topology][Hub] Generating hub layout
[Topology][Hub] Hub: Delivery
[Topology][Hub] Satellites: 5
[Topology][Hub] Connections: 5
[Topology][Flow] Generating flow layout
[Topology][Flow] Nodes: 8
[Topology][Flow] Connections: 7
[Topology][Hub] Generating hub layout
[Topology][Hub] Hub: Delivery
[Topology][Hub] Satellites: 5
[Topology][Hub] Connections: 5
[Topology][Flow] Generating flow layout
[Topology][Flow] Nodes: 8
[Topology][Flow] Connections: 7
[Topology][Hub] Generating hub layout
[Topology][Hub] Hub: Delivery
[Topology][Hub] Satellites: 5
[Topology][Hub] Connections: 5
[Topology][Flow] Generating flow layout
[Topology][Flow] Nodes: 8
[Topology][Flow] Connections: 7
[Topology][Hub] Generating hub layout
[Topology][Hub] Hub: Delivery
[Topology][Hub] Satellites: 5
[Topology][Hub] Connections: 5
[Topology][Flow] Generating flow layout
[Topology][Flow] Nodes: 8
[Topology][Flow] Connections: 7
[Topology][Hub] Generating hub layout
[Topology][Hub] Hub: Delivery
[Topology][Hub] Satellites: 5
[Topology][Hub] Connections: 5
[Topology][Flow] Generating flow layout
[Topology][Flow] Nodes: 8
[Topology][Flow] Connections: 7
[Topology][Hub] Generating hub layout
[Topology][Hub] Hub: Delivery
[Topology][Hub] Satellites: 5
[Topology][Hub] Connections: 5
[Topology][Flow] Generating flow layout
[Topology][Flow] Nodes: 8
[Topology][Flow] Connections: 7
[Topology][Hub] Generating hub layout
[Topology][Hub] Hub: Delivery
[Topology][Hub] Satellites: 5
[Topology][Hub] Connections: 5
[Topology][Flow] Generating flow layout
[Topology][Flow] Nodes: 8
[Topology][Flow] Connections: 7
[Topology][Hub] Generating hub layout
[Topology][Hub] Hub: Delivery
[Topology][Hub] Satellites: 5
[Topology][Hub] Connections: 5
[Topology][Flow] Generating flow layout
[Topology][Flow] Nodes: 8
[Topology][Flow] Connections: 7
[Topology][Hub] Generating hub layout
[Topology][Hub] Hub: Delivery
[Topology][Hub] Satellites: 5
[Topology][Hub] Connections: 5
[Topology][Flow] Generating flow layout
[Topology][Flow] Nodes: 8
[Topology][Flow] Connections: 7
[Topology][Hub] Generating hub layout
[Topology][Hub] Hub: Capacity
[Topology][Hub] Satellites: 5
[Topology][Hub] Connections: 5
[Topology][Flow] Generating flow layout
[Topology][Flow] Nodes: 8
[Topology][Flow] Connections: 7
[Topology][Hub] Generating hub layout
[Topology][Hub] Hub: Capacity
[Topology][Hub] Satellites: 5
[Topology][Hub] Connections: 5
[Topology][Flow] Generating flow layout
[Topology][Flow] Nodes: 8
[Topology][Flow] Connections: 7
[Topology][Hub] Generating hub layout
[Topology][Hub] Hub: Delivery
[Topology][Hub] Satellites: 5
[Topology][Hub] Connections: 5
[Topology][Flow] Generating flow layout
[Topology][Flow] Nodes: 8
[Topology][Flow] Connections: 7
[Topology][Hub] Generating hub layout
[Topology][Hub] Hub: Delivery
[Topology][Hub] Satellites: 5
[Topology][Hub] Connections: 5
[Topology][Flow] Generating flow layout
[Topology][Flow] Nodes: 8
[Topology][Flow] Connections: 7
[Topology][Hub] Generating hub layout
[Topology][Hub] Hub: Delivery
[Topology][Hub] Satellites: 5
[Topology][Hub] Connections: 5
[Topology][Flow] Generating flow layout
[Topology][Flow] Nodes: 8
[Topology][Flow] Connections: 7
[Topology][Hub] Generating hub layout
[Topology][Hub] Hub: Delivery
[Topology][Hub] Satellites: 5
[Topology][Hub] Connections: 5
[Topology][Flow] Generating flow layout
[Topology][Flow] Nodes: 8
[Topology][Flow] Connections: 7
[Topology][Hub] Generating hub layout
[Topology][Hub] Hub: Delivery
[Topology][Hub] Satellites: 5
[Topology][Hub] Connections: 5
[Topology][Flow] Generating flow layout
[Topology][Flow] Nodes: 8
[Topology][Flow] Connections: 7
[Topology][Hub] Generating hub layout
[Topology][Hub] Hub: Delivery
[Topology][Hub] Satellites: 5
[Topology][Hub] Connections: 5
[Topology][Flow] Generating flow layout
[Topology][Flow] Nodes: 8
[Topology][Flow] Connections: 7
[Topology][Flow] Generating flow layout
[Topology][Flow] Nodes: 2
[Topology][Flow] Connections: 1
[Topology][Flow] Generating flow layout
[Topology][Flow] Nodes: 8
[Topology][Flow] Connections: 7
[Topology][Flow] Generating flow layout
[Topology][Flow] Nodes: 2
[Topology][Flow] Connections: 1
[Topology][Flow] Generating flow layout
[Topology][Flow] Nodes: 8
[Topology][Flow] Connections: 7
[Topology][Hub] Generating hub layout
[Topology][Hub] Hub: Delivery
[Topology][Hub] Satellites: 5
[Topology][Hub] Connections: 5
[Topology][Flow] Generating flow layout
[Topology][Flow] Nodes: 8
[Topology][Flow] Connections: 7
[Topology][Hub] Generating hub layout
[Topology][Hub] Hub: Capacity
[Topology][Hub] Satellites: 5
[Topology][Hub] Connections: 5
[Topology][Flow] Generating flow layout
[Topology][Flow] Nodes: 8
[Topology][Flow] Connections: 7
[Topology][Hub] Generating hub layout
[Topology][Hub] Hub: Capacity
[Topology][Hub] Satellites: 5
[Topology][Hub] Connections: 5
[Topology][Flow] Generating flow layout
[Topology][Flow] Nodes: 8
[Topology][Flow] Connections: 7
[Topology][Hub] Generating hub layout
[Topology][Hub] Hub: Delivery
[Topology][Hub] Satellites: 5
[Topology][Hub] Connections: 5
[Topology][Flow] Generating flow layout
[Topology][Flow] Nodes: 8
[Topology][Flow] Connections: 7
[Topology][Hub] Generating hub layout
[Topology][Hub] Hub: Delivery
[Topology][Hub] Satellites: 5
[Topology][Hub] Connections: 5
[Topology][Flow] Generating flow layout
[Topology][Flow] Nodes: 8
[Topology][Flow] Connections: 7
[Topology][Flow] Generating flow layout
[Topology][Flow] Nodes: 2
[Topology][Flow] Connections: 1
[Topology][Flow] Generating flow layout
[Topology][Flow] Nodes: 8
[Topology][Flow] Connections: 7
[Topology][Flow] Generating flow layout
[Topology][Flow] Nodes: 2
[Topology][Flow] Connections: 1
[Topology][Flow] Generating flow layout
[Topology][Flow] Nodes: 8
[Topology][Flow] Connections: 7
[Topology][Flow] Generating flow layout
[Topology][Flow] Nodes: 2
[Topology][Flow] Connections: 1
[Topology][Flow] Generating flow layout
[Topology][Flow] Nodes: 8
[Topology][Flow] Connections: 7
[Topology][Flow] Generating flow layout
[Topology][Flow] Nodes: 2
[Topology][Flow] Connections: 1
[Topology][Flow] Generating flow layout
[Topology][Flow] Nodes: 8
[Topology][Flow] Connections: 7
[Topology][Flow] Generating flow layout
[Topology][Flow] Nodes: 2
[Topology][Flow] Connections: 1
[Topology][Flow] Generating flow layout
[Topology][Flow] Nodes: 8
[Topology][Flow] Connections: 7
[Topology][Flow] Generating flow layout
[Topology][Flow] Nodes: 2
[Topology][Flow] Connections: 1
[Topology][Flow] Generating flow layout
[Topology][Flow] Nodes: 8
[Topology][Flow] Connections: 7
[Topology][Hub] Generating hub layout
[Topology][Hub] Hub: Delivery
[Topology][Hub] Satellites: 5
[Topology][Hub] Connections: 5
[Topology][Flow] Generating flow layout
[Topology][Flow] Nodes: 8
[Topology][Flow] Connections: 7
[Topology][Hub] Generating hub layout
[Topology][Hub] Hub: Delivery
[Topology][Hub] Satellites: 5
[Topology][Hub] Connections: 5
[Topology][Flow] Generating flow layout
[Topology][Flow] Nodes: 8
[Topology][Flow] Connections: 7
[Topology][Hub] Generating hub layout
[Topology][Hub] Hub: Delivery
[Topology][Hub] Satellites: 5
[Topology][Hub] Connections: 5
[Topology][Flow] Generating flow layout
[Topology][Flow] Nodes: 8
[Topology][Flow] Connections: 7
[Topology][Flow] Generating flow layout
[Topology][Flow] Nodes: 2
[Topology][Flow] Connections: 1
[Topology][Flow] Generating flow layout
[Topology][Flow] Nodes: 8
[Topology][Flow] Connections: 7
[Topology][Flow] Generating flow layout
[Topology][Flow] Nodes: 2
[Topology][Flow] Connections: 1
[Topology][Flow] Generating flow layout
[Topology][Flow] Nodes: 8
[Topology][Flow] Connections: 7
[Topology][Hub] Generating hub layout
[Topology][Hub] Hub: Delivery
[Topology][Hub] Satellites: 5
[Topology][Hub] Connections: 5
[Topology][Flow] Generating flow layout
[Topology][Flow] Nodes: 8
[Topology][Flow] Connections: 7
[Topology][Hub] Generating hub layout
[Topology][Hub] Hub: Delivery
[Topology][Hub] Satellites: 5
[Topology][Hub] Connections: 5
[Topology][Flow] Generating flow layout
[Topology][Flow] Nodes: 8
[Topology][Flow] Connections: 7
[Topology][Hub] Generating hub layout
[Topology][Hub] Hub: Delivery
[Topology][Hub] Satellites: 5
[Topology][Hub] Connections: 5
[Topology][Flow] Generating flow layout
[Topology][Flow] Nodes: 8
[Topology][Flow] Connections: 7
[Topology][Hub] Generating hub layout
[Topology][Hub] Hub: Delivery
[Topology][Hub] Satellites: 5
[Topology][Hub] Connections: 5
[Topology][Flow] Generating flow layout
[Topology][Flow] Nodes: 8
[Topology][Flow] Connections: 7
[Topology][Hub] Generating hub layout
[Topology][Hub] Hub: Delivery
[Topology][Hub] Satellites: 5
[Topology][Hub] Connections: 5
[Topology][Flow] Generating flow layout
[Topology][Flow] Nodes: 8
[Topology][Flow] Connections: 7
[Topology][Hub] Generating hub layout
[Topology][Hub] Hub: Delivery
[Topology][Hub] Satellites: 5
[Topology][Hub] Connections: 5
[Topology][Flow] Generating flow layout
[Topology][Flow] Nodes: 8
[Topology][Flow] Connections: 7
[Topology][Hub] Generating hub layout
[Topology][Hub] Hub: Delivery
[Topology][Hub] Satellites: 5
[Topology][Hub] Connections: 5
[Topology][Flow] Generating flow layout
[Topology][Flow] Nodes: 8
[Topology][Flow] Connections: 7
[Topology][Hub] Generating hub layout
[Topology][Hub] Hub: Delivery
[Topology][Hub] Satellites: 5
[Topology][Hub] Connections: 5
[Topology][Flow] Generating flow layout
[Topology][Flow] Nodes: 8
[Topology][Flow] Connections: 7
[Topology][Hub] Generating hub layout
[Topology][Hub] Hub: Delivery
[Topology][Hub] Satellites: 5
[Topology][Hub] Connections: 5
[Topology][Flow] Generating flow layout
[Topology][Flow] Nodes: 8
[Topology][Flow] Connections: 7
[Topology][Hub] Generating hub layout
[Topology][Hub] Hub: Delivery
[Topology][Hub] Satellites: 5
[Topology][Hub] Connections: 5
[Topology][Flow] Generating flow layout
[Topology][Flow] Nodes: 8
[Topology][Flow] Connections: 7
[Topology][Hub] Generating hub layout
[Topology][Hub] Hub: Delivery
[Topology][Hub] Satellites: 5
[Topology][Hub] Connections: 5
[Topology][Flow] Generating flow layout
[Topology][Flow] Nodes: 8
[Topology][Flow] Connections: 7
[Topology][Hub] Generating hub layout
[Topology][Hub] Hub: Delivery
[Topology][Hub] Satellites: 5
[Topology][Hub] Connections: 5
[Topology][Flow] Generating flow layout
[Topology][Flow] Nodes: 8
[Topology][Flow] Connections: 7
[Topology][Hub] Generating hub layout
[Topology][Hub] Hub: Delivery
[Topology][Hub] Satellites: 5
[Topology][Hub] Connections: 5
[Topology][Flow] Generating flow layout
[Topology][Flow] Nodes: 8
[Topology][Flow] Connections: 7
[Topology][Hub] Generating hub layout
[Topology][Hub] Hub: Delivery
[Topology][Hub] Satellites: 5
[Topology][Hub] Connections: 5
[Topology][Flow] Generating flow layout
[Topology][Flow] Nodes: 8
[Topology][Flow] Connections: 7
[Topology][Hub] Generating hub layout
[Topology][Hub] Hub: Delivery
[Topology][Hub] Satellites: 5
[Topology][Hub] Connections: 5
[Topology][Flow] Generating flow layout
[Topology][Flow] Nodes: 8
[Topology][Flow] Connections: 7
[Topology][Hub] Generating hub layout
[Topology][Hub] Hub: Delivery
[Topology][Hub] Satellites: 5
[Topology][Hub] Connections: 5
[Topology][Flow] Generating flow layout
[Topology][Flow] Nodes: 8
[Topology][Flow] Connections: 7
[Topology][Hub] Generating hub layout
[Topology][Hub] Hub: Delivery
[Topology][Hub] Satellites: 5
[Topology][Hub] Connections: 5
[Topology][Flow] Generating flow layout
[Topology][Flow] Nodes: 8
[Topology][Flow] Connections: 7
[Topology][Hub] Generating hub layout
[Topology][Hub] Hub: Delivery
[Topology][Hub] Satellites: 5
[Topology][Hub] Connections: 5
[Topology][Flow] Generating flow layout
[Topology][Flow] Nodes: 8
[Topology][Flow] Connections: 7
[Topology][Hub] Generating hub layout
[Topology][Hub] Hub: Delivery
[Topology][Hub] Satellites: 5
[Topology][Hub] Connections: 5
[Topology][Flow] Generating flow layout
[Topology][Flow] Nodes: 8
[Topology][Flow] Connections: 7
[Topology][Hub] Generating hub layout
[Topology][Hub] Hub: Delivery
[Topology][Hub] Satellites: 5
[Topology][Hub] Connections: 5
[Topology][Flow] Generating flow layout
[Topology][Flow] Nodes: 8
[Topology][Flow] Connections: 7
[Topology][Hub] Generating hub layout
[Topology][Hub] Hub: Delivery
[Topology][Hub] Satellites: 5
[Topology][Hub] Connections: 5
[Topology][Flow] Generating flow layout
[Topology][Flow] Nodes: 8
[Topology][Flow] Connections: 7
[Topology][Hub] Generating hub layout
[Topology][Hub] Hub: Delivery
[Topology][Hub] Satellites: 5
[Topology][Hub] Connections: 5
[Topology][Flow] Generating flow layout
[Topology][Flow] Nodes: 8
[Topology][Flow] Connections: 7
[Topology][Flow] Generating flow layout
[Topology][Flow] Nodes: 2
[Topology][Flow] Connections: 1
[Topology][Flow] Generating flow layout
[Topology][Flow] Nodes: 8
[Topology][Flow] Connections: 7
[Topology][Flow] Generating flow layout
[Topology][Flow] Nodes: 2
[Topology][Flow] Connections: 1
[Topology][Flow] Generating flow layout
[Topology][Flow] Nodes: 8
[Topology][Flow] Connections: 7
[Topology][Flow] Generating flow layout
[Topology][Flow] Nodes: 2
[Topology][Flow] Connections: 1
[Topology][Flow] Generating flow layout
[Topology][Flow] Nodes: 8
[Topology][Flow] Connections: 7
[Topology][Flow] Generating flow layout
[Topology][Flow] Nodes: 2
[Topology][Flow] Connections: 1
[Topology][Flow] Generating flow layout
[Topology][Flow] Nodes: 8
[Topology][Flow] Connections: 7
[Topology][Hub] Generating hub layout
[Topology][Hub] Hub: Capacity
[Topology][Hub] Satellites: 5
[Topology][Hub] Connections: 5
[Topology][Flow] Generating flow layout
[Topology][Flow] Nodes: 8
[Topology][Flow] Connections: 7
[Topology][Hub] Generating hub layout
[Topology][Hub] Hub: Capacity
[Topology][Hub] Satellites: 5
[Topology][Hub] Connections: 5
[Topology][Flow] Generating flow layout
[Topology][Flow] Nodes: 8
[Topology][Flow] Connections: 7
[Topology][Hub] Generating hub layout
[Topology][Hub] Hub: Capacity
[Topology][Hub] Satellites: 5
[Topology][Hub] Connections: 5
[Topology][Flow] Generating flow layout
[Topology][Flow] Nodes: 8
[Topology][Flow] Connections: 7
[Topology][Hub] Generating hub layout
[Topology][Hub] Hub: Capacity
[Topology][Hub] Satellites: 5
[Topology][Hub] Connections: 5
[Topology][Flow] Generating flow layout
[Topology][Flow] Nodes: 8
[Topology][Flow] Connections: 7
[Topology][Hub] Generating hub layout
[Topology][Hub] Hub: Capacity
[Topology][Hub] Satellites: 5
[Topology][Hub] Connections: 5
[Topology][Flow] Generating flow layout
[Topology][Flow] Nodes: 8
[Topology][Flow] Connections: 7
[Topology][Hub] Generating hub layout
[Topology][Hub] Hub: Capacity
[Topology][Hub] Satellites: 5
[Topology][Hub] Connections: 5
[Topology][Flow] Generating flow layout
[Topology][Flow] Nodes: 8
[Topology][Flow] Connections: 7
[Topology][Hub] Generating hub layout
[Topology][Hub] Hub: Capacity
[Topology][Hub] Satellites: 5
[Topology][Hub] Connections: 5
[Topology][Flow] Generating flow layout
[Topology][Flow] Nodes: 8
[Topology][Flow] Connections: 7
[Topology][Hub] Generating hub layout
[Topology][Hub] Hub: Capacity
[Topology][Hub] Satellites: 5
[Topology][Hub] Connections: 5
[Topology][Flow] Generating flow layout
[Topology][Flow] Nodes: 8
[Topology][Flow] Connections: 7
[Topology][Hub] Generating hub layout
[Topology][Hub] Hub: Capacity
[Topology][Hub] Satellites: 5
[Topology][Hub] Connections: 5
[Topology][Flow] Generating flow layout
[Topology][Flow] Nodes: 8
[Topology][Flow] Connections: 7
[Topology][Hub] Generating hub layout
[Topology][Hub] Hub: Capacity
[Topology][Hub] Satellites: 5
[Topology][Hub] Connections: 5
[Topology][Flow] Generating flow layout
[Topology][Flow] Nodes: 8
[Topology][Flow] Connections: 7
[Topology][Hub] Generating hub layout
[Topology][Hub] Hub: Capacity
[Topology][Hub] Satellites: 5
[Topology][Hub] Connections: 5
[Topology][Flow] Generating flow layout
[Topology][Flow] Nodes: 8
[Topology][Flow] Connections: 7
[Topology][Hub] Generating hub layout
[Topology][Hub] Hub: Capacity
[Topology][Hub] Satellites: 5
[Topology][Hub] Connections: 5
[Topology][Flow] Generating flow layout
[Topology][Flow] Nodes: 8
[Topology][Flow] Connections: 7
[Topology][Hub] Generating hub layout
[Topology][Hub] Hub: Capacity
[Topology][Hub] Satellites: 5
[Topology][Hub] Connections: 5
[Topology][Flow] Generating flow layout
[Topology][Flow] Nodes: 8
[Topology][Flow] Connections: 7
[Topology][Hub] Generating hub layout
[Topology][Hub] Hub: Capacity
[Topology][Hub] Satellites: 5
[Topology][Hub] Connections: 5
[Topology][Flow] Generating flow layout
[Topology][Flow] Nodes: 8
[Topology][Flow] Connections: 7
[Topology][Hub] Generating hub layout
[Topology][Hub] Hub: Capacity
[Topology][Hub] Satellites: 5
[Topology][Hub] Connections: 5
[Topology][Flow] Generating flow layout
[Topology][Flow] Nodes: 8
[Topology][Flow] Connections: 7
[Topology][Hub] Generating hub layout
[Topology][Hub] Hub: Capacity
[Topology][Hub] Satellites: 5
[Topology][Hub] Connections: 5
[Topology][Flow] Generating flow layout
[Topology][Flow] Nodes: 8
[Topology][Flow] Connections: 7
[Topology][Hub] Generating hub layout
[Topology][Hub] Hub: Capacity
[Topology][Hub] Satellites: 5
[Topology][Hub] Connections: 5
[Topology][Flow] Generating flow layout
[Topology][Flow] Nodes: 8
[Topology][Flow] Connections: 7
[Topology][Hub] Generating hub layout
[Topology][Hub] Hub: Capacity
[Topology][Hub] Satellites: 5
[Topology][Hub] Connections: 5
[Topology][Flow] Generating flow layout
[Topology][Flow] Nodes: 8
[Topology][Flow] Connections: 7
[Topology][Hub] Generating hub layout
[Topology][Hub] Hub: Capacity
[Topology][Hub] Satellites: 5
[Topology][Hub] Connections: 5
[Topology][Flow] Generating flow layout
[Topology][Flow] Nodes: 8
[Topology][Flow] Connections: 7
[Topology][Hub] Generating hub layout
[Topology][Hub] Hub: Capacity
[Topology][Hub] Satellites: 5
[Topology][Hub] Connections: 5
[Topology][Flow] Generating flow layout
[Topology][Flow] Nodes: 8
[Topology][Flow] Connections: 7
[Topology][Flow] Generating flow layout
[Topology][Flow] Nodes: 2
[Topology][Flow] Connections: 1
[Topology][Flow] Generating flow layout
[Topology][Flow] Nodes: 8
[Topology][Flow] Connections: 7
[Topology][Flow] Generating flow layout
[Topology][Flow] Nodes: 2
[Topology][Flow] Connections: 1
[Topology][Flow] Generating flow layout
[Topology][Flow] Nodes: 8
[Topology][Flow] Connections: 7
[Topology][Flow] Generating flow layout
[Topology][Flow] Nodes: 2
[Topology][Flow] Connections: 1
[Topology][Flow] Generating flow layout
[Topology][Flow] Nodes: 8
[Topology][Flow] Connections: 7
[Topology][Flow] Generating flow layout
[Topology][Flow] Nodes: 2
[Topology][Flow] Connections: 1
[Topology][Flow] Generating flow layout
[Topology][Flow] Nodes: 8
[Topology][Flow] Connections: 7
[Topology][Flow] Generating flow layout
[Topology][Flow] Nodes: 2
[Topology][Flow] Connections: 1
[Topology][Flow] Generating flow layout
[Topology][Flow] Nodes: 8
[Topology][Flow] Connections: 7
[Topology][Flow] Generating flow layout
[Topology][Flow] Nodes: 2
[Topology][Flow] Connections: 1
[Topology][Flow] Generating flow layout
[Topology][Flow] Nodes: 8
[Topology][Flow] Connections: 7
[Topology][Flow] Generating flow layout
[Topology][Flow] Nodes: 2
[Topology][Flow] Connections: 1
[Topology][Flow] Generating flow layout
[Topology][Flow] Nodes: 8
[Topology][Flow] Connections: 7
[Topology][Flow] Generating flow layout
[Topology][Flow] Nodes: 2
[Topology][Flow] Connections: 1
[Topology][Flow] Generating flow layout
[Topology][Flow] Nodes: 8
[Topology][Flow] Connections: 7
[Topology][Flow] Generating flow layout
[Topology][Flow] Nodes: 2
[Topology][Flow] Connections: 1
[Topology][Flow] Generating flow layout
[Topology][Flow] Nodes: 8
[Topology][Flow] Connections: 7
[Topology][Flow] Generating flow layout
[Topology][Flow] Nodes: 2
[Topology][Flow] Connections: 1
[Topology][Flow] Generating flow layout
[Topology][Flow] Nodes: 8
[Topology][Flow] Connections: 7
[Topology][Flow] Generating flow layout
[Topology][Flow] Nodes: 2
[Topology][Flow] Connections: 1
[Topology][Flow] Generating flow layout
[Topology][Flow] Nodes: 8
[Topology][Flow] Connections: 7
[Topology][Flow] Generating flow layout
[Topology][Flow] Nodes: 2
[Topology][Flow] Connections: 1
[Topology][Flow] Generating flow layout
[Topology][Flow] Nodes: 8
[Topology][Flow] Connections: 7
[Topology][Hub] Generating hub layout
[Topology][Hub] Hub: Risk
[Topology][Hub] Satellites: 3
[Topology][Hub] Connections: 3
[Topology][Flow] Generating flow layout
[Topology][Flow] Nodes: 8
[Topology][Flow] Connections: 7
[Topology][Hub] Generating hub layout
[Topology][Hub] Hub: Risk
[Topology][Hub] Satellites: 3
[Topology][Hub] Connections: 3
[Topology][Flow] Generating flow layout
[Topology][Flow] Nodes: 8
[Topology][Flow] Connections: 7
[Topology][Hub] Generating hub layout
[Topology][Hub] Hub: Risk
[Topology][Hub] Satellites: 3
[Topology][Hub] Connections: 3
[Topology][Flow] Generating flow layout
[Topology][Flow] Nodes: 8
[Topology][Flow] Connections: 7
[Topology][Hub] Generating hub layout
[Topology][Hub] Hub: Risk
[Topology][Hub] Satellites: 3
[Topology][Hub] Connections: 3
[Topology][Flow] Generating flow layout
[Topology][Flow] Nodes: 8
[Topology][Flow] Connections: 7
[Topology][Flow] Generating flow layout
[Topology][Flow] Nodes: 2
[Topology][Flow] Connections: 1
[Topology][Flow] Generating flow layout
[Topology][Flow] Nodes: 8
[Topology][Flow] Connections: 7
[Topology][Flow] Generating flow layout
[Topology][Flow] Nodes: 2
[Topology][Flow] Connections: 1
[Topology][Flow] Generating flow layout
[Topology][Flow] Nodes: 8
[Topology][Flow] Connections: 7
[Topology][Flow] Generating flow layout
[Topology][Flow] Nodes: 2
[Topology][Flow] Connections: 1
[Topology][Flow] Generating flow layout
[Topology][Flow] Nodes: 8
[Topology][Flow] Connections: 7
[Topology][Flow] Generating flow layout
[Topology][Flow] Nodes: 2
[Topology][Flow] Connections: 1
[Topology][Flow] Generating flow layout
[Topology][Flow] Nodes: 8
[Topology][Flow] Connections: 7
[Topology][Flow] Generating flow layout
[Topology][Flow] Nodes: 2
[Topology][Flow] Connections: 1
[Topology][Flow] Generating flow layout
[Topology][Flow] Nodes: 8
[Topology][Flow] Connections: 7
[Topology][Flow] Generating flow layout
[Topology][Flow] Nodes: 2
[Topology][Flow] Connections: 1
[Topology][Flow] Generating flow layout
[Topology][Flow] Nodes: 8
[Topology][Flow] Connections: 7
[Topology][Flow] Generating flow layout
[Topology][Flow] Nodes: 2
[Topology][Flow] Connections: 1
[Topology][Flow] Generating flow layout
[Topology][Flow] Nodes: 8
[Topology][Flow] Connections: 7
[Topology][Flow] Generating flow layout
[Topology][Flow] Nodes: 2
[Topology][Flow] Connections: 1
[Topology][Flow] Generating flow layout
[Topology][Flow] Nodes: 8
[Topology][Flow] Connections: 7
[Topology][Flow] Generating flow layout
[Topology][Flow] Nodes: 2
[Topology][Flow] Connections: 1
[Topology][Flow] Generating flow layout
[Topology][Flow] Nodes: 8
[Topology][Flow] Connections: 7
[Topology][Flow] Generating flow layout
[Topology][Flow] Nodes: 2
[Topology][Flow] Connections: 1
[Topology][Flow] Generating flow layout
[Topology][Flow] Nodes: 8
[Topology][Flow] Connections: 7
[Topology][Flow] Generating flow layout
[Topology][Flow] Nodes: 2
[Topology][Flow] Connections: 1
[Topology][Flow] Generating flow layout
[Topology][Flow] Nodes: 8
[Topology][Flow] Connections: 7
[Topology][Flow] Generating flow layout
[Topology][Flow] Nodes: 2
[Topology][Flow] Connections: 1
[Topology][Flow] Generating flow layout
[Topology][Flow] Nodes: 8
[Topology][Flow] Connections: 7
[Topology][Hub] Generating hub layout
[Topology][Hub] Hub: Inventory
[Topology][Hub] Satellites: 3
[Topology][Hub] Connections: 3
[Topology][Flow] Generating flow layout
[Topology][Flow] Nodes: 8
[Topology][Flow] Connections: 7
[Topology][Hub] Generating hub layout
[Topology][Hub] Hub: Inventory
[Topology][Hub] Satellites: 3
[Topology][Hub] Connections: 3
[Topology][Flow] Generating flow layout
[Topology][Flow] Nodes: 8
[Topology][Flow] Connections: 7
[Topology][Hub] Generating hub layout
[Topology][Hub] Hub: Inventory
[Topology][Hub] Satellites: 3
[Topology][Hub] Connections: 3
[Topology][Flow] Generating flow layout
[Topology][Flow] Nodes: 8
[Topology][Flow] Connections: 7
[Topology][Hub] Generating hub layout
[Topology][Hub] Hub: Inventory
[Topology][Hub] Satellites: 3
[Topology][Hub] Connections: 3
[Topology][Flow] Generating flow layout
[Topology][Flow] Nodes: 8
[Topology][Flow] Connections: 7
[Topology][Hub] Generating hub layout
[Topology][Hub] Hub: Inventory
[Topology][Hub] Satellites: 3
[Topology][Hub] Connections: 3
[Topology][Flow] Generating flow layout
[Topology][Flow] Nodes: 8
[Topology][Flow] Connections: 7
[Topology][Hub] Generating hub layout
[Topology][Hub] Hub: Inventory
[Topology][Hub] Satellites: 3
[Topology][Hub] Connections: 3
[Topology][Flow] Generating flow layout
[Topology][Flow] Nodes: 8
[Topology][Flow] Connections: 7
[Topology][Hub] Generating hub layout
[Topology][Hub] Hub: Inventory
[Topology][Hub] Satellites: 3
[Topology][Hub] Connections: 3
[Topology][Flow] Generating flow layout
[Topology][Flow] Nodes: 8
[Topology][Flow] Connections: 7
[Topology][Hub] Generating hub layout
[Topology][Hub] Hub: Inventory
[Topology][Hub] Satellites: 3
[Topology][Hub] Connections: 3
[Topology][Flow] Generating flow layout
[Topology][Flow] Nodes: 8
[Topology][Flow] Connections: 7
[Topology][Hub] Generating hub layout
[Topology][Hub] Hub: Inventory
[Topology][Hub] Satellites: 3
[Topology][Hub] Connections: 3
[Topology][Flow] Generating flow layout
[Topology][Flow] Nodes: 8
[Topology][Flow] Connections: 7
[Topology][Hub] Generating hub layout
[Topology][Hub] Hub: Inventory
[Topology][Hub] Satellites: 3
[Topology][Hub] Connections: 3
[Topology][Flow] Generating flow layout
[Topology][Flow] Nodes: 8
[Topology][Flow] Connections: 7
[Topology][Hub] Generating hub layout
[Topology][Hub] Hub: Inventory
[Topology][Hub] Satellites: 3
[Topology][Hub] Connections: 3
[Topology][Flow] Generating flow layout
[Topology][Flow] Nodes: 8
[Topology][Flow] Connections: 7
[Topology][Hub] Generating hub layout
[Topology][Hub] Hub: Inventory
[Topology][Hub] Satellites: 3
[Topology][Hub] Connections: 3
[Topology][Flow] Generating flow layout
[Topology][Flow] Nodes: 8
[Topology][Flow] Connections: 7
[Topology][Hub] Generating hub layout
[Topology][Hub] Hub: Inventory
[Topology][Hub] Satellites: 3
[Topology][Hub] Connections: 3
[Topology][Flow] Generating flow layout
[Topology][Flow] Nodes: 8
[Topology][Flow] Connections: 7
[Topology][Hub] Generating hub layout
[Topology][Hub] Hub: Inventory
[Topology][Hub] Satellites: 3
[Topology][Hub] Connections: 3
[Topology][Flow] Generating flow layout
[Topology][Flow] Nodes: 8
[Topology][Flow] Connections: 7
[Topology][Hub] Generating hub layout
[Topology][Hub] Hub: Inventory
[Topology][Hub] Satellites: 3
[Topology][Hub] Connections: 3
[Topology][Flow] Generating flow layout
[Topology][Flow] Nodes: 8
[Topology][Flow] Connections: 7
[Topology][Hub] Generating hub layout
[Topology][Hub] Hub: Inventory
[Topology][Hub] Satellites: 3
[Topology][Hub] Connections: 3
[Topology][Flow] Generating flow layout
[Topology][Flow] Nodes: 8
[Topology][Flow] Connections: 7
[Topology][Hub] Generating hub layout
[Topology][Hub] Hub: Inventory
[Topology][Hub] Satellites: 3
[Topology][Hub] Connections: 3
[Topology][Flow] Generating flow layout
[Topology][Flow] Nodes: 8
[Topology][Flow] Connections: 7
[Topology][Hub] Generating hub layout
[Topology][Hub] Hub: Inventory
[Topology][Hub] Satellites: 3
[Topology][Hub] Connections: 3
[Topology][Flow] Generating flow layout
[Topology][Flow] Nodes: 8
[Topology][Flow] Connections: 7
[Topology][Hub] Generating hub layout
[Topology][Hub] Hub: Inventory
[Topology][Hub] Satellites: 3
[Topology][Hub] Connections: 3
[Topology][Flow] Generating flow layout
[Topology][Flow] Nodes: 8
[Topology][Flow] Connections: 7
[Topology][Hub] Generating hub layout
[Topology][Hub] Hub: Inventory
[Topology][Hub] Satellites: 3
[Topology][Hub] Connections: 3
[Topology][Flow] Generating flow layout
[Topology][Flow] Nodes: 8
[Topology][Flow] Connections: 7
[Topology][Flow] Generating flow layout
[Topology][Flow] Nodes: 2
[Topology][Flow] Connections: 1
[Topology][Flow] Generating flow layout
[Topology][Flow] Nodes: 8
[Topology][Flow] Connections: 7
[Topology][Flow] Generating flow layout
[Topology][Flow] Nodes: 2
[Topology][Flow] Connections: 1
[Topology][Flow] Generating flow layout
[Topology][Flow] Nodes: 8
[Topology][Flow] Connections: 7
[Topology][Flow] Generating flow layout
[Topology][Flow] Nodes: 2
[Topology][Flow] Connections: 1
[Topology][Flow] Generating flow layout
[Topology][Flow] Nodes: 8
[Topology][Flow] Connections: 7
[Topology][Flow] Generating flow layout
[Topology][Flow] Nodes: 2
[Topology][Flow] Connections: 1
[Topology][Flow] Generating flow layout
[Topology][Flow] Nodes: 8
[Topology][Flow] Connections: 7
[Topology][Flow] Generating flow layout
[Topology][Flow] Nodes: 2
[Topology][Flow] Connections: 1
[Topology][Flow] Generating flow layout
[Topology][Flow] Nodes: 8
[Topology][Flow] Connections: 7
[Topology][Flow] Generating flow layout
[Topology][Flow] Nodes: 2
[Topology][Flow] Connections: 1
[Topology][Flow] Generating flow layout
[Topology][Flow] Nodes: 8
[Topology][Flow] Connections: 7
[Topology][Flow] Generating flow layout
[Topology][Flow] Nodes: 2
[Topology][Flow] Connections: 1
[Topology][Flow] Generating flow layout
[Topology][Flow] Nodes: 8
[Topology][Flow] Connections: 7
[Topology][Flow] Generating flow layout
[Topology][Flow] Nodes: 2
[Topology][Flow] Connections: 1
[Topology][Flow] Generating flow layout
[Topology][Flow] Nodes: 8
[Topology][Flow] Connections: 7
[Topology][Flow] Generating flow layout
[Topology][Flow] Nodes: 2
[Topology][Flow] Connections: 1
[Topology][Flow] Generating flow layout
[Topology][Flow] Nodes: 8
[Topology][Flow] Connections: 7
[Topology][Flow] Generating flow layout
[Topology][Flow] Nodes: 2
[Topology][Flow] Connections: 1
[Topology][Flow] Generating flow layout
[Topology][Flow] Nodes: 8
[Topology][Flow] Connections: 7
[Topology][Flow] Generating flow layout
[Topology][Flow] Nodes: 2
[Topology][Flow] Connections: 1
[Topology][Flow] Generating flow layout
[Topology][Flow] Nodes: 8
[Topology][Flow] Connections: 7
[Topology][Flow] Generating flow layout
[Topology][Flow] Nodes: 2
[Topology][Flow] Connections: 1
[Topology][Flow] Generating flow layout
[Topology][Flow] Nodes: 8
[Topology][Flow] Connections: 7
[Topology][Flow] Generating flow layout
[Topology][Flow] Nodes: 2
[Topology][Flow] Connections: 1
[Topology][Flow] Generating flow layout
[Topology][Flow] Nodes: 8
[Topology][Flow] Connections: 7
[Topology][Flow] Generating flow layout
[Topology][Flow] Nodes: 2
[Topology][Flow] Connections: 1
[Topology][Flow] Generating flow layout
[Topology][Flow] Nodes: 8
[Topology][Flow] Connections: 7
[Topology][Flow] Generating flow layout
[Topology][Flow] Nodes: 2
[Topology][Flow] Connections: 1
[Topology][Flow] Generating flow layout
[Topology][Flow] Nodes: 8
[Topology][Flow] Connections: 7
[Topology][Flow] Generating flow layout
[Topology][Flow] Nodes: 2
[Topology][Flow] Connections: 1
[Topology][Flow] Generating flow layout
[Topology][Flow] Nodes: 8
[Topology][Flow] Connections: 7
[Topology][Flow] Generating flow layout
[Topology][Flow] Nodes: 2
[Topology][Flow] Connections: 1
[Topology][Flow] Generating flow layout
[Topology][Flow] Nodes: 8
[Topology][Flow] Connections: 7
[Topology][Flow] Generating flow layout
[Topology][Flow] Nodes: 2
[Topology][Flow] Connections: 1
[Topology][Flow] Generating flow layout
[Topology][Flow] Nodes: 8
[Topology][Flow] Connections: 7
[Topology][Flow] Generating flow layout
[Topology][Flow] Nodes: 2
[Topology][Flow] Connections: 1
[Topology][Flow] Generating flow layout
[Topology][Flow] Nodes: 8
[Topology][Flow] Connections: 7
[Topology][Flow] Generating flow layout
[Topology][Flow] Nodes: 2
[Topology][Flow] Connections: 1
[Topology][Flow] Generating flow layout
[Topology][Flow] Nodes: 8
[Topology][Flow] Connections: 7
[Topology][Flow] Generating flow layout
[Topology][Flow] Nodes: 2
[Topology][Flow] Connections: 1
[Topology][Flow] Generating flow layout
[Topology][Flow] Nodes: 8
[Topology][Flow] Connections: 7
[Topology][Flow] Generating flow layout
[Topology][Flow] Nodes: 2
[Topology][Flow] Connections: 1
[Topology][Flow] Generating flow layout
[Topology][Flow] Nodes: 8
[Topology][Flow] Connections: 7
[Topology][Flow] Generating flow layout
[Topology][Flow] Nodes: 2
[Topology][Flow] Connections: 1
[Topology][Flow] Generating flow layout
[Topology][Flow] Nodes: 8
[Topology][Flow] Connections: 7
[Topology][Flow] Generating flow layout
[Topology][Flow] Nodes: 2
[Topology][Flow] Connections: 1
[Topology][Flow] Generating flow layout
[Topology][Flow] Nodes: 8
[Topology][Flow] Connections: 7
[Topology][Flow] Generating flow layout
[Topology][Flow] Nodes: 2
[Topology][Flow] Connections: 1
[Topology][Flow] Generating flow layout
[Topology][Flow] Nodes: 8
[Topology][Flow] Connections: 7
[Topology][Flow] Generating flow layout
[Topology][Flow] Nodes: 2
[Topology][Flow] Connections: 1
[Topology][Flow] Generating flow layout
[Topology][Flow] Nodes: 8
[Topology][Flow] Connections: 7
[Topology][Flow] Generating flow layout
[Topology][Flow] Nodes: 2
[Topology][Flow] Connections: 1
[Topology][Flow] Generating flow layout
[Topology][Flow] Nodes: 8
[Topology][Flow] Connections: 7
[Topology][Flow] Generating flow layout
[Topology][Flow] Nodes: 2
[Topology][Flow] Connections: 1
[Topology][Flow] Generating flow layout
[Topology][Flow] Nodes: 8
[Topology][Flow] Connections: 7
[Topology][Flow] Generating flow layout
[Topology][Flow] Nodes: 2
[Topology][Flow] Connections: 1
[Topology][Flow] Generating flow layout
[Topology][Flow] Nodes: 8
[Topology][Flow] Connections: 7
[Topology][Flow] Generating flow layout
[Topology][Flow] Nodes: 2
[Topology][Flow] Connections: 1
[Topology][Flow] Generating flow layout
[Topology][Flow] Nodes: 8
[Topology][Flow] Connections: 7
[Topology][Flow] Generating flow layout
[Topology][Flow] Nodes: 2
[Topology][Flow] Connections: 1
[Topology][Flow] Generating flow layout
[Topology][Flow] Nodes: 8
[Topology][Flow] Connections: 7
[Topology][Flow] Generating flow layout
[Topology][Flow] Nodes: 2
[Topology][Flow] Connections: 1
[Topology][Flow] Generating flow layout
[Topology][Flow] Nodes: 8
[Topology][Flow] Connections: 7
[Topology][Flow] Generating flow layout
[Topology][Flow] Nodes: 2
[Topology][Flow] Connections: 1
[Topology][Flow] Generating flow layout
[Topology][Flow] Nodes: 8
[Topology][Flow] Connections: 7
[Topology][Flow] Generating flow layout
[Topology][Flow] Nodes: 2
[Topology][Flow] Connections: 1
[Topology][Flow] Generating flow layout
[Topology][Flow] Nodes: 8
[Topology][Flow] Connections: 7
[Topology][Flow] Generating flow layout
[Topology][Flow] Nodes: 2
[Topology][Flow] Connections: 1
[Topology][Flow] Generating flow layout
[Topology][Flow] Nodes: 8
[Topology][Flow] Connections: 7
[Topology][Flow] Generating flow layout
[Topology][Flow] Nodes: 2
[Topology][Flow] Connections: 1
[Topology][Flow] Generating flow layout
[Topology][Flow] Nodes: 8
[Topology][Flow] Connections: 7
[Topology][Flow] Generating flow layout
[Topology][Flow] Nodes: 2
[Topology][Flow] Connections: 1
[Topology][Flow] Generating flow layout
[Topology][Flow] Nodes: 8
[Topology][Flow] Connections: 7
[Topology][Flow] Generating flow layout
[Topology][Flow] Nodes: 2
[Topology][Flow] Connections: 1
[Topology][Flow] Generating flow layout
[Topology][Flow] Nodes: 8
[Topology][Flow] Connections: 7
[Topology][Flow] Generating flow layout
[Topology][Flow] Nodes: 2
[Topology][Flow] Connections: 1
[Topology][Flow] Generating flow layout
[Topology][Flow] Nodes: 8
[Topology][Flow] Connections: 7
[Topology][Flow] Generating flow layout
[Topology][Flow] Nodes: 2
[Topology][Flow] Connections: 1
[Topology][Flow] Generating flow layout
[Topology][Flow] Nodes: 8
[Topology][Flow] Connections: 7
[Topology][Flow] Generating flow layout
[Topology][Flow] Nodes: 2
[Topology][Flow] Connections: 1
[Topology][Flow] Generating flow layout
[Topology][Flow] Nodes: 8
[Topology][Flow] Connections: 7
[Topology][Flow] Generating flow layout
[Topology][Flow] Nodes: 2
[Topology][Flow] Connections: 1
[Topology][Flow] Generating flow layout
[Topology][Flow] Nodes: 8
[Topology][Flow] Connections: 7
[Topology][Flow] Generating flow layout
[Topology][Flow] Nodes: 2
[Topology][Flow] Connections: 1
[Topology][Flow] Generating flow layout
[Topology][Flow] Nodes: 8
[Topology][Flow] Connections: 7
[Topology][Flow] Generating flow layout
[Topology][Flow] Nodes: 2
[Topology][Flow] Connections: 1
[Topology][Flow] Generating flow layout
[Topology][Flow] Nodes: 8
[Topology][Flow] Connections: 7
[Topology][Flow] Generating flow layout
[Topology][Flow] Nodes: 2
[Topology][Flow] Connections: 1
[Topology][Flow] Generating flow layout
[Topology][Flow] Nodes: 8
[Topology][Flow] Connections: 7
[Topology][Flow] Generating flow layout
[Topology][Flow] Nodes: 2
[Topology][Flow] Connections: 1
[Topology][Flow] Generating flow layout
[Topology][Flow] Nodes: 8
[Topology][Flow] Connections: 7
[Topology][Flow] Generating flow layout
[Topology][Flow] Nodes: 2
[Topology][Flow] Connections: 1
[Topology][Flow] Generating flow layout
[Topology][Flow] Nodes: 8
[Topology][Flow] Connections: 7
[Topology][Flow] Generating flow layout
[Topology][Flow] Nodes: 2
[Topology][Flow] Connections: 1
[Topology][Flow] Generating flow layout
[Topology][Flow] Nodes: 8
[Topology][Flow] Connections: 7
[Topology][Flow] Generating flow layout
[Topology][Flow] Nodes: 2
[Topology][Flow] Connections: 1
[Topology][Flow] Generating flow layout
[Topology][Flow] Nodes: 8
[Topology][Flow] Connections: 7
[Topology][Flow] Generating flow layout
[Topology][Flow] Nodes: 2
[Topology][Flow] Connections: 1
[Topology][Flow] Generating flow layout
[Topology][Flow] Nodes: 8
[Topology][Flow] Connections: 7
[Topology][Flow] Generating flow layout
[Topology][Flow] Nodes: 2
[Topology][Flow] Connections: 1
[Topology][Flow] Generating flow layout
[Topology][Flow] Nodes: 8
[Topology][Flow] Connections: 7
[Topology][Flow] Generating flow layout
[Topology][Flow] Nodes: 2
[Topology][Flow] Connections: 1
[Topology][Flow] Generating flow layout
[Topology][Flow] Nodes: 8
[Topology][Flow] Connections: 7
[Topology][Flow] Generating flow layout
[Topology][Flow] Nodes: 2
[Topology][Flow] Connections: 1
[Topology][Flow] Generating flow layout
[Topology][Flow] Nodes: 8
[Topology][Flow] Connections: 7
[Topology][Flow] Generating flow layout
[Topology][Flow] Nodes: 2
[Topology][Flow] Connections: 1
[Topology][Flow] Generating flow layout
[Topology][Flow] Nodes: 8
[Topology][Flow] Connections: 7
[Topology][Flow] Generating flow layout
[Topology][Flow] Nodes: 2
[Topology][Flow] Connections: 1
[Topology][Flow] Generating flow layout
[Topology][Flow] Nodes: 8
[Topology][Flow] Connections: 7
[Topology][Flow] Generating flow layout
[Topology][Flow] Nodes: 2
[Topology][Flow] Connections: 1
[Topology][Flow] Generating flow layout
[Topology][Flow] Nodes: 8
[Topology][Flow] Connections: 7
[Topology][Flow] Generating flow layout
[Topology][Flow] Nodes: 2
[Topology][Flow] Connections: 1
[Topology][Flow] Generating flow layout
[Topology][Flow] Nodes: 8
[Topology][Flow] Connections: 7
[Topology][Flow] Generating flow layout
[Topology][Flow] Nodes: 2
[Topology][Flow] Connections: 1
[Topology][Flow] Generating flow layout
[Topology][Flow] Nodes: 8
[Topology][Flow] Connections: 7
[Topology][Flow] Generating flow layout
[Topology][Flow] Nodes: 2
[Topology][Flow] Connections: 1
[Topology][Flow] Generating flow layout
[Topology][Flow] Nodes: 8
[Topology][Flow] Connections: 7
[Topology][Flow] Generating flow layout
[Topology][Flow] Nodes: 2
[Topology][Flow] Connections: 1
[Topology][Flow] Generating flow layout
[Topology][Flow] Nodes: 8
[Topology][Flow] Connections: 7
[Topology][Flow] Generating flow layout
[Topology][Flow] Nodes: 2
[Topology][Flow] Connections: 1
[Topology][Flow] Generating flow layout
[Topology][Flow] Nodes: 8
[Topology][Flow] Connections: 7
[Topology][Flow] Generating flow layout
[Topology][Flow] Nodes: 2
[Topology][Flow] Connections: 1
[Topology][Flow] Generating flow layout
[Topology][Flow] Nodes: 8
[Topology][Flow] Connections: 7
[Topology][Flow] Generating flow layout
[Topology][Flow] Nodes: 2
[Topology][Flow] Connections: 1
[Topology][Flow] Generating flow layout
[Topology][Flow] Nodes: 8
[Topology][Flow] Connections: 7
[Topology][Flow] Generating flow layout
[Topology][Flow] Nodes: 2
[Topology][Flow] Connections: 1
[Topology][Flow] Generating flow layout
[Topology][Flow] Nodes: 8
[Topology][Flow] Connections: 7
[Topology][Flow] Generating flow layout
[Topology][Flow] Nodes: 2
[Topology][Flow] Connections: 1
[Topology][Flow] Generating flow layout
[Topology][Flow] Nodes: 8
[Topology][Flow] Connections: 7
[Topology][Flow] Generating flow layout
[Topology][Flow] Nodes: 2
[Topology][Flow] Connections: 1
[Topology][Flow] Generating flow layout
[Topology][Flow] Nodes: 8
[Topology][Flow] Connections: 7
[Topology][Flow] Generating flow layout
[Topology][Flow] Nodes: 2
[Topology][Flow] Connections: 1
[Topology][Flow] Generating flow layout
[Topology][Flow] Nodes: 8
[Topology][Flow] Connections: 7
[Topology][Flow] Generating flow layout
[Topology][Flow] Nodes: 2
[Topology][Flow] Connections: 1
[Topology][Flow] Generating flow layout
[Topology][Flow] Nodes: 8
[Topology][Flow] Connections: 7
[Topology][Flow] Generating flow layout
[Topology][Flow] Nodes: 2
[Topology][Flow] Connections: 1
[Topology][Flow] Generating flow layout
[Topology][Flow] Nodes: 8
[Topology][Flow] Connections: 7
[Topology][Flow] Generating flow layout
[Topology][Flow] Nodes: 2
[Topology][Flow] Connections: 1
[Topology][Flow] Generating flow layout
[Topology][Flow] Nodes: 8
[Topology][Flow] Connections: 7
[Topology][Flow] Generating flow layout
[Topology][Flow] Nodes: 2
[Topology][Flow] Connections: 1
[Topology][Flow] Generating flow layout
[Topology][Flow] Nodes: 8
[Topology][Flow] Connections: 7
[Topology][Flow] Generating flow layout
[Topology][Flow] Nodes: 2
[Topology][Flow] Connections: 1
[Topology][Flow] Generating flow layout
[Topology][Flow] Nodes: 8
[Topology][Flow] Connections: 7
[Topology][Flow] Generating flow layout
[Topology][Flow] Nodes: 2
[Topology][Flow] Connections: 1
[Topology][Flow] Generating flow layout
[Topology][Flow] Nodes: 8
[Topology][Flow] Connections: 7
[Topology][Flow] Generating flow layout
[Topology][Flow] Nodes: 2
[Topology][Flow] Connections: 1
[Topology][Flow] Generating flow layout
[Topology][Flow] Nodes: 8
[Topology][Flow] Connections: 7
[Topology][Flow] Generating flow layout
[Topology][Flow] Nodes: 2
[Topology][Flow] Connections: 1
[Topology][Flow] Generating flow layout
[Topology][Flow] Nodes: 8
[Topology][Flow] Connections: 7
[Topology][Flow] Generating flow layout
[Topology][Flow] Nodes: 2
[Topology][Flow] Connections: 1
[Topology][Flow] Generating flow layout
[Topology][Flow] Nodes: 8
[Topology][Flow] Connections: 7
[Topology][Flow] Generating flow layout
[Topology][Flow] Nodes: 2
[Topology][Flow] Connections: 1
[Topology][Flow] Generating flow layout
[Topology][Flow] Nodes: 8
[Topology][Flow] Connections: 7
[Topology][Flow] Generating flow layout
[Topology][Flow] Nodes: 2
[Topology][Flow] Connections: 1
[Topology][Flow] Generating flow layout
[Topology][Flow] Nodes: 8
[Topology][Flow] Connections: 7
[Topology][Flow] Generating flow layout
[Topology][Flow] Nodes: 2
[Topology][Flow] Connections: 1
[Topology][Flow] Generating flow layout
[Topology][Flow] Nodes: 8
[Topology][Flow] Connections: 7
[Topology][Flow] Generating flow layout
[Topology][Flow] Nodes: 2
[Topology][Flow] Connections: 1
[Topology][Flow] Generating flow layout
[Topology][Flow] Nodes: 8
[Topology][Flow] Connections: 7
[Topology][Flow] Generating flow layout
[Topology][Flow] Nodes: 2
[Topology][Flow] Connections: 1
[Topology][Flow] Generating flow layout
[Topology][Flow] Nodes: 8
[Topology][Flow] Connections: 7
[Topology][Flow] Generating flow layout
[Topology][Flow] Nodes: 2
[Topology][Flow] Connections: 1
[Topology][Flow] Generating flow layout
[Topology][Flow] Nodes: 8
[Topology][Flow] Connections: 7
[Topology][Flow] Generating flow layout
[Topology][Flow] Nodes: 2
[Topology][Flow] Connections: 1
[Topology][Flow] Generating flow layout
[Topology][Flow] Nodes: 8
[Topology][Flow] Connections: 7
[Topology][Flow] Generating flow layout
[Topology][Flow] Nodes: 2
[Topology][Flow] Connections: 1
[Topology][Flow] Generating flow layout
[Topology][Flow] Nodes: 8
[Topology][Flow] Connections: 7
[Topology][Flow] Generating flow layout
[Topology][Flow] Nodes: 2
[Topology][Flow] Connections: 1
[Topology][Flow] Generating flow layout
[Topology][Flow] Nodes: 8
[Topology][Flow] Connections: 7
[Topology][Flow] Generating flow layout
[Topology][Flow] Nodes: 2
[Topology][Flow] Connections: 1
[Topology][Flow] Generating flow layout
[Topology][Flow] Nodes: 8
[Topology][Flow] Connections: 7
[Topology][Flow] Generating flow layout
[Topology][Flow] Nodes: 2
[Topology][Flow] Connections: 1
[Topology][Flow] Generating flow layout
[Topology][Flow] Nodes: 8
[Topology][Flow] Connections: 7
[Topology][Flow] Generating flow layout
[Topology][Flow] Nodes: 2
[Topology][Flow] Connections: 1
[Topology][Flow] Generating flow layout
[Topology][Flow] Nodes: 8
[Topology][Flow] Connections: 7
[Topology][Flow] Generating flow layout
[Topology][Flow] Nodes: 2
[Topology][Flow] Connections: 1
[Topology][Flow] Generating flow layout
[Topology][Flow] Nodes: 8
[Topology][Flow] Connections: 7
[Topology][Flow] Generating flow layout
[Topology][Flow] Nodes: 2
[Topology][Flow] Connections: 1
[Topology][Flow] Generating flow layout
[Topology][Flow] Nodes: 8
[Topology][Flow] Connections: 7
[Topology][Flow] Generating flow layout
[Topology][Flow] Nodes: 2
[Topology][Flow] Connections: 1
[Topology][Flow] Generating flow layout
[Topology][Flow] Nodes: 8
[Topology][Flow] Connections: 7
[Topology][Flow] Generating flow layout
[Topology][Flow] Nodes: 2
[Topology][Flow] Connections: 1
[Topology][Flow] Generating flow layout
[Topology][Flow] Nodes: 8
[Topology][Flow] Connections: 7
[Topology][Flow] Generating flow layout
[Topology][Flow] Nodes: 2
[Topology][Flow] Connections: 1
[Topology][Flow] Generating flow layout
[Topology][Flow] Nodes: 8
[Topology][Flow] Connections: 7
[Topology][Flow] Generating flow layout
[Topology][Flow] Nodes: 2
[Topology][Flow] Connections: 1
[Topology][Flow] Generating flow layout
[Topology][Flow] Nodes: 8
[Topology][Flow] Connections: 7
[Topology][Flow] Generating flow layout
[Topology][Flow] Nodes: 2
[Topology][Flow] Connections: 1
[Topology][Flow] Generating flow layout
[Topology][Flow] Nodes: 8
[Topology][Flow] Connections: 7
[Topology][Flow] Generating flow layout
[Topology][Flow] Nodes: 2
[Topology][Flow] Connections: 1
[Topology][Flow] Generating flow layout
[Topology][Flow] Nodes: 8
[Topology][Flow] Connections: 7
[Topology][Flow] Generating flow layout
[Topology][Flow] Nodes: 2
[Topology][Flow] Connections: 1
[Topology][Flow] Generating flow layout
[Topology][Flow] Nodes: 8
[Topology][Flow] Connections: 7
[Topology][Flow] Generating flow layout
[Topology][Flow] Nodes: 2
[Topology][Flow] Connections: 1
[Topology][Flow] Generating flow layout
[Topology][Flow] Nodes: 8
[Topology][Flow] Connections: 7
[Topology][Flow] Generating flow layout
[Topology][Flow] Nodes: 2
[Topology][Flow] Connections: 1
[Topology][Flow] Generating flow layout
[Topology][Flow] Nodes: 8
[Topology][Flow] Connections: 7
[Topology][Flow] Generating flow layout
[Topology][Flow] Nodes: 2
[Topology][Flow] Connections: 1
[Topology][Flow] Generating flow layout
[Topology][Flow] Nodes: 8
[Topology][Flow] Connections: 7
[Topology][Flow] Generating flow layout
[Topology][Flow] Nodes: 2
[Topology][Flow] Connections: 1
[Topology][Flow] Generating flow layout
[Topology][Flow] Nodes: 8
[Topology][Flow] Connections: 7
[Topology][Flow] Generating flow layout
[Topology][Flow] Nodes: 2
[Topology][Flow] Connections: 1
[Topology][Flow] Generating flow layout
[Topology][Flow] Nodes: 8
[Topology][Flow] Connections: 7
[Topology][Flow] Generating flow layout
[Topology][Flow] Nodes: 2
[Topology][Flow] Connections: 1
[Topology][Flow] Generating flow layout
[Topology][Flow] Nodes: 8
[Topology][Flow] Connections: 7
[Topology][Hub] Generating hub layout
[Topology][Hub] Hub: Delivery
[Topology][Hub] Satellites: 5
[Topology][Hub] Connections: 5
[Topology][Flow] Generating flow layout
[Topology][Flow] Nodes: 8
[Topology][Flow] Connections: 7
[Topology][Hub] Generating hub layout
[Topology][Hub] Hub: Delivery
[Topology][Hub] Satellites: 5
[Topology][Hub] Connections: 5
[Topology][Flow] Generating flow layout
[Topology][Flow] Nodes: 8
[Topology][Flow] Connections: 7
[Topology][Flow] Generating flow layout
[Topology][Flow] Nodes: 2
[Topology][Flow] Connections: 1
[Topology][Flow] Generating flow layout
[Topology][Flow] Nodes: 8
[Topology][Flow] Connections: 7
[Topology][Flow] Generating flow layout
[Topology][Flow] Nodes: 2
[Topology][Flow] Connections: 1
[Topology][Flow] Generating flow layout
[Topology][Flow] Nodes: 8
[Topology][Flow] Connections: 7
[Topology][Hub] Generating hub layout
[Topology][Hub] Hub: Delivery
[Topology][Hub] Satellites: 5
[Topology][Hub] Connections: 5
[Topology][Flow] Generating flow layout
[Topology][Flow] Nodes: 8
[Topology][Flow] Connections: 7
[Topology][Hub] Generating hub layout
[Topology][Hub] Hub: Delivery
[Topology][Hub] Satellites: 5
[Topology][Hub] Connections: 5
[Topology][Flow] Generating flow layout
[Topology][Flow] Nodes: 8
[Topology][Flow] Connections: 7
[Topology][Hub] Generating hub layout
[Topology][Hub] Hub: Capacity
[Topology][Hub] Satellites: 5
[Topology][Hub] Connections: 5
[Topology][Flow] Generating flow layout
[Topology][Flow] Nodes: 8
[Topology][Flow] Connections: 7
[Topology][Hub] Generating hub layout
[Topology][Hub] Hub: Capacity
[Topology][Hub] Satellites: 5
[Topology][Hub] Connections: 5
[Topology][Flow] Generating flow layout
[Topology][Flow] Nodes: 8
[Topology][Flow] Connections: 7
[Topology][Flow] Generating flow layout
[Topology][Flow] Nodes: 2
[Topology][Flow] Connections: 1
[Topology][Flow] Generating flow layout
[Topology][Flow] Nodes: 8
[Topology][Flow] Connections: 7
[Topology][Flow] Generating flow layout
[Topology][Flow] Nodes: 2
[Topology][Flow] Connections: 1
[Topology][Flow] Generating flow layout
[Topology][Flow] Nodes: 8
[Topology][Flow] Connections: 7
[Topology][Hub] Generating hub layout
[Topology][Hub] Hub: Delivery
[Topology][Hub] Satellites: 5
[Topology][Hub] Connections: 5
[Topology][Flow] Generating flow layout
[Topology][Flow] Nodes: 8
[Topology][Flow] Connections: 7
[Topology][Hub] Generating hub layout
[Topology][Hub] Hub: Delivery
[Topology][Hub] Satellites: 5
[Topology][Hub] Connections: 5
[Topology][Flow] Generating flow layout
[Topology][Flow] Nodes: 8
[Topology][Flow] Connections: 7
[Topology][Hub] Generating hub layout
[Topology][Hub] Hub: Capacity
[Topology][Hub] Satellites: 5
[Topology][Hub] Connections: 5
[Topology][Flow] Generating flow layout
[Topology][Flow] Nodes: 8
[Topology][Flow] Connections: 7
[Topology][Hub] Generating hub layout
[Topology][Hub] Hub: Capacity
[Topology][Hub] Satellites: 5
[Topology][Hub] Connections: 5
[Topology][Flow] Generating flow layout
[Topology][Flow] Nodes: 8
[Topology][Flow] Connections: 7
[Topology][Flow] Generating flow layout
[Topology][Flow] Nodes: 2
[Topology][Flow] Connections: 1
[Topology][Flow] Generating flow layout
[Topology][Flow] Nodes: 8
[Topology][Flow] Connections: 7
[Topology][Flow] Generating flow layout
[Topology][Flow] Nodes: 2
[Topology][Flow] Connections: 1
[Topology][Flow] Generating flow layout
[Topology][Flow] Nodes: 8
[Topology][Flow] Connections: 7
[Topology][Flow] Generating flow layout
[Topology][Flow] Nodes: 2
[Topology][Flow] Connections: 1
▶ NEX-MVP-FINAL:6.4 Trusted Executive Communication
  ✔ has FINAL:6.4 identity and does not create competing engines (0.809292ms)
  ✔ meets corpus size (0.208625ms)
  ✔ keeps facts direct and hypotheses qualified (48.953375ms)
  ✔ does not hedge authoritative facts (17.448417ms)
  ✔ answers mixed certainty without exposing enums (6.524209ms)
  ✔ challenges unsupported causal certainty (18.021875ms)
  ✔ keeps clarification short (10.387375ms)
  ✔ does not encode certification sentences in production (0.258208ms)
  ✔ certifies trusted-communication dialogues (4738.799875ms)
✔ NEX-MVP-FINAL:6.4 Trusted Executive Communication (4842.771166ms)
[Topology][Flow] Generating flow layout
[Topology][Flow] Nodes: 8
[Topology][Flow] Connections: 7
[Topology][Flow] Generating flow layout
[Topology][Flow] Nodes: 2
[Topology][Flow] Connections: 1
[Topology][Flow] Generating flow layout
[Topology][Flow] Nodes: 8
[Topology][Flow] Connections: 7
[Topology][Hub] Generating hub layout
[Topology][Hub] Hub: Delivery
[Topology][Hub] Satellites: 5
[Topology][Hub] Connections: 5
[Topology][Flow] Generating flow layout
[Topology][Flow] Nodes: 8
[Topology][Flow] Connections: 7
[Topology][Hub] Generating hub layout
[Topology][Hub] Hub: Delivery
[Topology][Hub] Satellites: 5
[Topology][Hub] Connections: 5
[Topology][Flow] Generating flow layout
[Topology][Flow] Nodes: 8
[Topology][Flow] Connections: 7
[Topology][Flow] Generating flow layout
[Topology][Flow] Nodes: 2
[Topology][Flow] Connections: 1
[Topology][Flow] Generating flow layout
[Topology][Flow] Nodes: 8
[Topology][Flow] Connections: 7
[Topology][Flow] Generating flow layout
[Topology][Flow] Nodes: 2
[Topology][Flow] Connections: 1
[Topology][Flow] Generating flow layout
[Topology][Flow] Nodes: 8
[Topology][Flow] Connections: 7
[Topology][Flow] Generating flow layout
[Topology][Flow] Nodes: 2
[Topology][Flow] Connections: 1
[Topology][Flow] Generating flow layout
[Topology][Flow] Nodes: 8
[Topology][Flow] Connections: 7
[Topology][Flow] Generating flow layout
[Topology][Flow] Nodes: 2
[Topology][Flow] Connections: 1
[Topology][Flow] Generating flow layout
[Topology][Flow] Nodes: 8
[Topology][Flow] Connections: 7
[Topology][Hub] Generating hub layout
[Topology][Hub] Hub: Delivery
[Topology][Hub] Satellites: 5
[Topology][Hub] Connections: 5
[Topology][Flow] Generating flow layout
[Topology][Flow] Nodes: 8
[Topology][Flow] Connections: 7
[Topology][Hub] Generating hub layout
[Topology][Hub] Hub: Delivery
[Topology][Hub] Satellites: 5
[Topology][Hub] Connections: 5
[Topology][Flow] Generating flow layout
[Topology][Flow] Nodes: 8
[Topology][Flow] Connections: 7
[Topology][Flow] Generating flow layout
[Topology][Flow] Nodes: 2
[Topology][Flow] Connections: 1
[Topology][Flow] Generating flow layout
[Topology][Flow] Nodes: 8
[Topology][Flow] Connections: 7
[Topology][Flow] Generating flow layout
[Topology][Flow] Nodes: 2
[Topology][Flow] Connections: 1
[Topology][Flow] Generating flow layout
[Topology][Flow] Nodes: 8
[Topology][Flow] Connections: 7
[Topology][Flow] Generating flow layout
[Topology][Flow] Nodes: 2
[Topology][Flow] Connections: 1
[Topology][Flow] Generating flow layout
[Topology][Flow] Nodes: 8
[Topology][Flow] Connections: 7
[Topology][Flow] Generating flow layout
[Topology][Flow] Nodes: 2
[Topology][Flow] Connections: 1
[Topology][Flow] Generating flow layout
[Topology][Flow] Nodes: 8
[Topology][Flow] Connections: 7
[Topology][Flow] Generating flow layout
[Topology][Flow] Nodes: 2
[Topology][Flow] Connections: 1
[Topology][Flow] Generating flow layout
[Topology][Flow] Nodes: 8
[Topology][Flow] Connections: 7
[Topology][Flow] Generating flow layout
[Topology][Flow] Nodes: 2
[Topology][Flow] Connections: 1
[Topology][Flow] Generating flow layout
[Topology][Flow] Nodes: 8
[Topology][Flow] Connections: 7
[Topology][Flow] Generating flow layout
[Topology][Flow] Nodes: 2
[Topology][Flow] Connections: 1
[Topology][Flow] Generating flow layout
[Topology][Flow] Nodes: 8
[Topology][Flow] Connections: 7
[Topology][Flow] Generating flow layout
[Topology][Flow] Nodes: 2
[Topology][Flow] Connections: 1
[Topology][Flow] Generating flow layout
[Topology][Flow] Nodes: 8
[Topology][Flow] Connections: 7
[Topology][Flow] Generating flow layout
[Topology][Flow] Nodes: 2
[Topology][Flow] Connections: 1
[Topology][Flow] Generating flow layout
[Topology][Flow] Nodes: 8
[Topology][Flow] Connections: 7
[Topology][Flow] Generating flow layout
[Topology][Flow] Nodes: 2
[Topology][Flow] Connections: 1
[Topology][Flow] Generating flow layout
[Topology][Flow] Nodes: 8
[Topology][Flow] Connections: 7
[Topology][Flow] Generating flow layout
[Topology][Flow] Nodes: 2
[Topology][Flow] Connections: 1
[Topology][Flow] Generating flow layout
[Topology][Flow] Nodes: 8
[Topology][Flow] Connections: 7
[Topology][Hub] Generating hub layout
[Topology][Hub] Hub: Delivery
[Topology][Hub] Satellites: 5
[Topology][Hub] Connections: 5
[Topology][Flow] Generating flow layout
[Topology][Flow] Nodes: 8
[Topology][Flow] Connections: 7
[Topology][Hub] Generating hub layout
[Topology][Hub] Hub: Delivery
[Topology][Hub] Satellites: 5
[Topology][Hub] Connections: 5
[Topology][Flow] Generating flow layout
[Topology][Flow] Nodes: 8
[Topology][Flow] Connections: 7
[Topology][Hub] Generating hub layout
[Topology][Hub] Hub: Delivery
[Topology][Hub] Satellites: 5
[Topology][Hub] Connections: 5
[Topology][Flow] Generating flow layout
[Topology][Flow] Nodes: 8
[Topology][Flow] Connections: 7
[Topology][Hub] Generating hub layout
[Topology][Hub] Hub: Delivery
[Topology][Hub] Satellites: 5
[Topology][Hub] Connections: 5
[Topology][Flow] Generating flow layout
[Topology][Flow] Nodes: 8
[Topology][Flow] Connections: 7
[Topology][Hub] Generating hub layout
[Topology][Hub] Hub: Delivery
[Topology][Hub] Satellites: 5
[Topology][Hub] Connections: 5
[Topology][Flow] Generating flow layout
[Topology][Flow] Nodes: 8
[Topology][Flow] Connections: 7
[Topology][Flow] Generating flow layout
[Topology][Flow] Nodes: 2
[Topology][Flow] Connections: 1
[Topology][Flow] Generating flow layout
[Topology][Flow] Nodes: 8
[Topology][Flow] Connections: 7
[Topology][Hub] Generating hub layout
[Topology][Hub] Hub: Delivery
[Topology][Hub] Satellites: 5
[Topology][Hub] Connections: 5
[Topology][Flow] Generating flow layout
[Topology][Flow] Nodes: 8
[Topology][Flow] Connections: 7
[Topology][Hub] Generating hub layout
[Topology][Hub] Hub: Delivery
[Topology][Hub] Satellites: 5
[Topology][Hub] Connections: 5
[Topology][Flow] Generating flow layout
[Topology][Flow] Nodes: 8
[Topology][Flow] Connections: 7
[Topology][Flow] Generating flow layout
[Topology][Flow] Nodes: 2
[Topology][Flow] Connections: 1
[Topology][Flow] Generating flow layout
[Topology][Flow] Nodes: 8
[Topology][Flow] Connections: 7
[Topology][Hub] Generating hub layout
[Topology][Hub] Hub: Delivery
[Topology][Hub] Satellites: 5
[Topology][Hub] Connections: 5
[Topology][Flow] Generating flow layout
[Topology][Flow] Nodes: 8
[Topology][Flow] Connections: 7
[Topology][Hub] Generating hub layout
[Topology][Hub] Hub: Delivery
[Topology][Hub] Satellites: 5
[Topology][Hub] Connections: 5
[Topology][Flow] Generating flow layout
[Topology][Flow] Nodes: 8
[Topology][Flow] Connections: 7
[Topology][Flow] Generating flow layout
[Topology][Flow] Nodes: 2
[Topology][Flow] Connections: 1
[Topology][Flow] Generating flow layout
[Topology][Flow] Nodes: 8
[Topology][Flow] Connections: 7
[Topology][Hub] Generating hub layout
[Topology][Hub] Hub: Delivery
[Topology][Hub] Satellites: 5
[Topology][Hub] Connections: 5
[Topology][Flow] Generating flow layout
[Topology][Flow] Nodes: 8
[Topology][Flow] Connections: 7
[Topology][Hub] Generating hub layout
[Topology][Hub] Hub: Delivery
[Topology][Hub] Satellites: 5
[Topology][Hub] Connections: 5
[Topology][Flow] Generating flow layout
[Topology][Flow] Nodes: 8
[Topology][Flow] Connections: 7
[Topology][Hub] Generating hub layout
[Topology][Hub] Hub: Delivery
[Topology][Hub] Satellites: 5
[Topology][Hub] Connections: 5
[Topology][Flow] Generating flow layout
[Topology][Flow] Nodes: 8
[Topology][Flow] Connections: 7
[Topology][Hub] Generating hub layout
[Topology][Hub] Hub: Delivery
[Topology][Hub] Satellites: 5
[Topology][Hub] Connections: 5
[Topology][Flow] Generating flow layout
[Topology][Flow] Nodes: 8
[Topology][Flow] Connections: 7
[Topology][Hub] Generating hub layout
[Topology][Hub] Hub: Delivery
[Topology][Hub] Satellites: 5
[Topology][Hub] Connections: 5
[Topology][Flow] Generating flow layout
[Topology][Flow] Nodes: 8
[Topology][Flow] Connections: 7
[Topology][Hub] Generating hub layout
[Topology][Hub] Hub: Delivery
[Topology][Hub] Satellites: 5
[Topology][Hub] Connections: 5
[Topology][Flow] Generating flow layout
[Topology][Flow] Nodes: 8
[Topology][Flow] Connections: 7
[Topology][Hub] Generating hub layout
[Topology][Hub] Hub: Delivery
[Topology][Hub] Satellites: 5
[Topology][Hub] Connections: 5
[Topology][Flow] Generating flow layout
[Topology][Flow] Nodes: 8
[Topology][Flow] Connections: 7
[Topology][Hub] Generating hub layout
[Topology][Hub] Hub: Delivery
[Topology][Hub] Satellites: 5
[Topology][Hub] Connections: 5
[Topology][Flow] Generating flow layout
[Topology][Flow] Nodes: 8
[Topology][Flow] Connections: 7
[Topology][Hub] Generating hub layout
[Topology][Hub] Hub: Delivery
[Topology][Hub] Satellites: 5
[Topology][Hub] Connections: 5
[Topology][Flow] Generating flow layout
[Topology][Flow] Nodes: 8
[Topology][Flow] Connections: 7
[Topology][Hub] Generating hub layout
[Topology][Hub] Hub: Delivery
[Topology][Hub] Satellites: 5
[Topology][Hub] Connections: 5
[Topology][Flow] Generating flow layout
[Topology][Flow] Nodes: 8
[Topology][Flow] Connections: 7
[Topology][Flow] Generating flow layout
[Topology][Flow] Nodes: 2
[Topology][Flow] Connections: 1
[Topology][Flow] Generating flow layout
[Topology][Flow] Nodes: 8
[Topology][Flow] Connections: 7
[Topology][Hub] Generating hub layout
[Topology][Hub] Hub: Delivery
[Topology][Hub] Satellites: 5
[Topology][Hub] Connections: 5
[Topology][Flow] Generating flow layout
[Topology][Flow] Nodes: 8
[Topology][Flow] Connections: 7
[Topology][Hub] Generating hub layout
[Topology][Hub] Hub: Delivery
[Topology][Hub] Satellites: 5
[Topology][Hub] Connections: 5
[Topology][Flow] Generating flow layout
[Topology][Flow] Nodes: 8
[Topology][Flow] Connections: 7
[Topology][Hub] Generating hub layout
[Topology][Hub] Hub: Delivery
[Topology][Hub] Satellites: 5
[Topology][Hub] Connections: 5
[Topology][Flow] Generating flow layout
[Topology][Flow] Nodes: 8
[Topology][Flow] Connections: 7
[Topology][Hub] Generating hub layout
[Topology][Hub] Hub: Delivery
[Topology][Hub] Satellites: 5
[Topology][Hub] Connections: 5
[Topology][Flow] Generating flow layout
[Topology][Flow] Nodes: 8
[Topology][Flow] Connections: 7
[Topology][Hub] Generating hub layout
[Topology][Hub] Hub: Delivery
[Topology][Hub] Satellites: 5
[Topology][Hub] Connections: 5
[Topology][Flow] Generating flow layout
[Topology][Flow] Nodes: 8
[Topology][Flow] Connections: 7
[Topology][Hub] Generating hub layout
[Topology][Hub] Hub: Delivery
[Topology][Hub] Satellites: 5
[Topology][Hub] Connections: 5
[Topology][Flow] Generating flow layout
[Topology][Flow] Nodes: 8
[Topology][Flow] Connections: 7
[Topology][Flow] Generating flow layout
[Topology][Flow] Nodes: 2
[Topology][Flow] Connections: 1
[Topology][Flow] Generating flow layout
[Topology][Flow] Nodes: 8
[Topology][Flow] Connections: 7
[Topology][Hub] Generating hub layout
[Topology][Hub] Hub: Delivery
[Topology][Hub] Satellites: 5
[Topology][Hub] Connections: 5
[Topology][Flow] Generating flow layout
[Topology][Flow] Nodes: 8
[Topology][Flow] Connections: 7
[Topology][Hub] Generating hub layout
[Topology][Hub] Hub: Delivery
[Topology][Hub] Satellites: 5
[Topology][Hub] Connections: 5
[Topology][Flow] Generating flow layout
[Topology][Flow] Nodes: 8
[Topology][Flow] Connections: 7
[Topology][Flow] Generating flow layout
[Topology][Flow] Nodes: 2
[Topology][Flow] Connections: 1
[Topology][Flow] Generating flow layout
[Topology][Flow] Nodes: 8
[Topology][Flow] Connections: 7
[Topology][Flow] Generating flow layout
[Topology][Flow] Nodes: 2
[Topology][Flow] Connections: 1
[Topology][Flow] Generating flow layout
[Topology][Flow] Nodes: 8
[Topology][Flow] Connections: 7
[Topology][Flow] Generating flow layout
[Topology][Flow] Nodes: 2
[Topology][Flow] Connections: 1
[Topology][Flow] Generating flow layout
[Topology][Flow] Nodes: 8
[Topology][Flow] Connections: 7
[Topology][Flow] Generating flow layout
[Topology][Flow] Nodes: 2
[Topology][Flow] Connections: 1
[Topology][Flow] Generating flow layout
[Topology][Flow] Nodes: 8
[Topology][Flow] Connections: 7
[Topology][Flow] Generating flow layout
[Topology][Flow] Nodes: 2
[Topology][Flow] Connections: 1
[Topology][Flow] Generating flow layout
[Topology][Flow] Nodes: 8
[Topology][Flow] Connections: 7
[Topology][Flow] Generating flow layout
[Topology][Flow] Nodes: 2
[Topology][Flow] Connections: 1
[Topology][Flow] Generating flow layout
[Topology][Flow] Nodes: 8
[Topology][Flow] Connections: 7
[Topology][Flow] Generating flow layout
[Topology][Flow] Nodes: 2
[Topology][Flow] Connections: 1
[Topology][Flow] Generating flow layout
[Topology][Flow] Nodes: 8
[Topology][Flow] Connections: 7
[Topology][Flow] Generating flow layout
[Topology][Flow] Nodes: 2
[Topology][Flow] Connections: 1
[Topology][Flow] Generating flow layout
[Topology][Flow] Nodes: 8
[Topology][Flow] Connections: 7
[Topology][Flow] Generating flow layout
[Topology][Flow] Nodes: 2
[Topology][Flow] Connections: 1
[Topology][Flow] Generating flow layout
[Topology][Flow] Nodes: 8
[Topology][Flow] Connections: 7
[Topology][Flow] Generating flow layout
[Topology][Flow] Nodes: 2
[Topology][Flow] Connections: 1
[Topology][Flow] Generating flow layout
[Topology][Flow] Nodes: 8
[Topology][Flow] Connections: 7
[Topology][Flow] Generating flow layout
[Topology][Flow] Nodes: 2
[Topology][Flow] Connections: 1
[Topology][Flow] Generating flow layout
[Topology][Flow] Nodes: 8
[Topology][Flow] Connections: 7
[Topology][Flow] Generating flow layout
[Topology][Flow] Nodes: 2
[Topology][Flow] Connections: 1
[Topology][Flow] Generating flow layout
[Topology][Flow] Nodes: 8
[Topology][Flow] Connections: 7
[Topology][Flow] Generating flow layout
[Topology][Flow] Nodes: 2
[Topology][Flow] Connections: 1
[Topology][Flow] Generating flow layout
[Topology][Flow] Nodes: 8
[Topology][Flow] Connections: 7
[Topology][Flow] Generating flow layout
[Topology][Flow] Nodes: 2
[Topology][Flow] Connections: 1
[Topology][Flow] Generating flow layout
[Topology][Flow] Nodes: 8
[Topology][Flow] Connections: 7
[Topology][Hub] Generating hub layout
[Topology][Hub] Hub: Delivery
[Topology][Hub] Satellites: 5
[Topology][Hub] Connections: 5
[Topology][Flow] Generating flow layout
[Topology][Flow] Nodes: 8
[Topology][Flow] Connections: 7
[Topology][Hub] Generating hub layout
[Topology][Hub] Hub: Delivery
[Topology][Hub] Satellites: 5
[Topology][Hub] Connections: 5
[Topology][Flow] Generating flow layout
[Topology][Flow] Nodes: 8
[Topology][Flow] Connections: 7
[Topology][Hub] Generating hub layout
[Topology][Hub] Hub: Delivery
[Topology][Hub] Satellites: 5
[Topology][Hub] Connections: 5
[Topology][Flow] Generating flow layout
[Topology][Flow] Nodes: 8
[Topology][Flow] Connections: 7
[Topology][Hub] Generating hub layout
[Topology][Hub] Hub: Delivery
[Topology][Hub] Satellites: 5
[Topology][Hub] Connections: 5
[Topology][Flow] Generating flow layout
[Topology][Flow] Nodes: 8
[Topology][Flow] Connections: 7
[Topology][Flow] Generating flow layout
[Topology][Flow] Nodes: 2
[Topology][Flow] Connections: 1
[Topology][Flow] Generating flow layout
[Topology][Flow] Nodes: 8
[Topology][Flow] Connections: 7
[Topology][Hub] Generating hub layout
[Topology][Hub] Hub: Delivery
[Topology][Hub] Satellites: 5
[Topology][Hub] Connections: 5
[Topology][Flow] Generating flow layout
[Topology][Flow] Nodes: 8
[Topology][Flow] Connections: 7
[Topology][Hub] Generating hub layout
[Topology][Hub] Hub: Delivery
[Topology][Hub] Satellites: 5
[Topology][Hub] Connections: 5
[Topology][Flow] Generating flow layout
[Topology][Flow] Nodes: 8
[Topology][Flow] Connections: 7
[Topology][Hub] Generating hub layout
[Topology][Hub] Hub: Delivery
[Topology][Hub] Satellites: 5
[Topology][Hub] Connections: 5
[Topology][Flow] Generating flow layout
[Topology][Flow] Nodes: 8
[Topology][Flow] Connections: 7
[Topology][Flow] Generating flow layout
[Topology][Flow] Nodes: 2
[Topology][Flow] Connections: 1
[Topology][Flow] Generating flow layout
[Topology][Flow] Nodes: 8
[Topology][Flow] Connections: 7
[Topology][Flow] Generating flow layout
[Topology][Flow] Nodes: 2
[Topology][Flow] Connections: 1
[Topology][Flow] Generating flow layout
[Topology][Flow] Nodes: 8
[Topology][Flow] Connections: 7
[Topology][Flow] Generating flow layout
[Topology][Flow] Nodes: 2
[Topology][Flow] Connections: 1
[Topology][Flow] Generating flow layout
[Topology][Flow] Nodes: 8
[Topology][Flow] Connections: 7
[Topology][Flow] Generating flow layout
[Topology][Flow] Nodes: 2
[Topology][Flow] Connections: 1
[Topology][Flow] Generating flow layout
[Topology][Flow] Nodes: 8
[Topology][Flow] Connections: 7
[Topology][Hub] Generating hub layout
[Topology][Hub] Hub: Delivery
[Topology][Hub] Satellites: 5
[Topology][Hub] Connections: 5
[Topology][Flow] Generating flow layout
[Topology][Flow] Nodes: 8
[Topology][Flow] Connections: 7
[Topology][Hub] Generating hub layout
[Topology][Hub] Hub: Capacity
[Topology][Hub] Satellites: 5
[Topology][Hub] Connections: 5
[Topology][Flow] Generating flow layout
[Topology][Flow] Nodes: 8
[Topology][Flow] Connections: 7
[Topology][Hub] Generating hub layout
[Topology][Hub] Hub: Capacity
[Topology][Hub] Satellites: 5
[Topology][Hub] Connections: 5
[Topology][Flow] Generating flow layout
[Topology][Flow] Nodes: 8
[Topology][Flow] Connections: 7
[Topology][Hub] Generating hub layout
[Topology][Hub] Hub: Delivery
[Topology][Hub] Satellites: 5
[Topology][Hub] Connections: 5
[Topology][Flow] Generating flow layout
[Topology][Flow] Nodes: 8
[Topology][Flow] Connections: 7
[Topology][Hub] Generating hub layout
[Topology][Hub] Hub: Capacity
[Topology][Hub] Satellites: 5
[Topology][Hub] Connections: 5
[Topology][Flow] Generating flow layout
[Topology][Flow] Nodes: 8
[Topology][Flow] Connections: 7
[Topology][Hub] Generating hub layout
[Topology][Hub] Hub: Capacity
[Topology][Hub] Satellites: 5
[Topology][Hub] Connections: 5
[Topology][Flow] Generating flow layout
[Topology][Flow] Nodes: 8
[Topology][Flow] Connections: 7
[Topology][Flow] Generating flow layout
[Topology][Flow] Nodes: 2
[Topology][Flow] Connections: 1
[Topology][Flow] Generating flow layout
[Topology][Flow] Nodes: 8
[Topology][Flow] Connections: 7
[Topology][Flow] Generating flow layout
[Topology][Flow] Nodes: 2
[Topology][Flow] Connections: 1
[Topology][Flow] Generating flow layout
[Topology][Flow] Nodes: 8
[Topology][Flow] Connections: 7
[Topology][Flow] Generating flow layout
[Topology][Flow] Nodes: 2
[Topology][Flow] Connections: 1
[Topology][Flow] Generating flow layout
[Topology][Flow] Nodes: 8
[Topology][Flow] Connections: 7
[Topology][Flow] Generating flow layout
[Topology][Flow] Nodes: 2
[Topology][Flow] Connections: 1
[Topology][Flow] Generating flow layout
[Topology][Flow] Nodes: 8
[Topology][Flow] Connections: 7
[Topology][Hub] Generating hub layout
[Topology][Hub] Hub: Delivery
[Topology][Hub] Satellites: 5
[Topology][Hub] Connections: 5
[Topology][Flow] Generating flow layout
[Topology][Flow] Nodes: 8
[Topology][Flow] Connections: 7
[Topology][Hub] Generating hub layout
[Topology][Hub] Hub: Delivery
[Topology][Hub] Satellites: 5
[Topology][Hub] Connections: 5
[Topology][Flow] Generating flow layout
[Topology][Flow] Nodes: 8
[Topology][Flow] Connections: 7
[Topology][Flow] Generating flow layout
[Topology][Flow] Nodes: 2
[Topology][Flow] Connections: 1
[Topology][Flow] Generating flow layout
[Topology][Flow] Nodes: 8
[Topology][Flow] Connections: 7
[Topology][Flow] Generating flow layout
[Topology][Flow] Nodes: 2
[Topology][Flow] Connections: 1
[Topology][Flow] Generating flow layout
[Topology][Flow] Nodes: 8
[Topology][Flow] Connections: 7
[Topology][Flow] Generating flow layout
[Topology][Flow] Nodes: 2
[Topology][Flow] Connections: 1
[Topology][Flow] Generating flow layout
[Topology][Flow] Nodes: 8
[Topology][Flow] Connections: 7
[Topology][Hub] Generating hub layout
[Topology][Hub] Hub: Delivery
[Topology][Hub] Satellites: 5
[Topology][Hub] Connections: 5
[Topology][Flow] Generating flow layout
[Topology][Flow] Nodes: 8
[Topology][Flow] Connections: 7
[Topology][Hub] Generating hub layout
[Topology][Hub] Hub: Delivery
[Topology][Hub] Satellites: 5
[Topology][Hub] Connections: 5
[Topology][Flow] Generating flow layout
[Topology][Flow] Nodes: 8
[Topology][Flow] Connections: 7
[Topology][Hub] Generating hub layout
[Topology][Hub] Hub: Delivery
[Topology][Hub] Satellites: 5
[Topology][Hub] Connections: 5
[Topology][Flow] Generating flow layout
[Topology][Flow] Nodes: 8
[Topology][Flow] Connections: 7
[Topology][Hub] Generating hub layout
[Topology][Hub] Hub: Delivery
[Topology][Hub] Satellites: 5
[Topology][Hub] Connections: 5
[Topology][Flow] Generating flow layout
[Topology][Flow] Nodes: 8
[Topology][Flow] Connections: 7
[Topology][Flow] Generating flow layout
[Topology][Flow] Nodes: 2
[Topology][Flow] Connections: 1
[Topology][Flow] Generating flow layout
[Topology][Flow] Nodes: 8
[Topology][Flow] Connections: 7
[Topology][Flow] Generating flow layout
[Topology][Flow] Nodes: 2
[Topology][Flow] Connections: 1
[Topology][Flow] Generating flow layout
[Topology][Flow] Nodes: 8
[Topology][Flow] Connections: 7
[Topology][Flow] Generating flow layout
[Topology][Flow] Nodes: 2
[Topology][Flow] Connections: 1
[Topology][Flow] Generating flow layout
[Topology][Flow] Nodes: 8
[Topology][Flow] Connections: 7
[Topology][Hub] Generating hub layout
[Topology][Hub] Hub: Delivery
[Topology][Hub] Satellites: 5
[Topology][Hub] Connections: 5
[Topology][Flow] Generating flow layout
[Topology][Flow] Nodes: 8
[Topology][Flow] Connections: 7
[Topology][Hub] Generating hub layout
[Topology][Hub] Hub: Delivery
[Topology][Hub] Satellites: 5
[Topology][Hub] Connections: 5
[Topology][Flow] Generating flow layout
[Topology][Flow] Nodes: 8
[Topology][Flow] Connections: 7
[Topology][Hub] Generating hub layout
[Topology][Hub] Hub: Delivery
[Topology][Hub] Satellites: 5
[Topology][Hub] Connections: 5
[Topology][Flow] Generating flow layout
[Topology][Flow] Nodes: 8
[Topology][Flow] Connections: 7
[Topology][Flow] Generating flow layout
[Topology][Flow] Nodes: 2
[Topology][Flow] Connections: 1
[Topology][Flow] Generating flow layout
[Topology][Flow] Nodes: 8
[Topology][Flow] Connections: 7
[Topology][Flow] Generating flow layout
[Topology][Flow] Nodes: 2
[Topology][Flow] Connections: 1
[Topology][Flow] Generating flow layout
[Topology][Flow] Nodes: 8
[Topology][Flow] Connections: 7
[Topology][Flow] Generating flow layout
[Topology][Flow] Nodes: 2
[Topology][Flow] Connections: 1
[Topology][Flow] Generating flow layout
[Topology][Flow] Nodes: 8
[Topology][Flow] Connections: 7
[Topology][Flow] Generating flow layout
[Topology][Flow] Nodes: 2
[Topology][Flow] Connections: 1
[Topology][Flow] Generating flow layout
[Topology][Flow] Nodes: 8
[Topology][Flow] Connections: 7
[Topology][Flow] Generating flow layout
[Topology][Flow] Nodes: 2
[Topology][Flow] Connections: 1
[Topology][Flow] Generating flow layout
[Topology][Flow] Nodes: 8
[Topology][Flow] Connections: 7
[Topology][Flow] Generating flow layout
[Topology][Flow] Nodes: 2
[Topology][Flow] Connections: 1
[Topology][Flow] Generating flow layout
[Topology][Flow] Nodes: 8
[Topology][Flow] Connections: 7
[Topology][Flow] Generating flow layout
[Topology][Flow] Nodes: 2
[Topology][Flow] Connections: 1
[Topology][Flow] Generating flow layout
[Topology][Flow] Nodes: 8
[Topology][Flow] Connections: 7
[Topology][Hub] Generating hub layout
[Topology][Hub] Hub: Delivery
[Topology][Hub] Satellites: 5
[Topology][Hub] Connections: 5
[Topology][Flow] Generating flow layout
[Topology][Flow] Nodes: 8
[Topology][Flow] Connections: 7
[Topology][Hub] Generating hub layout
[Topology][Hub] Hub: Delivery
[Topology][Hub] Satellites: 5
[Topology][Hub] Connections: 5
[Topology][Flow] Generating flow layout
[Topology][Flow] Nodes: 8
[Topology][Flow] Connections: 7
[Topology][Hub] Generating hub layout
[Topology][Hub] Hub: Delivery
[Topology][Hub] Satellites: 5
[Topology][Hub] Connections: 5
[Topology][Flow] Generating flow layout
[Topology][Flow] Nodes: 8
[Topology][Flow] Connections: 7
[Topology][Flow] Generating flow layout
[Topology][Flow] Nodes: 2
[Topology][Flow] Connections: 1
[Topology][Flow] Generating flow layout
[Topology][Flow] Nodes: 8
[Topology][Flow] Connections: 7
[Topology][Hub] Generating hub layout
[Topology][Hub] Hub: Delivery
[Topology][Hub] Satellites: 5
[Topology][Hub] Connections: 5
[Topology][Flow] Generating flow layout
[Topology][Flow] Nodes: 8
[Topology][Flow] Connections: 7
[Topology][Hub] Generating hub layout
[Topology][Hub] Hub: Delivery
[Topology][Hub] Satellites: 5
[Topology][Hub] Connections: 5
[Topology][Flow] Generating flow layout
[Topology][Flow] Nodes: 8
[Topology][Flow] Connections: 7
[Topology][Hub] Generating hub layout
[Topology][Hub] Hub: Delivery
[Topology][Hub] Satellites: 5
[Topology][Hub] Connections: 5
[Topology][Flow] Generating flow layout
[Topology][Flow] Nodes: 8
[Topology][Flow] Connections: 7
[Topology][Hub] Generating hub layout
[Topology][Hub] Hub: Delivery
[Topology][Hub] Satellites: 5
[Topology][Hub] Connections: 5
[Topology][Flow] Generating flow layout
[Topology][Flow] Nodes: 8
[Topology][Flow] Connections: 7
[Topology][Hub] Generating hub layout
[Topology][Hub] Hub: Delivery
[Topology][Hub] Satellites: 5
[Topology][Hub] Connections: 5
[Topology][Flow] Generating flow layout
[Topology][Flow] Nodes: 8
[Topology][Flow] Connections: 7
[Topology][Hub] Generating hub layout
[Topology][Hub] Hub: Delivery
[Topology][Hub] Satellites: 5
[Topology][Hub] Connections: 5
[Topology][Flow] Generating flow layout
[Topology][Flow] Nodes: 8
[Topology][Flow] Connections: 7
[Topology][Hub] Generating hub layout
[Topology][Hub] Hub: Delivery
[Topology][Hub] Satellites: 5
[Topology][Hub] Connections: 5
[Topology][Flow] Generating flow layout
[Topology][Flow] Nodes: 8
[Topology][Flow] Connections: 7
[Topology][Hub] Generating hub layout
[Topology][Hub] Hub: Delivery
[Topology][Hub] Satellites: 5
[Topology][Hub] Connections: 5
[Topology][Flow] Generating flow layout
[Topology][Flow] Nodes: 8
[Topology][Flow] Connections: 7
[Topology][Hub] Generating hub layout
[Topology][Hub] Hub: Delivery
[Topology][Hub] Satellites: 5
[Topology][Hub] Connections: 5
[Topology][Flow] Generating flow layout
[Topology][Flow] Nodes: 8
[Topology][Flow] Connections: 7
[Topology][Hub] Generating hub layout
[Topology][Hub] Hub: Delivery
[Topology][Hub] Satellites: 5
[Topology][Hub] Connections: 5
[Topology][Flow] Generating flow layout
[Topology][Flow] Nodes: 8
[Topology][Flow] Connections: 7
[Topology][Hub] Generating hub layout
[Topology][Hub] Hub: Delivery
[Topology][Hub] Satellites: 5
[Topology][Hub] Connections: 5
[Topology][Flow] Generating flow layout
[Topology][Flow] Nodes: 8
[Topology][Flow] Connections: 7
[Topology][Hub] Generating hub layout
[Topology][Hub] Hub: Delivery
[Topology][Hub] Satellites: 5
[Topology][Hub] Connections: 5
[Topology][Flow] Generating flow layout
[Topology][Flow] Nodes: 8
[Topology][Flow] Connections: 7
[Topology][Hub] Generating hub layout
[Topology][Hub] Hub: Delivery
[Topology][Hub] Satellites: 5
[Topology][Hub] Connections: 5
[Topology][Flow] Generating flow layout
[Topology][Flow] Nodes: 8
[Topology][Flow] Connections: 7
[Topology][Hub] Generating hub layout
[Topology][Hub] Hub: Delivery
[Topology][Hub] Satellites: 5
[Topology][Hub] Connections: 5
[Topology][Flow] Generating flow layout
[Topology][Flow] Nodes: 8
[Topology][Flow] Connections: 7
[Topology][Hub] Generating hub layout
[Topology][Hub] Hub: Delivery
[Topology][Hub] Satellites: 5
[Topology][Hub] Connections: 5
[Topology][Flow] Generating flow layout
[Topology][Flow] Nodes: 8
[Topology][Flow] Connections: 7
[Topology][Hub] Generating hub layout
[Topology][Hub] Hub: Delivery
[Topology][Hub] Satellites: 5
[Topology][Hub] Connections: 5
[Topology][Flow] Generating flow layout
[Topology][Flow] Nodes: 8
[Topology][Flow] Connections: 7
[Topology][Hub] Generating hub layout
[Topology][Hub] Hub: Delivery
[Topology][Hub] Satellites: 5
[Topology][Hub] Connections: 5
[Topology][Flow] Generating flow layout
[Topology][Flow] Nodes: 8
[Topology][Flow] Connections: 7
[Topology][Flow] Generating flow layout
[Topology][Flow] Nodes: 2
[Topology][Flow] Connections: 1
[Topology][Flow] Generating flow layout
[Topology][Flow] Nodes: 8
[Topology][Flow] Connections: 7
[Topology][Hub] Generating hub layout
[Topology][Hub] Hub: Delivery
[Topology][Hub] Satellites: 5
[Topology][Hub] Connections: 5
[Topology][Flow] Generating flow layout
[Topology][Flow] Nodes: 8
[Topology][Flow] Connections: 7
[Topology][Hub] Generating hub layout
[Topology][Hub] Hub: Delivery
[Topology][Hub] Satellites: 5
[Topology][Hub] Connections: 5
[Topology][Flow] Generating flow layout
[Topology][Flow] Nodes: 8
[Topology][Flow] Connections: 7
[Topology][Hub] Generating hub layout
[Topology][Hub] Hub: Delivery
[Topology][Hub] Satellites: 5
[Topology][Hub] Connections: 5
[Topology][Flow] Generating flow layout
[Topology][Flow] Nodes: 8
[Topology][Flow] Connections: 7
[Topology][Hub] Generating hub layout
[Topology][Hub] Hub: Delivery
[Topology][Hub] Satellites: 5
[Topology][Hub] Connections: 5
[Topology][Flow] Generating flow layout
[Topology][Flow] Nodes: 8
[Topology][Flow] Connections: 7
[Topology][Hub] Generating hub layout
[Topology][Hub] Hub: Delivery
[Topology][Hub] Satellites: 5
[Topology][Hub] Connections: 5
[Topology][Flow] Generating flow layout
[Topology][Flow] Nodes: 8
[Topology][Flow] Connections: 7
[Topology][Hub] Generating hub layout
[Topology][Hub] Hub: Delivery
[Topology][Hub] Satellites: 5
[Topology][Hub] Connections: 5
[Topology][Flow] Generating flow layout
[Topology][Flow] Nodes: 8
[Topology][Flow] Connections: 7
[Topology][Hub] Generating hub layout
[Topology][Hub] Hub: Delivery
[Topology][Hub] Satellites: 5
[Topology][Hub] Connections: 5
[Topology][Flow] Generating flow layout
[Topology][Flow] Nodes: 8
[Topology][Flow] Connections: 7
[Topology][Hub] Generating hub layout
[Topology][Hub] Hub: Delivery
[Topology][Hub] Satellites: 5
[Topology][Hub] Connections: 5
[Topology][Flow] Generating flow layout
[Topology][Flow] Nodes: 8
[Topology][Flow] Connections: 7
[Topology][Hub] Generating hub layout
[Topology][Hub] Hub: Delivery
[Topology][Hub] Satellites: 5
[Topology][Hub] Connections: 5
[Topology][Flow] Generating flow layout
[Topology][Flow] Nodes: 8
[Topology][Flow] Connections: 7
[Topology][Hub] Generating hub layout
[Topology][Hub] Hub: Delivery
[Topology][Hub] Satellites: 5
[Topology][Hub] Connections: 5
[Topology][Flow] Generating flow layout
[Topology][Flow] Nodes: 8
[Topology][Flow] Connections: 7
[Topology][Hub] Generating hub layout
[Topology][Hub] Hub: Delivery
[Topology][Hub] Satellites: 5
[Topology][Hub] Connections: 5
[Topology][Flow] Generating flow layout
[Topology][Flow] Nodes: 8
[Topology][Flow] Connections: 7
[Topology][Hub] Generating hub layout
[Topology][Hub] Hub: Delivery
[Topology][Hub] Satellites: 5
[Topology][Hub] Connections: 5
[Topology][Flow] Generating flow layout
[Topology][Flow] Nodes: 8
[Topology][Flow] Connections: 7
[Topology][Hub] Generating hub layout
[Topology][Hub] Hub: Delivery
[Topology][Hub] Satellites: 5
[Topology][Hub] Connections: 5
[Topology][Flow] Generating flow layout
[Topology][Flow] Nodes: 8
[Topology][Flow] Connections: 7
[Topology][Hub] Generating hub layout
[Topology][Hub] Hub: Delivery
[Topology][Hub] Satellites: 5
[Topology][Hub] Connections: 5
[Topology][Flow] Generating flow layout
[Topology][Flow] Nodes: 8
[Topology][Flow] Connections: 7
[Topology][Hub] Generating hub layout
[Topology][Hub] Hub: Delivery
[Topology][Hub] Satellites: 5
[Topology][Hub] Connections: 5
[Topology][Flow] Generating flow layout
[Topology][Flow] Nodes: 8
[Topology][Flow] Connections: 7
[Topology][Hub] Generating hub layout
[Topology][Hub] Hub: Delivery
[Topology][Hub] Satellites: 5
[Topology][Hub] Connections: 5
[Topology][Flow] Generating flow layout
[Topology][Flow] Nodes: 8
[Topology][Flow] Connections: 7
[Topology][Hub] Generating hub layout
[Topology][Hub] Hub: Delivery
[Topology][Hub] Satellites: 5
[Topology][Hub] Connections: 5
[Topology][Flow] Generating flow layout
[Topology][Flow] Nodes: 8
[Topology][Flow] Connections: 7
[Topology][Hub] Generating hub layout
[Topology][Hub] Hub: Delivery
[Topology][Hub] Satellites: 5
[Topology][Hub] Connections: 5
[Topology][Flow] Generating flow layout
[Topology][Flow] Nodes: 8
[Topology][Flow] Connections: 7
[Topology][Hub] Generating hub layout
[Topology][Hub] Hub: Delivery
[Topology][Hub] Satellites: 5
[Topology][Hub] Connections: 5
[Topology][Flow] Generating flow layout
[Topology][Flow] Nodes: 8
[Topology][Flow] Connections: 7
[Topology][Hub] Generating hub layout
[Topology][Hub] Hub: Delivery
[Topology][Hub] Satellites: 5
[Topology][Hub] Connections: 5
[Topology][Flow] Generating flow layout
[Topology][Flow] Nodes: 8
[Topology][Flow] Connections: 7
[Topology][Hub] Generating hub layout
[Topology][Hub] Hub: Delivery
[Topology][Hub] Satellites: 5
[Topology][Hub] Connections: 5
[Topology][Flow] Generating flow layout
[Topology][Flow] Nodes: 8
[Topology][Flow] Connections: 7
[Topology][Hub] Generating hub layout
[Topology][Hub] Hub: Delivery
[Topology][Hub] Satellites: 5
[Topology][Hub] Connections: 5
[Topology][Flow] Generating flow layout
[Topology][Flow] Nodes: 8
[Topology][Flow] Connections: 7
[Topology][Hub] Generating hub layout
[Topology][Hub] Hub: Delivery
[Topology][Hub] Satellites: 5
[Topology][Hub] Connections: 5
[Topology][Flow] Generating flow layout
[Topology][Flow] Nodes: 8
[Topology][Flow] Connections: 7
[Topology][Hub] Generating hub layout
[Topology][Hub] Hub: Delivery
[Topology][Hub] Satellites: 5
[Topology][Hub] Connections: 5
[Topology][Flow] Generating flow layout
[Topology][Flow] Nodes: 8
[Topology][Flow] Connections: 7
[Topology][Hub] Generating hub layout
[Topology][Hub] Hub: Delivery
[Topology][Hub] Satellites: 5
[Topology][Hub] Connections: 5
[Topology][Flow] Generating flow layout
[Topology][Flow] Nodes: 8
[Topology][Flow] Connections: 7
[Topology][Hub] Generating hub layout
[Topology][Hub] Hub: Delivery
[Topology][Hub] Satellites: 5
[Topology][Hub] Connections: 5
[Topology][Flow] Generating flow layout
[Topology][Flow] Nodes: 8
[Topology][Flow] Connections: 7
[Topology][Hub] Generating hub layout
[Topology][Hub] Hub: Delivery
[Topology][Hub] Satellites: 5
[Topology][Hub] Connections: 5
[Topology][Flow] Generating flow layout
[Topology][Flow] Nodes: 8
[Topology][Flow] Connections: 7
[Topology][Hub] Generating hub layout
[Topology][Hub] Hub: Delivery
[Topology][Hub] Satellites: 5
[Topology][Hub] Connections: 5
[Topology][Flow] Generating flow layout
[Topology][Flow] Nodes: 8
[Topology][Flow] Connections: 7
[Topology][Hub] Generating hub layout
[Topology][Hub] Hub: Delivery
[Topology][Hub] Satellites: 5
[Topology][Hub] Connections: 5
[Topology][Flow] Generating flow layout
[Topology][Flow] Nodes: 8
[Topology][Flow] Connections: 7
[Topology][Hub] Generating hub layout
[Topology][Hub] Hub: Delivery
[Topology][Hub] Satellites: 5
[Topology][Hub] Connections: 5
[Topology][Flow] Generating flow layout
[Topology][Flow] Nodes: 8
[Topology][Flow] Connections: 7
[Topology][Hub] Generating hub layout
[Topology][Hub] Hub: Delivery
[Topology][Hub] Satellites: 5
[Topology][Hub] Connections: 5
[Topology][Flow] Generating flow layout
[Topology][Flow] Nodes: 8
[Topology][Flow] Connections: 7
[Topology][Hub] Generating hub layout
[Topology][Hub] Hub: Delivery
[Topology][Hub] Satellites: 5
[Topology][Hub] Connections: 5
[Topology][Flow] Generating flow layout
[Topology][Flow] Nodes: 8
[Topology][Flow] Connections: 7
[Topology][Hub] Generating hub layout
[Topology][Hub] Hub: Delivery
[Topology][Hub] Satellites: 5
[Topology][Hub] Connections: 5
[Topology][Flow] Generating flow layout
[Topology][Flow] Nodes: 8
[Topology][Flow] Connections: 7
[Topology][Hub] Generating hub layout
[Topology][Hub] Hub: Delivery
[Topology][Hub] Satellites: 5
[Topology][Hub] Connections: 5
[Topology][Flow] Generating flow layout
[Topology][Flow] Nodes: 8
[Topology][Flow] Connections: 7
[Topology][Hub] Generating hub layout
[Topology][Hub] Hub: Delivery
[Topology][Hub] Satellites: 5
[Topology][Hub] Connections: 5
[Topology][Flow] Generating flow layout
[Topology][Flow] Nodes: 8
[Topology][Flow] Connections: 7
[Topology][Hub] Generating hub layout
[Topology][Hub] Hub: Delivery
[Topology][Hub] Satellites: 5
[Topology][Hub] Connections: 5
[Topology][Flow] Generating flow layout
[Topology][Flow] Nodes: 8
[Topology][Flow] Connections: 7
[Topology][Hub] Generating hub layout
[Topology][Hub] Hub: Delivery
[Topology][Hub] Satellites: 5
[Topology][Hub] Connections: 5
[Topology][Flow] Generating flow layout
[Topology][Flow] Nodes: 8
[Topology][Flow] Connections: 7
[Topology][Hub] Generating hub layout
[Topology][Hub] Hub: Delivery
[Topology][Hub] Satellites: 5
[Topology][Hub] Connections: 5
[Topology][Flow] Generating flow layout
[Topology][Flow] Nodes: 8
[Topology][Flow] Connections: 7
[Topology][Hub] Generating hub layout
[Topology][Hub] Hub: Delivery
[Topology][Hub] Satellites: 5
[Topology][Hub] Connections: 5
[Topology][Flow] Generating flow layout
[Topology][Flow] Nodes: 8
[Topology][Flow] Connections: 7
[Topology][Hub] Generating hub layout
[Topology][Hub] Hub: Delivery
[Topology][Hub] Satellites: 5
[Topology][Hub] Connections: 5
[Topology][Flow] Generating flow layout
[Topology][Flow] Nodes: 8
[Topology][Flow] Connections: 7
[Topology][Hub] Generating hub layout
[Topology][Hub] Hub: Delivery
[Topology][Hub] Satellites: 5
[Topology][Hub] Connections: 5
[Topology][Flow] Generating flow layout
[Topology][Flow] Nodes: 8
[Topology][Flow] Connections: 7
[Topology][Hub] Generating hub layout
[Topology][Hub] Hub: Delivery
[Topology][Hub] Satellites: 5
[Topology][Hub] Connections: 5
[Topology][Flow] Generating flow layout
[Topology][Flow] Nodes: 8
[Topology][Flow] Connections: 7
[Topology][Hub] Generating hub layout
[Topology][Hub] Hub: Delivery
[Topology][Hub] Satellites: 5
[Topology][Hub] Connections: 5
[Topology][Flow] Generating flow layout
[Topology][Flow] Nodes: 8
[Topology][Flow] Connections: 7
[Topology][Hub] Generating hub layout
[Topology][Hub] Hub: Delivery
[Topology][Hub] Satellites: 5
[Topology][Hub] Connections: 5
[Topology][Flow] Generating flow layout
[Topology][Flow] Nodes: 8
[Topology][Flow] Connections: 7
[Topology][Hub] Generating hub layout
[Topology][Hub] Hub: Delivery
[Topology][Hub] Satellites: 5
[Topology][Hub] Connections: 5
[Topology][Flow] Generating flow layout
[Topology][Flow] Nodes: 8
[Topology][Flow] Connections: 7
[Topology][Hub] Generating hub layout
[Topology][Hub] Hub: Delivery
[Topology][Hub] Satellites: 5
[Topology][Hub] Connections: 5
[Topology][Flow] Generating flow layout
[Topology][Flow] Nodes: 8
[Topology][Flow] Connections: 7
[Topology][Hub] Generating hub layout
[Topology][Hub] Hub: Delivery
[Topology][Hub] Satellites: 5
[Topology][Hub] Connections: 5
[Topology][Flow] Generating flow layout
[Topology][Flow] Nodes: 8
[Topology][Flow] Connections: 7
[Topology][Hub] Generating hub layout
[Topology][Hub] Hub: Delivery
[Topology][Hub] Satellites: 5
[Topology][Hub] Connections: 5
[Topology][Flow] Generating flow layout
[Topology][Flow] Nodes: 8
[Topology][Flow] Connections: 7
[Topology][Hub] Generating hub layout
[Topology][Hub] Hub: Delivery
[Topology][Hub] Satellites: 5
[Topology][Hub] Connections: 5
[Topology][Flow] Generating flow layout
[Topology][Flow] Nodes: 8
[Topology][Flow] Connections: 7
[Topology][Hub] Generating hub layout
[Topology][Hub] Hub: Delivery
[Topology][Hub] Satellites: 5
[Topology][Hub] Connections: 5
[Topology][Flow] Generating flow layout
[Topology][Flow] Nodes: 8
[Topology][Flow] Connections: 7
[Topology][Hub] Generating hub layout
[Topology][Hub] Hub: Delivery
[Topology][Hub] Satellites: 5
[Topology][Hub] Connections: 5
[Topology][Flow] Generating flow layout
[Topology][Flow] Nodes: 8
[Topology][Flow] Connections: 7
[Topology][Hub] Generating hub layout
[Topology][Hub] Hub: Delivery
[Topology][Hub] Satellites: 5
[Topology][Hub] Connections: 5
[Topology][Flow] Generating flow layout
[Topology][Flow] Nodes: 8
[Topology][Flow] Connections: 7
[Topology][Hub] Generating hub layout
[Topology][Hub] Hub: Delivery
[Topology][Hub] Satellites: 5
[Topology][Hub] Connections: 5
[Topology][Flow] Generating flow layout
[Topology][Flow] Nodes: 8
[Topology][Flow] Connections: 7
[Topology][Hub] Generating hub layout
[Topology][Hub] Hub: Delivery
[Topology][Hub] Satellites: 5
[Topology][Hub] Connections: 5
[Topology][Flow] Generating flow layout
[Topology][Flow] Nodes: 8
[Topology][Flow] Connections: 7
[Topology][Hub] Generating hub layout
[Topology][Hub] Hub: Delivery
[Topology][Hub] Satellites: 5
[Topology][Hub] Connections: 5
[Topology][Flow] Generating flow layout
[Topology][Flow] Nodes: 8
[Topology][Flow] Connections: 7
[Topology][Hub] Generating hub layout
[Topology][Hub] Hub: Delivery
[Topology][Hub] Satellites: 5
[Topology][Hub] Connections: 5
[Topology][Flow] Generating flow layout
[Topology][Flow] Nodes: 8
[Topology][Flow] Connections: 7
[Topology][Hub] Generating hub layout
[Topology][Hub] Hub: Delivery
[Topology][Hub] Satellites: 5
[Topology][Hub] Connections: 5
[Topology][Flow] Generating flow layout
[Topology][Flow] Nodes: 8
[Topology][Flow] Connections: 7
[Topology][Hub] Generating hub layout
[Topology][Hub] Hub: Delivery
[Topology][Hub] Satellites: 5
[Topology][Hub] Connections: 5
[Topology][Flow] Generating flow layout
[Topology][Flow] Nodes: 8
[Topology][Flow] Connections: 7
[Topology][Hub] Generating hub layout
[Topology][Hub] Hub: Delivery
[Topology][Hub] Satellites: 5
[Topology][Hub] Connections: 5
[Topology][Flow] Generating flow layout
[Topology][Flow] Nodes: 8
[Topology][Flow] Connections: 7
[Topology][Hub] Generating hub layout
[Topology][Hub] Hub: Delivery
[Topology][Hub] Satellites: 5
[Topology][Hub] Connections: 5
[Topology][Flow] Generating flow layout
[Topology][Flow] Nodes: 8
[Topology][Flow] Connections: 7
[Topology][Hub] Generating hub layout
[Topology][Hub] Hub: Delivery
[Topology][Hub] Satellites: 5
[Topology][Hub] Connections: 5
[Topology][Flow] Generating flow layout
[Topology][Flow] Nodes: 8
[Topology][Flow] Connections: 7
[Topology][Hub] Generating hub layout
[Topology][Hub] Hub: Delivery
[Topology][Hub] Satellites: 5
[Topology][Hub] Connections: 5
[Topology][Flow] Generating flow layout
[Topology][Flow] Nodes: 8
[Topology][Flow] Connections: 7
[Topology][Hub] Generating hub layout
[Topology][Hub] Hub: Delivery
[Topology][Hub] Satellites: 5
[Topology][Hub] Connections: 5
[Topology][Flow] Generating flow layout
[Topology][Flow] Nodes: 8
[Topology][Flow] Connections: 7
[Topology][Hub] Generating hub layout
[Topology][Hub] Hub: Delivery
[Topology][Hub] Satellites: 5
[Topology][Hub] Connections: 5
[Topology][Flow] Generating flow layout
[Topology][Flow] Nodes: 8
[Topology][Flow] Connections: 7
[Topology][Hub] Generating hub layout
[Topology][Hub] Hub: Delivery
[Topology][Hub] Satellites: 5
[Topology][Hub] Connections: 5
[Topology][Flow] Generating flow layout
[Topology][Flow] Nodes: 8
[Topology][Flow] Connections: 7
[Topology][Hub] Generating hub layout
[Topology][Hub] Hub: Delivery
[Topology][Hub] Satellites: 5
[Topology][Hub] Connections: 5
[Topology][Flow] Generating flow layout
[Topology][Flow] Nodes: 8
[Topology][Flow] Connections: 7
[Topology][Hub] Generating hub layout
[Topology][Hub] Hub: Delivery
[Topology][Hub] Satellites: 5
[Topology][Hub] Connections: 5
[Topology][Flow] Generating flow layout
[Topology][Flow] Nodes: 8
[Topology][Flow] Connections: 7
[Topology][Hub] Generating hub layout
[Topology][Hub] Hub: Delivery
[Topology][Hub] Satellites: 5
[Topology][Hub] Connections: 5
[Topology][Flow] Generating flow layout
[Topology][Flow] Nodes: 8
[Topology][Flow] Connections: 7
[Topology][Hub] Generating hub layout
[Topology][Hub] Hub: Delivery
[Topology][Hub] Satellites: 5
[Topology][Hub] Connections: 5
[Topology][Flow] Generating flow layout
[Topology][Flow] Nodes: 8
[Topology][Flow] Connections: 7
[Topology][Hub] Generating hub layout
[Topology][Hub] Hub: Delivery
[Topology][Hub] Satellites: 5
[Topology][Hub] Connections: 5
[Topology][Flow] Generating flow layout
[Topology][Flow] Nodes: 8
[Topology][Flow] Connections: 7
[Topology][Hub] Generating hub layout
[Topology][Hub] Hub: Delivery
[Topology][Hub] Satellites: 5
[Topology][Hub] Connections: 5
[Topology][Flow] Generating flow layout
[Topology][Flow] Nodes: 8
[Topology][Flow] Connections: 7
[Topology][Hub] Generating hub layout
[Topology][Hub] Hub: Delivery
[Topology][Hub] Satellites: 5
[Topology][Hub] Connections: 5
[Topology][Flow] Generating flow layout
[Topology][Flow] Nodes: 8
[Topology][Flow] Connections: 7
[Topology][Hub] Generating hub layout
[Topology][Hub] Hub: Delivery
[Topology][Hub] Satellites: 5
[Topology][Hub] Connections: 5
[Topology][Flow] Generating flow layout
[Topology][Flow] Nodes: 8
[Topology][Flow] Connections: 7
[Topology][Hub] Generating hub layout
[Topology][Hub] Hub: Delivery
[Topology][Hub] Satellites: 5
[Topology][Hub] Connections: 5
[Topology][Flow] Generating flow layout
[Topology][Flow] Nodes: 8
[Topology][Flow] Connections: 7
[Topology][Hub] Generating hub layout
[Topology][Hub] Hub: Delivery
[Topology][Hub] Satellites: 5
[Topology][Hub] Connections: 5
[Topology][Flow] Generating flow layout
[Topology][Flow] Nodes: 8
[Topology][Flow] Connections: 7
[Topology][Hub] Generating hub layout
[Topology][Hub] Hub: Delivery
[Topology][Hub] Satellites: 5
[Topology][Hub] Connections: 5
[Topology][Flow] Generating flow layout
[Topology][Flow] Nodes: 8
[Topology][Flow] Connections: 7
[Topology][Hub] Generating hub layout
[Topology][Hub] Hub: Delivery
[Topology][Hub] Satellites: 5
[Topology][Hub] Connections: 5
[Topology][Flow] Generating flow layout
[Topology][Flow] Nodes: 8
[Topology][Flow] Connections: 7
[Topology][Hub] Generating hub layout
[Topology][Hub] Hub: Delivery
[Topology][Hub] Satellites: 5
[Topology][Hub] Connections: 5
[Topology][Flow] Generating flow layout
[Topology][Flow] Nodes: 8
[Topology][Flow] Connections: 7
[Topology][Hub] Generating hub layout
[Topology][Hub] Hub: Delivery
[Topology][Hub] Satellites: 5
[Topology][Hub] Connections: 5
[Topology][Flow] Generating flow layout
[Topology][Flow] Nodes: 8
[Topology][Flow] Connections: 7
[Topology][Hub] Generating hub layout
[Topology][Hub] Hub: Delivery
[Topology][Hub] Satellites: 5
[Topology][Hub] Connections: 5
[Topology][Flow] Generating flow layout
[Topology][Flow] Nodes: 8
[Topology][Flow] Connections: 7
[Topology][Hub] Generating hub layout
[Topology][Hub] Hub: Delivery
[Topology][Hub] Satellites: 5
[Topology][Hub] Connections: 5
[Topology][Flow] Generating flow layout
[Topology][Flow] Nodes: 8
[Topology][Flow] Connections: 7
[Topology][Hub] Generating hub layout
[Topology][Hub] Hub: Delivery
[Topology][Hub] Satellites: 5
[Topology][Hub] Connections: 5
[Topology][Flow] Generating flow layout
[Topology][Flow] Nodes: 8
[Topology][Flow] Connections: 7
[Topology][Hub] Generating hub layout
[Topology][Hub] Hub: Delivery
[Topology][Hub] Satellites: 5
[Topology][Hub] Connections: 5
[Topology][Flow] Generating flow layout
[Topology][Flow] Nodes: 8
[Topology][Flow] Connections: 7
[Topology][Hub] Generating hub layout
[Topology][Hub] Hub: Delivery
[Topology][Hub] Satellites: 5
[Topology][Hub] Connections: 5
[Topology][Flow] Generating flow layout
[Topology][Flow] Nodes: 8
[Topology][Flow] Connections: 7
[Topology][Hub] Generating hub layout
[Topology][Hub] Hub: Delivery
[Topology][Hub] Satellites: 5
[Topology][Hub] Connections: 5
[Topology][Flow] Generating flow layout
[Topology][Flow] Nodes: 8
[Topology][Flow] Connections: 7
[Topology][Hub] Generating hub layout
[Topology][Hub] Hub: Delivery
[Topology][Hub] Satellites: 5
[Topology][Hub] Connections: 5
[Topology][Flow] Generating flow layout
[Topology][Flow] Nodes: 8
[Topology][Flow] Connections: 7
[Topology][Hub] Generating hub layout
[Topology][Hub] Hub: Delivery
[Topology][Hub] Satellites: 5
[Topology][Hub] Connections: 5
[Topology][Flow] Generating flow layout
[Topology][Flow] Nodes: 8
[Topology][Flow] Connections: 7
[Topology][Hub] Generating hub layout
[Topology][Hub] Hub: Delivery
[Topology][Hub] Satellites: 5
[Topology][Hub] Connections: 5
[Topology][Flow] Generating flow layout
[Topology][Flow] Nodes: 8
[Topology][Flow] Connections: 7
[Topology][Hub] Generating hub layout
[Topology][Hub] Hub: Delivery
[Topology][Hub] Satellites: 5
[Topology][Hub] Connections: 5
[Topology][Flow] Generating flow layout
[Topology][Flow] Nodes: 8
[Topology][Flow] Connections: 7
[Topology][Hub] Generating hub layout
[Topology][Hub] Hub: Delivery
[Topology][Hub] Satellites: 5
[Topology][Hub] Connections: 5
[Topology][Flow] Generating flow layout
[Topology][Flow] Nodes: 8
[Topology][Flow] Connections: 7
[Topology][Hub] Generating hub layout
[Topology][Hub] Hub: Delivery
[Topology][Hub] Satellites: 5
[Topology][Hub] Connections: 5
[Topology][Flow] Generating flow layout
[Topology][Flow] Nodes: 8
[Topology][Flow] Connections: 7
[Topology][Hub] Generating hub layout
[Topology][Hub] Hub: Delivery
[Topology][Hub] Satellites: 5
[Topology][Hub] Connections: 5
[Topology][Flow] Generating flow layout
[Topology][Flow] Nodes: 8
[Topology][Flow] Connections: 7
[Topology][Hub] Generating hub layout
[Topology][Hub] Hub: Delivery
[Topology][Hub] Satellites: 5
[Topology][Hub] Connections: 5
[Topology][Flow] Generating flow layout
[Topology][Flow] Nodes: 8
[Topology][Flow] Connections: 7
[Topology][Hub] Generating hub layout
[Topology][Hub] Hub: Delivery
[Topology][Hub] Satellites: 5
[Topology][Hub] Connections: 5
[Topology][Flow] Generating flow layout
[Topology][Flow] Nodes: 8
[Topology][Flow] Connections: 7
[Topology][Hub] Generating hub layout
[Topology][Hub] Hub: Delivery
[Topology][Hub] Satellites: 5
[Topology][Hub] Connections: 5
[Topology][Flow] Generating flow layout
[Topology][Flow] Nodes: 8
[Topology][Flow] Connections: 7
[Topology][Hub] Generating hub layout
[Topology][Hub] Hub: Delivery
[Topology][Hub] Satellites: 5
[Topology][Hub] Connections: 5
[Topology][Flow] Generating flow layout
[Topology][Flow] Nodes: 8
[Topology][Flow] Connections: 7
[Topology][Hub] Generating hub layout
[Topology][Hub] Hub: Delivery
[Topology][Hub] Satellites: 5
[Topology][Hub] Connections: 5
[Topology][Flow] Generating flow layout
[Topology][Flow] Nodes: 8
[Topology][Flow] Connections: 7
[Topology][Hub] Generating hub layout
[Topology][Hub] Hub: Delivery
[Topology][Hub] Satellites: 5
[Topology][Hub] Connections: 5
[Topology][Flow] Generating flow layout
[Topology][Flow] Nodes: 8
[Topology][Flow] Connections: 7
[Topology][Hub] Generating hub layout
[Topology][Hub] Hub: Delivery
[Topology][Hub] Satellites: 5
[Topology][Hub] Connections: 5
[Topology][Flow] Generating flow layout
[Topology][Flow] Nodes: 8
[Topology][Flow] Connections: 7
[Topology][Hub] Generating hub layout
[Topology][Hub] Hub: Delivery
[Topology][Hub] Satellites: 5
[Topology][Hub] Connections: 5
[Topology][Flow] Generating flow layout
[Topology][Flow] Nodes: 8
[Topology][Flow] Connections: 7
[Topology][Hub] Generating hub layout
[Topology][Hub] Hub: Delivery
[Topology][Hub] Satellites: 5
[Topology][Hub] Connections: 5
[Topology][Flow] Generating flow layout
[Topology][Flow] Nodes: 8
[Topology][Flow] Connections: 7
[Topology][Hub] Generating hub layout
[Topology][Hub] Hub: Delivery
[Topology][Hub] Satellites: 5
[Topology][Hub] Connections: 5
[Topology][Flow] Generating flow layout
[Topology][Flow] Nodes: 8
[Topology][Flow] Connections: 7
[Topology][Hub] Generating hub layout
[Topology][Hub] Hub: Delivery
[Topology][Hub] Satellites: 5
[Topology][Hub] Connections: 5
[Topology][Flow] Generating flow layout
[Topology][Flow] Nodes: 8
[Topology][Flow] Connections: 7
[Topology][Hub] Generating hub layout
[Topology][Hub] Hub: Delivery
[Topology][Hub] Satellites: 5
[Topology][Hub] Connections: 5
[Topology][Flow] Generating flow layout
[Topology][Flow] Nodes: 8
[Topology][Flow] Connections: 7
[Topology][Hub] Generating hub layout
[Topology][Hub] Hub: Delivery
[Topology][Hub] Satellites: 5
[Topology][Hub] Connections: 5
[Topology][Flow] Generating flow layout
[Topology][Flow] Nodes: 8
[Topology][Flow] Connections: 7
[Topology][Hub] Generating hub layout
[Topology][Hub] Hub: Delivery
[Topology][Hub] Satellites: 5
[Topology][Hub] Connections: 5
[Topology][Flow] Generating flow layout
[Topology][Flow] Nodes: 8
[Topology][Flow] Connections: 7
[Topology][Hub] Generating hub layout
[Topology][Hub] Hub: Delivery
[Topology][Hub] Satellites: 5
[Topology][Hub] Connections: 5
[Topology][Flow] Generating flow layout
[Topology][Flow] Nodes: 8
[Topology][Flow] Connections: 7
[Topology][Hub] Generating hub layout
[Topology][Hub] Hub: Delivery
[Topology][Hub] Satellites: 5
[Topology][Hub] Connections: 5
[Topology][Flow] Generating flow layout
[Topology][Flow] Nodes: 8
[Topology][Flow] Connections: 7
[Topology][Hub] Generating hub layout
[Topology][Hub] Hub: Delivery
[Topology][Hub] Satellites: 5
[Topology][Hub] Connections: 5
[Topology][Flow] Generating flow layout
[Topology][Flow] Nodes: 8
[Topology][Flow] Connections: 7
[Topology][Hub] Generating hub layout
[Topology][Hub] Hub: Delivery
[Topology][Hub] Satellites: 5
[Topology][Hub] Connections: 5
[Topology][Flow] Generating flow layout
[Topology][Flow] Nodes: 8
[Topology][Flow] Connections: 7
[Topology][Hub] Generating hub layout
[Topology][Hub] Hub: Delivery
[Topology][Hub] Satellites: 5
[Topology][Hub] Connections: 5
[Topology][Flow] Generating flow layout
[Topology][Flow] Nodes: 8
[Topology][Flow] Connections: 7
[Topology][Hub] Generating hub layout
[Topology][Hub] Hub: Delivery
[Topology][Hub] Satellites: 5
[Topology][Hub] Connections: 5
[Topology][Flow] Generating flow layout
[Topology][Flow] Nodes: 8
[Topology][Flow] Connections: 7
[Topology][Hub] Generating hub layout
[Topology][Hub] Hub: Delivery
[Topology][Hub] Satellites: 5
[Topology][Hub] Connections: 5
[Topology][Flow] Generating flow layout
[Topology][Flow] Nodes: 8
[Topology][Flow] Connections: 7
[Topology][Hub] Generating hub layout
[Topology][Hub] Hub: Delivery
[Topology][Hub] Satellites: 5
[Topology][Hub] Connections: 5
[Topology][Flow] Generating flow layout
[Topology][Flow] Nodes: 8
[Topology][Flow] Connections: 7
[Topology][Hub] Generating hub layout
[Topology][Hub] Hub: Delivery
[Topology][Hub] Satellites: 5
[Topology][Hub] Connections: 5
[Topology][Flow] Generating flow layout
[Topology][Flow] Nodes: 8
[Topology][Flow] Connections: 7
[Topology][Hub] Generating hub layout
[Topology][Hub] Hub: Delivery
[Topology][Hub] Satellites: 5
[Topology][Hub] Connections: 5
[Topology][Flow] Generating flow layout
[Topology][Flow] Nodes: 8
[Topology][Flow] Connections: 7
[Topology][Hub] Generating hub layout
[Topology][Hub] Hub: Delivery
[Topology][Hub] Satellites: 5
[Topology][Hub] Connections: 5
[Topology][Flow] Generating flow layout
[Topology][Flow] Nodes: 8
[Topology][Flow] Connections: 7
[Topology][Hub] Generating hub layout
[Topology][Hub] Hub: Delivery
[Topology][Hub] Satellites: 5
[Topology][Hub] Connections: 5
[Topology][Flow] Generating flow layout
[Topology][Flow] Nodes: 8
[Topology][Flow] Connections: 7
[Topology][Hub] Generating hub layout
[Topology][Hub] Hub: Delivery
[Topology][Hub] Satellites: 5
[Topology][Hub] Connections: 5
[Topology][Flow] Generating flow layout
[Topology][Flow] Nodes: 8
[Topology][Flow] Connections: 7
[Topology][Hub] Generating hub layout
[Topology][Hub] Hub: Delivery
[Topology][Hub] Satellites: 5
[Topology][Hub] Connections: 5
[Topology][Flow] Generating flow layout
[Topology][Flow] Nodes: 8
[Topology][Flow] Connections: 7
[Topology][Hub] Generating hub layout
[Topology][Hub] Hub: Delivery
[Topology][Hub] Satellites: 5
[Topology][Hub] Connections: 5
[Topology][Flow] Generating flow layout
[Topology][Flow] Nodes: 8
[Topology][Flow] Connections: 7
[Topology][Hub] Generating hub layout
[Topology][Hub] Hub: Delivery
[Topology][Hub] Satellites: 5
[Topology][Hub] Connections: 5
[Topology][Flow] Generating flow layout
[Topology][Flow] Nodes: 8
[Topology][Flow] Connections: 7
[Topology][Hub] Generating hub layout
[Topology][Hub] Hub: Delivery
[Topology][Hub] Satellites: 5
[Topology][Hub] Connections: 5
[Topology][Flow] Generating flow layout
[Topology][Flow] Nodes: 8
[Topology][Flow] Connections: 7
[Topology][Hub] Generating hub layout
[Topology][Hub] Hub: Delivery
[Topology][Hub] Satellites: 5
[Topology][Hub] Connections: 5
[Topology][Flow] Generating flow layout
[Topology][Flow] Nodes: 8
[Topology][Flow] Connections: 7
[Topology][Hub] Generating hub layout
[Topology][Hub] Hub: Delivery
[Topology][Hub] Satellites: 5
[Topology][Hub] Connections: 5
[Topology][Flow] Generating flow layout
[Topology][Flow] Nodes: 8
[Topology][Flow] Connections: 7
[Topology][Hub] Generating hub layout
[Topology][Hub] Hub: Delivery
[Topology][Hub] Satellites: 5
[Topology][Hub] Connections: 5
[Topology][Flow] Generating flow layout
[Topology][Flow] Nodes: 8
[Topology][Flow] Connections: 7
[Topology][Hub] Generating hub layout
[Topology][Hub] Hub: Delivery
[Topology][Hub] Satellites: 5
[Topology][Hub] Connections: 5
[Topology][Flow] Generating flow layout
[Topology][Flow] Nodes: 8
[Topology][Flow] Connections: 7
[Topology][Hub] Generating hub layout
[Topology][Hub] Hub: Delivery
[Topology][Hub] Satellites: 5
[Topology][Hub] Connections: 5
[Topology][Flow] Generating flow layout
[Topology][Flow] Nodes: 8
[Topology][Flow] Connections: 7
[Topology][Hub] Generating hub layout
[Topology][Hub] Hub: Delivery
[Topology][Hub] Satellites: 5
[Topology][Hub] Connections: 5
[Topology][Flow] Generating flow layout
[Topology][Flow] Nodes: 8
[Topology][Flow] Connections: 7
[Topology][Hub] Generating hub layout
[Topology][Hub] Hub: Delivery
[Topology][Hub] Satellites: 5
[Topology][Hub] Connections: 5
[Topology][Flow] Generating flow layout
[Topology][Flow] Nodes: 8
[Topology][Flow] Connections: 7
[Topology][Hub] Generating hub layout
[Topology][Hub] Hub: Delivery
[Topology][Hub] Satellites: 5
[Topology][Hub] Connections: 5
[Topology][Flow] Generating flow layout
[Topology][Flow] Nodes: 8
[Topology][Flow] Connections: 7
[Topology][Hub] Generating hub layout
[Topology][Hub] Hub: Delivery
[Topology][Hub] Satellites: 5
[Topology][Hub] Connections: 5
[Topology][Flow] Generating flow layout
[Topology][Flow] Nodes: 8
[Topology][Flow] Connections: 7
[Topology][Hub] Generating hub layout
[Topology][Hub] Hub: Delivery
[Topology][Hub] Satellites: 5
[Topology][Hub] Connections: 5
[Topology][Flow] Generating flow layout
[Topology][Flow] Nodes: 8
[Topology][Flow] Connections: 7
[Topology][Hub] Generating hub layout
[Topology][Hub] Hub: Delivery
[Topology][Hub] Satellites: 5
[Topology][Hub] Connections: 5
[Topology][Flow] Generating flow layout
[Topology][Flow] Nodes: 8
[Topology][Flow] Connections: 7
[Topology][Hub] Generating hub layout
[Topology][Hub] Hub: Delivery
[Topology][Hub] Satellites: 5
[Topology][Hub] Connections: 5
[Topology][Flow] Generating flow layout
[Topology][Flow] Nodes: 8
[Topology][Flow] Connections: 7
[Topology][Hub] Generating hub layout
[Topology][Hub] Hub: Delivery
[Topology][Hub] Satellites: 5
[Topology][Hub] Connections: 5
[Topology][Flow] Generating flow layout
[Topology][Flow] Nodes: 8
[Topology][Flow] Connections: 7
[Topology][Hub] Generating hub layout
[Topology][Hub] Hub: Delivery
[Topology][Hub] Satellites: 5
[Topology][Hub] Connections: 5
[Topology][Flow] Generating flow layout
[Topology][Flow] Nodes: 8
[Topology][Flow] Connections: 7
[Topology][Hub] Generating hub layout
[Topology][Hub] Hub: Delivery
[Topology][Hub] Satellites: 5
[Topology][Hub] Connections: 5
[Topology][Flow] Generating flow layout
[Topology][Flow] Nodes: 8
[Topology][Flow] Connections: 7
[Topology][Hub] Generating hub layout
[Topology][Hub] Hub: Delivery
[Topology][Hub] Satellites: 5
[Topology][Hub] Connections: 5
[Topology][Flow] Generating flow layout
[Topology][Flow] Nodes: 8
[Topology][Flow] Connections: 7
[Topology][Hub] Generating hub layout
[Topology][Hub] Hub: Delivery
[Topology][Hub] Satellites: 5
[Topology][Hub] Connections: 5
[Topology][Flow] Generating flow layout
[Topology][Flow] Nodes: 8
[Topology][Flow] Connections: 7
[Topology][Hub] Generating hub layout
[Topology][Hub] Hub: Delivery
[Topology][Hub] Satellites: 5
[Topology][Hub] Connections: 5
[Topology][Flow] Generating flow layout
[Topology][Flow] Nodes: 8
[Topology][Flow] Connections: 7
[Topology][Hub] Generating hub layout
[Topology][Hub] Hub: Delivery
[Topology][Hub] Satellites: 5
[Topology][Hub] Connections: 5
[Topology][Flow] Generating flow layout
[Topology][Flow] Nodes: 8
[Topology][Flow] Connections: 7
[Topology][Hub] Generating hub layout
[Topology][Hub] Hub: Delivery
[Topology][Hub] Satellites: 5
[Topology][Hub] Connections: 5
[Topology][Flow] Generating flow layout
[Topology][Flow] Nodes: 8
[Topology][Flow] Connections: 7
[Topology][Hub] Generating hub layout
[Topology][Hub] Hub: Delivery
[Topology][Hub] Satellites: 5
[Topology][Hub] Connections: 5
[Topology][Flow] Generating flow layout
[Topology][Flow] Nodes: 8
[Topology][Flow] Connections: 7
[Topology][Hub] Generating hub layout
[Topology][Hub] Hub: Capacity
[Topology][Hub] Satellites: 5
[Topology][Hub] Connections: 5
[Topology][Flow] Generating flow layout
[Topology][Flow] Nodes: 8
[Topology][Flow] Connections: 7
[Topology][Hub] Generating hub layout
[Topology][Hub] Hub: Capacity
[Topology][Hub] Satellites: 5
[Topology][Hub] Connections: 5
[Topology][Flow] Generating flow layout
[Topology][Flow] Nodes: 8
[Topology][Flow] Connections: 7
[Topology][Hub] Generating hub layout
[Topology][Hub] Hub: Delivery
[Topology][Hub] Satellites: 5
[Topology][Hub] Connections: 5
[Topology][Flow] Generating flow layout
[Topology][Flow] Nodes: 8
[Topology][Flow] Connections: 7
[Topology][Hub] Generating hub layout
[Topology][Hub] Hub: Delivery
[Topology][Hub] Satellites: 5
[Topology][Hub] Connections: 5
[Topology][Flow] Generating flow layout
[Topology][Flow] Nodes: 8
[Topology][Flow] Connections: 7
[Topology][Hub] Generating hub layout
[Topology][Hub] Hub: Delivery
[Topology][Hub] Satellites: 5
[Topology][Hub] Connections: 5
[Topology][Flow] Generating flow layout
[Topology][Flow] Nodes: 8
[Topology][Flow] Connections: 7
[Topology][Hub] Generating hub layout
[Topology][Hub] Hub: Delivery
[Topology][Hub] Satellites: 5
[Topology][Hub] Connections: 5
▶ NEX-MVP-FINAL:6.5 Guidance & Self-Knowledge
  ✔ has FINAL:6.5 identity and does not create competing engines (1.023084ms)
  ✔ meets corpus size (0.232ms)
  ✔ projects capabilities from existing authorities (214.142958ms)
  ✔ classifies unseen capability language without phrase tables for each sentence (13.851625ms)
  ✔ does not hijack object knowledge into help (195.506417ms)
  ✔ answers product fiction without fabricating integrations (18.69375ms)
  ✔ explains missing scenario comparison prerequisites (77.759958ms)
  ✔ does not start execution from Start without an approved decision (22.084375ms)
  ✔ changes what-can-you-do with context (86.091625ms)
  ✔ handles synthetic registered subjects through the projection (14.765292ms)
  ✔ runs the guidance corpus without architecture leaks or unsafe commitments (4766.218959ms)
  ✔ keeps proactive guidance rare on narrow requests (67.307ms)
  ✔ can suggest a next step on open now-what (41.162917ms)
  ✔ proactive yes cases stay non-wizard (36.525791ms)
✔ NEX-MVP-FINAL:6.5 Guidance & Self-Knowledge (5557.007959ms)
[Topology][Flow] Generating flow layout
[Topology][Flow] Nodes: 8
[Topology][Flow] Connections: 7
[Topology][Flow] Generating flow layout
[Topology][Flow] Nodes: 2
[Topology][Flow] Connections: 1
[Topology][Flow] Generating flow layout
[Topology][Flow] Nodes: 8
[Topology][Flow] Connections: 7
[Topology][Flow] Generating flow layout
[Topology][Flow] Nodes: 2
[Topology][Flow] Connections: 1
[Topology][Flow] Generating flow layout
[Topology][Flow] Nodes: 8
[Topology][Flow] Connections: 7
[Topology][Flow] Generating flow layout
[Topology][Flow] Nodes: 2
[Topology][Flow] Connections: 1
[Topology][Flow] Generating flow layout
[Topology][Flow] Nodes: 8
[Topology][Flow] Connections: 7
[Topology][Flow] Generating flow layout
[Topology][Flow] Nodes: 2
[Topology][Flow] Connections: 1
[Topology][Flow] Generating flow layout
[Topology][Flow] Nodes: 8
[Topology][Flow] Connections: 7
[Topology][Flow] Generating flow layout
[Topology][Flow] Nodes: 2
[Topology][Flow] Connections: 1
[Topology][Flow] Generating flow layout
[Topology][Flow] Nodes: 8
[Topology][Flow] Connections: 7
[Topology][Flow] Generating flow layout
[Topology][Flow] Nodes: 2
[Topology][Flow] Connections: 1
[Topology][Flow] Generating flow layout
[Topology][Flow] Nodes: 8
[Topology][Flow] Connections: 7
[Topology][Flow] Generating flow layout
[Topology][Flow] Nodes: 2
[Topology][Flow] Connections: 1
[Topology][Flow] Generating flow layout
[Topology][Flow] Nodes: 8
[Topology][Flow] Connections: 7
[Topology][Flow] Generating flow layout
[Topology][Flow] Nodes: 2
[Topology][Flow] Connections: 1
[Topology][Flow] Generating flow layout
[Topology][Flow] Nodes: 8
[Topology][Flow] Connections: 7
[Topology][Flow] Generating flow layout
[Topology][Flow] Nodes: 2
[Topology][Flow] Connections: 1
[Topology][Flow] Generating flow layout
[Topology][Flow] Nodes: 8
[Topology][Flow] Connections: 7
[Topology][Flow] Generating flow layout
[Topology][Flow] Nodes: 2
[Topology][Flow] Connections: 1
[Topology][Flow] Generating flow layout
[Topology][Flow] Nodes: 8
[Topology][Flow] Connections: 7
[Topology][Flow] Generating flow layout
[Topology][Flow] Nodes: 2
[Topology][Flow] Connections: 1
[Topology][Flow] Generating flow layout
[Topology][Flow] Nodes: 8
[Topology][Flow] Connections: 7
[Topology][Flow] Generating flow layout
[Topology][Flow] Nodes: 2
[Topology][Flow] Connections: 1
[Topology][Flow] Generating flow layout
[Topology][Flow] Nodes: 8
[Topology][Flow] Connections: 7
[Topology][Flow] Generating flow layout
[Topology][Flow] Nodes: 2
[Topology][Flow] Connections: 1
[Topology][Flow] Generating flow layout
[Topology][Flow] Nodes: 8
[Topology][Flow] Connections: 7
[Topology][Flow] Generating flow layout
[Topology][Flow] Nodes: 2
[Topology][Flow] Connections: 1
[Topology][Flow] Generating flow layout
[Topology][Flow] Nodes: 8
[Topology][Flow] Connections: 7
[Topology][Flow] Generating flow layout
[Topology][Flow] Nodes: 2
[Topology][Flow] Connections: 1
[Topology][Flow] Generating flow layout
[Topology][Flow] Nodes: 8
[Topology][Flow] Connections: 7
[Topology][Flow] Generating flow layout
[Topology][Flow] Nodes: 2
[Topology][Flow] Connections: 1
[Topology][Flow] Generating flow layout
[Topology][Flow] Nodes: 8
[Topology][Flow] Connections: 7
[Topology][Flow] Generating flow layout
[Topology][Flow] Nodes: 2
[Topology][Flow] Connections: 1
[Topology][Flow] Generating flow layout
[Topology][Flow] Nodes: 8
[Topology][Flow] Connections: 7
[Topology][Flow] Generating flow layout
[Topology][Flow] Nodes: 2
[Topology][Flow] Connections: 1
[Topology][Flow] Generating flow layout
[Topology][Flow] Nodes: 8
[Topology][Flow] Connections: 7
[Topology][Flow] Generating flow layout
[Topology][Flow] Nodes: 2
[Topology][Flow] Connections: 1
[Topology][Flow] Generating flow layout
[Topology][Flow] Nodes: 8
[Topology][Flow] Connections: 7
[Topology][Flow] Generating flow layout
[Topology][Flow] Nodes: 2
[Topology][Flow] Connections: 1
[Topology][Flow] Generating flow layout
[Topology][Flow] Nodes: 8
[Topology][Flow] Connections: 7
[Topology][Flow] Generating flow layout
[Topology][Flow] Nodes: 2
[Topology][Flow] Connections: 1
[Topology][Flow] Generating flow layout
[Topology][Flow] Nodes: 8
[Topology][Flow] Connections: 7
[Topology][Flow] Generating flow layout
[Topology][Flow] Nodes: 2
[Topology][Flow] Connections: 1
[Topology][Flow] Generating flow layout
[Topology][Flow] Nodes: 8
[Topology][Flow] Connections: 7
[Topology][Flow] Generating flow layout
[Topology][Flow] Nodes: 2
[Topology][Flow] Connections: 1
[Topology][Flow] Generating flow layout
[Topology][Flow] Nodes: 8
[Topology][Flow] Connections: 7
[Topology][Hub] Generating hub layout
[Topology][Hub] Hub: Delivery
[Topology][Hub] Satellites: 5
[Topology][Hub] Connections: 5
[Topology][Flow] Generating flow layout
[Topology][Flow] Nodes: 8
[Topology][Flow] Connections: 7
[Topology][Hub] Generating hub layout
[Topology][Hub] Hub: Delivery
[Topology][Hub] Satellites: 5
[Topology][Hub] Connections: 5
[Topology][Flow] Generating flow layout
[Topology][Flow] Nodes: 8
[Topology][Flow] Connections: 7
[Topology][Hub] Generating hub layout
[Topology][Hub] Hub: Delivery
[Topology][Hub] Satellites: 5
[Topology][Hub] Connections: 5
[Topology][Flow] Generating flow layout
[Topology][Flow] Nodes: 8
[Topology][Flow] Connections: 7
[Topology][Hub] Generating hub layout
[Topology][Hub] Hub: Delivery
[Topology][Hub] Satellites: 5
[Topology][Hub] Connections: 5
[Topology][Flow] Generating flow layout
[Topology][Flow] Nodes: 8
[Topology][Flow] Connections: 7
[Topology][Hub] Generating hub layout
[Topology][Hub] Hub: Delivery
[Topology][Hub] Satellites: 5
[Topology][Hub] Connections: 5
[Topology][Flow] Generating flow layout
[Topology][Flow] Nodes: 8
[Topology][Flow] Connections: 7
[Topology][Hub] Generating hub layout
[Topology][Hub] Hub: Delivery
[Topology][Hub] Satellites: 5
[Topology][Hub] Connections: 5
[Topology][Flow] Generating flow layout
[Topology][Flow] Nodes: 8
[Topology][Flow] Connections: 7
[Topology][Hub] Generating hub layout
[Topology][Hub] Hub: Delivery
[Topology][Hub] Satellites: 5
[Topology][Hub] Connections: 5
[Topology][Flow] Generating flow layout
[Topology][Flow] Nodes: 8
[Topology][Flow] Connections: 7
[Topology][Hub] Generating hub layout
[Topology][Hub] Hub: Delivery
[Topology][Hub] Satellites: 5
[Topology][Hub] Connections: 5
[Topology][Flow] Generating flow layout
[Topology][Flow] Nodes: 8
[Topology][Flow] Connections: 7
[Topology][Hub] Generating hub layout
[Topology][Hub] Hub: Delivery
[Topology][Hub] Satellites: 5
[Topology][Hub] Connections: 5
[Topology][Flow] Generating flow layout
[Topology][Flow] Nodes: 8
[Topology][Flow] Connections: 7
[Topology][Hub] Generating hub layout
[Topology][Hub] Hub: Delivery
[Topology][Hub] Satellites: 5
[Topology][Hub] Connections: 5
[Topology][Flow] Generating flow layout
[Topology][Flow] Nodes: 8
[Topology][Flow] Connections: 7
[Topology][Hub] Generating hub layout
[Topology][Hub] Hub: Delivery
[Topology][Hub] Satellites: 5
[Topology][Hub] Connections: 5
[Topology][Flow] Generating flow layout
[Topology][Flow] Nodes: 8
[Topology][Flow] Connections: 7
[Topology][Hub] Generating hub layout
[Topology][Hub] Hub: Delivery
[Topology][Hub] Satellites: 5
[Topology][Hub] Connections: 5
[Topology][Flow] Generating flow layout
[Topology][Flow] Nodes: 8
[Topology][Flow] Connections: 7
[Topology][Hub] Generating hub layout
[Topology][Hub] Hub: Delivery
[Topology][Hub] Satellites: 5
[Topology][Hub] Connections: 5
[Topology][Flow] Generating flow layout
[Topology][Flow] Nodes: 8
[Topology][Flow] Connections: 7
[Topology][Hub] Generating hub layout
[Topology][Hub] Hub: Delivery
[Topology][Hub] Satellites: 5
[Topology][Hub] Connections: 5
[Topology][Flow] Generating flow layout
[Topology][Flow] Nodes: 8
[Topology][Flow] Connections: 7
[Topology][Hub] Generating hub layout
[Topology][Hub] Hub: Delivery
[Topology][Hub] Satellites: 5
[Topology][Hub] Connections: 5
[Topology][Flow] Generating flow layout
[Topology][Flow] Nodes: 8
[Topology][Flow] Connections: 7
[Topology][Hub] Generating hub layout
[Topology][Hub] Hub: Delivery
[Topology][Hub] Satellites: 5
[Topology][Hub] Connections: 5
[Topology][Flow] Generating flow layout
[Topology][Flow] Nodes: 8
[Topology][Flow] Connections: 7
[Topology][Hub] Generating hub layout
[Topology][Hub] Hub: Delivery
[Topology][Hub] Satellites: 5
[Topology][Hub] Connections: 5
[Topology][Flow] Generating flow layout
[Topology][Flow] Nodes: 8
[Topology][Flow] Connections: 7
[Topology][Hub] Generating hub layout
[Topology][Hub] Hub: Delivery
[Topology][Hub] Satellites: 5
[Topology][Hub] Connections: 5
[Topology][Flow] Generating flow layout
[Topology][Flow] Nodes: 8
[Topology][Flow] Connections: 7
[Topology][Hub] Generating hub layout
[Topology][Hub] Hub: Delivery
[Topology][Hub] Satellites: 5
[Topology][Hub] Connections: 5
[Topology][Flow] Generating flow layout
[Topology][Flow] Nodes: 8
[Topology][Flow] Connections: 7
[Topology][Hub] Generating hub layout
[Topology][Hub] Hub: Delivery
[Topology][Hub] Satellites: 5
[Topology][Hub] Connections: 5
[Topology][Flow] Generating flow layout
[Topology][Flow] Nodes: 8
[Topology][Flow] Connections: 7
[Topology][Hub] Generating hub layout
[Topology][Hub] Hub: Delivery
[Topology][Hub] Satellites: 5
[Topology][Hub] Connections: 5
[Topology][Flow] Generating flow layout
[Topology][Flow] Nodes: 8
[Topology][Flow] Connections: 7
[Topology][Hub] Generating hub layout
[Topology][Hub] Hub: Delivery
[Topology][Hub] Satellites: 5
[Topology][Hub] Connections: 5
[Topology][Flow] Generating flow layout
[Topology][Flow] Nodes: 8
[Topology][Flow] Connections: 7
[Topology][Hub] Generating hub layout
[Topology][Hub] Hub: Delivery
[Topology][Hub] Satellites: 5
[Topology][Hub] Connections: 5
[Topology][Flow] Generating flow layout
[Topology][Flow] Nodes: 8
[Topology][Flow] Connections: 7
[Topology][Hub] Generating hub layout
[Topology][Hub] Hub: Delivery
[Topology][Hub] Satellites: 5
[Topology][Hub] Connections: 5
[Topology][Flow] Generating flow layout
[Topology][Flow] Nodes: 8
[Topology][Flow] Connections: 7
[Topology][Hub] Generating hub layout
[Topology][Hub] Hub: Delivery
[Topology][Hub] Satellites: 5
[Topology][Hub] Connections: 5
[Topology][Flow] Generating flow layout
[Topology][Flow] Nodes: 8
[Topology][Flow] Connections: 7
[Topology][Flow] Generating flow layout
[Topology][Flow] Nodes: 2
[Topology][Flow] Connections: 1
[Topology][Flow] Generating flow layout
[Topology][Flow] Nodes: 8
[Topology][Flow] Connections: 7
[Topology][Flow] Generating flow layout
[Topology][Flow] Nodes: 2
[Topology][Flow] Connections: 1
[Topology][Flow] Generating flow layout
[Topology][Flow] Nodes: 8
[Topology][Flow] Connections: 7
[Topology][Flow] Generating flow layout
[Topology][Flow] Nodes: 2
[Topology][Flow] Connections: 1
[Topology][Flow] Generating flow layout
[Topology][Flow] Nodes: 8
[Topology][Flow] Connections: 7
[Topology][Flow] Generating flow layout
[Topology][Flow] Nodes: 2
[Topology][Flow] Connections: 1
[Topology][Flow] Generating flow layout
[Topology][Flow] Nodes: 8
[Topology][Flow] Connections: 7
[Topology][Flow] Generating flow layout
[Topology][Flow] Nodes: 2
[Topology][Flow] Connections: 1
[Topology][Flow] Generating flow layout
[Topology][Flow] Nodes: 8
[Topology][Flow] Connections: 7
[Topology][Hub] Generating hub layout
[Topology][Hub] Hub: Delivery
[Topology][Hub] Satellites: 5
[Topology][Hub] Connections: 5
[Topology][Flow] Generating flow layout
[Topology][Flow] Nodes: 8
[Topology][Flow] Connections: 7
[Topology][Hub] Generating hub layout
[Topology][Hub] Hub: Delivery
[Topology][Hub] Satellites: 5
[Topology][Hub] Connections: 5
[Topology][Flow] Generating flow layout
[Topology][Flow] Nodes: 8
[Topology][Flow] Connections: 7
[Topology][Hub] Generating hub layout
[Topology][Hub] Hub: Delivery
[Topology][Hub] Satellites: 5
[Topology][Hub] Connections: 5
[Topology][Flow] Generating flow layout
[Topology][Flow] Nodes: 8
[Topology][Flow] Connections: 7
[Topology][Hub] Generating hub layout
[Topology][Hub] Hub: Delivery
[Topology][Hub] Satellites: 5
[Topology][Hub] Connections: 5
[Topology][Flow] Generating flow layout
[Topology][Flow] Nodes: 8
[Topology][Flow] Connections: 7
[Topology][Hub] Generating hub layout
[Topology][Hub] Hub: Delivery
[Topology][Hub] Satellites: 5
[Topology][Hub] Connections: 5
[Topology][Flow] Generating flow layout
[Topology][Flow] Nodes: 8
[Topology][Flow] Connections: 7
[Topology][Hub] Generating hub layout
[Topology][Hub] Hub: Delivery
[Topology][Hub] Satellites: 5
[Topology][Hub] Connections: 5
[Topology][Flow] Generating flow layout
[Topology][Flow] Nodes: 8
[Topology][Flow] Connections: 7
[Topology][Hub] Generating hub layout
[Topology][Hub] Hub: Delivery
[Topology][Hub] Satellites: 5
[Topology][Hub] Connections: 5
[Topology][Flow] Generating flow layout
[Topology][Flow] Nodes: 8
[Topology][Flow] Connections: 7
[Topology][Hub] Generating hub layout
[Topology][Hub] Hub: Delivery
[Topology][Hub] Satellites: 5
[Topology][Hub] Connections: 5
[Topology][Flow] Generating flow layout
[Topology][Flow] Nodes: 8
[Topology][Flow] Connections: 7
[Topology][Hub] Generating hub layout
[Topology][Hub] Hub: Delivery
[Topology][Hub] Satellites: 5
[Topology][Hub] Connections: 5
[Topology][Flow] Generating flow layout
[Topology][Flow] Nodes: 8
[Topology][Flow] Connections: 7
[Topology][Hub] Generating hub layout
[Topology][Hub] Hub: Delivery
[Topology][Hub] Satellites: 5
[Topology][Hub] Connections: 5
[Topology][Flow] Generating flow layout
[Topology][Flow] Nodes: 8
[Topology][Flow] Connections: 7
[Topology][Hub] Generating hub layout
[Topology][Hub] Hub: Delivery
[Topology][Hub] Satellites: 5
[Topology][Hub] Connections: 5
[Topology][Flow] Generating flow layout
[Topology][Flow] Nodes: 8
[Topology][Flow] Connections: 7
[Topology][Hub] Generating hub layout
[Topology][Hub] Hub: Delivery
[Topology][Hub] Satellites: 5
[Topology][Hub] Connections: 5
[Topology][Flow] Generating flow layout
[Topology][Flow] Nodes: 8
[Topology][Flow] Connections: 7
[Topology][Hub] Generating hub layout
[Topology][Hub] Hub: Delivery
[Topology][Hub] Satellites: 5
[Topology][Hub] Connections: 5
[Topology][Flow] Generating flow layout
[Topology][Flow] Nodes: 8
[Topology][Flow] Connections: 7
[Topology][Hub] Generating hub layout
[Topology][Hub] Hub: Delivery
[Topology][Hub] Satellites: 5
[Topology][Hub] Connections: 5
[Topology][Flow] Generating flow layout
[Topology][Flow] Nodes: 8
[Topology][Flow] Connections: 7
[Topology][Hub] Generating hub layout
[Topology][Hub] Hub: Delivery
[Topology][Hub] Satellites: 5
[Topology][Hub] Connections: 5
[Topology][Flow] Generating flow layout
[Topology][Flow] Nodes: 8
[Topology][Flow] Connections: 7
[Topology][Hub] Generating hub layout
[Topology][Hub] Hub: Delivery
[Topology][Hub] Satellites: 5
[Topology][Hub] Connections: 5
[Topology][Flow] Generating flow layout
[Topology][Flow] Nodes: 8
[Topology][Flow] Connections: 7
[Topology][Hub] Generating hub layout
[Topology][Hub] Hub: Delivery
[Topology][Hub] Satellites: 5
[Topology][Hub] Connections: 5
[Topology][Flow] Generating flow layout
[Topology][Flow] Nodes: 8
[Topology][Flow] Connections: 7
[Topology][Hub] Generating hub layout
[Topology][Hub] Hub: Delivery
[Topology][Hub] Satellites: 5
[Topology][Hub] Connections: 5
[Topology][Flow] Generating flow layout
[Topology][Flow] Nodes: 8
[Topology][Flow] Connections: 7
[Topology][Hub] Generating hub layout
[Topology][Hub] Hub: Delivery
[Topology][Hub] Satellites: 5
[Topology][Hub] Connections: 5
[Topology][Flow] Generating flow layout
[Topology][Flow] Nodes: 8
[Topology][Flow] Connections: 7
[Topology][Hub] Generating hub layout
[Topology][Hub] Hub: Delivery
[Topology][Hub] Satellites: 5
[Topology][Hub] Connections: 5
[Topology][Flow] Generating flow layout
[Topology][Flow] Nodes: 8
[Topology][Flow] Connections: 7
[Topology][Hub] Generating hub layout
[Topology][Hub] Hub: Delivery
[Topology][Hub] Satellites: 5
[Topology][Hub] Connections: 5
[Topology][Flow] Generating flow layout
[Topology][Flow] Nodes: 8
[Topology][Flow] Connections: 7
[Topology][Hub] Generating hub layout
[Topology][Hub] Hub: Delivery
[Topology][Hub] Satellites: 5
[Topology][Hub] Connections: 5
[Topology][Flow] Generating flow layout
[Topology][Flow] Nodes: 8
[Topology][Flow] Connections: 7
[Topology][Hub] Generating hub layout
[Topology][Hub] Hub: Delivery
[Topology][Hub] Satellites: 5
[Topology][Hub] Connections: 5
[Topology][Flow] Generating flow layout
[Topology][Flow] Nodes: 8
[Topology][Flow] Connections: 7
[Topology][Hub] Generating hub layout
[Topology][Hub] Hub: Delivery
[Topology][Hub] Satellites: 5
[Topology][Hub] Connections: 5
[Topology][Flow] Generating flow layout
[Topology][Flow] Nodes: 8
[Topology][Flow] Connections: 7
[Topology][Hub] Generating hub layout
[Topology][Hub] Hub: Delivery
[Topology][Hub] Satellites: 5
[Topology][Hub] Connections: 5
[Topology][Flow] Generating flow layout
[Topology][Flow] Nodes: 8
[Topology][Flow] Connections: 7
[Topology][Hub] Generating hub layout
[Topology][Hub] Hub: Delivery
[Topology][Hub] Satellites: 5
[Topology][Hub] Connections: 5
[Topology][Flow] Generating flow layout
[Topology][Flow] Nodes: 8
[Topology][Flow] Connections: 7
[Topology][Hub] Generating hub layout
[Topology][Hub] Hub: Delivery
[Topology][Hub] Satellites: 5
[Topology][Hub] Connections: 5
[Topology][Flow] Generating flow layout
[Topology][Flow] Nodes: 8
[Topology][Flow] Connections: 7
[Topology][Flow] Generating flow layout
[Topology][Flow] Nodes: 2
[Topology][Flow] Connections: 1
[Topology][Flow] Generating flow layout
[Topology][Flow] Nodes: 8
[Topology][Flow] Connections: 7
[Topology][Flow] Generating flow layout
[Topology][Flow] Nodes: 2
[Topology][Flow] Connections: 1
[Topology][Flow] Generating flow layout
[Topology][Flow] Nodes: 8
[Topology][Flow] Connections: 7
[Topology][Flow] Generating flow layout
[Topology][Flow] Nodes: 2
[Topology][Flow] Connections: 1
[Topology][Flow] Generating flow layout
[Topology][Flow] Nodes: 8
[Topology][Flow] Connections: 7
[Topology][Flow] Generating flow layout
[Topology][Flow] Nodes: 2
[Topology][Flow] Connections: 1
[Topology][Flow] Generating flow layout
[Topology][Flow] Nodes: 8
[Topology][Flow] Connections: 7
[Topology][Flow] Generating flow layout
[Topology][Flow] Nodes: 2
[Topology][Flow] Connections: 1
[Topology][Flow] Generating flow layout
[Topology][Flow] Nodes: 8
[Topology][Flow] Connections: 7
[Topology][Hub] Generating hub layout
[Topology][Hub] Hub: Delivery
[Topology][Hub] Satellites: 5
[Topology][Hub] Connections: 5
[Topology][Flow] Generating flow layout
[Topology][Flow] Nodes: 8
[Topology][Flow] Connections: 7
[Topology][Hub] Generating hub layout
[Topology][Hub] Hub: Delivery
[Topology][Hub] Satellites: 5
[Topology][Hub] Connections: 5
[Topology][Flow] Generating flow layout
[Topology][Flow] Nodes: 8
[Topology][Flow] Connections: 7
[Topology][Hub] Generating hub layout
[Topology][Hub] Hub: Delivery
[Topology][Hub] Satellites: 5
[Topology][Hub] Connections: 5
[Topology][Flow] Generating flow layout
[Topology][Flow] Nodes: 8
[Topology][Flow] Connections: 7
[Topology][Hub] Generating hub layout
[Topology][Hub] Hub: Delivery
[Topology][Hub] Satellites: 5
[Topology][Hub] Connections: 5
[Topology][Flow] Generating flow layout
[Topology][Flow] Nodes: 8
[Topology][Flow] Connections: 7
[Topology][Hub] Generating hub layout
[Topology][Hub] Hub: Delivery
[Topology][Hub] Satellites: 5
[Topology][Hub] Connections: 5
[Topology][Flow] Generating flow layout
[Topology][Flow] Nodes: 8
[Topology][Flow] Connections: 7
[Topology][Hub] Generating hub layout
[Topology][Hub] Hub: Delivery
[Topology][Hub] Satellites: 5
[Topology][Hub] Connections: 5
[Topology][Flow] Generating flow layout
[Topology][Flow] Nodes: 8
[Topology][Flow] Connections: 7
[Topology][Flow] Generating flow layout
[Topology][Flow] Nodes: 2
[Topology][Flow] Connections: 1
[Topology][Flow] Generating flow layout
[Topology][Flow] Nodes: 8
[Topology][Flow] Connections: 7
[Topology][Flow] Generating flow layout
[Topology][Flow] Nodes: 2
[Topology][Flow] Connections: 1
[Topology][Flow] Generating flow layout
[Topology][Flow] Nodes: 8
[Topology][Flow] Connections: 7
[Topology][Flow] Generating flow layout
[Topology][Flow] Nodes: 2
[Topology][Flow] Connections: 1
[Topology][Flow] Generating flow layout
[Topology][Flow] Nodes: 8
[Topology][Flow] Connections: 7
[Topology][Flow] Generating flow layout
[Topology][Flow] Nodes: 2
[Topology][Flow] Connections: 1
[Topology][Flow] Generating flow layout
[Topology][Flow] Nodes: 8
[Topology][Flow] Connections: 7
[Topology][Hub] Generating hub layout
[Topology][Hub] Hub: Delivery
[Topology][Hub] Satellites: 5
[Topology][Hub] Connections: 5
[Topology][Flow] Generating flow layout
[Topology][Flow] Nodes: 8
[Topology][Flow] Connections: 7
[Topology][Hub] Generating hub layout
[Topology][Hub] Hub: Capacity
[Topology][Hub] Satellites: 5
[Topology][Hub] Connections: 5
[Topology][Flow] Generating flow layout
[Topology][Flow] Nodes: 8
[Topology][Flow] Connections: 7
[Topology][Hub] Generating hub layout
[Topology][Hub] Hub: Capacity
[Topology][Hub] Satellites: 5
[Topology][Hub] Connections: 5
[Topology][Flow] Generating flow layout
[Topology][Flow] Nodes: 8
[Topology][Flow] Connections: 7
[Topology][Hub] Generating hub layout
[Topology][Hub] Hub: Capacity
[Topology][Hub] Satellites: 5
[Topology][Hub] Connections: 5
[Topology][Flow] Generating flow layout
[Topology][Flow] Nodes: 8
[Topology][Flow] Connections: 7
[Topology][Flow] Generating flow layout
[Topology][Flow] Nodes: 2
[Topology][Flow] Connections: 1
[Topology][Flow] Generating flow layout
[Topology][Flow] Nodes: 8
[Topology][Flow] Connections: 7
[Topology][Flow] Generating flow layout
[Topology][Flow] Nodes: 2
[Topology][Flow] Connections: 1
[Topology][Flow] Generating flow layout
[Topology][Flow] Nodes: 8
[Topology][Flow] Connections: 7
[Topology][Flow] Generating flow layout
[Topology][Flow] Nodes: 2
[Topology][Flow] Connections: 1
[Topology][Flow] Generating flow layout
[Topology][Flow] Nodes: 8
[Topology][Flow] Connections: 7
[Topology][Flow] Generating flow layout
[Topology][Flow] Nodes: 2
[Topology][Flow] Connections: 1
[Topology][Flow] Generating flow layout
[Topology][Flow] Nodes: 8
[Topology][Flow] Connections: 7
[Topology][Flow] Generating flow layout
[Topology][Flow] Nodes: 2
[Topology][Flow] Connections: 1
[Topology][Flow] Generating flow layout
[Topology][Flow] Nodes: 8
[Topology][Flow] Connections: 7
[Topology][Flow] Generating flow layout
[Topology][Flow] Nodes: 2
[Topology][Flow] Connections: 1
[Topology][Flow] Generating flow layout
[Topology][Flow] Nodes: 8
[Topology][Flow] Connections: 7
[Topology][Flow] Generating flow layout
[Topology][Flow] Nodes: 2
[Topology][Flow] Connections: 1
[Topology][Flow] Generating flow layout
[Topology][Flow] Nodes: 8
[Topology][Flow] Connections: 7
[Topology][Flow] Generating flow layout
[Topology][Flow] Nodes: 2
[Topology][Flow] Connections: 1
[Topology][Flow] Generating flow layout
[Topology][Flow] Nodes: 8
[Topology][Flow] Connections: 7
[Topology][Flow] Generating flow layout
[Topology][Flow] Nodes: 2
[Topology][Flow] Connections: 1
[Topology][Flow] Generating flow layout
[Topology][Flow] Nodes: 8
[Topology][Flow] Connections: 7
[Topology][Flow] Generating flow layout
[Topology][Flow] Nodes: 2
[Topology][Flow] Connections: 1
[Topology][Flow] Generating flow layout
[Topology][Flow] Nodes: 8
[Topology][Flow] Connections: 7
[Topology][Flow] Generating flow layout
[Topology][Flow] Nodes: 2
[Topology][Flow] Connections: 1
[Topology][Flow] Generating flow layout
[Topology][Flow] Nodes: 8
[Topology][Flow] Connections: 7
[Topology][Flow] Generating flow layout
[Topology][Flow] Nodes: 2
[Topology][Flow] Connections: 1
[Topology][Flow] Generating flow layout
[Topology][Flow] Nodes: 8
[Topology][Flow] Connections: 7
[Topology][Flow] Generating flow layout
[Topology][Flow] Nodes: 2
[Topology][Flow] Connections: 1
[Topology][Flow] Generating flow layout
[Topology][Flow] Nodes: 8
[Topology][Flow] Connections: 7
[Topology][Flow] Generating flow layout
[Topology][Flow] Nodes: 2
[Topology][Flow] Connections: 1
[Topology][Flow] Generating flow layout
[Topology][Flow] Nodes: 8
[Topology][Flow] Connections: 7
[Topology][Hub] Generating hub layout
[Topology][Hub] Hub: Delivery
[Topology][Hub] Satellites: 5
[Topology][Hub] Connections: 5
[Topology][Flow] Generating flow layout
[Topology][Flow] Nodes: 8
[Topology][Flow] Connections: 7
[Topology][Hub] Generating hub layout
[Topology][Hub] Hub: Delivery
[Topology][Hub] Satellites: 5
[Topology][Hub] Connections: 5
[Topology][Flow] Generating flow layout
[Topology][Flow] Nodes: 8
[Topology][Flow] Connections: 7
[Topology][Hub] Generating hub layout
[Topology][Hub] Hub: Delivery
[Topology][Hub] Satellites: 5
[Topology][Hub] Connections: 5
[Topology][Flow] Generating flow layout
[Topology][Flow] Nodes: 8
[Topology][Flow] Connections: 7
[Topology][Hub] Generating hub layout
[Topology][Hub] Hub: Delivery
[Topology][Hub] Satellites: 5
[Topology][Hub] Connections: 5
[Topology][Flow] Generating flow layout
[Topology][Flow] Nodes: 8
[Topology][Flow] Connections: 7
[Topology][Hub] Generating hub layout
[Topology][Hub] Hub: Delivery
[Topology][Hub] Satellites: 5
[Topology][Hub] Connections: 5
[Topology][Flow] Generating flow layout
[Topology][Flow] Nodes: 8
[Topology][Flow] Connections: 7
[Topology][Hub] Generating hub layout
[Topology][Hub] Hub: Delivery
[Topology][Hub] Satellites: 5
[Topology][Hub] Connections: 5
[Topology][Flow] Generating flow layout
[Topology][Flow] Nodes: 8
[Topology][Flow] Connections: 7
[Topology][Hub] Generating hub layout
[Topology][Hub] Hub: Delivery
[Topology][Hub] Satellites: 5
[Topology][Hub] Connections: 5
[Topology][Flow] Generating flow layout
[Topology][Flow] Nodes: 8
[Topology][Flow] Connections: 7
[Topology][Flow] Generating flow layout
[Topology][Flow] Nodes: 2
[Topology][Flow] Connections: 1
[Topology][Flow] Generating flow layout
[Topology][Flow] Nodes: 8
[Topology][Flow] Connections: 7
[Topology][Flow] Generating flow layout
[Topology][Flow] Nodes: 2
[Topology][Flow] Connections: 1
[Topology][Flow] Generating flow layout
[Topology][Flow] Nodes: 8
[Topology][Flow] Connections: 7
[Topology][Flow] Generating flow layout
[Topology][Flow] Nodes: 2
[Topology][Flow] Connections: 1
[Topology][Flow] Generating flow layout
[Topology][Flow] Nodes: 8
[Topology][Flow] Connections: 7
[Topology][Flow] Generating flow layout
[Topology][Flow] Nodes: 2
[Topology][Flow] Connections: 1
[Topology][Flow] Generating flow layout
[Topology][Flow] Nodes: 8
[Topology][Flow] Connections: 7
[Topology][Hub] Generating hub layout
[Topology][Hub] Hub: Delivery
[Topology][Hub] Satellites: 5
[Topology][Hub] Connections: 5
[Topology][Flow] Generating flow layout
[Topology][Flow] Nodes: 8
[Topology][Flow] Connections: 7
[Topology][Hub] Generating hub layout
[Topology][Hub] Hub: Delivery
[Topology][Hub] Satellites: 5
[Topology][Hub] Connections: 5
[Topology][Flow] Generating flow layout
[Topology][Flow] Nodes: 8
[Topology][Flow] Connections: 7
[Topology][Hub] Generating hub layout
[Topology][Hub] Hub: Delivery
[Topology][Hub] Satellites: 5
[Topology][Hub] Connections: 5
[Topology][Flow] Generating flow layout
[Topology][Flow] Nodes: 8
[Topology][Flow] Connections: 7
[Topology][Hub] Generating hub layout
[Topology][Hub] Hub: Delivery
[Topology][Hub] Satellites: 5
[Topology][Hub] Connections: 5
[Topology][Flow] Generating flow layout
[Topology][Flow] Nodes: 8
[Topology][Flow] Connections: 7
[Topology][Hub] Generating hub layout
[Topology][Hub] Hub: Delivery
[Topology][Hub] Satellites: 5
[Topology][Hub] Connections: 5
[Topology][Flow] Generating flow layout
[Topology][Flow] Nodes: 8
[Topology][Flow] Connections: 7
[Topology][Flow] Generating flow layout
[Topology][Flow] Nodes: 2
[Topology][Flow] Connections: 1
[Topology][Flow] Generating flow layout
[Topology][Flow] Nodes: 8
[Topology][Flow] Connections: 7
[Topology][Flow] Generating flow layout
[Topology][Flow] Nodes: 2
[Topology][Flow] Connections: 1
[Topology][Flow] Generating flow layout
[Topology][Flow] Nodes: 8
[Topology][Flow] Connections: 7
[Topology][Flow] Generating flow layout
[Topology][Flow] Nodes: 2
[Topology][Flow] Connections: 1
[Topology][Flow] Generating flow layout
[Topology][Flow] Nodes: 8
[Topology][Flow] Connections: 7
[Topology][Flow] Generating flow layout
[Topology][Flow] Nodes: 2
[Topology][Flow] Connections: 1
[Topology][Flow] Generating flow layout
[Topology][Flow] Nodes: 8
[Topology][Flow] Connections: 7
[Topology][Hub] Generating hub layout
[Topology][Hub] Hub: Capacity
[Topology][Hub] Satellites: 5
[Topology][Hub] Connections: 5
[Topology][Flow] Generating flow layout
[Topology][Flow] Nodes: 8
[Topology][Flow] Connections: 7
[Topology][Hub] Generating hub layout
[Topology][Hub] Hub: Capacity
[Topology][Hub] Satellites: 5
[Topology][Hub] Connections: 5
[Topology][Flow] Generating flow layout
[Topology][Flow] Nodes: 8
[Topology][Flow] Connections: 7
[Topology][Hub] Generating hub layout
[Topology][Hub] Hub: Capacity
[Topology][Hub] Satellites: 5
[Topology][Hub] Connections: 5
[Topology][Flow] Generating flow layout
[Topology][Flow] Nodes: 8
[Topology][Flow] Connections: 7
[Topology][Hub] Generating hub layout
[Topology][Hub] Hub: Capacity
[Topology][Hub] Satellites: 5
[Topology][Hub] Connections: 5
[Topology][Flow] Generating flow layout
[Topology][Flow] Nodes: 8
[Topology][Flow] Connections: 7
[Topology][Hub] Generating hub layout
[Topology][Hub] Hub: Capacity
[Topology][Hub] Satellites: 5
[Topology][Hub] Connections: 5
[Topology][Flow] Generating flow layout
[Topology][Flow] Nodes: 8
[Topology][Flow] Connections: 7
[Topology][Hub] Generating hub layout
[Topology][Hub] Hub: Capacity
[Topology][Hub] Satellites: 5
[Topology][Hub] Connections: 5
[Topology][Flow] Generating flow layout
[Topology][Flow] Nodes: 8
[Topology][Flow] Connections: 7
[Topology][Hub] Generating hub layout
[Topology][Hub] Hub: Delivery
[Topology][Hub] Satellites: 5
[Topology][Hub] Connections: 5
[Topology][Flow] Generating flow layout
[Topology][Flow] Nodes: 8
[Topology][Flow] Connections: 7
[Topology][Hub] Generating hub layout
[Topology][Hub] Hub: Delivery
[Topology][Hub] Satellites: 5
[Topology][Hub] Connections: 5
[Topology][Flow] Generating flow layout
[Topology][Flow] Nodes: 8
[Topology][Flow] Connections: 7
[Topology][Flow] Generating flow layout
[Topology][Flow] Nodes: 2
[Topology][Flow] Connections: 1
[Topology][Flow] Generating flow layout
[Topology][Flow] Nodes: 8
[Topology][Flow] Connections: 7
[Topology][Flow] Generating flow layout
[Topology][Flow] Nodes: 2
[Topology][Flow] Connections: 1
[Topology][Flow] Generating flow layout
[Topology][Flow] Nodes: 8
[Topology][Flow] Connections: 7
[Topology][Hub] Generating hub layout
[Topology][Hub] Hub: Delivery
[Topology][Hub] Satellites: 5
[Topology][Hub] Connections: 5
[Topology][Flow] Generating flow layout
[Topology][Flow] Nodes: 8
[Topology][Flow] Connections: 7
[Topology][Hub] Generating hub layout
[Topology][Hub] Hub: Delivery
[Topology][Hub] Satellites: 5
[Topology][Hub] Connections: 5
[Topology][Flow] Generating flow layout
[Topology][Flow] Nodes: 8
[Topology][Flow] Connections: 7
[Topology][Flow] Generating flow layout
[Topology][Flow] Nodes: 2
[Topology][Flow] Connections: 1
[Topology][Flow] Generating flow layout
[Topology][Flow] Nodes: 8
[Topology][Flow] Connections: 7
[Topology][Flow] Generating flow layout
[Topology][Flow] Nodes: 2
[Topology][Flow] Connections: 1
[Topology][Flow] Generating flow layout
[Topology][Flow] Nodes: 8
[Topology][Flow] Connections: 7
[Topology][Hub] Generating hub layout
[Topology][Hub] Hub: Delivery
[Topology][Hub] Satellites: 5
[Topology][Hub] Connections: 5
[Topology][Flow] Generating flow layout
[Topology][Flow] Nodes: 8
[Topology][Flow] Connections: 7
[Topology][Hub] Generating hub layout
[Topology][Hub] Hub: Delivery
[Topology][Hub] Satellites: 5
[Topology][Hub] Connections: 5
[Topology][Flow] Generating flow layout
[Topology][Flow] Nodes: 8
[Topology][Flow] Connections: 7
[Topology][Hub] Generating hub layout
[Topology][Hub] Hub: Delivery
[Topology][Hub] Satellites: 5
[Topology][Hub] Connections: 5
[Topology][Flow] Generating flow layout
[Topology][Flow] Nodes: 8
[Topology][Flow] Connections: 7
[Topology][Hub] Generating hub layout
[Topology][Hub] Hub: Delivery
[Topology][Hub] Satellites: 5
[Topology][Hub] Connections: 5
[Topology][Flow] Generating flow layout
[Topology][Flow] Nodes: 8
[Topology][Flow] Connections: 7
[Topology][Hub] Generating hub layout
[Topology][Hub] Hub: Delivery
[Topology][Hub] Satellites: 5
[Topology][Hub] Connections: 5
[Topology][Flow] Generating flow layout
[Topology][Flow] Nodes: 8
[Topology][Flow] Connections: 7
[Topology][Hub] Generating hub layout
[Topology][Hub] Hub: Delivery
[Topology][Hub] Satellites: 5
[Topology][Hub] Connections: 5
[Topology][Flow] Generating flow layout
[Topology][Flow] Nodes: 8
[Topology][Flow] Connections: 7
[Topology][Hub] Generating hub layout
[Topology][Hub] Hub: Delivery
[Topology][Hub] Satellites: 5
[Topology][Hub] Connections: 5
[Topology][Flow] Generating flow layout
[Topology][Flow] Nodes: 8
[Topology][Flow] Connections: 7
[Topology][Hub] Generating hub layout
[Topology][Hub] Hub: Capacity
[Topology][Hub] Satellites: 5
[Topology][Hub] Connections: 5
[Topology][Flow] Generating flow layout
[Topology][Flow] Nodes: 8
[Topology][Flow] Connections: 7
[Topology][Hub] Generating hub layout
[Topology][Hub] Hub: Capacity
[Topology][Hub] Satellites: 5
[Topology][Hub] Connections: 5
[Topology][Flow] Generating flow layout
[Topology][Flow] Nodes: 8
[Topology][Flow] Connections: 7
[Topology][Hub] Generating hub layout
[Topology][Hub] Hub: Delivery
[Topology][Hub] Satellites: 5
[Topology][Hub] Connections: 5
[Topology][Flow] Generating flow layout
[Topology][Flow] Nodes: 8
[Topology][Flow] Connections: 7
[Topology][Hub] Generating hub layout
[Topology][Hub] Hub: Capacity
[Topology][Hub] Satellites: 5
[Topology][Hub] Connections: 5
[Topology][Flow] Generating flow layout
[Topology][Flow] Nodes: 8
[Topology][Flow] Connections: 7
[Topology][Hub] Generating hub layout
[Topology][Hub] Hub: Capacity
[Topology][Hub] Satellites: 5
[Topology][Hub] Connections: 5
[Topology][Flow] Generating flow layout
[Topology][Flow] Nodes: 8
[Topology][Flow] Connections: 7
[Topology][Hub] Generating hub layout
[Topology][Hub] Hub: Delivery
[Topology][Hub] Satellites: 5
[Topology][Hub] Connections: 5
[Topology][Flow] Generating flow layout
[Topology][Flow] Nodes: 8
[Topology][Flow] Connections: 7
[Topology][Hub] Generating hub layout
[Topology][Hub] Hub: Capacity
[Topology][Hub] Satellites: 5
[Topology][Hub] Connections: 5
[Topology][Flow] Generating flow layout
[Topology][Flow] Nodes: 8
[Topology][Flow] Connections: 7
[Topology][Hub] Generating hub layout
[Topology][Hub] Hub: Capacity
[Topology][Hub] Satellites: 5
[Topology][Hub] Connections: 5
[Topology][Flow] Generating flow layout
[Topology][Flow] Nodes: 8
[Topology][Flow] Connections: 7
[Topology][Hub] Generating hub layout
[Topology][Hub] Hub: Delivery
[Topology][Hub] Satellites: 5
[Topology][Hub] Connections: 5
[Topology][Flow] Generating flow layout
[Topology][Flow] Nodes: 8
[Topology][Flow] Connections: 7
[Topology][Hub] Generating hub layout
[Topology][Hub] Hub: Capacity
[Topology][Hub] Satellites: 5
[Topology][Hub] Connections: 5
[Topology][Flow] Generating flow layout
[Topology][Flow] Nodes: 8
[Topology][Flow] Connections: 7
[Topology][Hub] Generating hub layout
[Topology][Hub] Hub: Capacity
[Topology][Hub] Satellites: 5
[Topology][Hub] Connections: 5
[Topology][Flow] Generating flow layout
[Topology][Flow] Nodes: 8
[Topology][Flow] Connections: 7
[Topology][Hub] Generating hub layout
[Topology][Hub] Hub: Delivery
[Topology][Hub] Satellites: 5
[Topology][Hub] Connections: 5
[Topology][Flow] Generating flow layout
[Topology][Flow] Nodes: 8
[Topology][Flow] Connections: 7
[Topology][Hub] Generating hub layout
[Topology][Hub] Hub: Capacity
[Topology][Hub] Satellites: 5
[Topology][Hub] Connections: 5
[Topology][Flow] Generating flow layout
[Topology][Flow] Nodes: 8
[Topology][Flow] Connections: 7
[Topology][Hub] Generating hub layout
[Topology][Hub] Hub: Capacity
[Topology][Hub] Satellites: 5
[Topology][Hub] Connections: 5
[Topology][Flow] Generating flow layout
[Topology][Flow] Nodes: 8
[Topology][Flow] Connections: 7
[Topology][Hub] Generating hub layout
[Topology][Hub] Hub: Capacity
[Topology][Hub] Satellites: 5
[Topology][Hub] Connections: 5
[Topology][Flow] Generating flow layout
[Topology][Flow] Nodes: 8
[Topology][Flow] Connections: 7
[Topology][Hub] Generating hub layout
[Topology][Hub] Hub: Capacity
[Topology][Hub] Satellites: 5
[Topology][Hub] Connections: 5
[Topology][Flow] Generating flow layout
[Topology][Flow] Nodes: 8
[Topology][Flow] Connections: 7
[Topology][Hub] Generating hub layout
[Topology][Hub] Hub: Capacity
[Topology][Hub] Satellites: 5
[Topology][Hub] Connections: 5
[Topology][Flow] Generating flow layout
[Topology][Flow] Nodes: 8
[Topology][Flow] Connections: 7
[Topology][Hub] Generating hub layout
[Topology][Hub] Hub: Capacity
[Topology][Hub] Satellites: 5
[Topology][Hub] Connections: 5
[Topology][Flow] Generating flow layout
[Topology][Flow] Nodes: 8
[Topology][Flow] Connections: 7
[Topology][Hub] Generating hub layout
[Topology][Hub] Hub: Capacity
[Topology][Hub] Satellites: 5
[Topology][Hub] Connections: 5
[Topology][Flow] Generating flow layout
[Topology][Flow] Nodes: 8
[Topology][Flow] Connections: 7
[Topology][Hub] Generating hub layout
[Topology][Hub] Hub: Capacity
[Topology][Hub] Satellites: 5
[Topology][Hub] Connections: 5
[Topology][Flow] Generating flow layout
[Topology][Flow] Nodes: 8
[Topology][Flow] Connections: 7
[Topology][Hub] Generating hub layout
[Topology][Hub] Hub: Capacity
[Topology][Hub] Satellites: 5
[Topology][Hub] Connections: 5
[Topology][Flow] Generating flow layout
[Topology][Flow] Nodes: 8
[Topology][Flow] Connections: 7
[Topology][Hub] Generating hub layout
[Topology][Hub] Hub: Capacity
[Topology][Hub] Satellites: 5
[Topology][Hub] Connections: 5
[Topology][Flow] Generating flow layout
[Topology][Flow] Nodes: 8
[Topology][Flow] Connections: 7
[Topology][Hub] Generating hub layout
[Topology][Hub] Hub: Capacity
[Topology][Hub] Satellites: 5
[Topology][Hub] Connections: 5
[Topology][Flow] Generating flow layout
[Topology][Flow] Nodes: 8
[Topology][Flow] Connections: 7
[Topology][Hub] Generating hub layout
[Topology][Hub] Hub: Capacity
[Topology][Hub] Satellites: 5
[Topology][Hub] Connections: 5
[Topology][Flow] Generating flow layout
[Topology][Flow] Nodes: 8
[Topology][Flow] Connections: 7
[Topology][Hub] Generating hub layout
[Topology][Hub] Hub: Capacity
[Topology][Hub] Satellites: 5
[Topology][Hub] Connections: 5
[Topology][Flow] Generating flow layout
[Topology][Flow] Nodes: 8
[Topology][Flow] Connections: 7
[Topology][Hub] Generating hub layout
[Topology][Hub] Hub: Capacity
[Topology][Hub] Satellites: 5
[Topology][Hub] Connections: 5
[Topology][Flow] Generating flow layout
[Topology][Flow] Nodes: 8
[Topology][Flow] Connections: 7
[Topology][Hub] Generating hub layout
[Topology][Hub] Hub: Capacity
[Topology][Hub] Satellites: 5
[Topology][Hub] Connections: 5
[Topology][Flow] Generating flow layout
[Topology][Flow] Nodes: 8
[Topology][Flow] Connections: 7
[Topology][Hub] Generating hub layout
[Topology][Hub] Hub: Capacity
[Topology][Hub] Satellites: 5
[Topology][Hub] Connections: 5
[Topology][Flow] Generating flow layout
[Topology][Flow] Nodes: 8
[Topology][Flow] Connections: 7
[Topology][Hub] Generating hub layout
[Topology][Hub] Hub: Capacity
[Topology][Hub] Satellites: 5
[Topology][Hub] Connections: 5
[Topology][Flow] Generating flow layout
[Topology][Flow] Nodes: 8
[Topology][Flow] Connections: 7
[Topology][Flow] Generating flow layout
[Topology][Flow] Nodes: 2
[Topology][Flow] Connections: 1
[Topology][Flow] Generating flow layout
[Topology][Flow] Nodes: 8
[Topology][Flow] Connections: 7
[Topology][Hub] Generating hub layout
[Topology][Hub] Hub: Capacity
[Topology][Hub] Satellites: 5
[Topology][Hub] Connections: 5
[Topology][Flow] Generating flow layout
[Topology][Flow] Nodes: 8
[Topology][Flow] Connections: 7
[Topology][Hub] Generating hub layout
[Topology][Hub] Hub: Capacity
[Topology][Hub] Satellites: 5
[Topology][Hub] Connections: 5
[Topology][Flow] Generating flow layout
[Topology][Flow] Nodes: 8
[Topology][Flow] Connections: 7
[Topology][Flow] Generating flow layout
[Topology][Flow] Nodes: 2
[Topology][Flow] Connections: 1
[Topology][Flow] Generating flow layout
[Topology][Flow] Nodes: 8
[Topology][Flow] Connections: 7
[Topology][Hub] Generating hub layout
[Topology][Hub] Hub: Capacity
[Topology][Hub] Satellites: 5
[Topology][Hub] Connections: 5
[Topology][Flow] Generating flow layout
[Topology][Flow] Nodes: 8
[Topology][Flow] Connections: 7
[Topology][Hub] Generating hub layout
[Topology][Hub] Hub: Capacity
[Topology][Hub] Satellites: 5
[Topology][Hub] Connections: 5
[Topology][Flow] Generating flow layout
[Topology][Flow] Nodes: 8
[Topology][Flow] Connections: 7
[Topology][Flow] Generating flow layout
[Topology][Flow] Nodes: 2
[Topology][Flow] Connections: 1
[Topology][Flow] Generating flow layout
[Topology][Flow] Nodes: 8
[Topology][Flow] Connections: 7
[Topology][Hub] Generating hub layout
[Topology][Hub] Hub: Capacity
[Topology][Hub] Satellites: 5
[Topology][Hub] Connections: 5
[Topology][Flow] Generating flow layout
[Topology][Flow] Nodes: 8
[Topology][Flow] Connections: 7
[Topology][Hub] Generating hub layout
[Topology][Hub] Hub: Capacity
[Topology][Hub] Satellites: 5
[Topology][Hub] Connections: 5
[Topology][Flow] Generating flow layout
[Topology][Flow] Nodes: 8
[Topology][Flow] Connections: 7
[Topology][Flow] Generating flow layout
[Topology][Flow] Nodes: 2
[Topology][Flow] Connections: 1
[Topology][Flow] Generating flow layout
[Topology][Flow] Nodes: 8
[Topology][Flow] Connections: 7
[Topology][Hub] Generating hub layout
[Topology][Hub] Hub: Capacity
[Topology][Hub] Satellites: 5
[Topology][Hub] Connections: 5
[Topology][Flow] Generating flow layout
[Topology][Flow] Nodes: 8
[Topology][Flow] Connections: 7
[Topology][Hub] Generating hub layout
[Topology][Hub] Hub: Capacity
[Topology][Hub] Satellites: 5
[Topology][Hub] Connections: 5
[Topology][Flow] Generating flow layout
[Topology][Flow] Nodes: 8
[Topology][Flow] Connections: 7
[Topology][Flow] Generating flow layout
[Topology][Flow] Nodes: 2
[Topology][Flow] Connections: 1
[Topology][Flow] Generating flow layout
[Topology][Flow] Nodes: 8
[Topology][Flow] Connections: 7
[Topology][Hub] Generating hub layout
[Topology][Hub] Hub: Capacity
[Topology][Hub] Satellites: 5
[Topology][Hub] Connections: 5
[Topology][Flow] Generating flow layout
[Topology][Flow] Nodes: 8
[Topology][Flow] Connections: 7
[Topology][Hub] Generating hub layout
[Topology][Hub] Hub: Capacity
[Topology][Hub] Satellites: 5
[Topology][Hub] Connections: 5
[Topology][Flow] Generating flow layout
[Topology][Flow] Nodes: 8
[Topology][Flow] Connections: 7
[Topology][Flow] Generating flow layout
[Topology][Flow] Nodes: 2
[Topology][Flow] Connections: 1
[Topology][Flow] Generating flow layout
[Topology][Flow] Nodes: 8
[Topology][Flow] Connections: 7
[Topology][Flow] Generating flow layout
[Topology][Flow] Nodes: 2
[Topology][Flow] Connections: 1
[Topology][Flow] Generating flow layout
[Topology][Flow] Nodes: 8
[Topology][Flow] Connections: 7
[Topology][Flow] Generating flow layout
[Topology][Flow] Nodes: 2
[Topology][Flow] Connections: 1
[Topology][Flow] Generating flow layout
[Topology][Flow] Nodes: 8
[Topology][Flow] Connections: 7
[Topology][Flow] Generating flow layout
[Topology][Flow] Nodes: 2
[Topology][Flow] Connections: 1
[Topology][Flow] Generating flow layout
[Topology][Flow] Nodes: 8
[Topology][Flow] Connections: 7
[Topology][Flow] Generating flow layout
[Topology][Flow] Nodes: 2
[Topology][Flow] Connections: 1
[Topology][Flow] Generating flow layout
[Topology][Flow] Nodes: 8
[Topology][Flow] Connections: 7
[Topology][Flow] Generating flow layout
[Topology][Flow] Nodes: 2
[Topology][Flow] Connections: 1
[Topology][Flow] Generating flow layout
[Topology][Flow] Nodes: 8
[Topology][Flow] Connections: 7
[Topology][Flow] Generating flow layout
[Topology][Flow] Nodes: 2
[Topology][Flow] Connections: 1
[Topology][Flow] Generating flow layout
[Topology][Flow] Nodes: 8
[Topology][Flow] Connections: 7
[Topology][Flow] Generating flow layout
[Topology][Flow] Nodes: 2
[Topology][Flow] Connections: 1
[Topology][Flow] Generating flow layout
[Topology][Flow] Nodes: 8
[Topology][Flow] Connections: 7
[Topology][Flow] Generating flow layout
[Topology][Flow] Nodes: 2
[Topology][Flow] Connections: 1
[Topology][Flow] Generating flow layout
[Topology][Flow] Nodes: 8
[Topology][Flow] Connections: 7
[Topology][Flow] Generating flow layout
[Topology][Flow] Nodes: 2
[Topology][Flow] Connections: 1
[Topology][Flow] Generating flow layout
[Topology][Flow] Nodes: 8
[Topology][Flow] Connections: 7
[Topology][Flow] Generating flow layout
[Topology][Flow] Nodes: 2
[Topology][Flow] Connections: 1
[Topology][Flow] Generating flow layout
[Topology][Flow] Nodes: 8
[Topology][Flow] Connections: 7
[Topology][Flow] Generating flow layout
[Topology][Flow] Nodes: 2
[Topology][Flow] Connections: 1
[Topology][Flow] Generating flow layout
[Topology][Flow] Nodes: 8
[Topology][Flow] Connections: 7
[Topology][Flow] Generating flow layout
[Topology][Flow] Nodes: 2
[Topology][Flow] Connections: 1
[Topology][Flow] Generating flow layout
[Topology][Flow] Nodes: 8
[Topology][Flow] Connections: 7
[Topology][Flow] Generating flow layout
[Topology][Flow] Nodes: 2
[Topology][Flow] Connections: 1
[Topology][Flow] Generating flow layout
[Topology][Flow] Nodes: 8
[Topology][Flow] Connections: 7
[Topology][Flow] Generating flow layout
[Topology][Flow] Nodes: 2
[Topology][Flow] Connections: 1
[Topology][Flow] Generating flow layout
[Topology][Flow] Nodes: 8
[Topology][Flow] Connections: 7
[Topology][Flow] Generating flow layout
[Topology][Flow] Nodes: 2
[Topology][Flow] Connections: 1
[Topology][Flow] Generating flow layout
[Topology][Flow] Nodes: 8
[Topology][Flow] Connections: 7
[Topology][Flow] Generating flow layout
[Topology][Flow] Nodes: 2
[Topology][Flow] Connections: 1
[Topology][Flow] Generating flow layout
[Topology][Flow] Nodes: 8
[Topology][Flow] Connections: 7
[Topology][Flow] Generating flow layout
[Topology][Flow] Nodes: 2
[Topology][Flow] Connections: 1
[Topology][Flow] Generating flow layout
[Topology][Flow] Nodes: 8
[Topology][Flow] Connections: 7
[Topology][Flow] Generating flow layout
[Topology][Flow] Nodes: 2
[Topology][Flow] Connections: 1
[Topology][Flow] Generating flow layout
[Topology][Flow] Nodes: 8
[Topology][Flow] Connections: 7
[Topology][Flow] Generating flow layout
[Topology][Flow] Nodes: 2
[Topology][Flow] Connections: 1
[Topology][Flow] Generating flow layout
[Topology][Flow] Nodes: 8
[Topology][Flow] Connections: 7
[Topology][Flow] Generating flow layout
[Topology][Flow] Nodes: 2
[Topology][Flow] Connections: 1
[Topology][Flow] Generating flow layout
[Topology][Flow] Nodes: 8
[Topology][Flow] Connections: 7
[Topology][Flow] Generating flow layout
[Topology][Flow] Nodes: 2
[Topology][Flow] Connections: 1
[Topology][Flow] Generating flow layout
[Topology][Flow] Nodes: 8
[Topology][Flow] Connections: 7
[Topology][Flow] Generating flow layout
[Topology][Flow] Nodes: 2
[Topology][Flow] Connections: 1
[Topology][Flow] Generating flow layout
[Topology][Flow] Nodes: 8
[Topology][Flow] Connections: 7
[Topology][Flow] Generating flow layout
[Topology][Flow] Nodes: 2
[Topology][Flow] Connections: 1
[Topology][Flow] Generating flow layout
[Topology][Flow] Nodes: 8
[Topology][Flow] Connections: 7
[Topology][Flow] Generating flow layout
[Topology][Flow] Nodes: 2
[Topology][Flow] Connections: 1
[Topology][Flow] Generating flow layout
[Topology][Flow] Nodes: 8
[Topology][Flow] Connections: 7
[Topology][Flow] Generating flow layout
[Topology][Flow] Nodes: 2
[Topology][Flow] Connections: 1
[Topology][Flow] Generating flow layout
[Topology][Flow] Nodes: 8
[Topology][Flow] Connections: 7
[Topology][Flow] Generating flow layout
[Topology][Flow] Nodes: 2
[Topology][Flow] Connections: 1
[Topology][Flow] Generating flow layout
[Topology][Flow] Nodes: 8
[Topology][Flow] Connections: 7
[Topology][Flow] Generating flow layout
[Topology][Flow] Nodes: 2
[Topology][Flow] Connections: 1
[Topology][Flow] Generating flow layout
[Topology][Flow] Nodes: 8
[Topology][Flow] Connections: 7
[Topology][Flow] Generating flow layout
[Topology][Flow] Nodes: 2
[Topology][Flow] Connections: 1
[Topology][Flow] Generating flow layout
[Topology][Flow] Nodes: 8
[Topology][Flow] Connections: 7
[Topology][Flow] Generating flow layout
[Topology][Flow] Nodes: 2
[Topology][Flow] Connections: 1
[Topology][Flow] Generating flow layout
[Topology][Flow] Nodes: 8
[Topology][Flow] Connections: 7
[Topology][Flow] Generating flow layout
[Topology][Flow] Nodes: 2
[Topology][Flow] Connections: 1
[Topology][Flow] Generating flow layout
[Topology][Flow] Nodes: 8
[Topology][Flow] Connections: 7
[Topology][Flow] Generating flow layout
[Topology][Flow] Nodes: 2
[Topology][Flow] Connections: 1
[Topology][Flow] Generating flow layout
[Topology][Flow] Nodes: 8
[Topology][Flow] Connections: 7
[Topology][Flow] Generating flow layout
[Topology][Flow] Nodes: 2
[Topology][Flow] Connections: 1
[Topology][Flow] Generating flow layout
[Topology][Flow] Nodes: 8
[Topology][Flow] Connections: 7
[Topology][Flow] Generating flow layout
[Topology][Flow] Nodes: 2
[Topology][Flow] Connections: 1
[Topology][Flow] Generating flow layout
[Topology][Flow] Nodes: 8
[Topology][Flow] Connections: 7
[Topology][Flow] Generating flow layout
[Topology][Flow] Nodes: 2
[Topology][Flow] Connections: 1
[Topology][Flow] Generating flow layout
[Topology][Flow] Nodes: 8
[Topology][Flow] Connections: 7
[Topology][Flow] Generating flow layout
[Topology][Flow] Nodes: 2
[Topology][Flow] Connections: 1
[Topology][Flow] Generating flow layout
[Topology][Flow] Nodes: 8
[Topology][Flow] Connections: 7
[Topology][Flow] Generating flow layout
[Topology][Flow] Nodes: 2
[Topology][Flow] Connections: 1
[Topology][Flow] Generating flow layout
[Topology][Flow] Nodes: 8
[Topology][Flow] Connections: 7
[Topology][Flow] Generating flow layout
[Topology][Flow] Nodes: 2
[Topology][Flow] Connections: 1
[Topology][Flow] Generating flow layout
[Topology][Flow] Nodes: 8
[Topology][Flow] Connections: 7
[Topology][Flow] Generating flow layout
[Topology][Flow] Nodes: 2
[Topology][Flow] Connections: 1
[Topology][Flow] Generating flow layout
[Topology][Flow] Nodes: 8
[Topology][Flow] Connections: 7
[Topology][Flow] Generating flow layout
[Topology][Flow] Nodes: 2
[Topology][Flow] Connections: 1
[Topology][Flow] Generating flow layout
[Topology][Flow] Nodes: 8
[Topology][Flow] Connections: 7
[Topology][Flow] Generating flow layout
[Topology][Flow] Nodes: 2
[Topology][Flow] Connections: 1
[Topology][Flow] Generating flow layout
[Topology][Flow] Nodes: 8
[Topology][Flow] Connections: 7
[Topology][Flow] Generating flow layout
[Topology][Flow] Nodes: 2
[Topology][Flow] Connections: 1
[Topology][Flow] Generating flow layout
[Topology][Flow] Nodes: 8
[Topology][Flow] Connections: 7
[Topology][Flow] Generating flow layout
[Topology][Flow] Nodes: 2
[Topology][Flow] Connections: 1
[Topology][Flow] Generating flow layout
[Topology][Flow] Nodes: 8
[Topology][Flow] Connections: 7
[Topology][Flow] Generating flow layout
[Topology][Flow] Nodes: 2
[Topology][Flow] Connections: 1
[Topology][Flow] Generating flow layout
[Topology][Flow] Nodes: 8
[Topology][Flow] Connections: 7
[Topology][Flow] Generating flow layout
[Topology][Flow] Nodes: 2
[Topology][Flow] Connections: 1
[Topology][Flow] Generating flow layout
[Topology][Flow] Nodes: 8
[Topology][Flow] Connections: 7
[Topology][Flow] Generating flow layout
[Topology][Flow] Nodes: 2
[Topology][Flow] Connections: 1
[Topology][Flow] Generating flow layout
[Topology][Flow] Nodes: 8
[Topology][Flow] Connections: 7
[Topology][Flow] Generating flow layout
[Topology][Flow] Nodes: 2
[Topology][Flow] Connections: 1
[Topology][Flow] Generating flow layout
[Topology][Flow] Nodes: 8
[Topology][Flow] Connections: 7
[Topology][Flow] Generating flow layout
[Topology][Flow] Nodes: 2
[Topology][Flow] Connections: 1
[Topology][Flow] Generating flow layout
[Topology][Flow] Nodes: 8
[Topology][Flow] Connections: 7
[Topology][Flow] Generating flow layout
[Topology][Flow] Nodes: 2
[Topology][Flow] Connections: 1
[Topology][Flow] Generating flow layout
[Topology][Flow] Nodes: 8
[Topology][Flow] Connections: 7
[Topology][Flow] Generating flow layout
[Topology][Flow] Nodes: 2
[Topology][Flow] Connections: 1
[Topology][Flow] Generating flow layout
[Topology][Flow] Nodes: 8
[Topology][Flow] Connections: 7
[Topology][Flow] Generating flow layout
[Topology][Flow] Nodes: 2
[Topology][Flow] Connections: 1
[Topology][Flow] Generating flow layout
[Topology][Flow] Nodes: 8
[Topology][Flow] Connections: 7
[Topology][Flow] Generating flow layout
[Topology][Flow] Nodes: 2
[Topology][Flow] Connections: 1
[Topology][Flow] Generating flow layout
[Topology][Flow] Nodes: 8
[Topology][Flow] Connections: 7
[Topology][Flow] Generating flow layout
[Topology][Flow] Nodes: 2
[Topology][Flow] Connections: 1
[Topology][Flow] Generating flow layout
[Topology][Flow] Nodes: 8
[Topology][Flow] Connections: 7
[Topology][Flow] Generating flow layout
[Topology][Flow] Nodes: 2
[Topology][Flow] Connections: 1
[Topology][Flow] Generating flow layout
[Topology][Flow] Nodes: 8
[Topology][Flow] Connections: 7
[Topology][Flow] Generating flow layout
[Topology][Flow] Nodes: 2
[Topology][Flow] Connections: 1
[Topology][Flow] Generating flow layout
[Topology][Flow] Nodes: 8
[Topology][Flow] Connections: 7
[Topology][Flow] Generating flow layout
[Topology][Flow] Nodes: 2
[Topology][Flow] Connections: 1
[Topology][Flow] Generating flow layout
[Topology][Flow] Nodes: 8
[Topology][Flow] Connections: 7
[Topology][Flow] Generating flow layout
[Topology][Flow] Nodes: 2
[Topology][Flow] Connections: 1
[Topology][Flow] Generating flow layout
[Topology][Flow] Nodes: 8
[Topology][Flow] Connections: 7
[Topology][Flow] Generating flow layout
[Topology][Flow] Nodes: 2
[Topology][Flow] Connections: 1
[Topology][Flow] Generating flow layout
[Topology][Flow] Nodes: 8
[Topology][Flow] Connections: 7
[Topology][Flow] Generating flow layout
[Topology][Flow] Nodes: 2
[Topology][Flow] Connections: 1
[Topology][Flow] Generating flow layout
[Topology][Flow] Nodes: 8
[Topology][Flow] Connections: 7
[Topology][Flow] Generating flow layout
[Topology][Flow] Nodes: 2
[Topology][Flow] Connections: 1
[Topology][Flow] Generating flow layout
[Topology][Flow] Nodes: 8
[Topology][Flow] Connections: 7
[Topology][Flow] Generating flow layout
[Topology][Flow] Nodes: 2
[Topology][Flow] Connections: 1
[Topology][Flow] Generating flow layout
[Topology][Flow] Nodes: 8
[Topology][Flow] Connections: 7
[Topology][Flow] Generating flow layout
[Topology][Flow] Nodes: 2
[Topology][Flow] Connections: 1
[Topology][Flow] Generating flow layout
[Topology][Flow] Nodes: 8
[Topology][Flow] Connections: 7
[Topology][Flow] Generating flow layout
[Topology][Flow] Nodes: 2
[Topology][Flow] Connections: 1
[Topology][Flow] Generating flow layout
[Topology][Flow] Nodes: 8
[Topology][Flow] Connections: 7
[Topology][Flow] Generating flow layout
[Topology][Flow] Nodes: 2
[Topology][Flow] Connections: 1
[Topology][Flow] Generating flow layout
[Topology][Flow] Nodes: 8
[Topology][Flow] Connections: 7
[Topology][Flow] Generating flow layout
[Topology][Flow] Nodes: 2
[Topology][Flow] Connections: 1
[Topology][Flow] Generating flow layout
[Topology][Flow] Nodes: 8
[Topology][Flow] Connections: 7
[Topology][Flow] Generating flow layout
[Topology][Flow] Nodes: 2
[Topology][Flow] Connections: 1
[Topology][Flow] Generating flow layout
[Topology][Flow] Nodes: 8
[Topology][Flow] Connections: 7
[Topology][Flow] Generating flow layout
[Topology][Flow] Nodes: 2
[Topology][Flow] Connections: 1
[Topology][Flow] Generating flow layout
[Topology][Flow] Nodes: 8
[Topology][Flow] Connections: 7
[Topology][Flow] Generating flow layout
[Topology][Flow] Nodes: 2
[Topology][Flow] Connections: 1
[Topology][Flow] Generating flow layout
[Topology][Flow] Nodes: 8
[Topology][Flow] Connections: 7
[Topology][Flow] Generating flow layout
[Topology][Flow] Nodes: 2
[Topology][Flow] Connections: 1
[Topology][Flow] Generating flow layout
[Topology][Flow] Nodes: 8
[Topology][Flow] Connections: 7
[Topology][Flow] Generating flow layout
[Topology][Flow] Nodes: 2
[Topology][Flow] Connections: 1
[Topology][Flow] Generating flow layout
[Topology][Flow] Nodes: 8
[Topology][Flow] Connections: 7
[Topology][Flow] Generating flow layout
[Topology][Flow] Nodes: 2
[Topology][Flow] Connections: 1
[Topology][Flow] Generating flow layout
[Topology][Flow] Nodes: 8
[Topology][Flow] Connections: 7
[Topology][Flow] Generating flow layout
[Topology][Flow] Nodes: 2
[Topology][Flow] Connections: 1
[Topology][Flow] Generating flow layout
[Topology][Flow] Nodes: 8
[Topology][Flow] Connections: 7
[Topology][Flow] Generating flow layout
[Topology][Flow] Nodes: 2
[Topology][Flow] Connections: 1
[Topology][Flow] Generating flow layout
[Topology][Flow] Nodes: 8
[Topology][Flow] Connections: 7
[Topology][Flow] Generating flow layout
[Topology][Flow] Nodes: 2
[Topology][Flow] Connections: 1
[Topology][Flow] Generating flow layout
[Topology][Flow] Nodes: 8
[Topology][Flow] Connections: 7
[Topology][Flow] Generating flow layout
[Topology][Flow] Nodes: 2
[Topology][Flow] Connections: 1
[Topology][Flow] Generating flow layout
[Topology][Flow] Nodes: 8
[Topology][Flow] Connections: 7
[Topology][Flow] Generating flow layout
[Topology][Flow] Nodes: 2
[Topology][Flow] Connections: 1
[Topology][Flow] Generating flow layout
[Topology][Flow] Nodes: 8
[Topology][Flow] Connections: 7
[Topology][Flow] Generating flow layout
[Topology][Flow] Nodes: 2
[Topology][Flow] Connections: 1
[Topology][Flow] Generating flow layout
[Topology][Flow] Nodes: 8
[Topology][Flow] Connections: 7
[Topology][Flow] Generating flow layout
[Topology][Flow] Nodes: 2
[Topology][Flow] Connections: 1
[Topology][Flow] Generating flow layout
[Topology][Flow] Nodes: 8
[Topology][Flow] Connections: 7
[Topology][Flow] Generating flow layout
[Topology][Flow] Nodes: 2
[Topology][Flow] Connections: 1
[Topology][Flow] Generating flow layout
[Topology][Flow] Nodes: 8
[Topology][Flow] Connections: 7
[Topology][Flow] Generating flow layout
[Topology][Flow] Nodes: 2
[Topology][Flow] Connections: 1
[Topology][Flow] Generating flow layout
[Topology][Flow] Nodes: 8
[Topology][Flow] Connections: 7
[Topology][Flow] Generating flow layout
[Topology][Flow] Nodes: 2
[Topology][Flow] Connections: 1
[Topology][Flow] Generating flow layout
[Topology][Flow] Nodes: 8
[Topology][Flow] Connections: 7
[Topology][Flow] Generating flow layout
[Topology][Flow] Nodes: 2
[Topology][Flow] Connections: 1
[Topology][Flow] Generating flow layout
[Topology][Flow] Nodes: 8
[Topology][Flow] Connections: 7
[Topology][Flow] Generating flow layout
[Topology][Flow] Nodes: 2
[Topology][Flow] Connections: 1
[Topology][Flow] Generating flow layout
[Topology][Flow] Nodes: 8
[Topology][Flow] Connections: 7
[Topology][Flow] Generating flow layout
[Topology][Flow] Nodes: 2
[Topology][Flow] Connections: 1
[Topology][Flow] Generating flow layout
[Topology][Flow] Nodes: 8
[Topology][Flow] Connections: 7
[Topology][Flow] Generating flow layout
[Topology][Flow] Nodes: 2
[Topology][Flow] Connections: 1
[Topology][Flow] Generating flow layout
[Topology][Flow] Nodes: 8
[Topology][Flow] Connections: 7
[Topology][Flow] Generating flow layout
[Topology][Flow] Nodes: 2
[Topology][Flow] Connections: 1
[Topology][Flow] Generating flow layout
[Topology][Flow] Nodes: 8
[Topology][Flow] Connections: 7
[Topology][Flow] Generating flow layout
[Topology][Flow] Nodes: 2
[Topology][Flow] Connections: 1
[Topology][Flow] Generating flow layout
[Topology][Flow] Nodes: 8
[Topology][Flow] Connections: 7
[Topology][Flow] Generating flow layout
[Topology][Flow] Nodes: 2
[Topology][Flow] Connections: 1
[Topology][Flow] Generating flow layout
[Topology][Flow] Nodes: 8
[Topology][Flow] Connections: 7
[Topology][Flow] Generating flow layout
[Topology][Flow] Nodes: 2
[Topology][Flow] Connections: 1
[Topology][Flow] Generating flow layout
[Topology][Flow] Nodes: 8
[Topology][Flow] Connections: 7
[Topology][Flow] Generating flow layout
[Topology][Flow] Nodes: 2
[Topology][Flow] Connections: 1
[Topology][Flow] Generating flow layout
[Topology][Flow] Nodes: 8
[Topology][Flow] Connections: 7
[Topology][Flow] Generating flow layout
[Topology][Flow] Nodes: 2
[Topology][Flow] Connections: 1
[Topology][Flow] Generating flow layout
[Topology][Flow] Nodes: 8
[Topology][Flow] Connections: 7
[Topology][Flow] Generating flow layout
[Topology][Flow] Nodes: 2
[Topology][Flow] Connections: 1
[Topology][Flow] Generating flow layout
[Topology][Flow] Nodes: 8
[Topology][Flow] Connections: 7
[Topology][Flow] Generating flow layout
[Topology][Flow] Nodes: 2
[Topology][Flow] Connections: 1
[Topology][Flow] Generating flow layout
[Topology][Flow] Nodes: 8
[Topology][Flow] Connections: 7
[Topology][Flow] Generating flow layout
[Topology][Flow] Nodes: 2
[Topology][Flow] Connections: 1
[Topology][Flow] Generating flow layout
[Topology][Flow] Nodes: 8
[Topology][Flow] Connections: 7
[Topology][Flow] Generating flow layout
[Topology][Flow] Nodes: 2
[Topology][Flow] Connections: 1
[Topology][Flow] Generating flow layout
[Topology][Flow] Nodes: 8
[Topology][Flow] Connections: 7
[Topology][Flow] Generating flow layout
[Topology][Flow] Nodes: 2
[Topology][Flow] Connections: 1
[Topology][Flow] Generating flow layout
[Topology][Flow] Nodes: 8
[Topology][Flow] Connections: 7
[Topology][Flow] Generating flow layout
[Topology][Flow] Nodes: 2
[Topology][Flow] Connections: 1
[Topology][Flow] Generating flow layout
[Topology][Flow] Nodes: 8
[Topology][Flow] Connections: 7
[Topology][Flow] Generating flow layout
[Topology][Flow] Nodes: 2
[Topology][Flow] Connections: 1
[Topology][Flow] Generating flow layout
[Topology][Flow] Nodes: 8
[Topology][Flow] Connections: 7
[Topology][Flow] Generating flow layout
[Topology][Flow] Nodes: 2
[Topology][Flow] Connections: 1
[Topology][Flow] Generating flow layout
[Topology][Flow] Nodes: 8
[Topology][Flow] Connections: 7
[Topology][Flow] Generating flow layout
[Topology][Flow] Nodes: 2
[Topology][Flow] Connections: 1
[Topology][Flow] Generating flow layout
[Topology][Flow] Nodes: 8
[Topology][Flow] Connections: 7
[Topology][Flow] Generating flow layout
[Topology][Flow] Nodes: 2
[Topology][Flow] Connections: 1
[Topology][Flow] Generating flow layout
[Topology][Flow] Nodes: 8
[Topology][Flow] Connections: 7
[Topology][Flow] Generating flow layout
[Topology][Flow] Nodes: 2
[Topology][Flow] Connections: 1
[Topology][Flow] Generating flow layout
[Topology][Flow] Nodes: 8
[Topology][Flow] Connections: 7
[Topology][Flow] Generating flow layout
[Topology][Flow] Nodes: 2
[Topology][Flow] Connections: 1
[Topology][Flow] Generating flow layout
[Topology][Flow] Nodes: 8
[Topology][Flow] Connections: 7
[Topology][Flow] Generating flow layout
[Topology][Flow] Nodes: 2
[Topology][Flow] Connections: 1
[Topology][Flow] Generating flow layout
[Topology][Flow] Nodes: 8
[Topology][Flow] Connections: 7
[Topology][Flow] Generating flow layout
[Topology][Flow] Nodes: 2
[Topology][Flow] Connections: 1
[Topology][Flow] Generating flow layout
[Topology][Flow] Nodes: 8
[Topology][Flow] Connections: 7
[Topology][Flow] Generating flow layout
[Topology][Flow] Nodes: 2
[Topology][Flow] Connections: 1
[Topology][Flow] Generating flow layout
[Topology][Flow] Nodes: 8
[Topology][Flow] Connections: 7
[Topology][Flow] Generating flow layout
[Topology][Flow] Nodes: 2
[Topology][Flow] Connections: 1
[Topology][Flow] Generating flow layout
[Topology][Flow] Nodes: 8
[Topology][Flow] Connections: 7
[Topology][Flow] Generating flow layout
[Topology][Flow] Nodes: 2
[Topology][Flow] Connections: 1
[Topology][Flow] Generating flow layout
[Topology][Flow] Nodes: 8
[Topology][Flow] Connections: 7
[Topology][Flow] Generating flow layout
[Topology][Flow] Nodes: 2
[Topology][Flow] Connections: 1
[Topology][Flow] Generating flow layout
[Topology][Flow] Nodes: 8
[Topology][Flow] Connections: 7
[Topology][Flow] Generating flow layout
[Topology][Flow] Nodes: 2
[Topology][Flow] Connections: 1
[Topology][Flow] Generating flow layout
[Topology][Flow] Nodes: 8
[Topology][Flow] Connections: 7
[Topology][Flow] Generating flow layout
[Topology][Flow] Nodes: 2
[Topology][Flow] Connections: 1
[Topology][Flow] Generating flow layout
[Topology][Flow] Nodes: 8
[Topology][Flow] Connections: 7
[Topology][Flow] Generating flow layout
[Topology][Flow] Nodes: 2
[Topology][Flow] Connections: 1
[Topology][Flow] Generating flow layout
[Topology][Flow] Nodes: 8
[Topology][Flow] Connections: 7
[Topology][Flow] Generating flow layout
[Topology][Flow] Nodes: 2
[Topology][Flow] Connections: 1
[Topology][Flow] Generating flow layout
[Topology][Flow] Nodes: 8
[Topology][Flow] Connections: 7
[Topology][Flow] Generating flow layout
[Topology][Flow] Nodes: 2
[Topology][Flow] Connections: 1
[Topology][Flow] Generating flow layout
[Topology][Flow] Nodes: 8
[Topology][Flow] Connections: 7
[Topology][Flow] Generating flow layout
[Topology][Flow] Nodes: 2
[Topology][Flow] Connections: 1
[Topology][Flow] Generating flow layout
[Topology][Flow] Nodes: 8
[Topology][Flow] Connections: 7
[Topology][Flow] Generating flow layout
[Topology][Flow] Nodes: 2
[Topology][Flow] Connections: 1
[Topology][Flow] Generating flow layout
[Topology][Flow] Nodes: 8
[Topology][Flow] Connections: 7
[Topology][Flow] Generating flow layout
[Topology][Flow] Nodes: 2
[Topology][Flow] Connections: 1
[Topology][Flow] Generating flow layout
[Topology][Flow] Nodes: 8
[Topology][Flow] Connections: 7
[Topology][Flow] Generating flow layout
[Topology][Flow] Nodes: 2
[Topology][Flow] Connections: 1
[Topology][Flow] Generating flow layout
[Topology][Flow] Nodes: 8
[Topology][Flow] Connections: 7
[Topology][Flow] Generating flow layout
[Topology][Flow] Nodes: 2
[Topology][Flow] Connections: 1
[Topology][Flow] Generating flow layout
[Topology][Flow] Nodes: 8
[Topology][Flow] Connections: 7
[Topology][Flow] Generating flow layout
[Topology][Flow] Nodes: 2
[Topology][Flow] Connections: 1
[Topology][Flow] Generating flow layout
[Topology][Flow] Nodes: 8
[Topology][Flow] Connections: 7
[Topology][Flow] Generating flow layout
[Topology][Flow] Nodes: 2
[Topology][Flow] Connections: 1
[Topology][Flow] Generating flow layout
[Topology][Flow] Nodes: 8
[Topology][Flow] Connections: 7
[Topology][Flow] Generating flow layout
[Topology][Flow] Nodes: 2
[Topology][Flow] Connections: 1
[Topology][Flow] Generating flow layout
[Topology][Flow] Nodes: 8
[Topology][Flow] Connections: 7
[Topology][Flow] Generating flow layout
[Topology][Flow] Nodes: 2
[Topology][Flow] Connections: 1
[Topology][Flow] Generating flow layout
[Topology][Flow] Nodes: 8
[Topology][Flow] Connections: 7
[Topology][Flow] Generating flow layout
[Topology][Flow] Nodes: 2
[Topology][Flow] Connections: 1
[Topology][Flow] Generating flow layout
[Topology][Flow] Nodes: 8
[Topology][Flow] Connections: 7
[Topology][Flow] Generating flow layout
[Topology][Flow] Nodes: 2
[Topology][Flow] Connections: 1
[Topology][Flow] Generating flow layout
[Topology][Flow] Nodes: 8
[Topology][Flow] Connections: 7
[Topology][Flow] Generating flow layout
[Topology][Flow] Nodes: 2
[Topology][Flow] Connections: 1
[Topology][Flow] Generating flow layout
[Topology][Flow] Nodes: 8
[Topology][Flow] Connections: 7
[Topology][Flow] Generating flow layout
[Topology][Flow] Nodes: 2
[Topology][Flow] Connections: 1
[Topology][Flow] Generating flow layout
[Topology][Flow] Nodes: 8
[Topology][Flow] Connections: 7
[Topology][Flow] Generating flow layout
[Topology][Flow] Nodes: 2
[Topology][Flow] Connections: 1
[Topology][Flow] Generating flow layout
[Topology][Flow] Nodes: 8
[Topology][Flow] Connections: 7
[Topology][Flow] Generating flow layout
[Topology][Flow] Nodes: 2
[Topology][Flow] Connections: 1
[Topology][Flow] Generating flow layout
[Topology][Flow] Nodes: 8
[Topology][Flow] Connections: 7
[Topology][Flow] Generating flow layout
[Topology][Flow] Nodes: 2
[Topology][Flow] Connections: 1
[Topology][Flow] Generating flow layout
[Topology][Flow] Nodes: 8
[Topology][Flow] Connections: 7
[Topology][Flow] Generating flow layout
[Topology][Flow] Nodes: 2
[Topology][Flow] Connections: 1
[Topology][Flow] Generating flow layout
[Topology][Flow] Nodes: 8
[Topology][Flow] Connections: 7
[Topology][Flow] Generating flow layout
[Topology][Flow] Nodes: 2
[Topology][Flow] Connections: 1
[Topology][Flow] Generating flow layout
[Topology][Flow] Nodes: 8
[Topology][Flow] Connections: 7
[Topology][Flow] Generating flow layout
[Topology][Flow] Nodes: 2
[Topology][Flow] Connections: 1
[Topology][Flow] Generating flow layout
[Topology][Flow] Nodes: 8
[Topology][Flow] Connections: 7
[Topology][Flow] Generating flow layout
[Topology][Flow] Nodes: 2
[Topology][Flow] Connections: 1
[Topology][Flow] Generating flow layout
[Topology][Flow] Nodes: 8
[Topology][Flow] Connections: 7
[Topology][Flow] Generating flow layout
[Topology][Flow] Nodes: 2
[Topology][Flow] Connections: 1
[Topology][Flow] Generating flow layout
[Topology][Flow] Nodes: 8
[Topology][Flow] Connections: 7
[Topology][Flow] Generating flow layout
[Topology][Flow] Nodes: 2
[Topology][Flow] Connections: 1
[Topology][Flow] Generating flow layout
[Topology][Flow] Nodes: 8
[Topology][Flow] Connections: 7
[Topology][Flow] Generating flow layout
[Topology][Flow] Nodes: 2
[Topology][Flow] Connections: 1
[Topology][Flow] Generating flow layout
[Topology][Flow] Nodes: 8
[Topology][Flow] Connections: 7
[Topology][Flow] Generating flow layout
[Topology][Flow] Nodes: 2
[Topology][Flow] Connections: 1
[Topology][Flow] Generating flow layout
[Topology][Flow] Nodes: 8
[Topology][Flow] Connections: 7
[Topology][Flow] Generating flow layout
[Topology][Flow] Nodes: 2
[Topology][Flow] Connections: 1
[Topology][Flow] Generating flow layout
[Topology][Flow] Nodes: 8
[Topology][Flow] Connections: 7
[Topology][Flow] Generating flow layout
[Topology][Flow] Nodes: 2
[Topology][Flow] Connections: 1
[Topology][Flow] Generating flow layout
[Topology][Flow] Nodes: 8
[Topology][Flow] Connections: 7
[Topology][Flow] Generating flow layout
[Topology][Flow] Nodes: 2
[Topology][Flow] Connections: 1
[Topology][Flow] Generating flow layout
[Topology][Flow] Nodes: 8
[Topology][Flow] Connections: 7
[Topology][Flow] Generating flow layout
[Topology][Flow] Nodes: 2
[Topology][Flow] Connections: 1
[Topology][Flow] Generating flow layout
[Topology][Flow] Nodes: 8
[Topology][Flow] Connections: 7
[Topology][Flow] Generating flow layout
[Topology][Flow] Nodes: 2
[Topology][Flow] Connections: 1
[Topology][Flow] Generating flow layout
[Topology][Flow] Nodes: 8
[Topology][Flow] Connections: 7
[Topology][Flow] Generating flow layout
[Topology][Flow] Nodes: 2
[Topology][Flow] Connections: 1
[Topology][Flow] Generating flow layout
[Topology][Flow] Nodes: 8
[Topology][Flow] Connections: 7
[Topology][Flow] Generating flow layout
[Topology][Flow] Nodes: 2
[Topology][Flow] Connections: 1
[Topology][Flow] Generating flow layout
[Topology][Flow] Nodes: 8
[Topology][Flow] Connections: 7
[Topology][Flow] Generating flow layout
[Topology][Flow] Nodes: 2
[Topology][Flow] Connections: 1
[Topology][Flow] Generating flow layout
[Topology][Flow] Nodes: 8
[Topology][Flow] Connections: 7
[Topology][Flow] Generating flow layout
[Topology][Flow] Nodes: 2
[Topology][Flow] Connections: 1
[Topology][Flow] Generating flow layout
[Topology][Flow] Nodes: 8
[Topology][Flow] Connections: 7
[Topology][Flow] Generating flow layout
[Topology][Flow] Nodes: 2
[Topology][Flow] Connections: 1
[Topology][Flow] Generating flow layout
[Topology][Flow] Nodes: 8
[Topology][Flow] Connections: 7
[Topology][Flow] Generating flow layout
[Topology][Flow] Nodes: 2
[Topology][Flow] Connections: 1
[Topology][Flow] Generating flow layout
[Topology][Flow] Nodes: 8
[Topology][Flow] Connections: 7
[Topology][Flow] Generating flow layout
[Topology][Flow] Nodes: 2
[Topology][Flow] Connections: 1
[Topology][Flow] Generating flow layout
[Topology][Flow] Nodes: 8
[Topology][Flow] Connections: 7
[Topology][Flow] Generating flow layout
[Topology][Flow] Nodes: 2
[Topology][Flow] Connections: 1
[Topology][Flow] Generating flow layout
[Topology][Flow] Nodes: 8
[Topology][Flow] Connections: 7
[Topology][Flow] Generating flow layout
[Topology][Flow] Nodes: 2
[Topology][Flow] Connections: 1
[Topology][Flow] Generating flow layout
[Topology][Flow] Nodes: 8
[Topology][Flow] Connections: 7
[Topology][Flow] Generating flow layout
[Topology][Flow] Nodes: 2
[Topology][Flow] Connections: 1
[Topology][Flow] Generating flow layout
[Topology][Flow] Nodes: 8
[Topology][Flow] Connections: 7
[Topology][Flow] Generating flow layout
[Topology][Flow] Nodes: 2
[Topology][Flow] Connections: 1
[Topology][Flow] Generating flow layout
[Topology][Flow] Nodes: 8
[Topology][Flow] Connections: 7
[Topology][Flow] Generating flow layout
[Topology][Flow] Nodes: 2
[Topology][Flow] Connections: 1
[Topology][Flow] Generating flow layout
[Topology][Flow] Nodes: 8
[Topology][Flow] Connections: 7
[Topology][Flow] Generating flow layout
[Topology][Flow] Nodes: 2
[Topology][Flow] Connections: 1
[Topology][Flow] Generating flow layout
[Topology][Flow] Nodes: 8
[Topology][Flow] Connections: 7
[Topology][Flow] Generating flow layout
[Topology][Flow] Nodes: 2
[Topology][Flow] Connections: 1
[Topology][Flow] Generating flow layout
[Topology][Flow] Nodes: 8
[Topology][Flow] Connections: 7
[Topology][Flow] Generating flow layout
[Topology][Flow] Nodes: 2
[Topology][Flow] Connections: 1
[Topology][Flow] Generating flow layout
[Topology][Flow] Nodes: 8
[Topology][Flow] Connections: 7
[Topology][Flow] Generating flow layout
[Topology][Flow] Nodes: 2
[Topology][Flow] Connections: 1
[Topology][Flow] Generating flow layout
[Topology][Flow] Nodes: 8
[Topology][Flow] Connections: 7
[Topology][Flow] Generating flow layout
[Topology][Flow] Nodes: 2
[Topology][Flow] Connections: 1
[Topology][Flow] Generating flow layout
[Topology][Flow] Nodes: 8
[Topology][Flow] Connections: 7
[Topology][Flow] Generating flow layout
[Topology][Flow] Nodes: 2
[Topology][Flow] Connections: 1
[Topology][Flow] Generating flow layout
[Topology][Flow] Nodes: 8
[Topology][Flow] Connections: 7
[Topology][Flow] Generating flow layout
[Topology][Flow] Nodes: 2
[Topology][Flow] Connections: 1
[Topology][Flow] Generating flow layout
[Topology][Flow] Nodes: 8
[Topology][Flow] Connections: 7
[Topology][Flow] Generating flow layout
[Topology][Flow] Nodes: 2
[Topology][Flow] Connections: 1
[Topology][Flow] Generating flow layout
[Topology][Flow] Nodes: 8
[Topology][Flow] Connections: 7
[Topology][Flow] Generating flow layout
[Topology][Flow] Nodes: 2
[Topology][Flow] Connections: 1
[Topology][Flow] Generating flow layout
[Topology][Flow] Nodes: 8
[Topology][Flow] Connections: 7
[Topology][Flow] Generating flow layout
[Topology][Flow] Nodes: 2
[Topology][Flow] Connections: 1
[Topology][Flow] Generating flow layout
[Topology][Flow] Nodes: 8
[Topology][Flow] Connections: 7
[Topology][Flow] Generating flow layout
[Topology][Flow] Nodes: 2
[Topology][Flow] Connections: 1
[Topology][Flow] Generating flow layout
[Topology][Flow] Nodes: 8
[Topology][Flow] Connections: 7
[Topology][Flow] Generating flow layout
[Topology][Flow] Nodes: 2
[Topology][Flow] Connections: 1
[Topology][Flow] Generating flow layout
[Topology][Flow] Nodes: 8
[Topology][Flow] Connections: 7
[Topology][Flow] Generating flow layout
[Topology][Flow] Nodes: 2
[Topology][Flow] Connections: 1
[Topology][Flow] Generating flow layout
[Topology][Flow] Nodes: 8
[Topology][Flow] Connections: 7
[Topology][Flow] Generating flow layout
[Topology][Flow] Nodes: 2
[Topology][Flow] Connections: 1
[Topology][Flow] Generating flow layout
[Topology][Flow] Nodes: 8
[Topology][Flow] Connections: 7
[Topology][Flow] Generating flow layout
[Topology][Flow] Nodes: 2
[Topology][Flow] Connections: 1
[Topology][Flow] Generating flow layout
[Topology][Flow] Nodes: 8
[Topology][Flow] Connections: 7
[Topology][Flow] Generating flow layout
[Topology][Flow] Nodes: 2
[Topology][Flow] Connections: 1
[Topology][Flow] Generating flow layout
[Topology][Flow] Nodes: 8
[Topology][Flow] Connections: 7
[Topology][Flow] Generating flow layout
[Topology][Flow] Nodes: 2
[Topology][Flow] Connections: 1
[Topology][Flow] Generating flow layout
[Topology][Flow] Nodes: 8
[Topology][Flow] Connections: 7
[Topology][Flow] Generating flow layout
[Topology][Flow] Nodes: 2
[Topology][Flow] Connections: 1
[Topology][Flow] Generating flow layout
[Topology][Flow] Nodes: 8
[Topology][Flow] Connections: 7
[Topology][Flow] Generating flow layout
[Topology][Flow] Nodes: 2
[Topology][Flow] Connections: 1
[Topology][Flow] Generating flow layout
[Topology][Flow] Nodes: 8
[Topology][Flow] Connections: 7
[Topology][Flow] Generating flow layout
[Topology][Flow] Nodes: 2
[Topology][Flow] Connections: 1
[Topology][Flow] Generating flow layout
[Topology][Flow] Nodes: 8
[Topology][Flow] Connections: 7
[Topology][Flow] Generating flow layout
[Topology][Flow] Nodes: 2
[Topology][Flow] Connections: 1
[Topology][Flow] Generating flow layout
[Topology][Flow] Nodes: 8
[Topology][Flow] Connections: 7
[Topology][Flow] Generating flow layout
[Topology][Flow] Nodes: 2
[Topology][Flow] Connections: 1
[Topology][Flow] Generating flow layout
[Topology][Flow] Nodes: 8
[Topology][Flow] Connections: 7
[Topology][Flow] Generating flow layout
[Topology][Flow] Nodes: 2
[Topology][Flow] Connections: 1
[Topology][Flow] Generating flow layout
[Topology][Flow] Nodes: 8
[Topology][Flow] Connections: 7
[Topology][Flow] Generating flow layout
[Topology][Flow] Nodes: 2
[Topology][Flow] Connections: 1
[Topology][Flow] Generating flow layout
[Topology][Flow] Nodes: 8
[Topology][Flow] Connections: 7
[Topology][Flow] Generating flow layout
[Topology][Flow] Nodes: 2
[Topology][Flow] Connections: 1
[Topology][Flow] Generating flow layout
[Topology][Flow] Nodes: 8
[Topology][Flow] Connections: 7
[Topology][Flow] Generating flow layout
[Topology][Flow] Nodes: 2
[Topology][Flow] Connections: 1
[Topology][Flow] Generating flow layout
[Topology][Flow] Nodes: 8
[Topology][Flow] Connections: 7
[Topology][Flow] Generating flow layout
[Topology][Flow] Nodes: 2
[Topology][Flow] Connections: 1
[Topology][Flow] Generating flow layout
[Topology][Flow] Nodes: 8
[Topology][Flow] Connections: 7
[Topology][Flow] Generating flow layout
[Topology][Flow] Nodes: 2
[Topology][Flow] Connections: 1
[Topology][Flow] Generating flow layout
[Topology][Flow] Nodes: 8
[Topology][Flow] Connections: 7
[Topology][Flow] Generating flow layout
[Topology][Flow] Nodes: 2
[Topology][Flow] Connections: 1
[Topology][Flow] Generating flow layout
[Topology][Flow] Nodes: 8
[Topology][Flow] Connections: 7
[Topology][Flow] Generating flow layout
[Topology][Flow] Nodes: 2
[Topology][Flow] Connections: 1
[Topology][Flow] Generating flow layout
[Topology][Flow] Nodes: 8
[Topology][Flow] Connections: 7
[Topology][Flow] Generating flow layout
[Topology][Flow] Nodes: 2
[Topology][Flow] Connections: 1
[Topology][Flow] Generating flow layout
[Topology][Flow] Nodes: 8
[Topology][Flow] Connections: 7
[Topology][Flow] Generating flow layout
[Topology][Flow] Nodes: 2
[Topology][Flow] Connections: 1
[Topology][Flow] Generating flow layout
[Topology][Flow] Nodes: 8
[Topology][Flow] Connections: 7
[Topology][Flow] Generating flow layout
[Topology][Flow] Nodes: 2
[Topology][Flow] Connections: 1
[Topology][Flow] Generating flow layout
[Topology][Flow] Nodes: 8
[Topology][Flow] Connections: 7
[Topology][Flow] Generating flow layout
[Topology][Flow] Nodes: 2
[Topology][Flow] Connections: 1
[Topology][Flow] Generating flow layout
[Topology][Flow] Nodes: 8
[Topology][Flow] Connections: 7
[Topology][Flow] Generating flow layout
[Topology][Flow] Nodes: 2
[Topology][Flow] Connections: 1
[Topology][Flow] Generating flow layout
[Topology][Flow] Nodes: 8
[Topology][Flow] Connections: 7
[Topology][Flow] Generating flow layout
[Topology][Flow] Nodes: 2
[Topology][Flow] Connections: 1
[Topology][Flow] Generating flow layout
[Topology][Flow] Nodes: 8
[Topology][Flow] Connections: 7
[Topology][Flow] Generating flow layout
[Topology][Flow] Nodes: 2
[Topology][Flow] Connections: 1
[Topology][Flow] Generating flow layout
[Topology][Flow] Nodes: 8
[Topology][Flow] Connections: 7
[Topology][Flow] Generating flow layout
[Topology][Flow] Nodes: 2
[Topology][Flow] Connections: 1
[Topology][Flow] Generating flow layout
[Topology][Flow] Nodes: 8
[Topology][Flow] Connections: 7
[Topology][Flow] Generating flow layout
[Topology][Flow] Nodes: 2
[Topology][Flow] Connections: 1
[Topology][Flow] Generating flow layout
[Topology][Flow] Nodes: 8
[Topology][Flow] Connections: 7
[Topology][Flow] Generating flow layout
[Topology][Flow] Nodes: 2
[Topology][Flow] Connections: 1
[Topology][Flow] Generating flow layout
[Topology][Flow] Nodes: 8
[Topology][Flow] Connections: 7
[Topology][Flow] Generating flow layout
[Topology][Flow] Nodes: 2
[Topology][Flow] Connections: 1
[Topology][Flow] Generating flow layout
[Topology][Flow] Nodes: 8
[Topology][Flow] Connections: 7
[Topology][Flow] Generating flow layout
[Topology][Flow] Nodes: 2
[Topology][Flow] Connections: 1
[Topology][Flow] Generating flow layout
[Topology][Flow] Nodes: 8
[Topology][Flow] Connections: 7
[Topology][Flow] Generating flow layout
[Topology][Flow] Nodes: 2
[Topology][Flow] Connections: 1
[Topology][Flow] Generating flow layout
[Topology][Flow] Nodes: 8
[Topology][Flow] Connections: 7
[Topology][Flow] Generating flow layout
[Topology][Flow] Nodes: 2
[Topology][Flow] Connections: 1
[Topology][Flow] Generating flow layout
[Topology][Flow] Nodes: 8
[Topology][Flow] Connections: 7
[Topology][Flow] Generating flow layout
[Topology][Flow] Nodes: 2
[Topology][Flow] Connections: 1
[Topology][Flow] Generating flow layout
[Topology][Flow] Nodes: 8
[Topology][Flow] Connections: 7
[Topology][Flow] Generating flow layout
[Topology][Flow] Nodes: 2
[Topology][Flow] Connections: 1
[Topology][Flow] Generating flow layout
[Topology][Flow] Nodes: 8
[Topology][Flow] Connections: 7
[Topology][Flow] Generating flow layout
[Topology][Flow] Nodes: 2
[Topology][Flow] Connections: 1
[Topology][Flow] Generating flow layout
[Topology][Flow] Nodes: 8
[Topology][Flow] Connections: 7
[Topology][Flow] Generating flow layout
[Topology][Flow] Nodes: 2
[Topology][Flow] Connections: 1
[Topology][Flow] Generating flow layout
[Topology][Flow] Nodes: 8
[Topology][Flow] Connections: 7
[Topology][Flow] Generating flow layout
[Topology][Flow] Nodes: 2
[Topology][Flow] Connections: 1
[Topology][Flow] Generating flow layout
[Topology][Flow] Nodes: 8
[Topology][Flow] Connections: 7
[Topology][Flow] Generating flow layout
[Topology][Flow] Nodes: 2
[Topology][Flow] Connections: 1
[Topology][Flow] Generating flow layout
[Topology][Flow] Nodes: 8
[Topology][Flow] Connections: 7
[Topology][Flow] Generating flow layout
[Topology][Flow] Nodes: 2
[Topology][Flow] Connections: 1
[Topology][Flow] Generating flow layout
[Topology][Flow] Nodes: 8
[Topology][Flow] Connections: 7
[Topology][Flow] Generating flow layout
[Topology][Flow] Nodes: 2
[Topology][Flow] Connections: 1
[Topology][Flow] Generating flow layout
[Topology][Flow] Nodes: 8
[Topology][Flow] Connections: 7
[Topology][Flow] Generating flow layout
[Topology][Flow] Nodes: 2
[Topology][Flow] Connections: 1
[Topology][Flow] Generating flow layout
[Topology][Flow] Nodes: 8
[Topology][Flow] Connections: 7
[Topology][Flow] Generating flow layout
[Topology][Flow] Nodes: 2
[Topology][Flow] Connections: 1
[Topology][Flow] Generating flow layout
[Topology][Flow] Nodes: 8
[Topology][Flow] Connections: 7
[Topology][Flow] Generating flow layout
[Topology][Flow] Nodes: 2
[Topology][Flow] Connections: 1
[Topology][Flow] Generating flow layout
[Topology][Flow] Nodes: 8
[Topology][Flow] Connections: 7
[Topology][Flow] Generating flow layout
[Topology][Flow] Nodes: 2
[Topology][Flow] Connections: 1
[Topology][Flow] Generating flow layout
[Topology][Flow] Nodes: 8
[Topology][Flow] Connections: 7
[Topology][Flow] Generating flow layout
[Topology][Flow] Nodes: 2
[Topology][Flow] Connections: 1
[Topology][Flow] Generating flow layout
[Topology][Flow] Nodes: 8
[Topology][Flow] Connections: 7
[Topology][Flow] Generating flow layout
[Topology][Flow] Nodes: 2
[Topology][Flow] Connections: 1
[Topology][Flow] Generating flow layout
[Topology][Flow] Nodes: 8
[Topology][Flow] Connections: 7
[Topology][Flow] Generating flow layout
[Topology][Flow] Nodes: 2
[Topology][Flow] Connections: 1
[Topology][Flow] Generating flow layout
[Topology][Flow] Nodes: 8
[Topology][Flow] Connections: 7
[Topology][Flow] Generating flow layout
[Topology][Flow] Nodes: 2
[Topology][Flow] Connections: 1
[Topology][Flow] Generating flow layout
[Topology][Flow] Nodes: 8
[Topology][Flow] Connections: 7
[Topology][Flow] Generating flow layout
[Topology][Flow] Nodes: 2
[Topology][Flow] Connections: 1
[Topology][Flow] Generating flow layout
[Topology][Flow] Nodes: 8
[Topology][Flow] Connections: 7
[Topology][Flow] Generating flow layout
[Topology][Flow] Nodes: 2
[Topology][Flow] Connections: 1
[Topology][Flow] Generating flow layout
[Topology][Flow] Nodes: 8
[Topology][Flow] Connections: 7
[Topology][Flow] Generating flow layout
[Topology][Flow] Nodes: 2
[Topology][Flow] Connections: 1
[Topology][Flow] Generating flow layout
[Topology][Flow] Nodes: 8
[Topology][Flow] Connections: 7
[Topology][Flow] Generating flow layout
[Topology][Flow] Nodes: 2
[Topology][Flow] Connections: 1
[Topology][Flow] Generating flow layout
[Topology][Flow] Nodes: 8
[Topology][Flow] Connections: 7
[Topology][Flow] Generating flow layout
[Topology][Flow] Nodes: 2
[Topology][Flow] Connections: 1
[Topology][Flow] Generating flow layout
[Topology][Flow] Nodes: 8
[Topology][Flow] Connections: 7
[Topology][Flow] Generating flow layout
[Topology][Flow] Nodes: 2
[Topology][Flow] Connections: 1
[Topology][Flow] Generating flow layout
[Topology][Flow] Nodes: 8
[Topology][Flow] Connections: 7
[Topology][Flow] Generating flow layout
[Topology][Flow] Nodes: 2
[Topology][Flow] Connections: 1
[Topology][Flow] Generating flow layout
[Topology][Flow] Nodes: 8
[Topology][Flow] Connections: 7
[Topology][Flow] Generating flow layout
[Topology][Flow] Nodes: 2
[Topology][Flow] Connections: 1
[Topology][Flow] Generating flow layout
[Topology][Flow] Nodes: 8
[Topology][Flow] Connections: 7
[Topology][Flow] Generating flow layout
[Topology][Flow] Nodes: 2
[Topology][Flow] Connections: 1
[Topology][Flow] Generating flow layout
[Topology][Flow] Nodes: 8
[Topology][Flow] Connections: 7
[Topology][Flow] Generating flow layout
[Topology][Flow] Nodes: 2
[Topology][Flow] Connections: 1
[Topology][Flow] Generating flow layout
[Topology][Flow] Nodes: 8
[Topology][Flow] Connections: 7
[Topology][Flow] Generating flow layout
[Topology][Flow] Nodes: 2
[Topology][Flow] Connections: 1
[Topology][Flow] Generating flow layout
[Topology][Flow] Nodes: 8
[Topology][Flow] Connections: 7
[Topology][Flow] Generating flow layout
[Topology][Flow] Nodes: 2
[Topology][Flow] Connections: 1
[Topology][Flow] Generating flow layout
[Topology][Flow] Nodes: 8
[Topology][Flow] Connections: 7
[Topology][Flow] Generating flow layout
[Topology][Flow] Nodes: 2
[Topology][Flow] Connections: 1
[Topology][Flow] Generating flow layout
[Topology][Flow] Nodes: 8
[Topology][Flow] Connections: 7
[Topology][Flow] Generating flow layout
[Topology][Flow] Nodes: 2
[Topology][Flow] Connections: 1
[Topology][Flow] Generating flow layout
[Topology][Flow] Nodes: 8
[Topology][Flow] Connections: 7
[Topology][Flow] Generating flow layout
[Topology][Flow] Nodes: 2
[Topology][Flow] Connections: 1
[Topology][Flow] Generating flow layout
[Topology][Flow] Nodes: 8
[Topology][Flow] Connections: 7
[Topology][Flow] Generating flow layout
[Topology][Flow] Nodes: 2
[Topology][Flow] Connections: 1
[Topology][Flow] Generating flow layout
[Topology][Flow] Nodes: 8
[Topology][Flow] Connections: 7
[Topology][Flow] Generating flow layout
[Topology][Flow] Nodes: 2
[Topology][Flow] Connections: 1
[Topology][Flow] Generating flow layout
[Topology][Flow] Nodes: 8
[Topology][Flow] Connections: 7
[Topology][Flow] Generating flow layout
[Topology][Flow] Nodes: 2
[Topology][Flow] Connections: 1
[Topology][Flow] Generating flow layout
[Topology][Flow] Nodes: 8
[Topology][Flow] Connections: 7
[Topology][Flow] Generating flow layout
[Topology][Flow] Nodes: 2
[Topology][Flow] Connections: 1
[Topology][Flow] Generating flow layout
[Topology][Flow] Nodes: 8
[Topology][Flow] Connections: 7
[Topology][Flow] Generating flow layout
[Topology][Flow] Nodes: 2
[Topology][Flow] Connections: 1
[Topology][Flow] Generating flow layout
[Topology][Flow] Nodes: 8
[Topology][Flow] Connections: 7
[Topology][Flow] Generating flow layout
[Topology][Flow] Nodes: 2
[Topology][Flow] Connections: 1
[Topology][Flow] Generating flow layout
[Topology][Flow] Nodes: 8
[Topology][Flow] Connections: 7
[Topology][Flow] Generating flow layout
[Topology][Flow] Nodes: 2
[Topology][Flow] Connections: 1
[Topology][Flow] Generating flow layout
[Topology][Flow] Nodes: 8
[Topology][Flow] Connections: 7
[Topology][Flow] Generating flow layout
[Topology][Flow] Nodes: 2
[Topology][Flow] Connections: 1
[Topology][Flow] Generating flow layout
[Topology][Flow] Nodes: 8
[Topology][Flow] Connections: 7
[Topology][Flow] Generating flow layout
[Topology][Flow] Nodes: 2
[Topology][Flow] Connections: 1
[Topology][Flow] Generating flow layout
[Topology][Flow] Nodes: 8
[Topology][Flow] Connections: 7
[Topology][Flow] Generating flow layout
[Topology][Flow] Nodes: 2
[Topology][Flow] Connections: 1
[Topology][Flow] Generating flow layout
[Topology][Flow] Nodes: 8
[Topology][Flow] Connections: 7
[Topology][Flow] Generating flow layout
[Topology][Flow] Nodes: 2
[Topology][Flow] Connections: 1
[Topology][Flow] Generating flow layout
[Topology][Flow] Nodes: 8
[Topology][Flow] Connections: 7
[Topology][Flow] Generating flow layout
[Topology][Flow] Nodes: 2
[Topology][Flow] Connections: 1
[Topology][Flow] Generating flow layout
[Topology][Flow] Nodes: 8
[Topology][Flow] Connections: 7
[Topology][Flow] Generating flow layout
[Topology][Flow] Nodes: 2
[Topology][Flow] Connections: 1
[Topology][Flow] Generating flow layout
[Topology][Flow] Nodes: 8
[Topology][Flow] Connections: 7
[Topology][Flow] Generating flow layout
[Topology][Flow] Nodes: 2
[Topology][Flow] Connections: 1
[Topology][Flow] Generating flow layout
[Topology][Flow] Nodes: 8
[Topology][Flow] Connections: 7
[Topology][Flow] Generating flow layout
[Topology][Flow] Nodes: 2
[Topology][Flow] Connections: 1
[Topology][Flow] Generating flow layout
[Topology][Flow] Nodes: 8
[Topology][Flow] Connections: 7
[Topology][Flow] Generating flow layout
[Topology][Flow] Nodes: 2
[Topology][Flow] Connections: 1
[Topology][Flow] Generating flow layout
[Topology][Flow] Nodes: 8
[Topology][Flow] Connections: 7
[Topology][Flow] Generating flow layout
[Topology][Flow] Nodes: 2
[Topology][Flow] Connections: 1
[Topology][Flow] Generating flow layout
[Topology][Flow] Nodes: 8
[Topology][Flow] Connections: 7
[Topology][Flow] Generating flow layout
[Topology][Flow] Nodes: 2
[Topology][Flow] Connections: 1
[Topology][Flow] Generating flow layout
[Topology][Flow] Nodes: 8
[Topology][Flow] Connections: 7
[Topology][Flow] Generating flow layout
[Topology][Flow] Nodes: 2
[Topology][Flow] Connections: 1
[Topology][Flow] Generating flow layout
[Topology][Flow] Nodes: 8
[Topology][Flow] Connections: 7
[Topology][Flow] Generating flow layout
[Topology][Flow] Nodes: 2
[Topology][Flow] Connections: 1
[Topology][Flow] Generating flow layout
[Topology][Flow] Nodes: 8
[Topology][Flow] Connections: 7
[Topology][Flow] Generating flow layout
[Topology][Flow] Nodes: 2
[Topology][Flow] Connections: 1
[Topology][Flow] Generating flow layout
[Topology][Flow] Nodes: 8
[Topology][Flow] Connections: 7
[Topology][Flow] Generating flow layout
[Topology][Flow] Nodes: 2
[Topology][Flow] Connections: 1
[Topology][Flow] Generating flow layout
[Topology][Flow] Nodes: 8
[Topology][Flow] Connections: 7
[Topology][Flow] Generating flow layout
[Topology][Flow] Nodes: 2
[Topology][Flow] Connections: 1
[Topology][Flow] Generating flow layout
[Topology][Flow] Nodes: 8
[Topology][Flow] Connections: 7
[Topology][Flow] Generating flow layout
[Topology][Flow] Nodes: 2
[Topology][Flow] Connections: 1
[Topology][Flow] Generating flow layout
[Topology][Flow] Nodes: 8
[Topology][Flow] Connections: 7
[Topology][Flow] Generating flow layout
[Topology][Flow] Nodes: 2
[Topology][Flow] Connections: 1
[Topology][Flow] Generating flow layout
[Topology][Flow] Nodes: 8
[Topology][Flow] Connections: 7
[Topology][Flow] Generating flow layout
[Topology][Flow] Nodes: 2
[Topology][Flow] Connections: 1
[Topology][Flow] Generating flow layout
[Topology][Flow] Nodes: 8
[Topology][Flow] Connections: 7
[Topology][Flow] Generating flow layout
[Topology][Flow] Nodes: 2
[Topology][Flow] Connections: 1
[Topology][Flow] Generating flow layout
[Topology][Flow] Nodes: 8
[Topology][Flow] Connections: 7
[Topology][Flow] Generating flow layout
[Topology][Flow] Nodes: 2
[Topology][Flow] Connections: 1
[Topology][Flow] Generating flow layout
[Topology][Flow] Nodes: 8
[Topology][Flow] Connections: 7
[Topology][Flow] Generating flow layout
[Topology][Flow] Nodes: 2
[Topology][Flow] Connections: 1
[Topology][Flow] Generating flow layout
[Topology][Flow] Nodes: 8
[Topology][Flow] Connections: 7
[Topology][Flow] Generating flow layout
[Topology][Flow] Nodes: 2
[Topology][Flow] Connections: 1
[Topology][Flow] Generating flow layout
[Topology][Flow] Nodes: 8
[Topology][Flow] Connections: 7
[Topology][Flow] Generating flow layout
[Topology][Flow] Nodes: 2
[Topology][Flow] Connections: 1
[Topology][Flow] Generating flow layout
[Topology][Flow] Nodes: 8
[Topology][Flow] Connections: 7
[Topology][Flow] Generating flow layout
[Topology][Flow] Nodes: 2
[Topology][Flow] Connections: 1
[Topology][Flow] Generating flow layout
[Topology][Flow] Nodes: 8
[Topology][Flow] Connections: 7
[Topology][Flow] Generating flow layout
[Topology][Flow] Nodes: 2
[Topology][Flow] Connections: 1
[Topology][Flow] Generating flow layout
[Topology][Flow] Nodes: 8
[Topology][Flow] Connections: 7
[Topology][Flow] Generating flow layout
[Topology][Flow] Nodes: 2
[Topology][Flow] Connections: 1
[Topology][Flow] Generating flow layout
[Topology][Flow] Nodes: 8
[Topology][Flow] Connections: 7
[Topology][Flow] Generating flow layout
[Topology][Flow] Nodes: 2
[Topology][Flow] Connections: 1
[Topology][Flow] Generating flow layout
[Topology][Flow] Nodes: 8
[Topology][Flow] Connections: 7
[Topology][Flow] Generating flow layout
[Topology][Flow] Nodes: 2
[Topology][Flow] Connections: 1
[Topology][Flow] Generating flow layout
[Topology][Flow] Nodes: 8
[Topology][Flow] Connections: 7
[Topology][Flow] Generating flow layout
[Topology][Flow] Nodes: 2
[Topology][Flow] Connections: 1
[Topology][Flow] Generating flow layout
[Topology][Flow] Nodes: 8
[Topology][Flow] Connections: 7
[Topology][Flow] Generating flow layout
[Topology][Flow] Nodes: 2
[Topology][Flow] Connections: 1
[Topology][Flow] Generating flow layout
[Topology][Flow] Nodes: 8
[Topology][Flow] Connections: 7
[Topology][Flow] Generating flow layout
[Topology][Flow] Nodes: 2
[Topology][Flow] Connections: 1
[Topology][Flow] Generating flow layout
[Topology][Flow] Nodes: 8
[Topology][Flow] Connections: 7
[Topology][Flow] Generating flow layout
[Topology][Flow] Nodes: 2
[Topology][Flow] Connections: 1
[Topology][Flow] Generating flow layout
[Topology][Flow] Nodes: 8
[Topology][Flow] Connections: 7
[Topology][Flow] Generating flow layout
[Topology][Flow] Nodes: 2
[Topology][Flow] Connections: 1
[Topology][Flow] Generating flow layout
[Topology][Flow] Nodes: 8
[Topology][Flow] Connections: 7
[Topology][Flow] Generating flow layout
[Topology][Flow] Nodes: 2
[Topology][Flow] Connections: 1
[Topology][Flow] Generating flow layout
[Topology][Flow] Nodes: 8
[Topology][Flow] Connections: 7
[Topology][Flow] Generating flow layout
[Topology][Flow] Nodes: 2
[Topology][Flow] Connections: 1
[Topology][Flow] Generating flow layout
[Topology][Flow] Nodes: 8
[Topology][Flow] Connections: 7
[Topology][Flow] Generating flow layout
[Topology][Flow] Nodes: 2
[Topology][Flow] Connections: 1
[Topology][Flow] Generating flow layout
[Topology][Flow] Nodes: 8
[Topology][Flow] Connections: 7
[Topology][Flow] Generating flow layout
[Topology][Flow] Nodes: 2
[Topology][Flow] Connections: 1
[Topology][Flow] Generating flow layout
[Topology][Flow] Nodes: 8
[Topology][Flow] Connections: 7
[Topology][Flow] Generating flow layout
[Topology][Flow] Nodes: 2
[Topology][Flow] Connections: 1
[Topology][Flow] Generating flow layout
[Topology][Flow] Nodes: 8
[Topology][Flow] Connections: 7
[Topology][Flow] Generating flow layout
[Topology][Flow] Nodes: 2
[Topology][Flow] Connections: 1
[Topology][Flow] Generating flow layout
[Topology][Flow] Nodes: 8
[Topology][Flow] Connections: 7
[Topology][Flow] Generating flow layout
[Topology][Flow] Nodes: 2
[Topology][Flow] Connections: 1
[Topology][Flow] Generating flow layout
[Topology][Flow] Nodes: 8
[Topology][Flow] Connections: 7
[Topology][Flow] Generating flow layout
[Topology][Flow] Nodes: 2
[Topology][Flow] Connections: 1
[Topology][Flow] Generating flow layout
[Topology][Flow] Nodes: 8
[Topology][Flow] Connections: 7
[Topology][Flow] Generating flow layout
[Topology][Flow] Nodes: 2
[Topology][Flow] Connections: 1
[Topology][Flow] Generating flow layout
[Topology][Flow] Nodes: 8
[Topology][Flow] Connections: 7
[Topology][Flow] Generating flow layout
[Topology][Flow] Nodes: 2
[Topology][Flow] Connections: 1
[Topology][Flow] Generating flow layout
[Topology][Flow] Nodes: 8
[Topology][Flow] Connections: 7
[Topology][Flow] Generating flow layout
[Topology][Flow] Nodes: 2
[Topology][Flow] Connections: 1
[Topology][Flow] Generating flow layout
[Topology][Flow] Nodes: 8
[Topology][Flow] Connections: 7
[Topology][Flow] Generating flow layout
[Topology][Flow] Nodes: 2
[Topology][Flow] Connections: 1
[Topology][Flow] Generating flow layout
[Topology][Flow] Nodes: 8
[Topology][Flow] Connections: 7
[Topology][Flow] Generating flow layout
[Topology][Flow] Nodes: 2
[Topology][Flow] Connections: 1
[Topology][Flow] Generating flow layout
[Topology][Flow] Nodes: 8
[Topology][Flow] Connections: 7
[Topology][Flow] Generating flow layout
[Topology][Flow] Nodes: 2
[Topology][Flow] Connections: 1
[Topology][Flow] Generating flow layout
[Topology][Flow] Nodes: 8
[Topology][Flow] Connections: 7
[Topology][Flow] Generating flow layout
[Topology][Flow] Nodes: 2
[Topology][Flow] Connections: 1
[Topology][Flow] Generating flow layout
[Topology][Flow] Nodes: 8
[Topology][Flow] Connections: 7
[Topology][Flow] Generating flow layout
[Topology][Flow] Nodes: 2
[Topology][Flow] Connections: 1
[Topology][Flow] Generating flow layout
[Topology][Flow] Nodes: 8
[Topology][Flow] Connections: 7
[Topology][Flow] Generating flow layout
[Topology][Flow] Nodes: 2
[Topology][Flow] Connections: 1
[Topology][Flow] Generating flow layout
[Topology][Flow] Nodes: 8
[Topology][Flow] Connections: 7
[Topology][Flow] Generating flow layout
[Topology][Flow] Nodes: 2
[Topology][Flow] Connections: 1
[Topology][Flow] Generating flow layout
[Topology][Flow] Nodes: 8
[Topology][Flow] Connections: 7
[Topology][Flow] Generating flow layout
[Topology][Flow] Nodes: 2
[Topology][Flow] Connections: 1
[Topology][Flow] Generating flow layout
[Topology][Flow] Nodes: 8
[Topology][Flow] Connections: 7
[Topology][Flow] Generating flow layout
[Topology][Flow] Nodes: 2
[Topology][Flow] Connections: 1
[Topology][Flow] Generating flow layout
[Topology][Flow] Nodes: 8
[Topology][Flow] Connections: 7
[Topology][Flow] Generating flow layout
[Topology][Flow] Nodes: 2
[Topology][Flow] Connections: 1
[Topology][Flow] Generating flow layout
[Topology][Flow] Nodes: 8
[Topology][Flow] Connections: 7
[Topology][Flow] Generating flow layout
[Topology][Flow] Nodes: 2
[Topology][Flow] Connections: 1
[Topology][Flow] Generating flow layout
[Topology][Flow] Nodes: 8
[Topology][Flow] Connections: 7
[Topology][Flow] Generating flow layout
[Topology][Flow] Nodes: 2
[Topology][Flow] Connections: 1
[Topology][Flow] Generating flow layout
[Topology][Flow] Nodes: 8
[Topology][Flow] Connections: 7
[Topology][Flow] Generating flow layout
[Topology][Flow] Nodes: 2
[Topology][Flow] Connections: 1
[Topology][Flow] Generating flow layout
[Topology][Flow] Nodes: 8
[Topology][Flow] Connections: 7
[Topology][Flow] Generating flow layout
[Topology][Flow] Nodes: 2
[Topology][Flow] Connections: 1
[Topology][Flow] Generating flow layout
[Topology][Flow] Nodes: 8
[Topology][Flow] Connections: 7
[Topology][Flow] Generating flow layout
[Topology][Flow] Nodes: 2
[Topology][Flow] Connections: 1
[Topology][Flow] Generating flow layout
[Topology][Flow] Nodes: 8
[Topology][Flow] Connections: 7
[Topology][Flow] Generating flow layout
[Topology][Flow] Nodes: 2
[Topology][Flow] Connections: 1
[Topology][Flow] Generating flow layout
[Topology][Flow] Nodes: 8
[Topology][Flow] Connections: 7
[Topology][Flow] Generating flow layout
[Topology][Flow] Nodes: 2
[Topology][Flow] Connections: 1
[Topology][Flow] Generating flow layout
[Topology][Flow] Nodes: 8
[Topology][Flow] Connections: 7
[Topology][Flow] Generating flow layout
[Topology][Flow] Nodes: 2
[Topology][Flow] Connections: 1
[Topology][Flow] Generating flow layout
[Topology][Flow] Nodes: 8
[Topology][Flow] Connections: 7
[Topology][Flow] Generating flow layout
[Topology][Flow] Nodes: 2
[Topology][Flow] Connections: 1
[Topology][Flow] Generating flow layout
[Topology][Flow] Nodes: 8
[Topology][Flow] Connections: 7
[Topology][Flow] Generating flow layout
[Topology][Flow] Nodes: 2
[Topology][Flow] Connections: 1
[Topology][Flow] Generating flow layout
[Topology][Flow] Nodes: 8
[Topology][Flow] Connections: 7
[Topology][Flow] Generating flow layout
[Topology][Flow] Nodes: 2
[Topology][Flow] Connections: 1
[Topology][Flow] Generating flow layout
[Topology][Flow] Nodes: 8
[Topology][Flow] Connections: 7
[Topology][Flow] Generating flow layout
[Topology][Flow] Nodes: 2
[Topology][Flow] Connections: 1
[Topology][Flow] Generating flow layout
[Topology][Flow] Nodes: 8
[Topology][Flow] Connections: 7
[Topology][Flow] Generating flow layout
[Topology][Flow] Nodes: 2
[Topology][Flow] Connections: 1
[Topology][Flow] Generating flow layout
[Topology][Flow] Nodes: 8
[Topology][Flow] Connections: 7
[Topology][Flow] Generating flow layout
[Topology][Flow] Nodes: 2
[Topology][Flow] Connections: 1
[Topology][Flow] Generating flow layout
[Topology][Flow] Nodes: 8
[Topology][Flow] Connections: 7
[Topology][Flow] Generating flow layout
[Topology][Flow] Nodes: 2
[Topology][Flow] Connections: 1
[Topology][Flow] Generating flow layout
[Topology][Flow] Nodes: 8
[Topology][Flow] Connections: 7
[Topology][Flow] Generating flow layout
[Topology][Flow] Nodes: 2
[Topology][Flow] Connections: 1
[Topology][Flow] Generating flow layout
[Topology][Flow] Nodes: 8
[Topology][Flow] Connections: 7
[Topology][Flow] Generating flow layout
[Topology][Flow] Nodes: 2
[Topology][Flow] Connections: 1
[Topology][Flow] Generating flow layout
[Topology][Flow] Nodes: 8
[Topology][Flow] Connections: 7
[Topology][Flow] Generating flow layout
[Topology][Flow] Nodes: 2
[Topology][Flow] Connections: 1
[Topology][Flow] Generating flow layout
[Topology][Flow] Nodes: 8
[Topology][Flow] Connections: 7
[Topology][Flow] Generating flow layout
[Topology][Flow] Nodes: 2
[Topology][Flow] Connections: 1
[Topology][Flow] Generating flow layout
[Topology][Flow] Nodes: 8
[Topology][Flow] Connections: 7
[Topology][Flow] Generating flow layout
[Topology][Flow] Nodes: 2
[Topology][Flow] Connections: 1
[Topology][Flow] Generating flow layout
[Topology][Flow] Nodes: 8
[Topology][Flow] Connections: 7
[Topology][Flow] Generating flow layout
[Topology][Flow] Nodes: 2
[Topology][Flow] Connections: 1
[Topology][Flow] Generating flow layout
[Topology][Flow] Nodes: 8
[Topology][Flow] Connections: 7
[Topology][Flow] Generating flow layout
[Topology][Flow] Nodes: 2
[Topology][Flow] Connections: 1
[Topology][Flow] Generating flow layout
[Topology][Flow] Nodes: 8
[Topology][Flow] Connections: 7
[Topology][Flow] Generating flow layout
[Topology][Flow] Nodes: 2
[Topology][Flow] Connections: 1
[Topology][Flow] Generating flow layout
[Topology][Flow] Nodes: 8
[Topology][Flow] Connections: 7
[Topology][Flow] Generating flow layout
[Topology][Flow] Nodes: 2
[Topology][Flow] Connections: 1
[Topology][Flow] Generating flow layout
[Topology][Flow] Nodes: 8
[Topology][Flow] Connections: 7
[Topology][Flow] Generating flow layout
[Topology][Flow] Nodes: 2
[Topology][Flow] Connections: 1
[Topology][Flow] Generating flow layout
[Topology][Flow] Nodes: 8
[Topology][Flow] Connections: 7
[Topology][Flow] Generating flow layout
[Topology][Flow] Nodes: 2
[Topology][Flow] Connections: 1
[Topology][Flow] Generating flow layout
[Topology][Flow] Nodes: 8
[Topology][Flow] Connections: 7
[Topology][Flow] Generating flow layout
[Topology][Flow] Nodes: 2
[Topology][Flow] Connections: 1
[Topology][Flow] Generating flow layout
[Topology][Flow] Nodes: 8
[Topology][Flow] Connections: 7
[Topology][Flow] Generating flow layout
[Topology][Flow] Nodes: 2
[Topology][Flow] Connections: 1
[Topology][Flow] Generating flow layout
[Topology][Flow] Nodes: 8
[Topology][Flow] Connections: 7
[Topology][Flow] Generating flow layout
[Topology][Flow] Nodes: 2
[Topology][Flow] Connections: 1
[Topology][Flow] Generating flow layout
[Topology][Flow] Nodes: 8
[Topology][Flow] Connections: 7
[Topology][Flow] Generating flow layout
[Topology][Flow] Nodes: 2
[Topology][Flow] Connections: 1
[Topology][Flow] Generating flow layout
[Topology][Flow] Nodes: 8
[Topology][Flow] Connections: 7
[Topology][Flow] Generating flow layout
[Topology][Flow] Nodes: 2
[Topology][Flow] Connections: 1
[Topology][Flow] Generating flow layout
[Topology][Flow] Nodes: 8
[Topology][Flow] Connections: 7
[Topology][Flow] Generating flow layout
[Topology][Flow] Nodes: 2
[Topology][Flow] Connections: 1
[Topology][Flow] Generating flow layout
[Topology][Flow] Nodes: 8
[Topology][Flow] Connections: 7
[Topology][Flow] Generating flow layout
[Topology][Flow] Nodes: 2
[Topology][Flow] Connections: 1
[Topology][Flow] Generating flow layout
[Topology][Flow] Nodes: 8
[Topology][Flow] Connections: 7
[Topology][Flow] Generating flow layout
[Topology][Flow] Nodes: 2
[Topology][Flow] Connections: 1
[Topology][Flow] Generating flow layout
[Topology][Flow] Nodes: 8
[Topology][Flow] Connections: 7
[Topology][Flow] Generating flow layout
[Topology][Flow] Nodes: 2
[Topology][Flow] Connections: 1
[Topology][Flow] Generating flow layout
[Topology][Flow] Nodes: 8
[Topology][Flow] Connections: 7
[Topology][Flow] Generating flow layout
[Topology][Flow] Nodes: 2
[Topology][Flow] Connections: 1
[Topology][Flow] Generating flow layout
[Topology][Flow] Nodes: 8
[Topology][Flow] Connections: 7
[Topology][Flow] Generating flow layout
[Topology][Flow] Nodes: 2
[Topology][Flow] Connections: 1
[Topology][Flow] Generating flow layout
[Topology][Flow] Nodes: 8
[Topology][Flow] Connections: 7
[Topology][Flow] Generating flow layout
[Topology][Flow] Nodes: 2
[Topology][Flow] Connections: 1
[Topology][Flow] Generating flow layout
[Topology][Flow] Nodes: 8
[Topology][Flow] Connections: 7
[Topology][Flow] Generating flow layout
[Topology][Flow] Nodes: 2
[Topology][Flow] Connections: 1
[Topology][Flow] Generating flow layout
[Topology][Flow] Nodes: 8
[Topology][Flow] Connections: 7
[Topology][Flow] Generating flow layout
[Topology][Flow] Nodes: 2
[Topology][Flow] Connections: 1
[Topology][Flow] Generating flow layout
[Topology][Flow] Nodes: 8
[Topology][Flow] Connections: 7
[Topology][Flow] Generating flow layout
[Topology][Flow] Nodes: 2
[Topology][Flow] Connections: 1
[Topology][Flow] Generating flow layout
[Topology][Flow] Nodes: 8
[Topology][Flow] Connections: 7
[Topology][Flow] Generating flow layout
[Topology][Flow] Nodes: 2
[Topology][Flow] Connections: 1
[Topology][Flow] Generating flow layout
[Topology][Flow] Nodes: 8
[Topology][Flow] Connections: 7
[Topology][Flow] Generating flow layout
[Topology][Flow] Nodes: 2
[Topology][Flow] Connections: 1
[Topology][Flow] Generating flow layout
[Topology][Flow] Nodes: 8
[Topology][Flow] Connections: 7
[Topology][Flow] Generating flow layout
[Topology][Flow] Nodes: 2
[Topology][Flow] Connections: 1
[Topology][Flow] Generating flow layout
[Topology][Flow] Nodes: 8
[Topology][Flow] Connections: 7
[Topology][Flow] Generating flow layout
[Topology][Flow] Nodes: 2
[Topology][Flow] Connections: 1
[Topology][Flow] Generating flow layout
[Topology][Flow] Nodes: 8
[Topology][Flow] Connections: 7
[Topology][Flow] Generating flow layout
[Topology][Flow] Nodes: 2
[Topology][Flow] Connections: 1
[Topology][Flow] Generating flow layout
[Topology][Flow] Nodes: 8
[Topology][Flow] Connections: 7
[Topology][Flow] Generating flow layout
[Topology][Flow] Nodes: 2
[Topology][Flow] Connections: 1
[Topology][Flow] Generating flow layout
[Topology][Flow] Nodes: 8
[Topology][Flow] Connections: 7
[Topology][Flow] Generating flow layout
[Topology][Flow] Nodes: 2
[Topology][Flow] Connections: 1
[Topology][Flow] Generating flow layout
[Topology][Flow] Nodes: 8
[Topology][Flow] Connections: 7
[Topology][Flow] Generating flow layout
[Topology][Flow] Nodes: 2
[Topology][Flow] Connections: 1
[Topology][Flow] Generating flow layout
[Topology][Flow] Nodes: 8
[Topology][Flow] Connections: 7
[Topology][Flow] Generating flow layout
[Topology][Flow] Nodes: 2
[Topology][Flow] Connections: 1
[Topology][Flow] Generating flow layout
[Topology][Flow] Nodes: 8
[Topology][Flow] Connections: 7
[Topology][Flow] Generating flow layout
[Topology][Flow] Nodes: 2
[Topology][Flow] Connections: 1
[Topology][Flow] Generating flow layout
[Topology][Flow] Nodes: 8
[Topology][Flow] Connections: 7
[Topology][Flow] Generating flow layout
[Topology][Flow] Nodes: 2
[Topology][Flow] Connections: 1
[Topology][Flow] Generating flow layout
[Topology][Flow] Nodes: 8
[Topology][Flow] Connections: 7
[Topology][Flow] Generating flow layout
[Topology][Flow] Nodes: 2
[Topology][Flow] Connections: 1
[Topology][Flow] Generating flow layout
[Topology][Flow] Nodes: 8
[Topology][Flow] Connections: 7
[Topology][Flow] Generating flow layout
[Topology][Flow] Nodes: 2
[Topology][Flow] Connections: 1
[Topology][Flow] Generating flow layout
[Topology][Flow] Nodes: 8
[Topology][Flow] Connections: 7
[Topology][Flow] Generating flow layout
[Topology][Flow] Nodes: 2
[Topology][Flow] Connections: 1
[Topology][Flow] Generating flow layout
[Topology][Flow] Nodes: 8
[Topology][Flow] Connections: 7
[Topology][Flow] Generating flow layout
[Topology][Flow] Nodes: 2
[Topology][Flow] Connections: 1
[Topology][Flow] Generating flow layout
[Topology][Flow] Nodes: 8
[Topology][Flow] Connections: 7
[Topology][Flow] Generating flow layout
[Topology][Flow] Nodes: 2
[Topology][Flow] Connections: 1
[Topology][Flow] Generating flow layout
[Topology][Flow] Nodes: 8
[Topology][Flow] Connections: 7
[Topology][Flow] Generating flow layout
[Topology][Flow] Nodes: 2
[Topology][Flow] Connections: 1
[Topology][Flow] Generating flow layout
[Topology][Flow] Nodes: 8
[Topology][Flow] Connections: 7
[Topology][Flow] Generating flow layout
[Topology][Flow] Nodes: 2
[Topology][Flow] Connections: 1
[Topology][Flow] Generating flow layout
[Topology][Flow] Nodes: 8
[Topology][Flow] Connections: 7
[Topology][Flow] Generating flow layout
[Topology][Flow] Nodes: 2
[Topology][Flow] Connections: 1
[Topology][Flow] Generating flow layout
[Topology][Flow] Nodes: 8
[Topology][Flow] Connections: 7
[Topology][Flow] Generating flow layout
[Topology][Flow] Nodes: 2
[Topology][Flow] Connections: 1
[Topology][Flow] Generating flow layout
[Topology][Flow] Nodes: 8
[Topology][Flow] Connections: 7
[Topology][Flow] Generating flow layout
[Topology][Flow] Nodes: 2
[Topology][Flow] Connections: 1
[Topology][Flow] Generating flow layout
[Topology][Flow] Nodes: 8
[Topology][Flow] Connections: 7
[Topology][Flow] Generating flow layout
[Topology][Flow] Nodes: 2
[Topology][Flow] Connections: 1
[Topology][Flow] Generating flow layout
[Topology][Flow] Nodes: 8
[Topology][Flow] Connections: 7
[Topology][Flow] Generating flow layout
[Topology][Flow] Nodes: 2
[Topology][Flow] Connections: 1
[Topology][Flow] Generating flow layout
[Topology][Flow] Nodes: 8
[Topology][Flow] Connections: 7
[Topology][Flow] Generating flow layout
[Topology][Flow] Nodes: 2
[Topology][Flow] Connections: 1
[Topology][Flow] Generating flow layout
[Topology][Flow] Nodes: 8
[Topology][Flow] Connections: 7
[Topology][Flow] Generating flow layout
[Topology][Flow] Nodes: 2
[Topology][Flow] Connections: 1
[Topology][Flow] Generating flow layout
[Topology][Flow] Nodes: 8
[Topology][Flow] Connections: 7
[Topology][Flow] Generating flow layout
[Topology][Flow] Nodes: 2
[Topology][Flow] Connections: 1
[Topology][Flow] Generating flow layout
[Topology][Flow] Nodes: 8
[Topology][Flow] Connections: 7
[Topology][Flow] Generating flow layout
[Topology][Flow] Nodes: 2
[Topology][Flow] Connections: 1
[Topology][Flow] Generating flow layout
[Topology][Flow] Nodes: 8
[Topology][Flow] Connections: 7
[Topology][Flow] Generating flow layout
[Topology][Flow] Nodes: 2
[Topology][Flow] Connections: 1
[Topology][Flow] Generating flow layout
[Topology][Flow] Nodes: 8
[Topology][Flow] Connections: 7
[Topology][Flow] Generating flow layout
[Topology][Flow] Nodes: 2
[Topology][Flow] Connections: 1
[Topology][Flow] Generating flow layout
[Topology][Flow] Nodes: 8
[Topology][Flow] Connections: 7
[Topology][Flow] Generating flow layout
[Topology][Flow] Nodes: 2
[Topology][Flow] Connections: 1
[Topology][Flow] Generating flow layout
[Topology][Flow] Nodes: 8
[Topology][Flow] Connections: 7
[Topology][Flow] Generating flow layout
[Topology][Flow] Nodes: 2
[Topology][Flow] Connections: 1
[Topology][Flow] Generating flow layout
[Topology][Flow] Nodes: 8
[Topology][Flow] Connections: 7
[Topology][Flow] Generating flow layout
[Topology][Flow] Nodes: 2
[Topology][Flow] Connections: 1
[Topology][Flow] Generating flow layout
[Topology][Flow] Nodes: 8
[Topology][Flow] Connections: 7
[Topology][Flow] Generating flow layout
[Topology][Flow] Nodes: 2
[Topology][Flow] Connections: 1
[Topology][Flow] Generating flow layout
[Topology][Flow] Nodes: 8
[Topology][Flow] Connections: 7
[Topology][Flow] Generating flow layout
[Topology][Flow] Nodes: 2
[Topology][Flow] Connections: 1
[Topology][Flow] Generating flow layout
[Topology][Flow] Nodes: 8
[Topology][Flow] Connections: 7
[Topology][Flow] Generating flow layout
[Topology][Flow] Nodes: 2
[Topology][Flow] Connections: 1
[Topology][Flow] Generating flow layout
[Topology][Flow] Nodes: 8
[Topology][Flow] Connections: 7
[Topology][Flow] Generating flow layout
[Topology][Flow] Nodes: 2
[Topology][Flow] Connections: 1
[Topology][Flow] Generating flow layout
[Topology][Flow] Nodes: 8
[Topology][Flow] Connections: 7
[Topology][Flow] Generating flow layout
[Topology][Flow] Nodes: 2
[Topology][Flow] Connections: 1
[Topology][Flow] Generating flow layout
[Topology][Flow] Nodes: 8
[Topology][Flow] Connections: 7
[Topology][Flow] Generating flow layout
[Topology][Flow] Nodes: 2
[Topology][Flow] Connections: 1
[Topology][Flow] Generating flow layout
[Topology][Flow] Nodes: 8
[Topology][Flow] Connections: 7
[Topology][Flow] Generating flow layout
[Topology][Flow] Nodes: 2
[Topology][Flow] Connections: 1
[Topology][Flow] Generating flow layout
[Topology][Flow] Nodes: 8
[Topology][Flow] Connections: 7
[Topology][Flow] Generating flow layout
[Topology][Flow] Nodes: 2
[Topology][Flow] Connections: 1
[Topology][Flow] Generating flow layout
[Topology][Flow] Nodes: 8
[Topology][Flow] Connections: 7
[Topology][Flow] Generating flow layout
[Topology][Flow] Nodes: 2
[Topology][Flow] Connections: 1
[Topology][Flow] Generating flow layout
[Topology][Flow] Nodes: 8
[Topology][Flow] Connections: 7
[Topology][Flow] Generating flow layout
[Topology][Flow] Nodes: 2
[Topology][Flow] Connections: 1
[Topology][Flow] Generating flow layout
[Topology][Flow] Nodes: 8
[Topology][Flow] Connections: 7
[Topology][Flow] Generating flow layout
[Topology][Flow] Nodes: 2
[Topology][Flow] Connections: 1
[Topology][Flow] Generating flow layout
[Topology][Flow] Nodes: 8
[Topology][Flow] Connections: 7
[Topology][Flow] Generating flow layout
[Topology][Flow] Nodes: 2
[Topology][Flow] Connections: 1
[Topology][Flow] Generating flow layout
[Topology][Flow] Nodes: 8
[Topology][Flow] Connections: 7
[Topology][Flow] Generating flow layout
[Topology][Flow] Nodes: 2
[Topology][Flow] Connections: 1
[Topology][Flow] Generating flow layout
[Topology][Flow] Nodes: 8
[Topology][Flow] Connections: 7
[Topology][Flow] Generating flow layout
[Topology][Flow] Nodes: 2
[Topology][Flow] Connections: 1
[Topology][Flow] Generating flow layout
[Topology][Flow] Nodes: 8
[Topology][Flow] Connections: 7
[Topology][Flow] Generating flow layout
[Topology][Flow] Nodes: 2
[Topology][Flow] Connections: 1
[Topology][Flow] Generating flow layout
[Topology][Flow] Nodes: 8
[Topology][Flow] Connections: 7
[Topology][Flow] Generating flow layout
[Topology][Flow] Nodes: 2
[Topology][Flow] Connections: 1
[Topology][Flow] Generating flow layout
[Topology][Flow] Nodes: 8
[Topology][Flow] Connections: 7
[Topology][Flow] Generating flow layout
[Topology][Flow] Nodes: 2
[Topology][Flow] Connections: 1
[Topology][Flow] Generating flow layout
[Topology][Flow] Nodes: 8
[Topology][Flow] Connections: 7
[Topology][Flow] Generating flow layout
[Topology][Flow] Nodes: 2
[Topology][Flow] Connections: 1
[Topology][Flow] Generating flow layout
[Topology][Flow] Nodes: 8
[Topology][Flow] Connections: 7
[Topology][Flow] Generating flow layout
[Topology][Flow] Nodes: 2
[Topology][Flow] Connections: 1
[Topology][Flow] Generating flow layout
[Topology][Flow] Nodes: 8
[Topology][Flow] Connections: 7
[Topology][Flow] Generating flow layout
[Topology][Flow] Nodes: 2
[Topology][Flow] Connections: 1
[Topology][Flow] Generating flow layout
[Topology][Flow] Nodes: 8
[Topology][Flow] Connections: 7
[Topology][Flow] Generating flow layout
[Topology][Flow] Nodes: 2
[Topology][Flow] Connections: 1
[Topology][Flow] Generating flow layout
[Topology][Flow] Nodes: 8
[Topology][Flow] Connections: 7
[Topology][Flow] Generating flow layout
[Topology][Flow] Nodes: 2
[Topology][Flow] Connections: 1
[Topology][Flow] Generating flow layout
[Topology][Flow] Nodes: 8
[Topology][Flow] Connections: 7
[Topology][Flow] Generating flow layout
[Topology][Flow] Nodes: 2
[Topology][Flow] Connections: 1
[Topology][Flow] Generating flow layout
[Topology][Flow] Nodes: 8
[Topology][Flow] Connections: 7
[Topology][Flow] Generating flow layout
[Topology][Flow] Nodes: 2
[Topology][Flow] Connections: 1
[Topology][Flow] Generating flow layout
[Topology][Flow] Nodes: 8
[Topology][Flow] Connections: 7
[Topology][Flow] Generating flow layout
[Topology][Flow] Nodes: 2
[Topology][Flow] Connections: 1
[Topology][Flow] Generating flow layout
[Topology][Flow] Nodes: 8
[Topology][Flow] Connections: 7
[Topology][Flow] Generating flow layout
[Topology][Flow] Nodes: 2
[Topology][Flow] Connections: 1
[Topology][Flow] Generating flow layout
[Topology][Flow] Nodes: 8
[Topology][Flow] Connections: 7
[Topology][Flow] Generating flow layout
[Topology][Flow] Nodes: 2
[Topology][Flow] Connections: 1
[Topology][Flow] Generating flow layout
[Topology][Flow] Nodes: 8
[Topology][Flow] Connections: 7
[Topology][Flow] Generating flow layout
[Topology][Flow] Nodes: 2
[Topology][Flow] Connections: 1
[Topology][Flow] Generating flow layout
[Topology][Flow] Nodes: 8
[Topology][Flow] Connections: 7
[Topology][Flow] Generating flow layout
[Topology][Flow] Nodes: 2
[Topology][Flow] Connections: 1
[Topology][Flow] Generating flow layout
[Topology][Flow] Nodes: 8
[Topology][Flow] Connections: 7
[Topology][Flow] Generating flow layout
[Topology][Flow] Nodes: 2
[Topology][Flow] Connections: 1
[Topology][Flow] Generating flow layout
[Topology][Flow] Nodes: 8
[Topology][Flow] Connections: 7
[Topology][Flow] Generating flow layout
[Topology][Flow] Nodes: 2
[Topology][Flow] Connections: 1
[Topology][Flow] Generating flow layout
[Topology][Flow] Nodes: 8
[Topology][Flow] Connections: 7
[Topology][Flow] Generating flow layout
[Topology][Flow] Nodes: 2
[Topology][Flow] Connections: 1
[Topology][Flow] Generating flow layout
[Topology][Flow] Nodes: 8
[Topology][Flow] Connections: 7
[Topology][Flow] Generating flow layout
[Topology][Flow] Nodes: 2
[Topology][Flow] Connections: 1
[Topology][Flow] Generating flow layout
[Topology][Flow] Nodes: 8
[Topology][Flow] Connections: 7
[Topology][Flow] Generating flow layout
[Topology][Flow] Nodes: 2
[Topology][Flow] Connections: 1
[Topology][Flow] Generating flow layout
[Topology][Flow] Nodes: 8
[Topology][Flow] Connections: 7
[Topology][Flow] Generating flow layout
[Topology][Flow] Nodes: 2
[Topology][Flow] Connections: 1
[Topology][Flow] Generating flow layout
[Topology][Flow] Nodes: 8
[Topology][Flow] Connections: 7
[Topology][Flow] Generating flow layout
[Topology][Flow] Nodes: 2
[Topology][Flow] Connections: 1
[Topology][Flow] Generating flow layout
[Topology][Flow] Nodes: 8
[Topology][Flow] Connections: 7
[Topology][Flow] Generating flow layout
[Topology][Flow] Nodes: 2
[Topology][Flow] Connections: 1
[Topology][Flow] Generating flow layout
[Topology][Flow] Nodes: 8
[Topology][Flow] Connections: 7
[Topology][Flow] Generating flow layout
[Topology][Flow] Nodes: 2
[Topology][Flow] Connections: 1
[Topology][Flow] Generating flow layout
[Topology][Flow] Nodes: 8
[Topology][Flow] Connections: 7
[Topology][Flow] Generating flow layout
[Topology][Flow] Nodes: 2
[Topology][Flow] Connections: 1
[Topology][Flow] Generating flow layout
[Topology][Flow] Nodes: 8
[Topology][Flow] Connections: 7
[Topology][Flow] Generating flow layout
[Topology][Flow] Nodes: 2
[Topology][Flow] Connections: 1
[Topology][Flow] Generating flow layout
[Topology][Flow] Nodes: 8
[Topology][Flow] Connections: 7
[Topology][Flow] Generating flow layout
[Topology][Flow] Nodes: 2
[Topology][Flow] Connections: 1
[Topology][Flow] Generating flow layout
[Topology][Flow] Nodes: 8
[Topology][Flow] Connections: 7
[Topology][Flow] Generating flow layout
[Topology][Flow] Nodes: 2
[Topology][Flow] Connections: 1
[Topology][Flow] Generating flow layout
[Topology][Flow] Nodes: 8
[Topology][Flow] Connections: 7
[Topology][Flow] Generating flow layout
[Topology][Flow] Nodes: 2
[Topology][Flow] Connections: 1
[Topology][Flow] Generating flow layout
[Topology][Flow] Nodes: 8
[Topology][Flow] Connections: 7
[Topology][Flow] Generating flow layout
[Topology][Flow] Nodes: 2
[Topology][Flow] Connections: 1
[Topology][Flow] Generating flow layout
[Topology][Flow] Nodes: 8
[Topology][Flow] Connections: 7
[Topology][Flow] Generating flow layout
[Topology][Flow] Nodes: 2
[Topology][Flow] Connections: 1
[Topology][Flow] Generating flow layout
[Topology][Flow] Nodes: 8
[Topology][Flow] Connections: 7
[Topology][Flow] Generating flow layout
[Topology][Flow] Nodes: 2
[Topology][Flow] Connections: 1
[Topology][Flow] Generating flow layout
[Topology][Flow] Nodes: 8
[Topology][Flow] Connections: 7
[Topology][Flow] Generating flow layout
[Topology][Flow] Nodes: 2
[Topology][Flow] Connections: 1
[Topology][Flow] Generating flow layout
[Topology][Flow] Nodes: 8
[Topology][Flow] Connections: 7
[Topology][Flow] Generating flow layout
[Topology][Flow] Nodes: 2
[Topology][Flow] Connections: 1
[Topology][Flow] Generating flow layout
[Topology][Flow] Nodes: 8
[Topology][Flow] Connections: 7
[Topology][Flow] Generating flow layout
[Topology][Flow] Nodes: 2
[Topology][Flow] Connections: 1
[Topology][Flow] Generating flow layout
[Topology][Flow] Nodes: 8
[Topology][Flow] Connections: 7
[Topology][Flow] Generating flow layout
[Topology][Flow] Nodes: 2
[Topology][Flow] Connections: 1
[Topology][Flow] Generating flow layout
[Topology][Flow] Nodes: 8
[Topology][Flow] Connections: 7
[Topology][Flow] Generating flow layout
[Topology][Flow] Nodes: 2
[Topology][Flow] Connections: 1
[Topology][Flow] Generating flow layout
[Topology][Flow] Nodes: 8
[Topology][Flow] Connections: 7
[Topology][Flow] Generating flow layout
[Topology][Flow] Nodes: 2
[Topology][Flow] Connections: 1
[Topology][Flow] Generating flow layout
[Topology][Flow] Nodes: 8
[Topology][Flow] Connections: 7
[Topology][Flow] Generating flow layout
[Topology][Flow] Nodes: 2
[Topology][Flow] Connections: 1
[Topology][Flow] Generating flow layout
[Topology][Flow] Nodes: 8
[Topology][Flow] Connections: 7
[Topology][Flow] Generating flow layout
[Topology][Flow] Nodes: 2
[Topology][Flow] Connections: 1
[Topology][Flow] Generating flow layout
[Topology][Flow] Nodes: 8
[Topology][Flow] Connections: 7
[Topology][Flow] Generating flow layout
[Topology][Flow] Nodes: 2
[Topology][Flow] Connections: 1
[Topology][Flow] Generating flow layout
[Topology][Flow] Nodes: 8
[Topology][Flow] Connections: 7
[Topology][Flow] Generating flow layout
[Topology][Flow] Nodes: 2
[Topology][Flow] Connections: 1
[Topology][Flow] Generating flow layout
[Topology][Flow] Nodes: 8
[Topology][Flow] Connections: 7
[Topology][Flow] Generating flow layout
[Topology][Flow] Nodes: 2
[Topology][Flow] Connections: 1
[Topology][Flow] Generating flow layout
[Topology][Flow] Nodes: 8
[Topology][Flow] Connections: 7
[Topology][Flow] Generating flow layout
[Topology][Flow] Nodes: 2
[Topology][Flow] Connections: 1
[Topology][Flow] Generating flow layout
[Topology][Flow] Nodes: 8
[Topology][Flow] Connections: 7
[Topology][Flow] Generating flow layout
[Topology][Flow] Nodes: 2
[Topology][Flow] Connections: 1
[Topology][Flow] Generating flow layout
[Topology][Flow] Nodes: 8
[Topology][Flow] Connections: 7
[Topology][Flow] Generating flow layout
[Topology][Flow] Nodes: 2
[Topology][Flow] Connections: 1
[Topology][Flow] Generating flow layout
[Topology][Flow] Nodes: 8
[Topology][Flow] Connections: 7
[Topology][Flow] Generating flow layout
[Topology][Flow] Nodes: 2
[Topology][Flow] Connections: 1
[Topology][Flow] Generating flow layout
[Topology][Flow] Nodes: 8
[Topology][Flow] Connections: 7
[Topology][Flow] Generating flow layout
[Topology][Flow] Nodes: 2
[Topology][Flow] Connections: 1
[Topology][Flow] Generating flow layout
[Topology][Flow] Nodes: 8
[Topology][Flow] Connections: 7
[Topology][Flow] Generating flow layout
[Topology][Flow] Nodes: 2
[Topology][Flow] Connections: 1
[Topology][Flow] Generating flow layout
[Topology][Flow] Nodes: 8
[Topology][Flow] Connections: 7
[Topology][Flow] Generating flow layout
[Topology][Flow] Nodes: 2
[Topology][Flow] Connections: 1
[Topology][Flow] Generating flow layout
[Topology][Flow] Nodes: 8
[Topology][Flow] Connections: 7
[Topology][Flow] Generating flow layout
[Topology][Flow] Nodes: 2
[Topology][Flow] Connections: 1
[Topology][Flow] Generating flow layout
[Topology][Flow] Nodes: 8
[Topology][Flow] Connections: 7
[Topology][Flow] Generating flow layout
[Topology][Flow] Nodes: 2
[Topology][Flow] Connections: 1
[Topology][Flow] Generating flow layout
[Topology][Flow] Nodes: 8
[Topology][Flow] Connections: 7
[Topology][Flow] Generating flow layout
[Topology][Flow] Nodes: 2
[Topology][Flow] Connections: 1
[Topology][Flow] Generating flow layout
[Topology][Flow] Nodes: 8
[Topology][Flow] Connections: 7
[Topology][Flow] Generating flow layout
[Topology][Flow] Nodes: 2
[Topology][Flow] Connections: 1
[Topology][Flow] Generating flow layout
[Topology][Flow] Nodes: 8
[Topology][Flow] Connections: 7
[Topology][Flow] Generating flow layout
[Topology][Flow] Nodes: 2
[Topology][Flow] Connections: 1
[Topology][Flow] Generating flow layout
[Topology][Flow] Nodes: 8
[Topology][Flow] Connections: 7
[Topology][Flow] Generating flow layout
[Topology][Flow] Nodes: 2
[Topology][Flow] Connections: 1
[Topology][Flow] Generating flow layout
[Topology][Flow] Nodes: 8
[Topology][Flow] Connections: 7
[Topology][Flow] Generating flow layout
[Topology][Flow] Nodes: 2
[Topology][Flow] Connections: 1
[Topology][Flow] Generating flow layout
[Topology][Flow] Nodes: 8
[Topology][Flow] Connections: 7
[Topology][Flow] Generating flow layout
[Topology][Flow] Nodes: 2
[Topology][Flow] Connections: 1
[Topology][Flow] Generating flow layout
[Topology][Flow] Nodes: 8
[Topology][Flow] Connections: 7
[Topology][Flow] Generating flow layout
[Topology][Flow] Nodes: 2
[Topology][Flow] Connections: 1
[Topology][Flow] Generating flow layout
[Topology][Flow] Nodes: 8
[Topology][Flow] Connections: 7
[Topology][Flow] Generating flow layout
[Topology][Flow] Nodes: 2
[Topology][Flow] Connections: 1
[Topology][Flow] Generating flow layout
[Topology][Flow] Nodes: 8
[Topology][Flow] Connections: 7
[Topology][Flow] Generating flow layout
[Topology][Flow] Nodes: 2
[Topology][Flow] Connections: 1
[Topology][Flow] Generating flow layout
[Topology][Flow] Nodes: 8
[Topology][Flow] Connections: 7
[Topology][Flow] Generating flow layout
[Topology][Flow] Nodes: 2
[Topology][Flow] Connections: 1
[Topology][Flow] Generating flow layout
[Topology][Flow] Nodes: 8
[Topology][Flow] Connections: 7
[Topology][Flow] Generating flow layout
[Topology][Flow] Nodes: 2
[Topology][Flow] Connections: 1
[Topology][Flow] Generating flow layout
[Topology][Flow] Nodes: 8
[Topology][Flow] Connections: 7
[Topology][Flow] Generating flow layout
[Topology][Flow] Nodes: 2
[Topology][Flow] Connections: 1
[Topology][Flow] Generating flow layout
[Topology][Flow] Nodes: 8
[Topology][Flow] Connections: 7
[Topology][Flow] Generating flow layout
[Topology][Flow] Nodes: 2
[Topology][Flow] Connections: 1
[Topology][Flow] Generating flow layout
[Topology][Flow] Nodes: 8
[Topology][Flow] Connections: 7
[Topology][Flow] Generating flow layout
[Topology][Flow] Nodes: 2
[Topology][Flow] Connections: 1
[Topology][Flow] Generating flow layout
[Topology][Flow] Nodes: 8
[Topology][Flow] Connections: 7
[Topology][Flow] Generating flow layout
[Topology][Flow] Nodes: 2
[Topology][Flow] Connections: 1
[Topology][Flow] Generating flow layout
[Topology][Flow] Nodes: 8
[Topology][Flow] Connections: 7
[Topology][Flow] Generating flow layout
[Topology][Flow] Nodes: 2
[Topology][Flow] Connections: 1
[Topology][Flow] Generating flow layout
[Topology][Flow] Nodes: 8
[Topology][Flow] Connections: 7
[Topology][Flow] Generating flow layout
[Topology][Flow] Nodes: 2
[Topology][Flow] Connections: 1
[Topology][Flow] Generating flow layout
[Topology][Flow] Nodes: 8
[Topology][Flow] Connections: 7
[Topology][Flow] Generating flow layout
[Topology][Flow] Nodes: 2
[Topology][Flow] Connections: 1
[Topology][Flow] Generating flow layout
[Topology][Flow] Nodes: 8
[Topology][Flow] Connections: 7
[Topology][Flow] Generating flow layout
[Topology][Flow] Nodes: 2
[Topology][Flow] Connections: 1
[Topology][Flow] Generating flow layout
[Topology][Flow] Nodes: 8
[Topology][Flow] Connections: 7
[Topology][Hub] Generating hub layout
[Topology][Hub] Hub: Delivery
[Topology][Hub] Satellites: 5
[Topology][Hub] Connections: 5
[Topology][Flow] Generating flow layout
[Topology][Flow] Nodes: 8
[Topology][Flow] Connections: 7
[Topology][Hub] Generating hub layout
[Topology][Hub] Hub: Delivery
[Topology][Hub] Satellites: 5
[Topology][Hub] Connections: 5
[Topology][Flow] Generating flow layout
[Topology][Flow] Nodes: 8
[Topology][Flow] Connections: 7
[Topology][Hub] Generating hub layout
[Topology][Hub] Hub: Delivery
[Topology][Hub] Satellites: 5
[Topology][Hub] Connections: 5
[Topology][Flow] Generating flow layout
[Topology][Flow] Nodes: 8
[Topology][Flow] Connections: 7
[Topology][Hub] Generating hub layout
[Topology][Hub] Hub: Delivery
[Topology][Hub] Satellites: 5
[Topology][Hub] Connections: 5
[Topology][Flow] Generating flow layout
[Topology][Flow] Nodes: 8
[Topology][Flow] Connections: 7
[Topology][Hub] Generating hub layout
[Topology][Hub] Hub: Delivery
[Topology][Hub] Satellites: 5
[Topology][Hub] Connections: 5
[Topology][Flow] Generating flow layout
[Topology][Flow] Nodes: 8
[Topology][Flow] Connections: 7
[Topology][Hub] Generating hub layout
[Topology][Hub] Hub: Delivery
[Topology][Hub] Satellites: 5
[Topology][Hub] Connections: 5
[Topology][Flow] Generating flow layout
[Topology][Flow] Nodes: 8
[Topology][Flow] Connections: 7
[Topology][Hub] Generating hub layout
[Topology][Hub] Hub: Delivery
[Topology][Hub] Satellites: 5
[Topology][Hub] Connections: 5
[Topology][Flow] Generating flow layout
[Topology][Flow] Nodes: 8
[Topology][Flow] Connections: 7
[Topology][Hub] Generating hub layout
[Topology][Hub] Hub: Delivery
[Topology][Hub] Satellites: 5
[Topology][Hub] Connections: 5
[Topology][Flow] Generating flow layout
[Topology][Flow] Nodes: 8
[Topology][Flow] Connections: 7
[Topology][Hub] Generating hub layout
[Topology][Hub] Hub: Delivery
[Topology][Hub] Satellites: 5
[Topology][Hub] Connections: 5
[Topology][Flow] Generating flow layout
[Topology][Flow] Nodes: 8
[Topology][Flow] Connections: 7
[Topology][Hub] Generating hub layout
[Topology][Hub] Hub: Delivery
[Topology][Hub] Satellites: 5
[Topology][Hub] Connections: 5
[Topology][Flow] Generating flow layout
[Topology][Flow] Nodes: 8
[Topology][Flow] Connections: 7
[Topology][Hub] Generating hub layout
[Topology][Hub] Hub: Delivery
[Topology][Hub] Satellites: 5
[Topology][Hub] Connections: 5
[Topology][Flow] Generating flow layout
[Topology][Flow] Nodes: 8
[Topology][Flow] Connections: 7
[Topology][Hub] Generating hub layout
[Topology][Hub] Hub: Delivery
[Topology][Hub] Satellites: 5
[Topology][Hub] Connections: 5
[Topology][Flow] Generating flow layout
[Topology][Flow] Nodes: 8
[Topology][Flow] Connections: 7
[Topology][Hub] Generating hub layout
[Topology][Hub] Hub: Delivery
[Topology][Hub] Satellites: 5
[Topology][Hub] Connections: 5
[Topology][Flow] Generating flow layout
[Topology][Flow] Nodes: 8
[Topology][Flow] Connections: 7
[Topology][Hub] Generating hub layout
[Topology][Hub] Hub: Delivery
[Topology][Hub] Satellites: 5
[Topology][Hub] Connections: 5
[Topology][Flow] Generating flow layout
[Topology][Flow] Nodes: 8
[Topology][Flow] Connections: 7
[Topology][Hub] Generating hub layout
[Topology][Hub] Hub: Delivery
[Topology][Hub] Satellites: 5
[Topology][Hub] Connections: 5
[Topology][Flow] Generating flow layout
[Topology][Flow] Nodes: 8
[Topology][Flow] Connections: 7
[Topology][Hub] Generating hub layout
[Topology][Hub] Hub: Delivery
[Topology][Hub] Satellites: 5
[Topology][Hub] Connections: 5
[Topology][Flow] Generating flow layout
[Topology][Flow] Nodes: 8
[Topology][Flow] Connections: 7
[Topology][Hub] Generating hub layout
[Topology][Hub] Hub: Delivery
[Topology][Hub] Satellites: 5
[Topology][Hub] Connections: 5
[Topology][Flow] Generating flow layout
[Topology][Flow] Nodes: 8
[Topology][Flow] Connections: 7
[Topology][Hub] Generating hub layout
[Topology][Hub] Hub: Delivery
[Topology][Hub] Satellites: 5
[Topology][Hub] Connections: 5
[Topology][Flow] Generating flow layout
[Topology][Flow] Nodes: 8
[Topology][Flow] Connections: 7
[Topology][Hub] Generating hub layout
[Topology][Hub] Hub: Delivery
[Topology][Hub] Satellites: 5
[Topology][Hub] Connections: 5
[Topology][Flow] Generating flow layout
[Topology][Flow] Nodes: 8
[Topology][Flow] Connections: 7
[Topology][Hub] Generating hub layout
[Topology][Hub] Hub: Delivery
[Topology][Hub] Satellites: 5
[Topology][Hub] Connections: 5
[Topology][Flow] Generating flow layout
[Topology][Flow] Nodes: 8
[Topology][Flow] Connections: 7
[Topology][Hub] Generating hub layout
[Topology][Hub] Hub: Delivery
[Topology][Hub] Satellites: 5
[Topology][Hub] Connections: 5
[Topology][Flow] Generating flow layout
[Topology][Flow] Nodes: 8
[Topology][Flow] Connections: 7
[Topology][Hub] Generating hub layout
[Topology][Hub] Hub: Delivery
[Topology][Hub] Satellites: 5
[Topology][Hub] Connections: 5
[Topology][Flow] Generating flow layout
[Topology][Flow] Nodes: 8
[Topology][Flow] Connections: 7
[Topology][Hub] Generating hub layout
[Topology][Hub] Hub: Delivery
[Topology][Hub] Satellites: 5
[Topology][Hub] Connections: 5
[Topology][Flow] Generating flow layout
[Topology][Flow] Nodes: 8
[Topology][Flow] Connections: 7
[Topology][Hub] Generating hub layout
[Topology][Hub] Hub: Delivery
[Topology][Hub] Satellites: 5
[Topology][Hub] Connections: 5
[Topology][Flow] Generating flow layout
[Topology][Flow] Nodes: 8
[Topology][Flow] Connections: 7
[Topology][Hub] Generating hub layout
[Topology][Hub] Hub: Delivery
[Topology][Hub] Satellites: 5
[Topology][Hub] Connections: 5
[Topology][Flow] Generating flow layout
[Topology][Flow] Nodes: 8
[Topology][Flow] Connections: 7
[Topology][Hub] Generating hub layout
[Topology][Hub] Hub: Delivery
[Topology][Hub] Satellites: 5
[Topology][Hub] Connections: 5
[Topology][Flow] Generating flow layout
[Topology][Flow] Nodes: 8
[Topology][Flow] Connections: 7
[Topology][Hub] Generating hub layout
[Topology][Hub] Hub: Delivery
[Topology][Hub] Satellites: 5
[Topology][Hub] Connections: 5
[Topology][Flow] Generating flow layout
[Topology][Flow] Nodes: 8
[Topology][Flow] Connections: 7
[Topology][Hub] Generating hub layout
[Topology][Hub] Hub: Delivery
[Topology][Hub] Satellites: 5
[Topology][Hub] Connections: 5
[Topology][Flow] Generating flow layout
[Topology][Flow] Nodes: 8
[Topology][Flow] Connections: 7
[Topology][Hub] Generating hub layout
[Topology][Hub] Hub: Delivery
[Topology][Hub] Satellites: 5
[Topology][Hub] Connections: 5
[Topology][Flow] Generating flow layout
[Topology][Flow] Nodes: 8
[Topology][Flow] Connections: 7
[Topology][Hub] Generating hub layout
[Topology][Hub] Hub: Delivery
[Topology][Hub] Satellites: 5
[Topology][Hub] Connections: 5
[Topology][Flow] Generating flow layout
[Topology][Flow] Nodes: 8
[Topology][Flow] Connections: 7
[Topology][Hub] Generating hub layout
[Topology][Hub] Hub: Delivery
[Topology][Hub] Satellites: 5
[Topology][Hub] Connections: 5
[Topology][Flow] Generating flow layout
[Topology][Flow] Nodes: 8
[Topology][Flow] Connections: 7
[Topology][Hub] Generating hub layout
[Topology][Hub] Hub: Delivery
[Topology][Hub] Satellites: 5
[Topology][Hub] Connections: 5
[Topology][Flow] Generating flow layout
[Topology][Flow] Nodes: 8
[Topology][Flow] Connections: 7
[Topology][Hub] Generating hub layout
[Topology][Hub] Hub: Delivery
[Topology][Hub] Satellites: 5
[Topology][Hub] Connections: 5
[Topology][Flow] Generating flow layout
[Topology][Flow] Nodes: 8
[Topology][Flow] Connections: 7
[Topology][Hub] Generating hub layout
[Topology][Hub] Hub: Delivery
[Topology][Hub] Satellites: 5
[Topology][Hub] Connections: 5
[Topology][Flow] Generating flow layout
[Topology][Flow] Nodes: 8
[Topology][Flow] Connections: 7
[Topology][Hub] Generating hub layout
[Topology][Hub] Hub: Delivery
[Topology][Hub] Satellites: 5
[Topology][Hub] Connections: 5
[Topology][Flow] Generating flow layout
[Topology][Flow] Nodes: 8
[Topology][Flow] Connections: 7
[Topology][Hub] Generating hub layout
[Topology][Hub] Hub: Delivery
[Topology][Hub] Satellites: 5
[Topology][Hub] Connections: 5
[Topology][Flow] Generating flow layout
[Topology][Flow] Nodes: 8
[Topology][Flow] Connections: 7
[Topology][Hub] Generating hub layout
[Topology][Hub] Hub: Delivery
[Topology][Hub] Satellites: 5
[Topology][Hub] Connections: 5
[Topology][Flow] Generating flow layout
[Topology][Flow] Nodes: 8
[Topology][Flow] Connections: 7
[Topology][Hub] Generating hub layout
[Topology][Hub] Hub: Delivery
[Topology][Hub] Satellites: 5
[Topology][Hub] Connections: 5
[Topology][Flow] Generating flow layout
[Topology][Flow] Nodes: 8
[Topology][Flow] Connections: 7
[Topology][Hub] Generating hub layout
[Topology][Hub] Hub: Delivery
[Topology][Hub] Satellites: 5
[Topology][Hub] Connections: 5
[Topology][Flow] Generating flow layout
[Topology][Flow] Nodes: 8
[Topology][Flow] Connections: 7
[Topology][Hub] Generating hub layout
[Topology][Hub] Hub: Delivery
[Topology][Hub] Satellites: 5
[Topology][Hub] Connections: 5
[Topology][Flow] Generating flow layout
[Topology][Flow] Nodes: 8
[Topology][Flow] Connections: 7
[Topology][Hub] Generating hub layout
[Topology][Hub] Hub: Delivery
[Topology][Hub] Satellites: 5
[Topology][Hub] Connections: 5
[Topology][Flow] Generating flow layout
[Topology][Flow] Nodes: 8
[Topology][Flow] Connections: 7
[Topology][Hub] Generating hub layout
[Topology][Hub] Hub: Delivery
[Topology][Hub] Satellites: 5
[Topology][Hub] Connections: 5
[Topology][Flow] Generating flow layout
[Topology][Flow] Nodes: 8
[Topology][Flow] Connections: 7
[Topology][Hub] Generating hub layout
[Topology][Hub] Hub: Delivery
[Topology][Hub] Satellites: 5
[Topology][Hub] Connections: 5
[Topology][Flow] Generating flow layout
[Topology][Flow] Nodes: 8
[Topology][Flow] Connections: 7
[Topology][Hub] Generating hub layout
[Topology][Hub] Hub: Delivery
[Topology][Hub] Satellites: 5
[Topology][Hub] Connections: 5
[Topology][Flow] Generating flow layout
[Topology][Flow] Nodes: 8
[Topology][Flow] Connections: 7
[Topology][Hub] Generating hub layout
[Topology][Hub] Hub: Delivery
[Topology][Hub] Satellites: 5
[Topology][Hub] Connections: 5
[Topology][Flow] Generating flow layout
[Topology][Flow] Nodes: 8
[Topology][Flow] Connections: 7
[Topology][Hub] Generating hub layout
[Topology][Hub] Hub: Delivery
[Topology][Hub] Satellites: 5
[Topology][Hub] Connections: 5
[Topology][Flow] Generating flow layout
[Topology][Flow] Nodes: 8
[Topology][Flow] Connections: 7
[Topology][Hub] Generating hub layout
[Topology][Hub] Hub: Delivery
[Topology][Hub] Satellites: 5
[Topology][Hub] Connections: 5
[Topology][Flow] Generating flow layout
[Topology][Flow] Nodes: 8
[Topology][Flow] Connections: 7
[Topology][Hub] Generating hub layout
[Topology][Hub] Hub: Delivery
[Topology][Hub] Satellites: 5
[Topology][Hub] Connections: 5
[Topology][Flow] Generating flow layout
[Topology][Flow] Nodes: 8
[Topology][Flow] Connections: 7
[Topology][Hub] Generating hub layout
[Topology][Hub] Hub: Delivery
[Topology][Hub] Satellites: 5
[Topology][Hub] Connections: 5
[Topology][Flow] Generating flow layout
[Topology][Flow] Nodes: 8
[Topology][Flow] Connections: 7
[Topology][Hub] Generating hub layout
[Topology][Hub] Hub: Delivery
[Topology][Hub] Satellites: 5
[Topology][Hub] Connections: 5
[Topology][Flow] Generating flow layout
[Topology][Flow] Nodes: 8
[Topology][Flow] Connections: 7
[Topology][Hub] Generating hub layout
[Topology][Hub] Hub: Delivery
[Topology][Hub] Satellites: 5
[Topology][Hub] Connections: 5
[Topology][Flow] Generating flow layout
[Topology][Flow] Nodes: 8
[Topology][Flow] Connections: 7
[Topology][Hub] Generating hub layout
[Topology][Hub] Hub: Delivery
[Topology][Hub] Satellites: 5
[Topology][Hub] Connections: 5
[Topology][Flow] Generating flow layout
[Topology][Flow] Nodes: 8
[Topology][Flow] Connections: 7
[Topology][Hub] Generating hub layout
[Topology][Hub] Hub: Delivery
[Topology][Hub] Satellites: 5
[Topology][Hub] Connections: 5
[Topology][Flow] Generating flow layout
[Topology][Flow] Nodes: 8
[Topology][Flow] Connections: 7
[Topology][Hub] Generating hub layout
[Topology][Hub] Hub: Delivery
[Topology][Hub] Satellites: 5
[Topology][Hub] Connections: 5
[Topology][Flow] Generating flow layout
[Topology][Flow] Nodes: 8
[Topology][Flow] Connections: 7
[Topology][Hub] Generating hub layout
[Topology][Hub] Hub: Delivery
[Topology][Hub] Satellites: 5
[Topology][Hub] Connections: 5
[Topology][Flow] Generating flow layout
[Topology][Flow] Nodes: 8
[Topology][Flow] Connections: 7
[Topology][Hub] Generating hub layout
[Topology][Hub] Hub: Delivery
[Topology][Hub] Satellites: 5
[Topology][Hub] Connections: 5
[Topology][Flow] Generating flow layout
[Topology][Flow] Nodes: 8
[Topology][Flow] Connections: 7
[Topology][Hub] Generating hub layout
[Topology][Hub] Hub: Delivery
[Topology][Hub] Satellites: 5
[Topology][Hub] Connections: 5
[Topology][Flow] Generating flow layout
[Topology][Flow] Nodes: 8
[Topology][Flow] Connections: 7
[Topology][Hub] Generating hub layout
[Topology][Hub] Hub: Delivery
[Topology][Hub] Satellites: 5
[Topology][Hub] Connections: 5
[Topology][Flow] Generating flow layout
[Topology][Flow] Nodes: 8
[Topology][Flow] Connections: 7
[Topology][Hub] Generating hub layout
[Topology][Hub] Hub: Delivery
[Topology][Hub] Satellites: 5
[Topology][Hub] Connections: 5
[Topology][Flow] Generating flow layout
[Topology][Flow] Nodes: 8
[Topology][Flow] Connections: 7
[Topology][Flow] Generating flow layout
[Topology][Flow] Nodes: 2
[Topology][Flow] Connections: 1
[Topology][Flow] Generating flow layout
[Topology][Flow] Nodes: 8
[Topology][Flow] Connections: 7
[Topology][Hub] Generating hub layout
[Topology][Hub] Hub: Delivery
[Topology][Hub] Satellites: 5
[Topology][Hub] Connections: 5
[Topology][Flow] Generating flow layout
[Topology][Flow] Nodes: 8
[Topology][Flow] Connections: 7
[Topology][Hub] Generating hub layout
[Topology][Hub] Hub: Delivery
[Topology][Hub] Satellites: 5
[Topology][Hub] Connections: 5
[Topology][Flow] Generating flow layout
[Topology][Flow] Nodes: 8
[Topology][Flow] Connections: 7
[Topology][Hub] Generating hub layout
[Topology][Hub] Hub: Delivery
[Topology][Hub] Satellites: 5
[Topology][Hub] Connections: 5
[Topology][Flow] Generating flow layout
[Topology][Flow] Nodes: 8
[Topology][Flow] Connections: 7
[Topology][Hub] Generating hub layout
[Topology][Hub] Hub: Delivery
[Topology][Hub] Satellites: 5
[Topology][Hub] Connections: 5
[Topology][Flow] Generating flow layout
[Topology][Flow] Nodes: 8
[Topology][Flow] Connections: 7
[Topology][Hub] Generating hub layout
[Topology][Hub] Hub: Delivery
[Topology][Hub] Satellites: 5
[Topology][Hub] Connections: 5
[Topology][Flow] Generating flow layout
[Topology][Flow] Nodes: 8
[Topology][Flow] Connections: 7
[Topology][Hub] Generating hub layout
[Topology][Hub] Hub: Delivery
[Topology][Hub] Satellites: 5
[Topology][Hub] Connections: 5
[Topology][Flow] Generating flow layout
[Topology][Flow] Nodes: 8
[Topology][Flow] Connections: 7
[Topology][Hub] Generating hub layout
[Topology][Hub] Hub: Delivery
[Topology][Hub] Satellites: 5
[Topology][Hub] Connections: 5
[Topology][Flow] Generating flow layout
[Topology][Flow] Nodes: 8
[Topology][Flow] Connections: 7
[Topology][Hub] Generating hub layout
[Topology][Hub] Hub: Delivery
[Topology][Hub] Satellites: 5
[Topology][Hub] Connections: 5
[Topology][Flow] Generating flow layout
[Topology][Flow] Nodes: 8
[Topology][Flow] Connections: 7
[Topology][Hub] Generating hub layout
[Topology][Hub] Hub: Delivery
[Topology][Hub] Satellites: 5
[Topology][Hub] Connections: 5
[Topology][Flow] Generating flow layout
[Topology][Flow] Nodes: 8
[Topology][Flow] Connections: 7
[Topology][Hub] Generating hub layout
[Topology][Hub] Hub: Delivery
[Topology][Hub] Satellites: 5
[Topology][Hub] Connections: 5
[Topology][Flow] Generating flow layout
[Topology][Flow] Nodes: 8
[Topology][Flow] Connections: 7
[Topology][Hub] Generating hub layout
[Topology][Hub] Hub: Delivery
[Topology][Hub] Satellites: 5
[Topology][Hub] Connections: 5
[Topology][Flow] Generating flow layout
[Topology][Flow] Nodes: 8
[Topology][Flow] Connections: 7
[Topology][Hub] Generating hub layout
[Topology][Hub] Hub: Delivery
[Topology][Hub] Satellites: 5
[Topology][Hub] Connections: 5
[Topology][Flow] Generating flow layout
[Topology][Flow] Nodes: 8
[Topology][Flow] Connections: 7
[Topology][Hub] Generating hub layout
[Topology][Hub] Hub: Delivery
[Topology][Hub] Satellites: 5
[Topology][Hub] Connections: 5
[Topology][Flow] Generating flow layout
[Topology][Flow] Nodes: 8
[Topology][Flow] Connections: 7
[Topology][Hub] Generating hub layout
[Topology][Hub] Hub: Delivery
[Topology][Hub] Satellites: 5
[Topology][Hub] Connections: 5
[Topology][Flow] Generating flow layout
[Topology][Flow] Nodes: 8
[Topology][Flow] Connections: 7
[Topology][Hub] Generating hub layout
[Topology][Hub] Hub: Delivery
[Topology][Hub] Satellites: 5
[Topology][Hub] Connections: 5
[Topology][Flow] Generating flow layout
[Topology][Flow] Nodes: 8
[Topology][Flow] Connections: 7
[Topology][Hub] Generating hub layout
[Topology][Hub] Hub: Delivery
[Topology][Hub] Satellites: 5
[Topology][Hub] Connections: 5
[Topology][Flow] Generating flow layout
[Topology][Flow] Nodes: 8
[Topology][Flow] Connections: 7
[Topology][Hub] Generating hub layout
[Topology][Hub] Hub: Delivery
[Topology][Hub] Satellites: 5
[Topology][Hub] Connections: 5
[Topology][Flow] Generating flow layout
[Topology][Flow] Nodes: 8
[Topology][Flow] Connections: 7
[Topology][Hub] Generating hub layout
[Topology][Hub] Hub: Delivery
[Topology][Hub] Satellites: 5
[Topology][Hub] Connections: 5
[Topology][Flow] Generating flow layout
[Topology][Flow] Nodes: 8
[Topology][Flow] Connections: 7
[Topology][Hub] Generating hub layout
[Topology][Hub] Hub: Delivery
[Topology][Hub] Satellites: 5
[Topology][Hub] Connections: 5
[Topology][Flow] Generating flow layout
[Topology][Flow] Nodes: 8
[Topology][Flow] Connections: 7
[Topology][Hub] Generating hub layout
[Topology][Hub] Hub: Delivery
[Topology][Hub] Satellites: 5
[Topology][Hub] Connections: 5
[Topology][Flow] Generating flow layout
[Topology][Flow] Nodes: 8
[Topology][Flow] Connections: 7
[Topology][Hub] Generating hub layout
[Topology][Hub] Hub: Delivery
[Topology][Hub] Satellites: 5
[Topology][Hub] Connections: 5
[Topology][Flow] Generating flow layout
[Topology][Flow] Nodes: 8
[Topology][Flow] Connections: 7
[Topology][Hub] Generating hub layout
[Topology][Hub] Hub: Delivery
[Topology][Hub] Satellites: 5
[Topology][Hub] Connections: 5
[Topology][Flow] Generating flow layout
[Topology][Flow] Nodes: 8
[Topology][Flow] Connections: 7
[Topology][Hub] Generating hub layout
[Topology][Hub] Hub: Delivery
[Topology][Hub] Satellites: 5
[Topology][Hub] Connections: 5
[Topology][Flow] Generating flow layout
[Topology][Flow] Nodes: 8
[Topology][Flow] Connections: 7
[Topology][Hub] Generating hub layout
[Topology][Hub] Hub: Delivery
[Topology][Hub] Satellites: 5
[Topology][Hub] Connections: 5
[Topology][Flow] Generating flow layout
[Topology][Flow] Nodes: 8
[Topology][Flow] Connections: 7
[Topology][Hub] Generating hub layout
[Topology][Hub] Hub: Delivery
[Topology][Hub] Satellites: 5
[Topology][Hub] Connections: 5
[Topology][Flow] Generating flow layout
[Topology][Flow] Nodes: 8
[Topology][Flow] Connections: 7
[Topology][Hub] Generating hub layout
[Topology][Hub] Hub: Delivery
[Topology][Hub] Satellites: 5
[Topology][Hub] Connections: 5
[Topology][Flow] Generating flow layout
[Topology][Flow] Nodes: 8
[Topology][Flow] Connections: 7
[Topology][Hub] Generating hub layout
[Topology][Hub] Hub: Delivery
[Topology][Hub] Satellites: 5
[Topology][Hub] Connections: 5
[Topology][Flow] Generating flow layout
[Topology][Flow] Nodes: 8
[Topology][Flow] Connections: 7
[Topology][Hub] Generating hub layout
[Topology][Hub] Hub: Delivery
[Topology][Hub] Satellites: 5
[Topology][Hub] Connections: 5
[Topology][Flow] Generating flow layout
[Topology][Flow] Nodes: 8
[Topology][Flow] Connections: 7
[Topology][Hub] Generating hub layout
[Topology][Hub] Hub: Delivery
[Topology][Hub] Satellites: 5
[Topology][Hub] Connections: 5
[Topology][Flow] Generating flow layout
[Topology][Flow] Nodes: 8
[Topology][Flow] Connections: 7
[Topology][Hub] Generating hub layout
[Topology][Hub] Hub: Delivery
[Topology][Hub] Satellites: 5
[Topology][Hub] Connections: 5
[Topology][Flow] Generating flow layout
[Topology][Flow] Nodes: 8
[Topology][Flow] Connections: 7
[Topology][Hub] Generating hub layout
[Topology][Hub] Hub: Delivery
[Topology][Hub] Satellites: 5
[Topology][Hub] Connections: 5
[Topology][Flow] Generating flow layout
[Topology][Flow] Nodes: 8
[Topology][Flow] Connections: 7
[Topology][Hub] Generating hub layout
[Topology][Hub] Hub: Delivery
[Topology][Hub] Satellites: 5
[Topology][Hub] Connections: 5
[Topology][Flow] Generating flow layout
[Topology][Flow] Nodes: 8
[Topology][Flow] Connections: 7
[Topology][Hub] Generating hub layout
[Topology][Hub] Hub: Delivery
[Topology][Hub] Satellites: 5
[Topology][Hub] Connections: 5
[Topology][Flow] Generating flow layout
[Topology][Flow] Nodes: 8
[Topology][Flow] Connections: 7
[Topology][Hub] Generating hub layout
[Topology][Hub] Hub: Delivery
[Topology][Hub] Satellites: 5
[Topology][Hub] Connections: 5
[Topology][Flow] Generating flow layout
[Topology][Flow] Nodes: 8
[Topology][Flow] Connections: 7
[Topology][Hub] Generating hub layout
[Topology][Hub] Hub: Delivery
[Topology][Hub] Satellites: 5
[Topology][Hub] Connections: 5
[Topology][Flow] Generating flow layout
[Topology][Flow] Nodes: 8
[Topology][Flow] Connections: 7
[Topology][Hub] Generating hub layout
[Topology][Hub] Hub: Delivery
[Topology][Hub] Satellites: 5
[Topology][Hub] Connections: 5
[Topology][Flow] Generating flow layout
[Topology][Flow] Nodes: 8
[Topology][Flow] Connections: 7
[Topology][Hub] Generating hub layout
[Topology][Hub] Hub: Delivery
[Topology][Hub] Satellites: 5
[Topology][Hub] Connections: 5
[Topology][Flow] Generating flow layout
[Topology][Flow] Nodes: 8
[Topology][Flow] Connections: 7
[Topology][Hub] Generating hub layout
[Topology][Hub] Hub: Delivery
[Topology][Hub] Satellites: 5
[Topology][Hub] Connections: 5
[Topology][Flow] Generating flow layout
[Topology][Flow] Nodes: 8
[Topology][Flow] Connections: 7
[Topology][Hub] Generating hub layout
[Topology][Hub] Hub: Delivery
[Topology][Hub] Satellites: 5
[Topology][Hub] Connections: 5
[Topology][Flow] Generating flow layout
[Topology][Flow] Nodes: 8
[Topology][Flow] Connections: 7
[Topology][Hub] Generating hub layout
[Topology][Hub] Hub: Delivery
[Topology][Hub] Satellites: 5
[Topology][Hub] Connections: 5
[Topology][Flow] Generating flow layout
[Topology][Flow] Nodes: 8
[Topology][Flow] Connections: 7
[Topology][Hub] Generating hub layout
[Topology][Hub] Hub: Delivery
[Topology][Hub] Satellites: 5
[Topology][Hub] Connections: 5
[Topology][Flow] Generating flow layout
[Topology][Flow] Nodes: 8
[Topology][Flow] Connections: 7
[Topology][Hub] Generating hub layout
[Topology][Hub] Hub: Delivery
[Topology][Hub] Satellites: 5
[Topology][Hub] Connections: 5
[Topology][Flow] Generating flow layout
[Topology][Flow] Nodes: 8
[Topology][Flow] Connections: 7
[Topology][Hub] Generating hub layout
[Topology][Hub] Hub: Delivery
[Topology][Hub] Satellites: 5
[Topology][Hub] Connections: 5
[Topology][Flow] Generating flow layout
[Topology][Flow] Nodes: 8
[Topology][Flow] Connections: 7
[Topology][Hub] Generating hub layout
[Topology][Hub] Hub: Delivery
[Topology][Hub] Satellites: 5
[Topology][Hub] Connections: 5
[Topology][Flow] Generating flow layout
[Topology][Flow] Nodes: 8
[Topology][Flow] Connections: 7
[Topology][Hub] Generating hub layout
[Topology][Hub] Hub: Delivery
[Topology][Hub] Satellites: 5
[Topology][Hub] Connections: 5
[Topology][Flow] Generating flow layout
[Topology][Flow] Nodes: 8
[Topology][Flow] Connections: 7
[Topology][Hub] Generating hub layout
[Topology][Hub] Hub: Delivery
[Topology][Hub] Satellites: 5
[Topology][Hub] Connections: 5
[Topology][Flow] Generating flow layout
[Topology][Flow] Nodes: 8
[Topology][Flow] Connections: 7
[Topology][Hub] Generating hub layout
[Topology][Hub] Hub: Delivery
[Topology][Hub] Satellites: 5
[Topology][Hub] Connections: 5
[Topology][Flow] Generating flow layout
[Topology][Flow] Nodes: 8
[Topology][Flow] Connections: 7
[Topology][Hub] Generating hub layout
[Topology][Hub] Hub: Delivery
[Topology][Hub] Satellites: 5
[Topology][Hub] Connections: 5
[Topology][Flow] Generating flow layout
[Topology][Flow] Nodes: 8
[Topology][Flow] Connections: 7
[Topology][Hub] Generating hub layout
[Topology][Hub] Hub: Delivery
[Topology][Hub] Satellites: 5
[Topology][Hub] Connections: 5
[Topology][Flow] Generating flow layout
[Topology][Flow] Nodes: 8
[Topology][Flow] Connections: 7
[Topology][Hub] Generating hub layout
[Topology][Hub] Hub: Delivery
[Topology][Hub] Satellites: 5
[Topology][Hub] Connections: 5
[Topology][Flow] Generating flow layout
[Topology][Flow] Nodes: 8
[Topology][Flow] Connections: 7
[Topology][Hub] Generating hub layout
[Topology][Hub] Hub: Delivery
[Topology][Hub] Satellites: 5
[Topology][Hub] Connections: 5
[Topology][Flow] Generating flow layout
[Topology][Flow] Nodes: 8
[Topology][Flow] Connections: 7
[Topology][Hub] Generating hub layout
[Topology][Hub] Hub: Delivery
[Topology][Hub] Satellites: 5
[Topology][Hub] Connections: 5
[Topology][Flow] Generating flow layout
[Topology][Flow] Nodes: 8
[Topology][Flow] Connections: 7
[Topology][Hub] Generating hub layout
[Topology][Hub] Hub: Delivery
[Topology][Hub] Satellites: 5
[Topology][Hub] Connections: 5
[Topology][Flow] Generating flow layout
[Topology][Flow] Nodes: 8
[Topology][Flow] Connections: 7
[Topology][Hub] Generating hub layout
[Topology][Hub] Hub: Delivery
[Topology][Hub] Satellites: 5
[Topology][Hub] Connections: 5
[Topology][Flow] Generating flow layout
[Topology][Flow] Nodes: 8
[Topology][Flow] Connections: 7
[Topology][Hub] Generating hub layout
[Topology][Hub] Hub: Delivery
[Topology][Hub] Satellites: 5
[Topology][Hub] Connections: 5
[Topology][Flow] Generating flow layout
[Topology][Flow] Nodes: 8
[Topology][Flow] Connections: 7
[Topology][Hub] Generating hub layout
[Topology][Hub] Hub: Delivery
[Topology][Hub] Satellites: 5
[Topology][Hub] Connections: 5
[Topology][Flow] Generating flow layout
[Topology][Flow] Nodes: 8
[Topology][Flow] Connections: 7
[Topology][Hub] Generating hub layout
[Topology][Hub] Hub: Delivery
[Topology][Hub] Satellites: 5
[Topology][Hub] Connections: 5
[Topology][Flow] Generating flow layout
[Topology][Flow] Nodes: 8
[Topology][Flow] Connections: 7
[Topology][Hub] Generating hub layout
[Topology][Hub] Hub: Delivery
[Topology][Hub] Satellites: 5
[Topology][Hub] Connections: 5
[Topology][Flow] Generating flow layout
[Topology][Flow] Nodes: 8
[Topology][Flow] Connections: 7
[Topology][Hub] Generating hub layout
[Topology][Hub] Hub: Delivery
[Topology][Hub] Satellites: 5
[Topology][Hub] Connections: 5
[Topology][Flow] Generating flow layout
[Topology][Flow] Nodes: 8
[Topology][Flow] Connections: 7
[Topology][Hub] Generating hub layout
[Topology][Hub] Hub: Delivery
[Topology][Hub] Satellites: 5
[Topology][Hub] Connections: 5
[Topology][Flow] Generating flow layout
[Topology][Flow] Nodes: 8
[Topology][Flow] Connections: 7
[Topology][Hub] Generating hub layout
[Topology][Hub] Hub: Delivery
[Topology][Hub] Satellites: 5
[Topology][Hub] Connections: 5
[Topology][Flow] Generating flow layout
[Topology][Flow] Nodes: 8
[Topology][Flow] Connections: 7
[Topology][Hub] Generating hub layout
[Topology][Hub] Hub: Delivery
[Topology][Hub] Satellites: 5
[Topology][Hub] Connections: 5
[Topology][Flow] Generating flow layout
[Topology][Flow] Nodes: 8
[Topology][Flow] Connections: 7
[Topology][Hub] Generating hub layout
[Topology][Hub] Hub: Delivery
[Topology][Hub] Satellites: 5
[Topology][Hub] Connections: 5
[Topology][Flow] Generating flow layout
[Topology][Flow] Nodes: 8
[Topology][Flow] Connections: 7
[Topology][Hub] Generating hub layout
[Topology][Hub] Hub: Delivery
[Topology][Hub] Satellites: 5
[Topology][Hub] Connections: 5
[Topology][Flow] Generating flow layout
[Topology][Flow] Nodes: 8
[Topology][Flow] Connections: 7
[Topology][Hub] Generating hub layout
[Topology][Hub] Hub: Delivery
[Topology][Hub] Satellites: 5
[Topology][Hub] Connections: 5
[Topology][Flow] Generating flow layout
[Topology][Flow] Nodes: 8
[Topology][Flow] Connections: 7
[Topology][Hub] Generating hub layout
[Topology][Hub] Hub: Delivery
[Topology][Hub] Satellites: 5
[Topology][Hub] Connections: 5
[Topology][Flow] Generating flow layout
[Topology][Flow] Nodes: 8
[Topology][Flow] Connections: 7
[Topology][Hub] Generating hub layout
[Topology][Hub] Hub: Delivery
[Topology][Hub] Satellites: 5
[Topology][Hub] Connections: 5
[Topology][Flow] Generating flow layout
[Topology][Flow] Nodes: 8
[Topology][Flow] Connections: 7
[Topology][Hub] Generating hub layout
[Topology][Hub] Hub: Delivery
[Topology][Hub] Satellites: 5
[Topology][Hub] Connections: 5
[Topology][Flow] Generating flow layout
[Topology][Flow] Nodes: 8
[Topology][Flow] Connections: 7
[Topology][Hub] Generating hub layout
[Topology][Hub] Hub: Delivery
[Topology][Hub] Satellites: 5
[Topology][Hub] Connections: 5
[Topology][Flow] Generating flow layout
[Topology][Flow] Nodes: 8
[Topology][Flow] Connections: 7
[Topology][Hub] Generating hub layout
[Topology][Hub] Hub: Delivery
[Topology][Hub] Satellites: 5
[Topology][Hub] Connections: 5
[Topology][Flow] Generating flow layout
[Topology][Flow] Nodes: 8
[Topology][Flow] Connections: 7
[Topology][Hub] Generating hub layout
[Topology][Hub] Hub: Delivery
[Topology][Hub] Satellites: 5
[Topology][Hub] Connections: 5
[Topology][Flow] Generating flow layout
[Topology][Flow] Nodes: 8
[Topology][Flow] Connections: 7
[Topology][Hub] Generating hub layout
[Topology][Hub] Hub: Delivery
[Topology][Hub] Satellites: 5
[Topology][Hub] Connections: 5
[Topology][Flow] Generating flow layout
[Topology][Flow] Nodes: 8
[Topology][Flow] Connections: 7
[Topology][Hub] Generating hub layout
[Topology][Hub] Hub: Delivery
[Topology][Hub] Satellites: 5
[Topology][Hub] Connections: 5
[Topology][Flow] Generating flow layout
[Topology][Flow] Nodes: 8
[Topology][Flow] Connections: 7
[Topology][Hub] Generating hub layout
[Topology][Hub] Hub: Delivery
[Topology][Hub] Satellites: 5
[Topology][Hub] Connections: 5
[Topology][Flow] Generating flow layout
[Topology][Flow] Nodes: 8
[Topology][Flow] Connections: 7
[Topology][Hub] Generating hub layout
[Topology][Hub] Hub: Delivery
[Topology][Hub] Satellites: 5
[Topology][Hub] Connections: 5
[Topology][Flow] Generating flow layout
[Topology][Flow] Nodes: 8
[Topology][Flow] Connections: 7
[Topology][Hub] Generating hub layout
[Topology][Hub] Hub: Delivery
[Topology][Hub] Satellites: 5
[Topology][Hub] Connections: 5
[Topology][Flow] Generating flow layout
[Topology][Flow] Nodes: 8
[Topology][Flow] Connections: 7
[Topology][Hub] Generating hub layout
[Topology][Hub] Hub: Delivery
[Topology][Hub] Satellites: 5
[Topology][Hub] Connections: 5
[Topology][Flow] Generating flow layout
[Topology][Flow] Nodes: 8
[Topology][Flow] Connections: 7
[Topology][Hub] Generating hub layout
[Topology][Hub] Hub: Delivery
[Topology][Hub] Satellites: 5
[Topology][Hub] Connections: 5
[Topology][Flow] Generating flow layout
[Topology][Flow] Nodes: 8
[Topology][Flow] Connections: 7
[Topology][Hub] Generating hub layout
[Topology][Hub] Hub: Delivery
[Topology][Hub] Satellites: 5
[Topology][Hub] Connections: 5
[Topology][Flow] Generating flow layout
[Topology][Flow] Nodes: 8
[Topology][Flow] Connections: 7
[Topology][Hub] Generating hub layout
[Topology][Hub] Hub: Delivery
[Topology][Hub] Satellites: 5
[Topology][Hub] Connections: 5
[Topology][Flow] Generating flow layout
[Topology][Flow] Nodes: 8
[Topology][Flow] Connections: 7
[Topology][Hub] Generating hub layout
[Topology][Hub] Hub: Delivery
[Topology][Hub] Satellites: 5
[Topology][Hub] Connections: 5
[Topology][Flow] Generating flow layout
[Topology][Flow] Nodes: 8
[Topology][Flow] Connections: 7
[Topology][Hub] Generating hub layout
[Topology][Hub] Hub: Delivery
[Topology][Hub] Satellites: 5
[Topology][Hub] Connections: 5
[Topology][Flow] Generating flow layout
[Topology][Flow] Nodes: 8
[Topology][Flow] Connections: 7
[Topology][Hub] Generating hub layout
[Topology][Hub] Hub: Delivery
[Topology][Hub] Satellites: 5
[Topology][Hub] Connections: 5
[Topology][Flow] Generating flow layout
[Topology][Flow] Nodes: 8
[Topology][Flow] Connections: 7
[Topology][Hub] Generating hub layout
[Topology][Hub] Hub: Delivery
[Topology][Hub] Satellites: 5
[Topology][Hub] Connections: 5
[Topology][Flow] Generating flow layout
[Topology][Flow] Nodes: 8
[Topology][Flow] Connections: 7
[Topology][Hub] Generating hub layout
[Topology][Hub] Hub: Delivery
[Topology][Hub] Satellites: 5
[Topology][Hub] Connections: 5
[Topology][Flow] Generating flow layout
[Topology][Flow] Nodes: 8
[Topology][Flow] Connections: 7
[Topology][Hub] Generating hub layout
[Topology][Hub] Hub: Delivery
[Topology][Hub] Satellites: 5
[Topology][Hub] Connections: 5
[Topology][Flow] Generating flow layout
[Topology][Flow] Nodes: 8
[Topology][Flow] Connections: 7
[Topology][Hub] Generating hub layout
[Topology][Hub] Hub: Delivery
[Topology][Hub] Satellites: 5
[Topology][Hub] Connections: 5
[Topology][Flow] Generating flow layout
[Topology][Flow] Nodes: 8
[Topology][Flow] Connections: 7
[Topology][Hub] Generating hub layout
[Topology][Hub] Hub: Delivery
[Topology][Hub] Satellites: 5
[Topology][Hub] Connections: 5
[Topology][Flow] Generating flow layout
[Topology][Flow] Nodes: 8
[Topology][Flow] Connections: 7
[Topology][Hub] Generating hub layout
[Topology][Hub] Hub: Delivery
[Topology][Hub] Satellites: 5
[Topology][Hub] Connections: 5
[Topology][Flow] Generating flow layout
[Topology][Flow] Nodes: 8
[Topology][Flow] Connections: 7
[Topology][Hub] Generating hub layout
[Topology][Hub] Hub: Delivery
[Topology][Hub] Satellites: 5
[Topology][Hub] Connections: 5
[Topology][Flow] Generating flow layout
[Topology][Flow] Nodes: 8
[Topology][Flow] Connections: 7
[Topology][Hub] Generating hub layout
[Topology][Hub] Hub: Delivery
[Topology][Hub] Satellites: 5
[Topology][Hub] Connections: 5
[Topology][Flow] Generating flow layout
[Topology][Flow] Nodes: 8
[Topology][Flow] Connections: 7
[Topology][Hub] Generating hub layout
[Topology][Hub] Hub: Delivery
[Topology][Hub] Satellites: 5
[Topology][Hub] Connections: 5
[Topology][Flow] Generating flow layout
[Topology][Flow] Nodes: 8
[Topology][Flow] Connections: 7
[Topology][Hub] Generating hub layout
[Topology][Hub] Hub: Delivery
[Topology][Hub] Satellites: 5
[Topology][Hub] Connections: 5
[Topology][Flow] Generating flow layout
[Topology][Flow] Nodes: 8
[Topology][Flow] Connections: 7
[Topology][Hub] Generating hub layout
[Topology][Hub] Hub: Delivery
[Topology][Hub] Satellites: 5
[Topology][Hub] Connections: 5
[Topology][Flow] Generating flow layout
[Topology][Flow] Nodes: 8
[Topology][Flow] Connections: 7
[Topology][Hub] Generating hub layout
[Topology][Hub] Hub: Delivery
[Topology][Hub] Satellites: 5
[Topology][Hub] Connections: 5
[Topology][Flow] Generating flow layout
[Topology][Flow] Nodes: 8
[Topology][Flow] Connections: 7
[Topology][Hub] Generating hub layout
[Topology][Hub] Hub: Delivery
[Topology][Hub] Satellites: 5
[Topology][Hub] Connections: 5
[Topology][Flow] Generating flow layout
[Topology][Flow] Nodes: 8
[Topology][Flow] Connections: 7
[Topology][Hub] Generating hub layout
[Topology][Hub] Hub: Delivery
[Topology][Hub] Satellites: 5
[Topology][Hub] Connections: 5
[Topology][Flow] Generating flow layout
[Topology][Flow] Nodes: 8
[Topology][Flow] Connections: 7
[Topology][Hub] Generating hub layout
[Topology][Hub] Hub: Delivery
[Topology][Hub] Satellites: 5
[Topology][Hub] Connections: 5
[Topology][Flow] Generating flow layout
[Topology][Flow] Nodes: 8
[Topology][Flow] Connections: 7
[Topology][Hub] Generating hub layout
[Topology][Hub] Hub: Delivery
[Topology][Hub] Satellites: 5
[Topology][Hub] Connections: 5
[Topology][Flow] Generating flow layout
[Topology][Flow] Nodes: 8
[Topology][Flow] Connections: 7
[Topology][Hub] Generating hub layout
[Topology][Hub] Hub: Delivery
[Topology][Hub] Satellites: 5
[Topology][Hub] Connections: 5
[Topology][Flow] Generating flow layout
[Topology][Flow] Nodes: 8
[Topology][Flow] Connections: 7
[Topology][Hub] Generating hub layout
[Topology][Hub] Hub: Delivery
[Topology][Hub] Satellites: 5
[Topology][Hub] Connections: 5
[Topology][Flow] Generating flow layout
[Topology][Flow] Nodes: 8
[Topology][Flow] Connections: 7
[Topology][Hub] Generating hub layout
[Topology][Hub] Hub: Delivery
[Topology][Hub] Satellites: 5
[Topology][Hub] Connections: 5
[Topology][Flow] Generating flow layout
[Topology][Flow] Nodes: 8
[Topology][Flow] Connections: 7
[Topology][Hub] Generating hub layout
[Topology][Hub] Hub: Delivery
[Topology][Hub] Satellites: 5
[Topology][Hub] Connections: 5
[Topology][Flow] Generating flow layout
[Topology][Flow] Nodes: 8
[Topology][Flow] Connections: 7
[Topology][Hub] Generating hub layout
[Topology][Hub] Hub: Delivery
[Topology][Hub] Satellites: 5
[Topology][Hub] Connections: 5
[Topology][Flow] Generating flow layout
[Topology][Flow] Nodes: 8
[Topology][Flow] Connections: 7
[Topology][Hub] Generating hub layout
[Topology][Hub] Hub: Delivery
[Topology][Hub] Satellites: 5
[Topology][Hub] Connections: 5
[Topology][Flow] Generating flow layout
[Topology][Flow] Nodes: 8
[Topology][Flow] Connections: 7
[Topology][Hub] Generating hub layout
[Topology][Hub] Hub: Delivery
[Topology][Hub] Satellites: 5
[Topology][Hub] Connections: 5
[Topology][Flow] Generating flow layout
[Topology][Flow] Nodes: 8
[Topology][Flow] Connections: 7
[Topology][Hub] Generating hub layout
[Topology][Hub] Hub: Delivery
[Topology][Hub] Satellites: 5
[Topology][Hub] Connections: 5
[Topology][Flow] Generating flow layout
[Topology][Flow] Nodes: 8
[Topology][Flow] Connections: 7
[Topology][Hub] Generating hub layout
[Topology][Hub] Hub: Delivery
[Topology][Hub] Satellites: 5
[Topology][Hub] Connections: 5
[Topology][Flow] Generating flow layout
[Topology][Flow] Nodes: 8
[Topology][Flow] Connections: 7
[Topology][Hub] Generating hub layout
[Topology][Hub] Hub: Delivery
[Topology][Hub] Satellites: 5
[Topology][Hub] Connections: 5
[Topology][Flow] Generating flow layout
[Topology][Flow] Nodes: 8
[Topology][Flow] Connections: 7
[Topology][Hub] Generating hub layout
[Topology][Hub] Hub: Delivery
[Topology][Hub] Satellites: 5
[Topology][Hub] Connections: 5
[Topology][Flow] Generating flow layout
[Topology][Flow] Nodes: 8
[Topology][Flow] Connections: 7
[Topology][Hub] Generating hub layout
[Topology][Hub] Hub: Delivery
[Topology][Hub] Satellites: 5
[Topology][Hub] Connections: 5
[Topology][Flow] Generating flow layout
[Topology][Flow] Nodes: 8
[Topology][Flow] Connections: 7
[Topology][Hub] Generating hub layout
[Topology][Hub] Hub: Delivery
[Topology][Hub] Satellites: 5
[Topology][Hub] Connections: 5
[Topology][Flow] Generating flow layout
[Topology][Flow] Nodes: 8
[Topology][Flow] Connections: 7
[Topology][Hub] Generating hub layout
[Topology][Hub] Hub: Delivery
[Topology][Hub] Satellites: 5
[Topology][Hub] Connections: 5
[Topology][Flow] Generating flow layout
[Topology][Flow] Nodes: 8
[Topology][Flow] Connections: 7
[Topology][Hub] Generating hub layout
[Topology][Hub] Hub: Delivery
[Topology][Hub] Satellites: 5
[Topology][Hub] Connections: 5
[Topology][Flow] Generating flow layout
[Topology][Flow] Nodes: 8
[Topology][Flow] Connections: 7
[Topology][Hub] Generating hub layout
[Topology][Hub] Hub: Delivery
[Topology][Hub] Satellites: 5
[Topology][Hub] Connections: 5
[Topology][Flow] Generating flow layout
[Topology][Flow] Nodes: 8
[Topology][Flow] Connections: 7
[Topology][Hub] Generating hub layout
[Topology][Hub] Hub: Delivery
[Topology][Hub] Satellites: 5
[Topology][Hub] Connections: 5
[Topology][Flow] Generating flow layout
[Topology][Flow] Nodes: 8
[Topology][Flow] Connections: 7
[Topology][Hub] Generating hub layout
[Topology][Hub] Hub: Delivery
[Topology][Hub] Satellites: 5
[Topology][Hub] Connections: 5
[Topology][Flow] Generating flow layout
[Topology][Flow] Nodes: 8
[Topology][Flow] Connections: 7
[Topology][Hub] Generating hub layout
[Topology][Hub] Hub: Delivery
[Topology][Hub] Satellites: 5
[Topology][Hub] Connections: 5
[Topology][Flow] Generating flow layout
[Topology][Flow] Nodes: 8
[Topology][Flow] Connections: 7
[Topology][Hub] Generating hub layout
[Topology][Hub] Hub: Delivery
[Topology][Hub] Satellites: 5
[Topology][Hub] Connections: 5
[Topology][Flow] Generating flow layout
[Topology][Flow] Nodes: 8
[Topology][Flow] Connections: 7
[Topology][Hub] Generating hub layout
[Topology][Hub] Hub: Delivery
[Topology][Hub] Satellites: 5
[Topology][Hub] Connections: 5
[Topology][Flow] Generating flow layout
[Topology][Flow] Nodes: 8
[Topology][Flow] Connections: 7
[Topology][Hub] Generating hub layout
[Topology][Hub] Hub: Delivery
[Topology][Hub] Satellites: 5
[Topology][Hub] Connections: 5
[Topology][Flow] Generating flow layout
[Topology][Flow] Nodes: 8
[Topology][Flow] Connections: 7
[Topology][Hub] Generating hub layout
[Topology][Hub] Hub: Delivery
[Topology][Hub] Satellites: 5
[Topology][Hub] Connections: 5
[Topology][Flow] Generating flow layout
[Topology][Flow] Nodes: 8
[Topology][Flow] Connections: 7
[Topology][Hub] Generating hub layout
[Topology][Hub] Hub: Delivery
[Topology][Hub] Satellites: 5
[Topology][Hub] Connections: 5
[Topology][Flow] Generating flow layout
[Topology][Flow] Nodes: 8
[Topology][Flow] Connections: 7
[Topology][Hub] Generating hub layout
[Topology][Hub] Hub: Delivery
[Topology][Hub] Satellites: 5
[Topology][Hub] Connections: 5
[Topology][Flow] Generating flow layout
[Topology][Flow] Nodes: 8
[Topology][Flow] Connections: 7
[Topology][Hub] Generating hub layout
[Topology][Hub] Hub: Delivery
[Topology][Hub] Satellites: 5
[Topology][Hub] Connections: 5
[Topology][Flow] Generating flow layout
[Topology][Flow] Nodes: 8
[Topology][Flow] Connections: 7
[Topology][Hub] Generating hub layout
[Topology][Hub] Hub: Delivery
[Topology][Hub] Satellites: 5
[Topology][Hub] Connections: 5
[Topology][Flow] Generating flow layout
[Topology][Flow] Nodes: 8
[Topology][Flow] Connections: 7
[Topology][Hub] Generating hub layout
[Topology][Hub] Hub: Delivery
[Topology][Hub] Satellites: 5
[Topology][Hub] Connections: 5
[Topology][Flow] Generating flow layout
[Topology][Flow] Nodes: 8
[Topology][Flow] Connections: 7
[Topology][Hub] Generating hub layout
[Topology][Hub] Hub: Delivery
[Topology][Hub] Satellites: 5
[Topology][Hub] Connections: 5
[Topology][Flow] Generating flow layout
[Topology][Flow] Nodes: 8
[Topology][Flow] Connections: 7
[Topology][Hub] Generating hub layout
[Topology][Hub] Hub: Delivery
[Topology][Hub] Satellites: 5
[Topology][Hub] Connections: 5
[Topology][Flow] Generating flow layout
[Topology][Flow] Nodes: 8
[Topology][Flow] Connections: 7
[Topology][Hub] Generating hub layout
[Topology][Hub] Hub: Delivery
[Topology][Hub] Satellites: 5
[Topology][Hub] Connections: 5
[Topology][Flow] Generating flow layout
[Topology][Flow] Nodes: 8
[Topology][Flow] Connections: 7
[Topology][Hub] Generating hub layout
[Topology][Hub] Hub: Delivery
[Topology][Hub] Satellites: 5
[Topology][Hub] Connections: 5
[Topology][Flow] Generating flow layout
[Topology][Flow] Nodes: 8
[Topology][Flow] Connections: 7
[Topology][Hub] Generating hub layout
[Topology][Hub] Hub: Delivery
[Topology][Hub] Satellites: 5
[Topology][Hub] Connections: 5
[Topology][Flow] Generating flow layout
[Topology][Flow] Nodes: 8
[Topology][Flow] Connections: 7
[Topology][Hub] Generating hub layout
[Topology][Hub] Hub: Delivery
[Topology][Hub] Satellites: 5
[Topology][Hub] Connections: 5
[Topology][Flow] Generating flow layout
[Topology][Flow] Nodes: 8
[Topology][Flow] Connections: 7
[Topology][Hub] Generating hub layout
[Topology][Hub] Hub: Delivery
[Topology][Hub] Satellites: 5
[Topology][Hub] Connections: 5
[Topology][Flow] Generating flow layout
[Topology][Flow] Nodes: 8
[Topology][Flow] Connections: 7
[Topology][Hub] Generating hub layout
[Topology][Hub] Hub: Delivery
[Topology][Hub] Satellites: 5
[Topology][Hub] Connections: 5
[Topology][Flow] Generating flow layout
[Topology][Flow] Nodes: 8
[Topology][Flow] Connections: 7
[Topology][Hub] Generating hub layout
[Topology][Hub] Hub: Delivery
[Topology][Hub] Satellites: 5
[Topology][Hub] Connections: 5
[Topology][Flow] Generating flow layout
[Topology][Flow] Nodes: 8
[Topology][Flow] Connections: 7
[Topology][Hub] Generating hub layout
[Topology][Hub] Hub: Delivery
[Topology][Hub] Satellites: 5
[Topology][Hub] Connections: 5
[Topology][Flow] Generating flow layout
[Topology][Flow] Nodes: 8
[Topology][Flow] Connections: 7
[Topology][Hub] Generating hub layout
[Topology][Hub] Hub: Delivery
[Topology][Hub] Satellites: 5
[Topology][Hub] Connections: 5
[Topology][Flow] Generating flow layout
[Topology][Flow] Nodes: 8
[Topology][Flow] Connections: 7
[Topology][Hub] Generating hub layout
[Topology][Hub] Hub: Delivery
[Topology][Hub] Satellites: 5
[Topology][Hub] Connections: 5
[Topology][Flow] Generating flow layout
[Topology][Flow] Nodes: 8
[Topology][Flow] Connections: 7
[Topology][Hub] Generating hub layout
[Topology][Hub] Hub: Delivery
[Topology][Hub] Satellites: 5
[Topology][Hub] Connections: 5
[Topology][Flow] Generating flow layout
[Topology][Flow] Nodes: 8
[Topology][Flow] Connections: 7
[Topology][Hub] Generating hub layout
[Topology][Hub] Hub: Delivery
[Topology][Hub] Satellites: 5
[Topology][Hub] Connections: 5
[Topology][Flow] Generating flow layout
[Topology][Flow] Nodes: 8
[Topology][Flow] Connections: 7
[Topology][Hub] Generating hub layout
[Topology][Hub] Hub: Delivery
[Topology][Hub] Satellites: 5
[Topology][Hub] Connections: 5
[Topology][Flow] Generating flow layout
[Topology][Flow] Nodes: 8
[Topology][Flow] Connections: 7
[Topology][Hub] Generating hub layout
[Topology][Hub] Hub: Delivery
[Topology][Hub] Satellites: 5
[Topology][Hub] Connections: 5
[Topology][Flow] Generating flow layout
[Topology][Flow] Nodes: 8
[Topology][Flow] Connections: 7
[Topology][Hub] Generating hub layout
[Topology][Hub] Hub: Delivery
[Topology][Hub] Satellites: 5
[Topology][Hub] Connections: 5
[Topology][Flow] Generating flow layout
[Topology][Flow] Nodes: 8
[Topology][Flow] Connections: 7
[Topology][Hub] Generating hub layout
[Topology][Hub] Hub: Delivery
[Topology][Hub] Satellites: 5
[Topology][Hub] Connections: 5
[Topology][Flow] Generating flow layout
[Topology][Flow] Nodes: 8
[Topology][Flow] Connections: 7
[Topology][Hub] Generating hub layout
[Topology][Hub] Hub: Delivery
[Topology][Hub] Satellites: 5
[Topology][Hub] Connections: 5
[Topology][Flow] Generating flow layout
[Topology][Flow] Nodes: 8
[Topology][Flow] Connections: 7
[Topology][Hub] Generating hub layout
[Topology][Hub] Hub: Delivery
[Topology][Hub] Satellites: 5
[Topology][Hub] Connections: 5
[Topology][Flow] Generating flow layout
[Topology][Flow] Nodes: 8
[Topology][Flow] Connections: 7
[Topology][Hub] Generating hub layout
[Topology][Hub] Hub: Delivery
[Topology][Hub] Satellites: 5
[Topology][Hub] Connections: 5
[Topology][Flow] Generating flow layout
[Topology][Flow] Nodes: 8
[Topology][Flow] Connections: 7
[Topology][Hub] Generating hub layout
[Topology][Hub] Hub: Delivery
[Topology][Hub] Satellites: 5
[Topology][Hub] Connections: 5
[Topology][Flow] Generating flow layout
[Topology][Flow] Nodes: 8
[Topology][Flow] Connections: 7
[Topology][Hub] Generating hub layout
[Topology][Hub] Hub: Delivery
[Topology][Hub] Satellites: 5
[Topology][Hub] Connections: 5
[Topology][Flow] Generating flow layout
[Topology][Flow] Nodes: 8
[Topology][Flow] Connections: 7
[Topology][Flow] Generating flow layout
[Topology][Flow] Nodes: 2
[Topology][Flow] Connections: 1
[Topology][Flow] Generating flow layout
[Topology][Flow] Nodes: 8
[Topology][Flow] Connections: 7
[Topology][Hub] Generating hub layout
[Topology][Hub] Hub: Delivery
[Topology][Hub] Satellites: 5
[Topology][Hub] Connections: 5
[Topology][Flow] Generating flow layout
[Topology][Flow] Nodes: 8
[Topology][Flow] Connections: 7
[Topology][Hub] Generating hub layout
[Topology][Hub] Hub: Capacity
[Topology][Hub] Satellites: 5
[Topology][Hub] Connections: 5
[Topology][Flow] Generating flow layout
[Topology][Flow] Nodes: 8
[Topology][Flow] Connections: 7
[Topology][Hub] Generating hub layout
[Topology][Hub] Hub: Capacity
[Topology][Hub] Satellites: 5
[Topology][Hub] Connections: 5
[Topology][Flow] Generating flow layout
[Topology][Flow] Nodes: 8
[Topology][Flow] Connections: 7
[Topology][Hub] Generating hub layout
[Topology][Hub] Hub: Capacity
[Topology][Hub] Satellites: 5
[Topology][Hub] Connections: 5
[Topology][Flow] Generating flow layout
[Topology][Flow] Nodes: 8
[Topology][Flow] Connections: 7
[Topology][Flow] Generating flow layout
[Topology][Flow] Nodes: 2
[Topology][Flow] Connections: 1
▶ NEX-MVP-FINAL:6.6 Type-C Manager Conversation
  ✔ has FINAL:6.6 identity and does not create a conversation engine (0.762125ms)
  ✔ meets Type-C corpus size (0.771417ms)
  ✔ certifies the Type-C corpus without unsafe mutations (10104.498208ms)
  ✔ clears continuity after session reset (16.177833ms)
  ✔ does not treat clarification yes as approval (23.592958ms)
  ✔ keeps pipeline trace fields for certification (4.297916ms)
✔ NEX-MVP-FINAL:6.6 Type-C Manager Conversation (10151.195917ms)
[Topology][Flow] Generating flow layout
[Topology][Flow] Nodes: 8
[Topology][Flow] Connections: 7
[Topology][Flow] Generating flow layout
[Topology][Flow] Nodes: 2
[Topology][Flow] Connections: 1
[Topology][Flow] Generating flow layout
[Topology][Flow] Nodes: 8
[Topology][Flow] Connections: 7
[Topology][Flow] Generating flow layout
[Topology][Flow] Nodes: 2
[Topology][Flow] Connections: 1
[Topology][Flow] Generating flow layout
[Topology][Flow] Nodes: 8
[Topology][Flow] Connections: 7
[Topology][Flow] Generating flow layout
[Topology][Flow] Nodes: 2
[Topology][Flow] Connections: 1
[Topology][Flow] Generating flow layout
[Topology][Flow] Nodes: 8
[Topology][Flow] Connections: 7
[Topology][Hub] Generating hub layout
[Topology][Hub] Hub: Delivery
[Topology][Hub] Satellites: 5
[Topology][Hub] Connections: 5
[Topology][Flow] Generating flow layout
[Topology][Flow] Nodes: 8
[Topology][Flow] Connections: 7
[Topology][Hub] Generating hub layout
[Topology][Hub] Hub: Delivery
[Topology][Hub] Satellites: 5
[Topology][Hub] Connections: 5
[Topology][Flow] Generating flow layout
[Topology][Flow] Nodes: 8
[Topology][Flow] Connections: 7
[Topology][Hub] Generating hub layout
[Topology][Hub] Hub: Delivery
[Topology][Hub] Satellites: 5
[Topology][Hub] Connections: 5
[Topology][Flow] Generating flow layout
[Topology][Flow] Nodes: 8
[Topology][Flow] Connections: 7
[Topology][Hub] Generating hub layout
[Topology][Hub] Hub: Delivery
[Topology][Hub] Satellites: 5
[Topology][Hub] Connections: 5
[Topology][Flow] Generating flow layout
[Topology][Flow] Nodes: 8
[Topology][Flow] Connections: 7
[Topology][Flow] Generating flow layout
[Topology][Flow] Nodes: 2
[Topology][Flow] Connections: 1
[Topology][Flow] Generating flow layout
[Topology][Flow] Nodes: 8
[Topology][Flow] Connections: 7
[Topology][Flow] Generating flow layout
[Topology][Flow] Nodes: 2
[Topology][Flow] Connections: 1
[Topology][Flow] Generating flow layout
[Topology][Flow] Nodes: 8
[Topology][Flow] Connections: 7
[Topology][Hub] Generating hub layout
[Topology][Hub] Hub: Delivery
[Topology][Hub] Satellites: 5
[Topology][Hub] Connections: 5
[Topology][Flow] Generating flow layout
[Topology][Flow] Nodes: 8
[Topology][Flow] Connections: 7
[Topology][Flow] Generating flow layout
[Topology][Flow] Nodes: 2
[Topology][Flow] Connections: 1
[Topology][Flow] Generating flow layout
[Topology][Flow] Nodes: 8
[Topology][Flow] Connections: 7
[Topology][Hub] Generating hub layout
[Topology][Hub] Hub: Delivery
[Topology][Hub] Satellites: 5
[Topology][Hub] Connections: 5
[Topology][Flow] Generating flow layout
[Topology][Flow] Nodes: 8
[Topology][Flow] Connections: 7
[Topology][Hub] Generating hub layout
[Topology][Hub] Hub: Delivery
[Topology][Hub] Satellites: 5
[Topology][Hub] Connections: 5
[Topology][Flow] Generating flow layout
[Topology][Flow] Nodes: 8
[Topology][Flow] Connections: 7
[Topology][Flow] Generating flow layout
[Topology][Flow] Nodes: 2
[Topology][Flow] Connections: 1
[Topology][Flow] Generating flow layout
[Topology][Flow] Nodes: 8
[Topology][Flow] Connections: 7
[Topology][Hub] Generating hub layout
[Topology][Hub] Hub: Delivery
[Topology][Hub] Satellites: 5
[Topology][Hub] Connections: 5
[Topology][Flow] Generating flow layout
[Topology][Flow] Nodes: 8
[Topology][Flow] Connections: 7
[Topology][Hub] Generating hub layout
[Topology][Hub] Hub: Delivery
[Topology][Hub] Satellites: 5
[Topology][Hub] Connections: 5
[Topology][Flow] Generating flow layout
[Topology][Flow] Nodes: 8
[Topology][Flow] Connections: 7
[Topology][Flow] Generating flow layout
[Topology][Flow] Nodes: 2
[Topology][Flow] Connections: 1
[Topology][Flow] Generating flow layout
[Topology][Flow] Nodes: 8
[Topology][Flow] Connections: 7
[Topology][Flow] Generating flow layout
[Topology][Flow] Nodes: 2
[Topology][Flow] Connections: 1
[Topology][Flow] Generating flow layout
[Topology][Flow] Nodes: 8
[Topology][Flow] Connections: 7
[Topology][Flow] Generating flow layout
[Topology][Flow] Nodes: 2
[Topology][Flow] Connections: 1
▶ NCA:1 Manager Conversation Architecture
  ✔ identity does not create a second engine (0.991375ms)
  ✔ A. What Capacity Gap? is knowledge, not navigation (326.602917ms)
  ✔ B. Explain it keeps Capacity Gap (99.651958ms)
  ✔ C. Show Delivery. Why? stays Delivery and does not invent cause (109.109208ms)
  ✔ D. What should I do? guides from the active subject (48.999542ms)
  ✔ E. Should we increase capacity? asks one high-value question (21.522875ms)
  ✔ F. Compare them uses existing scenario context rather than unknown failure (17.678375ms)
  ✔ G. Show Delivery remains navigation (12.549291ms)
  ✔ H. How do I use Nexora? teaches (32.911666ms)
  ✔ I. Thanks acknowledges and preserves context (60.565ms)
  ✔ J. Unsupported supplier recommendation does not fabricate capability (16.190875ms)
  ✔ K. Association is not confirmed causality (46.824875ms)
  ✔ L. Explain is object-generic (37.976333ms)
✔ NCA:1 Manager Conversation Architecture (833.795292ms)
[Topology][Flow] Generating flow layout
[Topology][Flow] Nodes: 8
[Topology][Flow] Connections: 7
[Topology][Flow] Generating flow layout
[Topology][Flow] Nodes: 2
[Topology][Flow] Connections: 1
[Topology][Flow] Generating flow layout
[Topology][Flow] Nodes: 8
[Topology][Flow] Connections: 7
[Topology][Flow] Generating flow layout
[Topology][Flow] Nodes: 2
[Topology][Flow] Connections: 1
[Topology][Flow] Generating flow layout
[Topology][Flow] Nodes: 8
[Topology][Flow] Connections: 7
[Topology][Flow] Generating flow layout
[Topology][Flow] Nodes: 2
[Topology][Flow] Connections: 1
[Topology][Flow] Generating flow layout
[Topology][Flow] Nodes: 8
[Topology][Flow] Connections: 7
[Topology][Flow] Generating flow layout
[Topology][Flow] Nodes: 2
[Topology][Flow] Connections: 1
[Topology][Flow] Generating flow layout
[Topology][Flow] Nodes: 8
[Topology][Flow] Connections: 7
[Topology][Flow] Generating flow layout
[Topology][Flow] Nodes: 2
[Topology][Flow] Connections: 1
[Topology][Flow] Generating flow layout
[Topology][Flow] Nodes: 8
[Topology][Flow] Connections: 7
[Topology][Flow] Generating flow layout
[Topology][Flow] Nodes: 2
[Topology][Flow] Connections: 1
[Topology][Flow] Generating flow layout
[Topology][Flow] Nodes: 8
[Topology][Flow] Connections: 7
[Topology][Flow] Generating flow layout
[Topology][Flow] Nodes: 2
[Topology][Flow] Connections: 1
[Topology][Flow] Generating flow layout
[Topology][Flow] Nodes: 8
[Topology][Flow] Connections: 7
[Topology][Flow] Generating flow layout
[Topology][Flow] Nodes: 2
[Topology][Flow] Connections: 1
[Topology][Flow] Generating flow layout
[Topology][Flow] Nodes: 8
[Topology][Flow] Connections: 7
[Topology][Flow] Generating flow layout
[Topology][Flow] Nodes: 2
[Topology][Flow] Connections: 1
[Topology][Flow] Generating flow layout
[Topology][Flow] Nodes: 8
[Topology][Flow] Connections: 7
[Topology][Flow] Generating flow layout
[Topology][Flow] Nodes: 2
[Topology][Flow] Connections: 1
[Topology][Flow] Generating flow layout
[Topology][Flow] Nodes: 8
[Topology][Flow] Connections: 7
[Topology][Flow] Generating flow layout
[Topology][Flow] Nodes: 2
[Topology][Flow] Connections: 1
[Topology][Flow] Generating flow layout
[Topology][Flow] Nodes: 8
[Topology][Flow] Connections: 7
[Topology][Flow] Generating flow layout
[Topology][Flow] Nodes: 2
[Topology][Flow] Connections: 1
[Topology][Flow] Generating flow layout
[Topology][Flow] Nodes: 8
[Topology][Flow] Connections: 7
[Topology][Flow] Generating flow layout
[Topology][Flow] Nodes: 2
[Topology][Flow] Connections: 1
[Topology][Flow] Generating flow layout
[Topology][Flow] Nodes: 8
[Topology][Flow] Connections: 7
[Topology][Flow] Generating flow layout
[Topology][Flow] Nodes: 2
[Topology][Flow] Connections: 1
[Topology][Flow] Generating flow layout
[Topology][Flow] Nodes: 8
[Topology][Flow] Connections: 7
[Topology][Flow] Generating flow layout
[Topology][Flow] Nodes: 2
[Topology][Flow] Connections: 1
[Topology][Flow] Generating flow layout
[Topology][Flow] Nodes: 8
[Topology][Flow] Connections: 7
[Topology][Hub] Generating hub layout
[Topology][Hub] Hub: Delivery
[Topology][Hub] Satellites: 5
[Topology][Hub] Connections: 5
[Topology][Flow] Generating flow layout
[Topology][Flow] Nodes: 8
[Topology][Flow] Connections: 7
[Topology][Flow] Generating flow layout
[Topology][Flow] Nodes: 2
[Topology][Flow] Connections: 1
[Topology][Flow] Generating flow layout
[Topology][Flow] Nodes: 8
[Topology][Flow] Connections: 7
[Topology][Flow] Generating flow layout
[Topology][Flow] Nodes: 2
[Topology][Flow] Connections: 1
[Topology][Flow] Generating flow layout
[Topology][Flow] Nodes: 8
[Topology][Flow] Connections: 7
[Topology][Hub] Generating hub layout
[Topology][Hub] Hub: Delivery
[Topology][Hub] Satellites: 5
[Topology][Hub] Connections: 5
[Topology][Flow] Generating flow layout
[Topology][Flow] Nodes: 8
[Topology][Flow] Connections: 7
[Topology][Hub] Generating hub layout
[Topology][Hub] Hub: Delivery
[Topology][Hub] Satellites: 5
[Topology][Hub] Connections: 5
[Topology][Flow] Generating flow layout
[Topology][Flow] Nodes: 8
[Topology][Flow] Connections: 7
[Topology][Flow] Generating flow layout
[Topology][Flow] Nodes: 2
[Topology][Flow] Connections: 1
[Topology][Flow] Generating flow layout
[Topology][Flow] Nodes: 8
[Topology][Flow] Connections: 7
[Topology][Flow] Generating flow layout
[Topology][Flow] Nodes: 2
[Topology][Flow] Connections: 1
[Topology][Flow] Generating flow layout
[Topology][Flow] Nodes: 8
[Topology][Flow] Connections: 7
[Topology][Flow] Generating flow layout
[Topology][Flow] Nodes: 2
[Topology][Flow] Connections: 1
[Topology][Flow] Generating flow layout
[Topology][Flow] Nodes: 8
[Topology][Flow] Connections: 7
[Topology][Flow] Generating flow layout
[Topology][Flow] Nodes: 2
[Topology][Flow] Connections: 1
[Topology][Flow] Generating flow layout
[Topology][Flow] Nodes: 8
[Topology][Flow] Connections: 7
[Topology][Flow] Generating flow layout
[Topology][Flow] Nodes: 2
[Topology][Flow] Connections: 1
[Topology][Flow] Generating flow layout
[Topology][Flow] Nodes: 8
[Topology][Flow] Connections: 7
[Topology][Flow] Generating flow layout
[Topology][Flow] Nodes: 2
[Topology][Flow] Connections: 1
[Topology][Flow] Generating flow layout
[Topology][Flow] Nodes: 8
[Topology][Flow] Connections: 7
[Topology][Flow] Generating flow layout
[Topology][Flow] Nodes: 2
[Topology][Flow] Connections: 1
[Topology][Flow] Generating flow layout
[Topology][Flow] Nodes: 8
[Topology][Flow] Connections: 7
[Topology][Flow] Generating flow layout
[Topology][Flow] Nodes: 2
[Topology][Flow] Connections: 1
[Topology][Flow] Generating flow layout
[Topology][Flow] Nodes: 8
[Topology][Flow] Connections: 7
[Topology][Flow] Generating flow layout
[Topology][Flow] Nodes: 2
[Topology][Flow] Connections: 1
[Topology][Flow] Generating flow layout
[Topology][Flow] Nodes: 8
[Topology][Flow] Connections: 7
[Topology][Flow] Generating flow layout
[Topology][Flow] Nodes: 2
[Topology][Flow] Connections: 1
[Topology][Flow] Generating flow layout
[Topology][Flow] Nodes: 8
[Topology][Flow] Connections: 7
[Topology][Flow] Generating flow layout
[Topology][Flow] Nodes: 2
[Topology][Flow] Connections: 1
[Topology][Flow] Generating flow layout
[Topology][Flow] Nodes: 8
[Topology][Flow] Connections: 7
[Topology][Flow] Generating flow layout
[Topology][Flow] Nodes: 2
[Topology][Flow] Connections: 1
[Topology][Flow] Generating flow layout
[Topology][Flow] Nodes: 8
[Topology][Flow] Connections: 7
[Topology][Flow] Generating flow layout
[Topology][Flow] Nodes: 2
[Topology][Flow] Connections: 1
[Topology][Flow] Generating flow layout
[Topology][Flow] Nodes: 8
[Topology][Flow] Connections: 7
[Topology][Flow] Generating flow layout
[Topology][Flow] Nodes: 2
[Topology][Flow] Connections: 1
[Topology][Flow] Generating flow layout
[Topology][Flow] Nodes: 8
[Topology][Flow] Connections: 7
[Topology][Flow] Generating flow layout
[Topology][Flow] Nodes: 2
[Topology][Flow] Connections: 1
[Topology][Flow] Generating flow layout
[Topology][Flow] Nodes: 8
[Topology][Flow] Connections: 7
[Topology][Flow] Generating flow layout
[Topology][Flow] Nodes: 2
[Topology][Flow] Connections: 1
[Topology][Flow] Generating flow layout
[Topology][Flow] Nodes: 8
[Topology][Flow] Connections: 7
[Topology][Flow] Generating flow layout
[Topology][Flow] Nodes: 2
[Topology][Flow] Connections: 1
[Topology][Flow] Generating flow layout
[Topology][Flow] Nodes: 8
[Topology][Flow] Connections: 7
[Topology][Flow] Generating flow layout
[Topology][Flow] Nodes: 2
[Topology][Flow] Connections: 1
[Topology][Flow] Generating flow layout
[Topology][Flow] Nodes: 8
[Topology][Flow] Connections: 7
[Topology][Hub] Generating hub layout
[Topology][Hub] Hub: Delivery
[Topology][Hub] Satellites: 5
[Topology][Hub] Connections: 5
[Topology][Flow] Generating flow layout
[Topology][Flow] Nodes: 8
[Topology][Flow] Connections: 7
[Topology][Hub] Generating hub layout
[Topology][Hub] Hub: Delivery
[Topology][Hub] Satellites: 5
[Topology][Hub] Connections: 5
▶ NCA:2 Conversational Context & Dialogue State
  ✔ identity does not create a second memory (0.993958ms)
  ✔ A. Yes, about 20% answers the pending Nexora question (662.097667ms)
  ✔ B. 20% is a numeric short answer to expected information (89.49275ms)
  ✔ C. Three months is a duration answer (71.053792ms)
  ✔ D. What about Inventory? suspends Capacity (38.2545ms)
  ✔ E. Go back to Capacity restores the thread (92.005375ms)
  ✔ F. Continue where we were restores the suspended thread (63.311833ms)
  ✔ G. Before that, show Delivery navigates and keeps Capacity pending (68.502959ms)
  ✔ H. Forget Capacity. Let's focus on Inventory abandons Capacity (38.722583ms)
  ✔ I. No, I meant Capacity Gap corrects without writing business data (48.431458ms)
  ✔ J. The second one resolves Option B from offered options (22.790958ms)
  ✔ K. Why that one? resolves the last recommendation (44.817292ms)
  ✔ L. That makes sense accepts without creating a Decision (26.349083ms)
  ✔ M. I don't like that option rejects without dropping comparison context (24.826667ms)
  ✔ N. Multi-turn investigation stays on one thread (52.202583ms)
  ✔ O. That answers my question resolves the thread (37.509583ms)
  ✔ P. Thanks acknowledges and keeps the thread (27.454625ms)
  ✔ Q. Abandoned pending questions are not resurrected (56.302792ms)
  ✔ R. Conversation subject wins over Stage focus (34.495459ms)
✔ NCA:2 Conversational Context & Dialogue State (1501.568791ms)
[Topology][Flow] Generating flow layout
[Topology][Flow] Nodes: 8
[Topology][Flow] Connections: 7
[Topology][Hub] Generating hub layout
[Topology][Hub] Hub: Delivery
[Topology][Hub] Satellites: 5
[Topology][Hub] Connections: 5
[Topology][Flow] Generating flow layout
[Topology][Flow] Nodes: 8
[Topology][Flow] Connections: 7
[Topology][Flow] Generating flow layout
[Topology][Flow] Nodes: 2
[Topology][Flow] Connections: 1
[Topology][Flow] Generating flow layout
[Topology][Flow] Nodes: 8
[Topology][Flow] Connections: 7
[Topology][Flow] Generating flow layout
[Topology][Flow] Nodes: 2
[Topology][Flow] Connections: 1
[Topology][Flow] Generating flow layout
[Topology][Flow] Nodes: 8
[Topology][Flow] Connections: 7
[Topology][Flow] Generating flow layout
[Topology][Flow] Nodes: 2
[Topology][Flow] Connections: 1
[Topology][Flow] Generating flow layout
[Topology][Flow] Nodes: 8
[Topology][Flow] Connections: 7
[Topology][Flow] Generating flow layout
[Topology][Flow] Nodes: 2
[Topology][Flow] Connections: 1
[Topology][Flow] Generating flow layout
[Topology][Flow] Nodes: 8
[Topology][Flow] Connections: 7
[Topology][Flow] Generating flow layout
[Topology][Flow] Nodes: 2
[Topology][Flow] Connections: 1
[Topology][Flow] Generating flow layout
[Topology][Flow] Nodes: 8
[Topology][Flow] Connections: 7
[Topology][Flow] Generating flow layout
[Topology][Flow] Nodes: 2
[Topology][Flow] Connections: 1
[Topology][Flow] Generating flow layout
[Topology][Flow] Nodes: 8
[Topology][Flow] Connections: 7
[Topology][Hub] Generating hub layout
[Topology][Hub] Hub: Delivery
[Topology][Hub] Satellites: 5
[Topology][Hub] Connections: 5
[Topology][Flow] Generating flow layout
[Topology][Flow] Nodes: 8
[Topology][Flow] Connections: 7
[Topology][Flow] Generating flow layout
[Topology][Flow] Nodes: 2
[Topology][Flow] Connections: 1
[Topology][Flow] Generating flow layout
[Topology][Flow] Nodes: 8
[Topology][Flow] Connections: 7
[Topology][Flow] Generating flow layout
[Topology][Flow] Nodes: 2
[Topology][Flow] Connections: 1
[Topology][Flow] Generating flow layout
[Topology][Flow] Nodes: 8
[Topology][Flow] Connections: 7
[Topology][Flow] Generating flow layout
[Topology][Flow] Nodes: 2
[Topology][Flow] Connections: 1
[Topology][Flow] Generating flow layout
[Topology][Flow] Nodes: 8
[Topology][Flow] Connections: 7
[Topology][Flow] Generating flow layout
[Topology][Flow] Nodes: 2
[Topology][Flow] Connections: 1
[Topology][Flow] Generating flow layout
[Topology][Flow] Nodes: 8
[Topology][Flow] Connections: 7
[Topology][Flow] Generating flow layout
[Topology][Flow] Nodes: 2
[Topology][Flow] Connections: 1
[Topology][Flow] Generating flow layout
[Topology][Flow] Nodes: 8
[Topology][Flow] Connections: 7
[Topology][Flow] Generating flow layout
[Topology][Flow] Nodes: 2
[Topology][Flow] Connections: 1
[Topology][Flow] Generating flow layout
[Topology][Flow] Nodes: 8
[Topology][Flow] Connections: 7
[Topology][Flow] Generating flow layout
[Topology][Flow] Nodes: 2
[Topology][Flow] Connections: 1
[Topology][Flow] Generating flow layout
[Topology][Flow] Nodes: 8
[Topology][Flow] Connections: 7
[Topology][Flow] Generating flow layout
[Topology][Flow] Nodes: 2
[Topology][Flow] Connections: 1
[Topology][Flow] Generating flow layout
[Topology][Flow] Nodes: 8
[Topology][Flow] Connections: 7
[Topology][Flow] Generating flow layout
[Topology][Flow] Nodes: 2
[Topology][Flow] Connections: 1
[Topology][Flow] Generating flow layout
[Topology][Flow] Nodes: 8
[Topology][Flow] Connections: 7
[Topology][Flow] Generating flow layout
[Topology][Flow] Nodes: 2
[Topology][Flow] Connections: 1
[Topology][Flow] Generating flow layout
[Topology][Flow] Nodes: 8
[Topology][Flow] Connections: 7
[Topology][Flow] Generating flow layout
[Topology][Flow] Nodes: 2
[Topology][Flow] Connections: 1
[Topology][Flow] Generating flow layout
[Topology][Flow] Nodes: 8
[Topology][Flow] Connections: 7
[Topology][Flow] Generating flow layout
[Topology][Flow] Nodes: 2
[Topology][Flow] Connections: 1
[Topology][Flow] Generating flow layout
[Topology][Flow] Nodes: 8
[Topology][Flow] Connections: 7
[Topology][Flow] Generating flow layout
[Topology][Flow] Nodes: 2
[Topology][Flow] Connections: 1
[Topology][Flow] Generating flow layout
[Topology][Flow] Nodes: 8
[Topology][Flow] Connections: 7
[Topology][Flow] Generating flow layout
[Topology][Flow] Nodes: 2
[Topology][Flow] Connections: 1
▶ NCA:3 Clarification, Information-Gap & Executive Question Intelligence
  ✔ identity does not create a second knowledge system (1.192583ms)
  ✔ A. Enough information — What does Delivery show? asks nothing (681.780666ms)
  ✔ B. Critical gap — permanently increase capacity asks persistence (38.05425ms)
  ✔ C. One-question rule when several gaps exist (47.852625ms)
  ✔ D. Recompute after seasonal answer; no scripted next question (93.564167ms)
  ✔ E. Partial sufficiency answers with calibrated uncertainty (66.133042ms)
  ✔ F. Existing Delivery KPI is not requested from the manager (29.7605ms)
  ✔ G. Missing target is asked only when judgement needs it (0.482208ms)
  ✔ H. Preference is asked when cost vs speed is unresolved (5.594833ms)
  ✔ I. Existing delivery goal does not re-ask the preference (0.581584ms)
  ✔ J. Causal uncertainty asks evidence without asserting cause (22.566583ms)
  ✔ K. I don't know uses fallback and does not loop (38.344875ms)
  ✔ L. Refusal is respected (44.92475ms)
  ✔ M. Partial answer is preserved as useful timeframe (64.488041ms)
  ✔ N. Correction updates conversational interpretation without writing business data (32.315208ms)
  ✔ O. External gap is marked and not invented (25.467041ms)
  ✔ P. Scenario comparison asks a criterion only if it can change ranking (1.025708ms)
  ✔ Q. Decision readiness asks the critical constraint first (12.990792ms)
  ✔ R. Low-value gaps do not block advice (0.320625ms)
  ✔ S. Multi-turn sequence stays on one advisory thread (28.564792ms)
  ✔ T. Object-generic: no sentence-specific architecture branches (0.987584ms)
✔ NCA:3 Clarification, Information-Gap & Executive Question Intelligence (1239.154042ms)
[Topology][Flow] Generating flow layout
[Topology][Flow] Nodes: 8
[Topology][Flow] Connections: 7
[Topology][Flow] Generating flow layout
[Topology][Flow] Nodes: 2
[Topology][Flow] Connections: 1
[Topology][Flow] Generating flow layout
[Topology][Flow] Nodes: 8
[Topology][Flow] Connections: 7
[Topology][Flow] Generating flow layout
[Topology][Flow] Nodes: 2
[Topology][Flow] Connections: 1
[Topology][Flow] Generating flow layout
[Topology][Flow] Nodes: 8
[Topology][Flow] Connections: 7
[Topology][Flow] Generating flow layout
[Topology][Flow] Nodes: 2
[Topology][Flow] Connections: 1
[Topology][Flow] Generating flow layout
[Topology][Flow] Nodes: 8
[Topology][Flow] Connections: 7
[Topology][Flow] Generating flow layout
[Topology][Flow] Nodes: 2
[Topology][Flow] Connections: 1
[Topology][Flow] Generating flow layout
[Topology][Flow] Nodes: 8
[Topology][Flow] Connections: 7
[Topology][Flow] Generating flow layout
[Topology][Flow] Nodes: 2
[Topology][Flow] Connections: 1
[Topology][Flow] Generating flow layout
[Topology][Flow] Nodes: 8
[Topology][Flow] Connections: 7
[Topology][Flow] Generating flow layout
[Topology][Flow] Nodes: 2
[Topology][Flow] Connections: 1
[Topology][Flow] Generating flow layout
[Topology][Flow] Nodes: 8
[Topology][Flow] Connections: 7
[Topology][Flow] Generating flow layout
[Topology][Flow] Nodes: 2
[Topology][Flow] Connections: 1
[Topology][Flow] Generating flow layout
[Topology][Flow] Nodes: 8
[Topology][Flow] Connections: 7
[Topology][Flow] Generating flow layout
[Topology][Flow] Nodes: 2
[Topology][Flow] Connections: 1
[Topology][Flow] Generating flow layout
[Topology][Flow] Nodes: 8
[Topology][Flow] Connections: 7
[Topology][Flow] Generating flow layout
[Topology][Flow] Nodes: 2
[Topology][Flow] Connections: 1
[Topology][Flow] Generating flow layout
[Topology][Flow] Nodes: 8
[Topology][Flow] Connections: 7
[Topology][Flow] Generating flow layout
[Topology][Flow] Nodes: 2
[Topology][Flow] Connections: 1
[Topology][Flow] Generating flow layout
[Topology][Flow] Nodes: 8
[Topology][Flow] Connections: 7
[Topology][Flow] Generating flow layout
[Topology][Flow] Nodes: 2
[Topology][Flow] Connections: 1
[Topology][Flow] Generating flow layout
[Topology][Flow] Nodes: 8
[Topology][Flow] Connections: 7
[Topology][Flow] Generating flow layout
[Topology][Flow] Nodes: 2
[Topology][Flow] Connections: 1
[Topology][Flow] Generating flow layout
[Topology][Flow] Nodes: 8
[Topology][Flow] Connections: 7
[Topology][Flow] Generating flow layout
[Topology][Flow] Nodes: 2
[Topology][Flow] Connections: 1
[Topology][Flow] Generating flow layout
[Topology][Flow] Nodes: 8
[Topology][Flow] Connections: 7
[Topology][Flow] Generating flow layout
[Topology][Flow] Nodes: 2
[Topology][Flow] Connections: 1
[Topology][Flow] Generating flow layout
[Topology][Flow] Nodes: 8
[Topology][Flow] Connections: 7
[Topology][Flow] Generating flow layout
[Topology][Flow] Nodes: 2
[Topology][Flow] Connections: 1
[Topology][Flow] Generating flow layout
[Topology][Flow] Nodes: 8
[Topology][Flow] Connections: 7
[Topology][Flow] Generating flow layout
[Topology][Flow] Nodes: 2
[Topology][Flow] Connections: 1
[Topology][Flow] Generating flow layout
[Topology][Flow] Nodes: 8
[Topology][Flow] Connections: 7
[Topology][Flow] Generating flow layout
[Topology][Flow] Nodes: 2
[Topology][Flow] Connections: 1
[Topology][Flow] Generating flow layout
[Topology][Flow] Nodes: 8
[Topology][Flow] Connections: 7
[Topology][Flow] Generating flow layout
[Topology][Flow] Nodes: 2
[Topology][Flow] Connections: 1
[Topology][Flow] Generating flow layout
[Topology][Flow] Nodes: 8
[Topology][Flow] Connections: 7
[Topology][Flow] Generating flow layout
[Topology][Flow] Nodes: 2
[Topology][Flow] Connections: 1
[Topology][Flow] Generating flow layout
[Topology][Flow] Nodes: 8
[Topology][Flow] Connections: 7
[Topology][Flow] Generating flow layout
[Topology][Flow] Nodes: 2
[Topology][Flow] Connections: 1
[Topology][Flow] Generating flow layout
[Topology][Flow] Nodes: 8
[Topology][Flow] Connections: 7
[Topology][Flow] Generating flow layout
[Topology][Flow] Nodes: 2
[Topology][Flow] Connections: 1
[Topology][Flow] Generating flow layout
[Topology][Flow] Nodes: 8
[Topology][Flow] Connections: 7
[Topology][Flow] Generating flow layout
[Topology][Flow] Nodes: 2
[Topology][Flow] Connections: 1
[Topology][Flow] Generating flow layout
[Topology][Flow] Nodes: 8
[Topology][Flow] Connections: 7
[Topology][Flow] Generating flow layout
[Topology][Flow] Nodes: 2
[Topology][Flow] Connections: 1
[Topology][Flow] Generating flow layout
[Topology][Flow] Nodes: 8
[Topology][Flow] Connections: 7
[Topology][Flow] Generating flow layout
[Topology][Flow] Nodes: 2
[Topology][Flow] Connections: 1
[Topology][Flow] Generating flow layout
[Topology][Flow] Nodes: 8
[Topology][Flow] Connections: 7
[Topology][Flow] Generating flow layout
[Topology][Flow] Nodes: 2
[Topology][Flow] Connections: 1
[Topology][Flow] Generating flow layout
[Topology][Flow] Nodes: 8
[Topology][Flow] Connections: 7
[Topology][Flow] Generating flow layout
[Topology][Flow] Nodes: 2
[Topology][Flow] Connections: 1
[Topology][Flow] Generating flow layout
[Topology][Flow] Nodes: 8
[Topology][Flow] Connections: 7
[Topology][Flow] Generating flow layout
[Topology][Flow] Nodes: 2
[Topology][Flow] Connections: 1
[Topology][Flow] Generating flow layout
[Topology][Flow] Nodes: 8
[Topology][Flow] Connections: 7
[Topology][Flow] Generating flow layout
[Topology][Flow] Nodes: 2
[Topology][Flow] Connections: 1
[Topology][Flow] Generating flow layout
[Topology][Flow] Nodes: 8
[Topology][Flow] Connections: 7
[Topology][Flow] Generating flow layout
[Topology][Flow] Nodes: 2
[Topology][Flow] Connections: 1
[Topology][Flow] Generating flow layout
[Topology][Flow] Nodes: 8
[Topology][Flow] Connections: 7
[Topology][Flow] Generating flow layout
[Topology][Flow] Nodes: 2
[Topology][Flow] Connections: 1
[Topology][Flow] Generating flow layout
[Topology][Flow] Nodes: 8
[Topology][Flow] Connections: 7
[Topology][Flow] Generating flow layout
[Topology][Flow] Nodes: 2
[Topology][Flow] Connections: 1
[Topology][Flow] Generating flow layout
[Topology][Flow] Nodes: 8
[Topology][Flow] Connections: 7
[Topology][Flow] Generating flow layout
[Topology][Flow] Nodes: 2
[Topology][Flow] Connections: 1
[Topology][Flow] Generating flow layout
[Topology][Flow] Nodes: 8
[Topology][Flow] Connections: 7
[Topology][Flow] Generating flow layout
[Topology][Flow] Nodes: 2
[Topology][Flow] Connections: 1
[Topology][Flow] Generating flow layout
[Topology][Flow] Nodes: 8
[Topology][Flow] Connections: 7
[Topology][Flow] Generating flow layout
[Topology][Flow] Nodes: 2
[Topology][Flow] Connections: 1
[Topology][Flow] Generating flow layout
[Topology][Flow] Nodes: 8
[Topology][Flow] Connections: 7
[Topology][Flow] Generating flow layout
[Topology][Flow] Nodes: 2
[Topology][Flow] Connections: 1
[Topology][Flow] Generating flow layout
[Topology][Flow] Nodes: 8
[Topology][Flow] Connections: 7
[Topology][Flow] Generating flow layout
[Topology][Flow] Nodes: 2
[Topology][Flow] Connections: 1
[Topology][Flow] Generating flow layout
[Topology][Flow] Nodes: 8
[Topology][Flow] Connections: 7
[Topology][Flow] Generating flow layout
[Topology][Flow] Nodes: 2
[Topology][Flow] Connections: 1
[Topology][Flow] Generating flow layout
[Topology][Flow] Nodes: 8
[Topology][Flow] Connections: 7
[Topology][Flow] Generating flow layout
[Topology][Flow] Nodes: 2
[Topology][Flow] Connections: 1
[Topology][Flow] Generating flow layout
[Topology][Flow] Nodes: 8
[Topology][Flow] Connections: 7
[Topology][Flow] Generating flow layout
[Topology][Flow] Nodes: 2
[Topology][Flow] Connections: 1
[Topology][Flow] Generating flow layout
[Topology][Flow] Nodes: 8
[Topology][Flow] Connections: 7
[Topology][Flow] Generating flow layout
[Topology][Flow] Nodes: 2
[Topology][Flow] Connections: 1
[Topology][Flow] Generating flow layout
[Topology][Flow] Nodes: 8
[Topology][Flow] Connections: 7
[Topology][Flow] Generating flow layout
[Topology][Flow] Nodes: 2
[Topology][Flow] Connections: 1
[Topology][Flow] Generating flow layout
[Topology][Flow] Nodes: 8
[Topology][Flow] Connections: 7
[Topology][Flow] Generating flow layout
[Topology][Flow] Nodes: 2
[Topology][Flow] Connections: 1
[Topology][Flow] Generating flow layout
[Topology][Flow] Nodes: 8
[Topology][Flow] Connections: 7
[Topology][Flow] Generating flow layout
[Topology][Flow] Nodes: 2
[Topology][Flow] Connections: 1
[Topology][Flow] Generating flow layout
[Topology][Flow] Nodes: 8
[Topology][Flow] Connections: 7
[Topology][Flow] Generating flow layout
[Topology][Flow] Nodes: 2
[Topology][Flow] Connections: 1
[Topology][Flow] Generating flow layout
[Topology][Flow] Nodes: 8
[Topology][Flow] Connections: 7
[Topology][Flow] Generating flow layout
[Topology][Flow] Nodes: 2
[Topology][Flow] Connections: 1
▶ NCA:4 Executive Advisory Reasoning & Recommendation Dialogue
  ✔ identity does not create a second recommendation or decision engine (2.100208ms)
  ✔ A. Basic recommendation from goal and evidence (300.297958ms)
  ✔ B. Insufficient information — NCA:3 question wins (82.29475ms)
  ✔ C. Sufficient with uncertainty includes a condition (84.282917ms)
  ✔ D. Why that one explains the current recommendation (34.987ms)
  ✔ E. Why not the other explains the weakened alternative (32.537583ms)
  ✔ F. Biggest downside returns the key cost/risk (43.390583ms)
  ✔ G. Confidence is calibrated in manager language (36.018334ms)
  ✔ H. What would change the recommendation returns sensitivities (48.190083ms)
  ✔ I. Assumptions are material, not architectural (30.130834ms)
  ✔ J. Cost-first preference re-evaluates the recommendation (25.169417ms)
  ✔ K. Material new evidence revises the recommendation (51.899792ms)
  ✔ L. Secondary evidence does not flip the recommendation (36.755916ms)
  ✔ M. Unsupported strong action is challenged (23.910667ms)
  ✔ N. Disagreement stays open and is not defensive (32.978375ms)
  ✔ O. Manager override does not commit a Decision (38.3395ms)
  ✔ P. No recommendation without comparable supplier evidence (35.555334ms)
  ✔ Q. Do-nothing remains a valid path (25.311833ms)
  ✔ R. Counterargument is the strongest supported objection (26.566708ms)
  ✔ S. Object-generic architecture — no sentence-specific branches (30.068ms)
  ✔ T. Recommendation continuity across why / downside / confidence (59.172667ms)
  ✔ U. Goal/evidence change expires the old recommendation (21.024791ms)
  ✔ V. Advice does not write Decision state (24.566833ms)
  ✔ W. Advice does not start Execution (12.849042ms)
✔ NCA:4 Executive Advisory Reasoning & Recommendation Dialogue (1140.813667ms)
[Topology][Flow] Generating flow layout
[Topology][Flow] Nodes: 8
[Topology][Flow] Connections: 7
[Topology][Flow] Generating flow layout
[Topology][Flow] Nodes: 2
[Topology][Flow] Connections: 1
[Topology][Flow] Generating flow layout
[Topology][Flow] Nodes: 8
[Topology][Flow] Connections: 7
[Topology][Flow] Generating flow layout
[Topology][Flow] Nodes: 2
[Topology][Flow] Connections: 1
[Topology][Flow] Generating flow layout
[Topology][Flow] Nodes: 8
[Topology][Flow] Connections: 7
[Topology][Flow] Generating flow layout
[Topology][Flow] Nodes: 2
[Topology][Flow] Connections: 1
▶ NCA:5 Proactive Executive Advisor & Conversational Initiative
  ✔ identity does not create a second alert, monitor, or decision engine (1.18925ms)
  ✔ A. Material goal deviation initiates (2.799834ms)
  ✔ B. Minor movement stays silent (1.666417ms)
  ✔ C. Irrelevant non-critical change does not interrupt (0.57075ms)
  ✔ D. Critical unrelated risk may override goal relevance (0.249042ms)
  ✔ E. Duplicate signal with no material change stays silent (0.30825ms)
  ✔ F. Material worsening after a prior surface initiates again (0.400167ms)
  ✔ G. Multiple signals surface only the highest-value issue (0.597ms)
  ✔ H. Decision confirmation is not interrupted by a moderate unrelated signal (0.288834ms)
  ✔ I. Invalidated assumption during confirmation justifies interruption (1.427208ms)
  ✔ J. NCA:5 can initiate while NCA:3 supplies the question (0.378125ms)
  ✔ K. NCA:5 surfaces a revised NCA:4 recommendation (0.374875ms)
  ✔ L. Stable advice is not claimed as a recommendation change (0.223542ms)
  ✔ M. Execution drift is an initiative candidate (0.170042ms)
  ✔ N. Positive outcome may be surfaced (0.160916ms)
  ✔ O. Actionable opportunity may be recommended (0.125ms)
  ✔ P. Unfinished thread can become a follow-up (0.212416ms)
  ✔ Q. Manager dismissal suppresses immediate repeat (0.22775ms)
  ✔ R. Critical worsening after dismissal may surface again (0.176416ms)
  ✔ S. Manager's current request wins over moderate initiative (255.495041ms)
  ✔ T. Non-actionable low-value change stays silent (0.201167ms)
  ✔ U. Equivalent evaluation across objects (0.273375ms)
  ✔ V. Advice does not write Decision state (51.626708ms)
  ✔ W. Advice does not start Execution (21.097417ms)
  ✔ X. Presentation intent is semantic, not a card implementation (0.348667ms)
  ✔ Y. Timeline intent is semantic, not a Timeline implementation (0.193125ms)
  ✔ callable evaluation works without a manager utterance (0.139833ms)
  ✔ apply preserves source when silent (0.1045ms)
✔ NCA:5 Proactive Executive Advisor & Conversational Initiative (342.967667ms)
[Topology][Flow] Generating flow layout
[Topology][Flow] Nodes: 8
[Topology][Flow] Connections: 7
[Topology][Flow] Generating flow layout
[Topology][Flow] Nodes: 2
[Topology][Flow] Connections: 1
[Topology][Flow] Generating flow layout
[Topology][Flow] Nodes: 8
[Topology][Flow] Connections: 7
[Topology][Flow] Generating flow layout
[Topology][Flow] Nodes: 2
[Topology][Flow] Connections: 1
[Topology][Flow] Generating flow layout
[Topology][Flow] Nodes: 8
[Topology][Flow] Connections: 7
[Topology][Flow] Generating flow layout
[Topology][Flow] Nodes: 2
[Topology][Flow] Connections: 1
[Topology][Flow] Generating flow layout
[Topology][Flow] Nodes: 8
[Topology][Flow] Connections: 7
[Topology][Flow] Generating flow layout
[Topology][Flow] Nodes: 2
[Topology][Flow] Connections: 1
[Topology][Flow] Generating flow layout
[Topology][Flow] Nodes: 8
[Topology][Flow] Connections: 7
[Topology][Flow] Generating flow layout
[Topology][Flow] Nodes: 2
[Topology][Flow] Connections: 1
[Topology][Flow] Generating flow layout
[Topology][Flow] Nodes: 8
[Topology][Flow] Connections: 7
[Topology][Flow] Generating flow layout
[Topology][Flow] Nodes: 2
[Topology][Flow] Connections: 1
[Topology][Flow] Generating flow layout
[Topology][Flow] Nodes: 8
[Topology][Flow] Connections: 7
[Topology][Flow] Generating flow layout
[Topology][Flow] Nodes: 2
[Topology][Flow] Connections: 1
[Topology][Flow] Generating flow layout
[Topology][Flow] Nodes: 8
[Topology][Flow] Connections: 7
[Topology][Flow] Generating flow layout
[Topology][Flow] Nodes: 2
[Topology][Flow] Connections: 1
[Topology][Flow] Generating flow layout
[Topology][Flow] Nodes: 8
[Topology][Flow] Connections: 7
[Topology][Flow] Generating flow layout
[Topology][Flow] Nodes: 2
[Topology][Flow] Connections: 1
[Topology][Flow] Generating flow layout
[Topology][Flow] Nodes: 8
[Topology][Flow] Connections: 7
[Topology][Flow] Generating flow layout
[Topology][Flow] Nodes: 2
[Topology][Flow] Connections: 1
[Topology][Flow] Generating flow layout
[Topology][Flow] Nodes: 8
[Topology][Flow] Connections: 7
[Topology][Flow] Generating flow layout
[Topology][Flow] Nodes: 2
[Topology][Flow] Connections: 1
[Topology][Flow] Generating flow layout
[Topology][Flow] Nodes: 8
[Topology][Flow] Connections: 7
[Topology][Flow] Generating flow layout
[Topology][Flow] Nodes: 2
[Topology][Flow] Connections: 1
[Topology][Flow] Generating flow layout
[Topology][Flow] Nodes: 8
[Topology][Flow] Connections: 7
[Topology][Flow] Generating flow layout
[Topology][Flow] Nodes: 2
[Topology][Flow] Connections: 1
[Topology][Flow] Generating flow layout
[Topology][Flow] Nodes: 8
[Topology][Flow] Connections: 7
[Topology][Flow] Generating flow layout
[Topology][Flow] Nodes: 2
[Topology][Flow] Connections: 1
[Topology][Flow] Generating flow layout
[Topology][Flow] Nodes: 8
[Topology][Flow] Connections: 7
[Topology][Flow] Generating flow layout
[Topology][Flow] Nodes: 2
[Topology][Flow] Connections: 1
[Topology][Flow] Generating flow layout
[Topology][Flow] Nodes: 8
[Topology][Flow] Connections: 7
[Topology][Flow] Generating flow layout
[Topology][Flow] Nodes: 2
[Topology][Flow] Connections: 1
[Topology][Flow] Generating flow layout
[Topology][Flow] Nodes: 8
[Topology][Flow] Connections: 7
[Topology][Flow] Generating flow layout
[Topology][Flow] Nodes: 2
[Topology][Flow] Connections: 1
[Topology][Flow] Generating flow layout
[Topology][Flow] Nodes: 8
[Topology][Flow] Connections: 7
[Topology][Flow] Generating flow layout
[Topology][Flow] Nodes: 2
[Topology][Flow] Connections: 1
[Topology][Flow] Generating flow layout
[Topology][Flow] Nodes: 8
[Topology][Flow] Connections: 7
[Topology][Flow] Generating flow layout
[Topology][Flow] Nodes: 2
[Topology][Flow] Connections: 1
[Topology][Flow] Generating flow layout
[Topology][Flow] Nodes: 8
[Topology][Flow] Connections: 7
[Topology][Flow] Generating flow layout
[Topology][Flow] Nodes: 2
[Topology][Flow] Connections: 1
[Topology][Flow] Generating flow layout
[Topology][Flow] Nodes: 8
[Topology][Flow] Connections: 7
[Topology][Flow] Generating flow layout
[Topology][Flow] Nodes: 2
[Topology][Flow] Connections: 1
[Topology][Flow] Generating flow layout
[Topology][Flow] Nodes: 8
[Topology][Flow] Connections: 7
[Topology][Flow] Generating flow layout
[Topology][Flow] Nodes: 2
[Topology][Flow] Connections: 1
[Topology][Flow] Generating flow layout
[Topology][Flow] Nodes: 8
[Topology][Flow] Connections: 7
[Topology][Flow] Generating flow layout
[Topology][Flow] Nodes: 2
[Topology][Flow] Connections: 1
[Topology][Flow] Generating flow layout
[Topology][Flow] Nodes: 8
[Topology][Flow] Connections: 7
[Topology][Flow] Generating flow layout
[Topology][Flow] Nodes: 2
[Topology][Flow] Connections: 1
[Topology][Flow] Generating flow layout
[Topology][Flow] Nodes: 8
[Topology][Flow] Connections: 7
[Topology][Flow] Generating flow layout
[Topology][Flow] Nodes: 2
[Topology][Flow] Connections: 1
[Topology][Flow] Generating flow layout
[Topology][Flow] Nodes: 8
[Topology][Flow] Connections: 7
[Topology][Flow] Generating flow layout
[Topology][Flow] Nodes: 2
[Topology][Flow] Connections: 1
[Topology][Flow] Generating flow layout
[Topology][Flow] Nodes: 8
[Topology][Flow] Connections: 7
[Topology][Flow] Generating flow layout
[Topology][Flow] Nodes: 2
[Topology][Flow] Connections: 1
[Topology][Flow] Generating flow layout
[Topology][Flow] Nodes: 8
[Topology][Flow] Connections: 7
[Topology][Flow] Generating flow layout
[Topology][Flow] Nodes: 2
[Topology][Flow] Connections: 1
▶ NCA:6 Manager Model, Communication Adaptation & Trust
  ✔ identity is presentation-only and does not profile personality (1.499875ms)
  ✔ A. Brief request shortens presentation without changing the recommendation (252.067083ms)
  ✔ B. Detailed request keeps the same advisory position (38.424833ms)
  ✔ C. Confusion simplifies language without changing truth (0.800792ms)
  ✔ D. Executive framing uses goal/decision language (35.079958ms)
  ✔ E. Operations framing uses constraint/throughput language (20.737833ms)
  ✔ F. Finance framing uses cost/exposure language without inventing numbers (21.530959ms)
  ✔ G. Unknown role stays neutral and does not guess (14.350209ms)
  ✔ H. Explicit request beats a brief profile (0.648208ms)
  ✔ I. Keep this one short stays temporary (0.344459ms)
  ✔ J. New Nexora user gets indirect teaching (0.302875ms)
  ✔ K. Familiar user is not given a basic tutorial (0.196458ms)
  ✔ L. Confusion is not treated as disagreement (32.629667ms)
  ✔ M. Challenge preserves the recommendation without appeasement (48.3155ms)
  ✔ N. Recommendation revision is explained (77.396375ms)
  ✔ O. Recommendation stability is explained (52.152541ms)
  ✔ P. Fact / inference / advice remain distinguishable (0.483666ms)
  ✔ Q. Uncertainty remains visible in brief and detailed modes (0.290417ms)
  ✔ R. Manager correction is acknowledged without mutating RDI (27.107875ms)
  ✔ S. Nexora self-corrects a prior conversational misspeak (0.321333ms)
  ✔ T. Goal/preference conflict is surfaced (0.364708ms)
  ✔ U. Capability honesty does not fabricate supplier research (20.296291ms)
  ✔ V. NCA:5 critical initiative is presented with CRITICAL structure (0.290125ms)
  ✔ W. Ordinary NCA:5 initiative is not buried in a lecture (23.333417ms)
  ✔ X. Role does not alter truth (37.288792ms)
  ✔ Y. Object-generic adaptation — no role × object sentence matrix (29.060292ms)
  ✔ Z. Adapted response does not alter Decision or Execution state (34.973542ms)
  ✔ trust invariant: depth and framing preserve recommendation, confidence, uncertainty, and authority (1.699167ms)
  ✔ locked presentation is not rewritten (0.17025ms)
  ✔ signals classify explicit depth without personality labels (0.354583ms)
✔ NCA:6 Manager Model, Communication Adaptation & Trust (774.911292ms)
[Topology][Flow] Generating flow layout
[Topology][Flow] Nodes: 8
[Topology][Flow] Connections: 7
[Topology][Flow] Generating flow layout
[Topology][Flow] Nodes: 2
[Topology][Flow] Connections: 1
[Topology][Flow] Generating flow layout
[Topology][Flow] Nodes: 8
[Topology][Flow] Connections: 7
[Topology][Flow] Generating flow layout
[Topology][Flow] Nodes: 2
[Topology][Flow] Connections: 1
[Topology][Flow] Generating flow layout
[Topology][Flow] Nodes: 8
[Topology][Flow] Connections: 7
[Topology][Flow] Generating flow layout
[Topology][Flow] Nodes: 2
[Topology][Flow] Connections: 1
[Topology][Flow] Generating flow layout
[Topology][Flow] Nodes: 8
[Topology][Flow] Connections: 7
[Topology][Flow] Generating flow layout
[Topology][Flow] Nodes: 2
[Topology][Flow] Connections: 1
[Topology][Flow] Generating flow layout
[Topology][Flow] Nodes: 8
[Topology][Flow] Connections: 7
[Topology][Flow] Generating flow layout
[Topology][Flow] Nodes: 2
[Topology][Flow] Connections: 1
[Topology][Flow] Generating flow layout
[Topology][Flow] Nodes: 8
[Topology][Flow] Connections: 7
[Topology][Flow] Generating flow layout
[Topology][Flow] Nodes: 2
[Topology][Flow] Connections: 1
[Topology][Flow] Generating flow layout
[Topology][Flow] Nodes: 8
[Topology][Flow] Connections: 7
[Topology][Flow] Generating flow layout
[Topology][Flow] Nodes: 2
[Topology][Flow] Connections: 1
[Topology][Flow] Generating flow layout
[Topology][Flow] Nodes: 8
[Topology][Flow] Connections: 7
[Topology][Flow] Generating flow layout
[Topology][Flow] Nodes: 2
[Topology][Flow] Connections: 1
[Topology][Flow] Generating flow layout
[Topology][Flow] Nodes: 8
[Topology][Flow] Connections: 7
[Topology][Flow] Generating flow layout
[Topology][Flow] Nodes: 2
[Topology][Flow] Connections: 1
[Topology][Flow] Generating flow layout
[Topology][Flow] Nodes: 8
[Topology][Flow] Connections: 7
[Topology][Flow] Generating flow layout
[Topology][Flow] Nodes: 2
[Topology][Flow] Connections: 1
[Topology][Flow] Generating flow layout
[Topology][Flow] Nodes: 8
[Topology][Flow] Connections: 7
[Topology][Flow] Generating flow layout
[Topology][Flow] Nodes: 2
[Topology][Flow] Connections: 1
[Topology][Flow] Generating flow layout
[Topology][Flow] Nodes: 8
[Topology][Flow] Connections: 7
[Topology][Flow] Generating flow layout
[Topology][Flow] Nodes: 2
[Topology][Flow] Connections: 1
[Topology][Flow] Generating flow layout
[Topology][Flow] Nodes: 8
[Topology][Flow] Connections: 7
[Topology][Flow] Generating flow layout
[Topology][Flow] Nodes: 2
[Topology][Flow] Connections: 1
[Topology][Flow] Generating flow layout
[Topology][Flow] Nodes: 8
[Topology][Flow] Connections: 7
[Topology][Flow] Generating flow layout
[Topology][Flow] Nodes: 2
[Topology][Flow] Connections: 1
[Topology][Flow] Generating flow layout
[Topology][Flow] Nodes: 8
[Topology][Flow] Connections: 7
[Topology][Hub] Generating hub layout
[Topology][Hub] Hub: Capacity
[Topology][Hub] Satellites: 5
[Topology][Hub] Connections: 5
[Topology][Flow] Generating flow layout
[Topology][Flow] Nodes: 8
[Topology][Flow] Connections: 7
[Topology][Hub] Generating hub layout
[Topology][Hub] Hub: Capacity
[Topology][Hub] Satellites: 5
[Topology][Hub] Connections: 5
[Topology][Flow] Generating flow layout
[Topology][Flow] Nodes: 8
[Topology][Flow] Connections: 7
[Topology][Flow] Generating flow layout
[Topology][Flow] Nodes: 2
[Topology][Flow] Connections: 1
[Topology][Flow] Generating flow layout
[Topology][Flow] Nodes: 8
[Topology][Flow] Connections: 7
[Topology][Flow] Generating flow layout
[Topology][Flow] Nodes: 2
[Topology][Flow] Connections: 1
[Topology][Flow] Generating flow layout
[Topology][Flow] Nodes: 8
[Topology][Flow] Connections: 7
[Topology][Flow] Generating flow layout
[Topology][Flow] Nodes: 2
[Topology][Flow] Connections: 1
[Topology][Flow] Generating flow layout
[Topology][Flow] Nodes: 8
[Topology][Flow] Connections: 7
[Topology][Flow] Generating flow layout
[Topology][Flow] Nodes: 2
[Topology][Flow] Connections: 1
[Topology][Flow] Generating flow layout
[Topology][Flow] Nodes: 8
[Topology][Flow] Connections: 7
[Topology][Flow] Generating flow layout
[Topology][Flow] Nodes: 2
[Topology][Flow] Connections: 1
[Topology][Flow] Generating flow layout
[Topology][Flow] Nodes: 8
[Topology][Flow] Connections: 7
[Topology][Flow] Generating flow layout
[Topology][Flow] Nodes: 2
[Topology][Flow] Connections: 1
[Topology][Flow] Generating flow layout
[Topology][Flow] Nodes: 8
[Topology][Flow] Connections: 7
[Topology][Flow] Generating flow layout
[Topology][Flow] Nodes: 2
[Topology][Flow] Connections: 1
[Topology][Flow] Generating flow layout
[Topology][Flow] Nodes: 8
[Topology][Flow] Connections: 7
[Topology][Flow] Generating flow layout
[Topology][Flow] Nodes: 2
[Topology][Flow] Connections: 1
[Topology][Flow] Generating flow layout
[Topology][Flow] Nodes: 8
[Topology][Flow] Connections: 7
[Topology][Flow] Generating flow layout
[Topology][Flow] Nodes: 2
[Topology][Flow] Connections: 1
[Topology][Flow] Generating flow layout
[Topology][Flow] Nodes: 8
[Topology][Flow] Connections: 7
[Topology][Flow] Generating flow layout
[Topology][Flow] Nodes: 2
[Topology][Flow] Connections: 1
[Topology][Flow] Generating flow layout
[Topology][Flow] Nodes: 8
[Topology][Flow] Connections: 7
[Topology][Flow] Generating flow layout
[Topology][Flow] Nodes: 2
[Topology][Flow] Connections: 1
[Topology][Flow] Generating flow layout
[Topology][Flow] Nodes: 8
[Topology][Flow] Connections: 7
[Topology][Flow] Generating flow layout
[Topology][Flow] Nodes: 2
[Topology][Flow] Connections: 1
[Topology][Flow] Generating flow layout
[Topology][Flow] Nodes: 8
[Topology][Flow] Connections: 7
[Topology][Flow] Generating flow layout
[Topology][Flow] Nodes: 2
[Topology][Flow] Connections: 1
[Topology][Flow] Generating flow layout
[Topology][Flow] Nodes: 8
[Topology][Flow] Connections: 7
[Topology][Hub] Generating hub layout
[Topology][Hub] Hub: Delivery
[Topology][Hub] Satellites: 5
[Topology][Hub] Connections: 5
[Topology][Flow] Generating flow layout
[Topology][Flow] Nodes: 8
[Topology][Flow] Connections: 7
[Topology][Hub] Generating hub layout
[Topology][Hub] Hub: Delivery
[Topology][Hub] Satellites: 5
[Topology][Hub] Connections: 5
[Topology][Flow] Generating flow layout
[Topology][Flow] Nodes: 8
[Topology][Flow] Connections: 7
[Topology][Hub] Generating hub layout
[Topology][Hub] Hub: Delivery
[Topology][Hub] Satellites: 5
[Topology][Hub] Connections: 5
[Topology][Flow] Generating flow layout
[Topology][Flow] Nodes: 8
[Topology][Flow] Connections: 7
[Topology][Hub] Generating hub layout
[Topology][Hub] Hub: Delivery
[Topology][Hub] Satellites: 5
[Topology][Hub] Connections: 5
[Topology][Flow] Generating flow layout
[Topology][Flow] Nodes: 8
[Topology][Flow] Connections: 7
[Topology][Hub] Generating hub layout
[Topology][Hub] Hub: Delivery
[Topology][Hub] Satellites: 5
[Topology][Hub] Connections: 5
[Topology][Flow] Generating flow layout
[Topology][Flow] Nodes: 8
[Topology][Flow] Connections: 7
[Topology][Hub] Generating hub layout
[Topology][Hub] Hub: Delivery
[Topology][Hub] Satellites: 5
[Topology][Hub] Connections: 5
[Topology][Flow] Generating flow layout
[Topology][Flow] Nodes: 8
[Topology][Flow] Connections: 7
[Topology][Hub] Generating hub layout
[Topology][Hub] Hub: Delivery
[Topology][Hub] Satellites: 5
[Topology][Hub] Connections: 5
[Topology][Flow] Generating flow layout
[Topology][Flow] Nodes: 8
[Topology][Flow] Connections: 7
[Topology][Hub] Generating hub layout
[Topology][Hub] Hub: Delivery
[Topology][Hub] Satellites: 5
[Topology][Hub] Connections: 5
[Topology][Flow] Generating flow layout
[Topology][Flow] Nodes: 8
[Topology][Flow] Connections: 7
[Topology][Hub] Generating hub layout
[Topology][Hub] Hub: Delivery
[Topology][Hub] Satellites: 5
[Topology][Hub] Connections: 5
[Topology][Flow] Generating flow layout
[Topology][Flow] Nodes: 8
[Topology][Flow] Connections: 7
[Topology][Hub] Generating hub layout
[Topology][Hub] Hub: Delivery
[Topology][Hub] Satellites: 5
[Topology][Hub] Connections: 5
[Topology][Flow] Generating flow layout
[Topology][Flow] Nodes: 8
[Topology][Flow] Connections: 7
[Topology][Hub] Generating hub layout
[Topology][Hub] Hub: Delivery
[Topology][Hub] Satellites: 5
[Topology][Hub] Connections: 5
[Topology][Flow] Generating flow layout
[Topology][Flow] Nodes: 8
[Topology][Flow] Connections: 7
[Topology][Hub] Generating hub layout
[Topology][Hub] Hub: Delivery
[Topology][Hub] Satellites: 5
[Topology][Hub] Connections: 5
[Topology][Flow] Generating flow layout
[Topology][Flow] Nodes: 8
[Topology][Flow] Connections: 7
[Topology][Hub] Generating hub layout
[Topology][Hub] Hub: Delivery
[Topology][Hub] Satellites: 5
[Topology][Hub] Connections: 5
[Topology][Flow] Generating flow layout
[Topology][Flow] Nodes: 8
[Topology][Flow] Connections: 7
[Topology][Hub] Generating hub layout
[Topology][Hub] Hub: Delivery
[Topology][Hub] Satellites: 5
[Topology][Hub] Connections: 5
[Topology][Flow] Generating flow layout
[Topology][Flow] Nodes: 8
[Topology][Flow] Connections: 7
[Topology][Hub] Generating hub layout
[Topology][Hub] Hub: Delivery
[Topology][Hub] Satellites: 5
[Topology][Hub] Connections: 5
[Topology][Flow] Generating flow layout
[Topology][Flow] Nodes: 8
[Topology][Flow] Connections: 7
[Topology][Hub] Generating hub layout
[Topology][Hub] Hub: Delivery
[Topology][Hub] Satellites: 5
[Topology][Hub] Connections: 5
[Topology][Flow] Generating flow layout
[Topology][Flow] Nodes: 8
[Topology][Flow] Connections: 7
[Topology][Hub] Generating hub layout
[Topology][Hub] Hub: Delivery
[Topology][Hub] Satellites: 5
[Topology][Hub] Connections: 5
[Topology][Flow] Generating flow layout
[Topology][Flow] Nodes: 8
[Topology][Flow] Connections: 7
[Topology][Hub] Generating hub layout
[Topology][Hub] Hub: Delivery
[Topology][Hub] Satellites: 5
[Topology][Hub] Connections: 5
[Topology][Flow] Generating flow layout
[Topology][Flow] Nodes: 8
[Topology][Flow] Connections: 7
[Topology][Flow] Generating flow layout
[Topology][Flow] Nodes: 2
[Topology][Flow] Connections: 1
[Topology][Flow] Generating flow layout
[Topology][Flow] Nodes: 8
[Topology][Flow] Connections: 7
[Topology][Flow] Generating flow layout
[Topology][Flow] Nodes: 2
[Topology][Flow] Connections: 1
[Topology][Flow] Generating flow layout
[Topology][Flow] Nodes: 8
[Topology][Flow] Connections: 7
[Topology][Flow] Generating flow layout
[Topology][Flow] Nodes: 2
[Topology][Flow] Connections: 1
[Topology][Flow] Generating flow layout
[Topology][Flow] Nodes: 8
[Topology][Flow] Connections: 7
[Topology][Flow] Generating flow layout
[Topology][Flow] Nodes: 2
[Topology][Flow] Connections: 1
[Topology][Flow] Generating flow layout
[Topology][Flow] Nodes: 8
[Topology][Flow] Connections: 7
[Topology][Flow] Generating flow layout
[Topology][Flow] Nodes: 2
[Topology][Flow] Connections: 1
[Topology][Flow] Generating flow layout
[Topology][Flow] Nodes: 8
[Topology][Flow] Connections: 7
[Topology][Flow] Generating flow layout
[Topology][Flow] Nodes: 2
[Topology][Flow] Connections: 1
[Topology][Flow] Generating flow layout
[Topology][Flow] Nodes: 8
[Topology][Flow] Connections: 7
[Topology][Flow] Generating flow layout
[Topology][Flow] Nodes: 2
[Topology][Flow] Connections: 1
[Topology][Flow] Generating flow layout
[Topology][Flow] Nodes: 8
[Topology][Flow] Connections: 7
[Topology][Flow] Generating flow layout
[Topology][Flow] Nodes: 2
[Topology][Flow] Connections: 1
[Topology][Flow] Generating flow layout
[Topology][Flow] Nodes: 8
[Topology][Flow] Connections: 7
[Topology][Flow] Generating flow layout
[Topology][Flow] Nodes: 2
[Topology][Flow] Connections: 1
[Topology][Flow] Generating flow layout
[Topology][Flow] Nodes: 8
[Topology][Flow] Connections: 7
[Topology][Flow] Generating flow layout
[Topology][Flow] Nodes: 2
[Topology][Flow] Connections: 1
[Topology][Flow] Generating flow layout
[Topology][Flow] Nodes: 8
[Topology][Flow] Connections: 7
[Topology][Flow] Generating flow layout
[Topology][Flow] Nodes: 2
[Topology][Flow] Connections: 1
[Topology][Flow] Generating flow layout
[Topology][Flow] Nodes: 8
[Topology][Flow] Connections: 7
[Topology][Flow] Generating flow layout
[Topology][Flow] Nodes: 2
[Topology][Flow] Connections: 1
[Topology][Flow] Generating flow layout
[Topology][Flow] Nodes: 8
[Topology][Flow] Connections: 7
[Topology][Flow] Generating flow layout
[Topology][Flow] Nodes: 2
[Topology][Flow] Connections: 1
[Topology][Flow] Generating flow layout
[Topology][Flow] Nodes: 8
[Topology][Flow] Connections: 7
[Topology][Flow] Generating flow layout
[Topology][Flow] Nodes: 2
[Topology][Flow] Connections: 1
[Topology][Flow] Generating flow layout
[Topology][Flow] Nodes: 8
[Topology][Flow] Connections: 7
[Topology][Flow] Generating flow layout
[Topology][Flow] Nodes: 2
[Topology][Flow] Connections: 1
[Topology][Flow] Generating flow layout
[Topology][Flow] Nodes: 8
[Topology][Flow] Connections: 7
[Topology][Flow] Generating flow layout
[Topology][Flow] Nodes: 2
[Topology][Flow] Connections: 1
[Topology][Flow] Generating flow layout
[Topology][Flow] Nodes: 8
[Topology][Flow] Connections: 7
[Topology][Flow] Generating flow layout
[Topology][Flow] Nodes: 2
[Topology][Flow] Connections: 1
[Topology][Flow] Generating flow layout
[Topology][Flow] Nodes: 8
[Topology][Flow] Connections: 7
[Topology][Flow] Generating flow layout
[Topology][Flow] Nodes: 2
[Topology][Flow] Connections: 1
[Topology][Flow] Generating flow layout
[Topology][Flow] Nodes: 8
[Topology][Flow] Connections: 7
[Topology][Flow] Generating flow layout
[Topology][Flow] Nodes: 2
[Topology][Flow] Connections: 1
[Topology][Flow] Generating flow layout
[Topology][Flow] Nodes: 8
[Topology][Flow] Connections: 7
[Topology][Flow] Generating flow layout
[Topology][Flow] Nodes: 2
[Topology][Flow] Connections: 1
[Topology][Flow] Generating flow layout
[Topology][Flow] Nodes: 8
[Topology][Flow] Connections: 7
[Topology][Flow] Generating flow layout
[Topology][Flow] Nodes: 2
[Topology][Flow] Connections: 1
[Topology][Flow] Generating flow layout
[Topology][Flow] Nodes: 8
[Topology][Flow] Connections: 7
[Topology][Flow] Generating flow layout
[Topology][Flow] Nodes: 2
[Topology][Flow] Connections: 1
[Topology][Flow] Generating flow layout
[Topology][Flow] Nodes: 8
[Topology][Flow] Connections: 7
[Topology][Flow] Generating flow layout
[Topology][Flow] Nodes: 2
[Topology][Flow] Connections: 1
[Topology][Flow] Generating flow layout
[Topology][Flow] Nodes: 8
[Topology][Flow] Connections: 7
[Topology][Flow] Generating flow layout
[Topology][Flow] Nodes: 2
[Topology][Flow] Connections: 1
[Topology][Flow] Generating flow layout
[Topology][Flow] Nodes: 8
[Topology][Flow] Connections: 7
[Topology][Flow] Generating flow layout
[Topology][Flow] Nodes: 2
[Topology][Flow] Connections: 1
[Topology][Flow] Generating flow layout
[Topology][Flow] Nodes: 8
[Topology][Flow] Connections: 7
[Topology][Flow] Generating flow layout
[Topology][Flow] Nodes: 2
[Topology][Flow] Connections: 1
[Topology][Flow] Generating flow layout
[Topology][Flow] Nodes: 8
[Topology][Flow] Connections: 7
[Topology][Flow] Generating flow layout
[Topology][Flow] Nodes: 2
[Topology][Flow] Connections: 1
[Topology][Flow] Generating flow layout
[Topology][Flow] Nodes: 8
[Topology][Flow] Connections: 7
[Topology][Flow] Generating flow layout
[Topology][Flow] Nodes: 2
[Topology][Flow] Connections: 1
[Topology][Flow] Generating flow layout
[Topology][Flow] Nodes: 8
[Topology][Flow] Connections: 7
[Topology][Flow] Generating flow layout
[Topology][Flow] Nodes: 2
[Topology][Flow] Connections: 1
[Topology][Flow] Generating flow layout
[Topology][Flow] Nodes: 8
[Topology][Flow] Connections: 7
[Topology][Flow] Generating flow layout
[Topology][Flow] Nodes: 2
[Topology][Flow] Connections: 1
[Topology][Flow] Generating flow layout
[Topology][Flow] Nodes: 8
[Topology][Flow] Connections: 7
[Topology][Flow] Generating flow layout
[Topology][Flow] Nodes: 2
[Topology][Flow] Connections: 1
▶ NCA:7 End-to-End Conversation Orchestration
  ✔ identity does not create a seventh intelligence engine (0.979625ms)
  ✔ Collision A: NCA:3 ask beats provisional NCA:4 advice (247.058459ms)
  ✔ Collision B: EXPLAIN beats moderate NCA:5 initiative (131.772167ms)
  ✔ Collision C: Decision confirmation beats moderate initiative (0.33325ms)
  ✔ Collision D: material NCA:4 revision may be initiated (75.809542ms)
  ✔ Collision E: BRIEF still preserves uncertainty (41.222375ms)
  ✔ Collision F: locked entrance ownership is preserved (0.363875ms)
  ✔ Explain it keeps Capacity Gap (51.890958ms)
  ✔ short answer is not a new topic (39.646208ms)
  ✔ suspend and return restores Capacity (44.887875ms)
  ✔ conversation correction does not write business truth (43.725958ms)
  ✔ social turns do not commit Decision or Execution (32.129333ms)
  ✔ unsupported capability is not fabricated (14.416125ms)
  ✔ teaching Nexora is not a recommendation hijack (22.282583ms)
  ✔ object-generic subjects remain generic (39.129084ms)
  ✔ no demo sentence table in NCA:7 (0.686042ms)
  ✔ main multi-turn manager conversation stays one Nexora (453.2895ms)
  ✔ non-happy path stays graceful (244.198875ms)
  ✔ proactive path silences noise and can return on critical worsening (45.0885ms)
  ✔ trust path holds, stays, then revises without committing (67.67525ms)
  ✔ communication adaptation preserves meaning (80.681292ms)
  ✔ turn contract is attached and diagnostic-only (8.49575ms)
✔ NCA:7 End-to-End Conversation Orchestration (1687.890958ms)
[Topology][Flow] Generating flow layout
[Topology][Flow] Nodes: 8
[Topology][Flow] Connections: 7
[Topology][Hub] Generating hub layout
[Topology][Hub] Hub: Delivery
[Topology][Hub] Satellites: 5
[Topology][Hub] Connections: 5
[Topology][Flow] Generating flow layout
[Topology][Flow] Nodes: 8
[Topology][Flow] Connections: 7
[Topology][Flow] Generating flow layout
[Topology][Flow] Nodes: 2
[Topology][Flow] Connections: 1
[Topology][Flow] Generating flow layout
[Topology][Flow] Nodes: 8
[Topology][Flow] Connections: 7
[Topology][Flow] Generating flow layout
[Topology][Flow] Nodes: 2
[Topology][Flow] Connections: 1
[Topology][Flow] Generating flow layout
[Topology][Flow] Nodes: 8
[Topology][Flow] Connections: 7
[Topology][Flow] Generating flow layout
[Topology][Flow] Nodes: 2
[Topology][Flow] Connections: 1
[Topology][Flow] Generating flow layout
[Topology][Flow] Nodes: 8
[Topology][Flow] Connections: 7
[Topology][Flow] Generating flow layout
[Topology][Flow] Nodes: 2
[Topology][Flow] Connections: 1
[Topology][Flow] Generating flow layout
[Topology][Flow] Nodes: 8
[Topology][Flow] Connections: 7
[Topology][Hub] Generating hub layout
[Topology][Hub] Hub: Delivery
[Topology][Hub] Satellites: 5
[Topology][Hub] Connections: 5
[Topology][Flow] Generating flow layout
[Topology][Flow] Nodes: 8
[Topology][Flow] Connections: 7
[Topology][Hub] Generating hub layout
[Topology][Hub] Hub: Delivery
[Topology][Hub] Satellites: 5
[Topology][Hub] Connections: 5
[Topology][Flow] Generating flow layout
[Topology][Flow] Nodes: 8
[Topology][Flow] Connections: 7
[Topology][Hub] Generating hub layout
[Topology][Hub] Hub: Delivery
[Topology][Hub] Satellites: 5
[Topology][Hub] Connections: 5
[Topology][Flow] Generating flow layout
[Topology][Flow] Nodes: 8
[Topology][Flow] Connections: 7
[Topology][Hub] Generating hub layout
[Topology][Hub] Hub: Delivery
[Topology][Hub] Satellites: 5
[Topology][Hub] Connections: 5
[Topology][Flow] Generating flow layout
[Topology][Flow] Nodes: 8
[Topology][Flow] Connections: 7
[Topology][Flow] Generating flow layout
[Topology][Flow] Nodes: 2
[Topology][Flow] Connections: 1
[Topology][Flow] Generating flow layout
[Topology][Flow] Nodes: 8
[Topology][Flow] Connections: 7
[Topology][Flow] Generating flow layout
[Topology][Flow] Nodes: 2
[Topology][Flow] Connections: 1
[Topology][Flow] Generating flow layout
[Topology][Flow] Nodes: 8
[Topology][Flow] Connections: 7
[Topology][Hub] Generating hub layout
[Topology][Hub] Hub: Delivery
[Topology][Hub] Satellites: 5
[Topology][Hub] Connections: 5
[Topology][Flow] Generating flow layout
[Topology][Flow] Nodes: 8
[Topology][Flow] Connections: 7
[Topology][Hub] Generating hub layout
[Topology][Hub] Hub: Delivery
[Topology][Hub] Satellites: 5
[Topology][Hub] Connections: 5
[Topology][Flow] Generating flow layout
[Topology][Flow] Nodes: 8
[Topology][Flow] Connections: 7
[Topology][Hub] Generating hub layout
[Topology][Hub] Hub: Delivery
[Topology][Hub] Satellites: 5
[Topology][Hub] Connections: 5
[Topology][Flow] Generating flow layout
[Topology][Flow] Nodes: 8
[Topology][Flow] Connections: 7
[Topology][Hub] Generating hub layout
[Topology][Hub] Hub: Delivery
[Topology][Hub] Satellites: 5
[Topology][Hub] Connections: 5
[Topology][Flow] Generating flow layout
[Topology][Flow] Nodes: 8
[Topology][Flow] Connections: 7
[Topology][Hub] Generating hub layout
[Topology][Hub] Hub: Delivery
[Topology][Hub] Satellites: 5
[Topology][Hub] Connections: 5
[Topology][Flow] Generating flow layout
[Topology][Flow] Nodes: 8
[Topology][Flow] Connections: 7
[Topology][Hub] Generating hub layout
[Topology][Hub] Hub: Delivery
[Topology][Hub] Satellites: 5
[Topology][Hub] Connections: 5
[Topology][Flow] Generating flow layout
[Topology][Flow] Nodes: 8
[Topology][Flow] Connections: 7
[Topology][Flow] Generating flow layout
[Topology][Flow] Nodes: 2
[Topology][Flow] Connections: 1
[Topology][Flow] Generating flow layout
[Topology][Flow] Nodes: 8
[Topology][Flow] Connections: 7
[Topology][Flow] Generating flow layout
[Topology][Flow] Nodes: 2
[Topology][Flow] Connections: 1
[Topology][Flow] Generating flow layout
[Topology][Flow] Nodes: 8
[Topology][Flow] Connections: 7
[Topology][Flow] Generating flow layout
[Topology][Flow] Nodes: 2
[Topology][Flow] Connections: 1
[Topology][Flow] Generating flow layout
[Topology][Flow] Nodes: 8
[Topology][Flow] Connections: 7
[Topology][Flow] Generating flow layout
[Topology][Flow] Nodes: 2
[Topology][Flow] Connections: 1
[Topology][Flow] Generating flow layout
[Topology][Flow] Nodes: 8
[Topology][Flow] Connections: 7
[Topology][Flow] Generating flow layout
[Topology][Flow] Nodes: 2
[Topology][Flow] Connections: 1
[Topology][Flow] Generating flow layout
[Topology][Flow] Nodes: 8
[Topology][Flow] Connections: 7
[Topology][Hub] Generating hub layout
[Topology][Hub] Hub: Delivery
[Topology][Hub] Satellites: 5
[Topology][Hub] Connections: 5
[Topology][Flow] Generating flow layout
[Topology][Flow] Nodes: 8
[Topology][Flow] Connections: 7
[Topology][Hub] Generating hub layout
[Topology][Hub] Hub: Delivery
[Topology][Hub] Satellites: 5
[Topology][Hub] Connections: 5
[Topology][Flow] Generating flow layout
[Topology][Flow] Nodes: 8
[Topology][Flow] Connections: 7
[Topology][Hub] Generating hub layout
[Topology][Hub] Hub: Delivery
[Topology][Hub] Satellites: 5
[Topology][Hub] Connections: 5
[Topology][Flow] Generating flow layout
[Topology][Flow] Nodes: 8
[Topology][Flow] Connections: 7
[Topology][Hub] Generating hub layout
[Topology][Hub] Hub: Delivery
[Topology][Hub] Satellites: 5
[Topology][Hub] Connections: 5
[Topology][Flow] Generating flow layout
[Topology][Flow] Nodes: 8
[Topology][Flow] Connections: 7
[Topology][Hub] Generating hub layout
[Topology][Hub] Hub: Delivery
[Topology][Hub] Satellites: 5
[Topology][Hub] Connections: 5
[Topology][Flow] Generating flow layout
[Topology][Flow] Nodes: 8
[Topology][Flow] Connections: 7
[Topology][Hub] Generating hub layout
[Topology][Hub] Hub: Delivery
[Topology][Hub] Satellites: 5
[Topology][Hub] Connections: 5
▶ NCA-POST:1 Natural language recovery
  ✔ owns the post-NCA recovery identity without creating NCA:8 (0.929459ms)
  ✔ resolves exact, article, case, punctuation, typo, and alias references (4.619625ms)
  ✔ keeps Capacity Gap distinct from Capacity and fails low-confidence tokens (0.961292ms)
  ✔ asks when two registered names are equally plausible (0.20625ms)
  ✔ composes needs with typos across show, explain, and what-if (446.368625ms)
  ✔ anchors why? to a genuine failed turn instead of the older Risk thread (98.77375ms)
  ✔ repairs an ambiguous pending choice from a short reply (48.165083ms)
  ✔ keeps the prior business thread after abandoning a failed repair (110.755625ms)
  ✔ does not prepend journey-process initiative onto show Delivery (24.587458ms)
  ✔ still surfaces a material business initiative when policy justifies it (0.511792ms)
  ✔ keeps ordinary manager language leak-free and permits explicit technical mode (25.268125ms)
  ✔ treats natural what-if grammar as the same projection family (42.442708ms)
  ✔ reproduces the original failure path without the old defects (109.457625ms)
✔ NCA-POST:1 Natural language recovery (914.62025ms)
[Topology][Flow] Generating flow layout
[Topology][Flow] Nodes: 8
[Topology][Flow] Connections: 7
[Topology][Flow] Generating flow layout
[Topology][Flow] Nodes: 2
[Topology][Flow] Connections: 1
[Topology][Flow] Generating flow layout
[Topology][Flow] Nodes: 8
[Topology][Flow] Connections: 7
[Topology][Flow] Generating flow layout
[Topology][Flow] Nodes: 2
[Topology][Flow] Connections: 1
[Topology][Flow] Generating flow layout
[Topology][Flow] Nodes: 8
[Topology][Flow] Connections: 7
[Topology][Flow] Generating flow layout
[Topology][Flow] Nodes: 2
[Topology][Flow] Connections: 1
[Topology][Flow] Generating flow layout
[Topology][Flow] Nodes: 8
[Topology][Flow] Connections: 7
[Topology][Flow] Generating flow layout
[Topology][Flow] Nodes: 2
[Topology][Flow] Connections: 1
[Topology][Flow] Generating flow layout
[Topology][Flow] Nodes: 8
[Topology][Flow] Connections: 7
[Topology][Flow] Generating flow layout
[Topology][Flow] Nodes: 2
[Topology][Flow] Connections: 1
[Topology][Flow] Generating flow layout
[Topology][Flow] Nodes: 8
[Topology][Flow] Connections: 7
[Topology][Flow] Generating flow layout
[Topology][Flow] Nodes: 2
[Topology][Flow] Connections: 1
[Topology][Flow] Generating flow layout
[Topology][Flow] Nodes: 8
[Topology][Flow] Connections: 7
[Topology][Hub] Generating hub layout
[Topology][Hub] Hub: Delivery
[Topology][Hub] Satellites: 5
[Topology][Hub] Connections: 5
[Topology][Flow] Generating flow layout
[Topology][Flow] Nodes: 8
[Topology][Flow] Connections: 7
[Topology][Hub] Generating hub layout
[Topology][Hub] Hub: Delivery
[Topology][Hub] Satellites: 5
[Topology][Hub] Connections: 5
[Topology][Flow] Generating flow layout
[Topology][Flow] Nodes: 8
[Topology][Flow] Connections: 7
[Topology][Flow] Generating flow layout
[Topology][Flow] Nodes: 2
[Topology][Flow] Connections: 1
[Topology][Flow] Generating flow layout
[Topology][Flow] Nodes: 8
[Topology][Flow] Connections: 7
[Topology][Flow] Generating flow layout
[Topology][Flow] Nodes: 2
[Topology][Flow] Connections: 1
[Topology][Flow] Generating flow layout
[Topology][Flow] Nodes: 8
[Topology][Flow] Connections: 7
[Topology][Flow] Generating flow layout
[Topology][Flow] Nodes: 2
[Topology][Flow] Connections: 1
[Topology][Flow] Generating flow layout
[Topology][Flow] Nodes: 8
[Topology][Flow] Connections: 7
[Topology][Flow] Generating flow layout
[Topology][Flow] Nodes: 2
[Topology][Flow] Connections: 1
[Topology][Flow] Generating flow layout
[Topology][Flow] Nodes: 8
[Topology][Flow] Connections: 7
[Topology][Flow] Generating flow layout
[Topology][Flow] Nodes: 2
[Topology][Flow] Connections: 1
▶ NCA-POST:2 Manager assertions, pending questions, collections
  ✔ owns identity without creating NCA:8 (0.814042ms)
  ✔ A command vs B assertion vs C question vs D numeric vs E correction vs F preference (31.69675ms)
  ✔ does not navigate on a copular observation (170.177667ms)
  ✔ binds polar answers to the latest compatible question purpose (0.910708ms)
  ✔ does not treat expired questions as answerable (0.146291ms)
  ✔ recognizes collection queries instead of All Problems object lookup (61.751708ms)
  ✔ returns a valid empty collection, not an unresolved object (0.120875ms)
  ✔ preserves collection ordinals (93.473333ms)
  ✔ keeps ordinary greeting silent (40.859834ms)
  ✔ still allows critical greeting initiative (0.486833ms)
  ✔ removes tautological attention copy (71.301667ms)
  ✔ walks the original path without the five observed defects (70.197167ms)
  ✔ keeps manager observation separate from authoritative data (0.221042ms)
✔ NCA-POST:2 Manager assertions, pending questions, collections (544.355666ms)
[Topology][Flow] Generating flow layout
[Topology][Flow] Nodes: 8
[Topology][Flow] Connections: 7
[Topology][Flow] Generating flow layout
[Topology][Flow] Nodes: 2
[Topology][Flow] Connections: 1
[Topology][Flow] Generating flow layout
[Topology][Flow] Nodes: 8
[Topology][Flow] Connections: 7
[Topology][Flow] Generating flow layout
[Topology][Flow] Nodes: 2
[Topology][Flow] Connections: 1
[Topology][Flow] Generating flow layout
[Topology][Flow] Nodes: 8
[Topology][Flow] Connections: 7
[Topology][Flow] Generating flow layout
[Topology][Flow] Nodes: 2
[Topology][Flow] Connections: 1
[Topology][Flow] Generating flow layout
[Topology][Flow] Nodes: 8
[Topology][Flow] Connections: 7
[Topology][Flow] Generating flow layout
[Topology][Flow] Nodes: 2
[Topology][Flow] Connections: 1
[Topology][Flow] Generating flow layout
[Topology][Flow] Nodes: 8
[Topology][Flow] Connections: 7
[Topology][Flow] Generating flow layout
[Topology][Flow] Nodes: 2
[Topology][Flow] Connections: 1
[Topology][Flow] Generating flow layout
[Topology][Flow] Nodes: 8
[Topology][Flow] Connections: 7
[Topology][Flow] Generating flow layout
[Topology][Flow] Nodes: 2
[Topology][Flow] Connections: 1
[Topology][Flow] Generating flow layout
[Topology][Flow] Nodes: 8
[Topology][Flow] Connections: 7
[Topology][Flow] Generating flow layout
[Topology][Flow] Nodes: 2
[Topology][Flow] Connections: 1
[Topology][Flow] Generating flow layout
[Topology][Flow] Nodes: 8
[Topology][Flow] Connections: 7
[Topology][Flow] Generating flow layout
[Topology][Flow] Nodes: 2
[Topology][Flow] Connections: 1
[Topology][Flow] Generating flow layout
[Topology][Flow] Nodes: 8
[Topology][Flow] Connections: 7
[Topology][Flow] Generating flow layout
[Topology][Flow] Nodes: 2
[Topology][Flow] Connections: 1
[Topology][Flow] Generating flow layout
[Topology][Flow] Nodes: 8
[Topology][Flow] Connections: 7
[Topology][Flow] Generating flow layout
[Topology][Flow] Nodes: 2
[Topology][Flow] Connections: 1
[Topology][Flow] Generating flow layout
[Topology][Flow] Nodes: 8
[Topology][Flow] Connections: 7
[Topology][Hub] Generating hub layout
[Topology][Hub] Hub: Delivery
[Topology][Hub] Satellites: 5
[Topology][Hub] Connections: 5
[Topology][Flow] Generating flow layout
[Topology][Flow] Nodes: 8
[Topology][Flow] Connections: 7
[Topology][Flow] Generating flow layout
[Topology][Flow] Nodes: 2
[Topology][Flow] Connections: 1
[Topology][Flow] Generating flow layout
[Topology][Flow] Nodes: 8
[Topology][Flow] Connections: 7
[Topology][Flow] Generating flow layout
[Topology][Flow] Nodes: 2
[Topology][Flow] Connections: 1
[Topology][Flow] Generating flow layout
[Topology][Flow] Nodes: 8
[Topology][Flow] Connections: 7
[Topology][Flow] Generating flow layout
[Topology][Flow] Nodes: 2
[Topology][Flow] Connections: 1
[Topology][Flow] Generating flow layout
[Topology][Flow] Nodes: 8
[Topology][Flow] Connections: 7
[Topology][Flow] Generating flow layout
[Topology][Flow] Nodes: 2
[Topology][Flow] Connections: 1
[Topology][Flow] Generating flow layout
[Topology][Flow] Nodes: 8
[Topology][Flow] Connections: 7
[Topology][Flow] Generating flow layout
[Topology][Flow] Nodes: 2
[Topology][Flow] Connections: 1
[Topology][Flow] Generating flow layout
[Topology][Flow] Nodes: 8
[Topology][Flow] Connections: 7
[Topology][Flow] Generating flow layout
[Topology][Flow] Nodes: 2
[Topology][Flow] Connections: 1
[Topology][Flow] Generating flow layout
[Topology][Flow] Nodes: 8
[Topology][Flow] Connections: 7
[Topology][Flow] Generating flow layout
[Topology][Flow] Nodes: 2
[Topology][Flow] Connections: 1
[Topology][Flow] Generating flow layout
[Topology][Flow] Nodes: 8
[Topology][Flow] Connections: 7
[Topology][Flow] Generating flow layout
[Topology][Flow] Nodes: 2
[Topology][Flow] Connections: 1
[Topology][Flow] Generating flow layout
[Topology][Flow] Nodes: 8
[Topology][Flow] Connections: 7
[Topology][Flow] Generating flow layout
[Topology][Flow] Nodes: 2
[Topology][Flow] Connections: 1
[Topology][Flow] Generating flow layout
[Topology][Flow] Nodes: 8
[Topology][Flow] Connections: 7
[Topology][Flow] Generating flow layout
[Topology][Flow] Nodes: 2
[Topology][Flow] Connections: 1
[Topology][Flow] Generating flow layout
[Topology][Flow] Nodes: 8
[Topology][Flow] Connections: 7
[Topology][Flow] Generating flow layout
[Topology][Flow] Nodes: 2
[Topology][Flow] Connections: 1
[Topology][Flow] Generating flow layout
[Topology][Flow] Nodes: 8
[Topology][Flow] Connections: 7
[Topology][Flow] Generating flow layout
[Topology][Flow] Nodes: 2
[Topology][Flow] Connections: 1
[Topology][Flow] Generating flow layout
[Topology][Flow] Nodes: 8
[Topology][Flow] Connections: 7
[Topology][Flow] Generating flow layout
[Topology][Flow] Nodes: 2
[Topology][Flow] Connections: 1
[Topology][Flow] Generating flow layout
[Topology][Flow] Nodes: 8
[Topology][Flow] Connections: 7
[Topology][Flow] Generating flow layout
[Topology][Flow] Nodes: 2
[Topology][Flow] Connections: 1
[Topology][Flow] Generating flow layout
[Topology][Flow] Nodes: 8
[Topology][Flow] Connections: 7
[Topology][Flow] Generating flow layout
[Topology][Flow] Nodes: 2
[Topology][Flow] Connections: 1
[Topology][Flow] Generating flow layout
[Topology][Flow] Nodes: 8
[Topology][Flow] Connections: 7
[Topology][Flow] Generating flow layout
[Topology][Flow] Nodes: 2
[Topology][Flow] Connections: 1
[Topology][Flow] Generating flow layout
[Topology][Flow] Nodes: 8
[Topology][Flow] Connections: 7
[Topology][Flow] Generating flow layout
[Topology][Flow] Nodes: 2
[Topology][Flow] Connections: 1
▶ NCA-POST:3 Semantic scope, multi-entity, collections, workspace
  ✔ owns identity without creating NCA:8 (1.019875ms)
  ✔ classifies semantic scopes (3.400583ms)
  ✔ keeps both relationship references (194.5125ms)
  ✔ does not ask for a business outcome on product and workspace turns (93.62025ms)
  ✔ evaluates conditionals from existing context (21.211083ms)
  ✔ treats multi-entity classification as assertion, not navigation (15.960875ms)
  ✔ returns canonical Problems membership for unfiltered collection queries (38.735458ms)
  ✔ keeps ALL unfiltered when a conversational subject is active (42.867875ms)
  ✔ filters only when related-to is explicit (14.5775ms)
  ✔ explains collection change without investigation collision (41.691875ms)
  ✔ answers product capability honestly (21.55875ms)
  ✔ explains Stage and reads workspace state (15.637416ms)
  ✔ answers Stage questions from the current semantic snapshot without implying causality (1.497542ms)
  ✔ does not invent a missing relationship or claim causality (11.839834ms)
  ✔ uses the same canonical queue membership for Risks as objects labeled Risk (0.406ms)
  ✔ preserves business thread across a product question (47.454459ms)
  ✔ keeps ambiguous judgment follow-ups inside the active Problems collection (43.387ms)
  ✔ lets explicit collection presentation supersede focus and describes its members (62.995333ms)
✔ NCA-POST:3 Semantic scope, multi-entity, collections, workspace (674.596667ms)
✔ active Problems collection outranks stale Demand Surge advisory context (2.76175ms)
✔ explicit references outrank an active collection (0.862208ms)
✔ current compatible collection wins in both direction changes (0.3905ms)
✔ semantic modes and criteria remain distinct (0.270625ms)
✔ materially ambiguous importance remains unresolved until a criterion is established (0.271667ms)
✔ a pending criterion token stays comparison even if upstream intent looks like focus (0.448125ms)
✔ an established comparison criterion resolves otherwise ambiguous follow-up wording (0.385708ms)
✔ why and criterion shift reuse active comparison candidates (0.347708ms)
✔ empty and one-member sets never borrow stale history (0.230083ms)
✔ ambiguous priority follow-ups retain an active collection despite upstream focus or explain labels (0.212ms)
✔ plain navigation does not become comparison merely because a collection exists (0.093708ms)
[Topology][Flow] Generating flow layout
[Topology][Flow] Nodes: 8
[Topology][Flow] Connections: 7
[Topology][Flow] Generating flow layout
[Topology][Flow] Nodes: 2
[Topology][Flow] Connections: 1
[Topology][Flow] Generating flow layout
[Topology][Flow] Nodes: 8
[Topology][Flow] Connections: 7
[Topology][Flow] Generating flow layout
[Topology][Flow] Nodes: 2
[Topology][Flow] Connections: 1
[Topology][Flow] Generating flow layout
[Topology][Flow] Nodes: 8
[Topology][Flow] Connections: 7
[Topology][Hub] Generating hub layout
[Topology][Hub] Hub: Delivery
[Topology][Hub] Satellites: 5
[Topology][Hub] Connections: 5
[Topology][Flow] Generating flow layout
[Topology][Flow] Nodes: 8
[Topology][Flow] Connections: 7
[Topology][Hub] Generating hub layout
[Topology][Hub] Hub: Delivery
[Topology][Hub] Satellites: 5
[Topology][Hub] Connections: 5
[Topology][Flow] Generating flow layout
[Topology][Flow] Nodes: 8
[Topology][Flow] Connections: 7
[Topology][Hub] Generating hub layout
[Topology][Hub] Hub: Delivery
[Topology][Hub] Satellites: 5
[Topology][Hub] Connections: 5
[Topology][Flow] Generating flow layout
[Topology][Flow] Nodes: 8
[Topology][Flow] Connections: 7
[Topology][Hub] Generating hub layout
[Topology][Hub] Hub: Delivery
[Topology][Hub] Satellites: 5
[Topology][Hub] Connections: 5
[Topology][Flow] Generating flow layout
[Topology][Flow] Nodes: 8
[Topology][Flow] Connections: 7
[Topology][Hub] Generating hub layout
[Topology][Hub] Hub: Delivery
[Topology][Hub] Satellites: 5
[Topology][Hub] Connections: 5
[Topology][Flow] Generating flow layout
[Topology][Flow] Nodes: 8
[Topology][Flow] Connections: 7
[Topology][Hub] Generating hub layout
[Topology][Hub] Hub: Delivery
[Topology][Hub] Satellites: 5
[Topology][Hub] Connections: 5
[Topology][Flow] Generating flow layout
[Topology][Flow] Nodes: 8
[Topology][Flow] Connections: 7
[Topology][Hub] Generating hub layout
[Topology][Hub] Hub: Delivery
[Topology][Hub] Satellites: 5
[Topology][Hub] Connections: 5
[Topology][Flow] Generating flow layout
[Topology][Flow] Nodes: 8
[Topology][Flow] Connections: 7
[Topology][Hub] Generating hub layout
[Topology][Hub] Hub: Delivery
[Topology][Hub] Satellites: 5
[Topology][Hub] Connections: 5
[Topology][Flow] Generating flow layout
[Topology][Flow] Nodes: 8
[Topology][Flow] Connections: 7
[Topology][Hub] Generating hub layout
[Topology][Hub] Hub: Delivery
[Topology][Hub] Satellites: 5
[Topology][Hub] Connections: 5
[Topology][Flow] Generating flow layout
[Topology][Flow] Nodes: 8
[Topology][Flow] Connections: 7
[Topology][Flow] Generating flow layout
[Topology][Flow] Nodes: 2
[Topology][Flow] Connections: 1
[Topology][Flow] Generating flow layout
[Topology][Flow] Nodes: 8
[Topology][Flow] Connections: 7
[Topology][Flow] Generating flow layout
[Topology][Flow] Nodes: 2
[Topology][Flow] Connections: 1
[Topology][Flow] Generating flow layout
[Topology][Flow] Nodes: 8
[Topology][Flow] Connections: 7
[Topology][Flow] Generating flow layout
[Topology][Flow] Nodes: 2
[Topology][Flow] Connections: 1
[Topology][Flow] Generating flow layout
[Topology][Flow] Nodes: 8
[Topology][Flow] Connections: 7
[Topology][Flow] Generating flow layout
[Topology][Flow] Nodes: 2
[Topology][Flow] Connections: 1
[Topology][Flow] Generating flow layout
[Topology][Flow] Nodes: 8
[Topology][Flow] Connections: 7
[Topology][Flow] Generating flow layout
[Topology][Flow] Nodes: 2
[Topology][Flow] Connections: 1
[Topology][Flow] Generating flow layout
[Topology][Flow] Nodes: 8
[Topology][Flow] Connections: 7
[Topology][Flow] Generating flow layout
[Topology][Flow] Nodes: 2
[Topology][Flow] Connections: 1
▶ NXA:1 Executive Decision Advisor contract
  ✔ declares one policy identity over existing authorities (10.592625ms)
  ✔ knowledge need outranks recognized object and does not navigate (170.470583ms)
  ✔ explicit navigation remains authorized (64.112083ms)
  ✔ pronoun follow-up preserves Delivery (80.729ms)
  ✔ investigation and advice preserve evidence limits (73.322042ms)
  ✔ rejects unsupported causal certainty (38.149834ms)
  ✔ teaches how Nexora helps without architecture leakage (50.648ms)
  ✔ keeps the active Problem collection for prioritization (42.530667ms)
  ✔ is generic across registered executive objects (44.870917ms)
✔ NXA:1 Executive Decision Advisor contract (576.845583ms)
[Topology][Flow] Generating flow layout
[Topology][Flow] Nodes: 8
[Topology][Flow] Connections: 7
[Topology][Flow] Generating flow layout
[Topology][Flow] Nodes: 2
[Topology][Flow] Connections: 1
[Topology][Flow] Generating flow layout
[Topology][Flow] Nodes: 8
[Topology][Flow] Connections: 7
[Topology][Flow] Generating flow layout
[Topology][Flow] Nodes: 2
[Topology][Flow] Connections: 1
[Topology][Flow] Generating flow layout
[Topology][Flow] Nodes: 8
[Topology][Flow] Connections: 7
[Topology][Hub] Generating hub layout
[Topology][Hub] Hub: Delivery
[Topology][Hub] Satellites: 5
[Topology][Hub] Connections: 5
[Topology][Flow] Generating flow layout
[Topology][Flow] Nodes: 8
[Topology][Flow] Connections: 7
[Topology][Hub] Generating hub layout
[Topology][Hub] Hub: Delivery
[Topology][Hub] Satellites: 5
[Topology][Hub] Connections: 5
[Topology][Flow] Generating flow layout
[Topology][Flow] Nodes: 8
[Topology][Flow] Connections: 7
[Topology][Hub] Generating hub layout
[Topology][Hub] Hub: Delivery
[Topology][Hub] Satellites: 5
[Topology][Hub] Connections: 5
[Topology][Flow] Generating flow layout
[Topology][Flow] Nodes: 8
[Topology][Flow] Connections: 7
[Topology][Hub] Generating hub layout
[Topology][Hub] Hub: Delivery
[Topology][Hub] Satellites: 5
[Topology][Hub] Connections: 5
[Topology][Flow] Generating flow layout
[Topology][Flow] Nodes: 8
[Topology][Flow] Connections: 7
[Topology][Hub] Generating hub layout
[Topology][Hub] Hub: Delivery
[Topology][Hub] Satellites: 5
[Topology][Hub] Connections: 5
[Topology][Flow] Generating flow layout
[Topology][Flow] Nodes: 8
[Topology][Flow] Connections: 7
[Topology][Hub] Generating hub layout
[Topology][Hub] Hub: Delivery
[Topology][Hub] Satellites: 5
[Topology][Hub] Connections: 5
[Topology][Flow] Generating flow layout
[Topology][Flow] Nodes: 8
[Topology][Flow] Connections: 7
[Topology][Flow] Generating flow layout
[Topology][Flow] Nodes: 2
[Topology][Flow] Connections: 1
[Topology][Flow] Generating flow layout
[Topology][Flow] Nodes: 8
[Topology][Flow] Connections: 7
[Topology][Flow] Generating flow layout
[Topology][Flow] Nodes: 2
[Topology][Flow] Connections: 1
[Topology][Flow] Generating flow layout
[Topology][Flow] Nodes: 8
[Topology][Flow] Connections: 7
[Topology][Hub] Generating hub layout
[Topology][Hub] Hub: Delivery
[Topology][Hub] Satellites: 5
[Topology][Hub] Connections: 5
[Topology][Flow] Generating flow layout
[Topology][Flow] Nodes: 8
[Topology][Flow] Connections: 7
[Topology][Hub] Generating hub layout
[Topology][Hub] Hub: Delivery
[Topology][Hub] Satellites: 5
[Topology][Hub] Connections: 5
[Topology][Flow] Generating flow layout
[Topology][Flow] Nodes: 8
[Topology][Flow] Connections: 7
[Topology][Hub] Generating hub layout
[Topology][Hub] Hub: Delivery
[Topology][Hub] Satellites: 5
[Topology][Hub] Connections: 5
[Topology][Flow] Generating flow layout
[Topology][Flow] Nodes: 8
[Topology][Flow] Connections: 7
[Topology][Hub] Generating hub layout
[Topology][Hub] Hub: Delivery
[Topology][Hub] Satellites: 5
[Topology][Hub] Connections: 5
[Topology][Flow] Generating flow layout
[Topology][Flow] Nodes: 8
[Topology][Flow] Connections: 7
[Topology][Hub] Generating hub layout
[Topology][Hub] Hub: Delivery
[Topology][Hub] Satellites: 5
[Topology][Hub] Connections: 5
[Topology][Flow] Generating flow layout
[Topology][Flow] Nodes: 8
[Topology][Flow] Connections: 7
[Topology][Flow] Generating flow layout
[Topology][Flow] Nodes: 2
[Topology][Flow] Connections: 1
[Topology][Flow] Generating flow layout
[Topology][Flow] Nodes: 8
[Topology][Flow] Connections: 7
[Topology][Flow] Generating flow layout
[Topology][Flow] Nodes: 2
[Topology][Flow] Connections: 1
[Topology][Flow] Generating flow layout
[Topology][Flow] Nodes: 8
[Topology][Flow] Connections: 7
[Topology][Hub] Generating hub layout
[Topology][Hub] Hub: Delivery
[Topology][Hub] Satellites: 5
[Topology][Hub] Connections: 5
[Topology][Flow] Generating flow layout
[Topology][Flow] Nodes: 8
[Topology][Flow] Connections: 7
[Topology][Hub] Generating hub layout
[Topology][Hub] Hub: Delivery
[Topology][Hub] Satellites: 5
[Topology][Hub] Connections: 5
[Topology][Flow] Generating flow layout
[Topology][Flow] Nodes: 8
[Topology][Flow] Connections: 7
[Topology][Hub] Generating hub layout
[Topology][Hub] Hub: Delivery
[Topology][Hub] Satellites: 5
[Topology][Hub] Connections: 5
[Topology][Flow] Generating flow layout
[Topology][Flow] Nodes: 8
[Topology][Flow] Connections: 7
[Topology][Hub] Generating hub layout
[Topology][Hub] Hub: Delivery
[Topology][Hub] Satellites: 5
[Topology][Hub] Connections: 5
[Topology][Flow] Generating flow layout
[Topology][Flow] Nodes: 8
[Topology][Flow] Connections: 7
[Topology][Hub] Generating hub layout
[Topology][Hub] Hub: Delivery
[Topology][Hub] Satellites: 5
[Topology][Hub] Connections: 5
[Topology][Flow] Generating flow layout
[Topology][Flow] Nodes: 8
[Topology][Flow] Connections: 7
[Topology][Flow] Generating flow layout
[Topology][Flow] Nodes: 2
[Topology][Flow] Connections: 1
[Topology][Flow] Generating flow layout
[Topology][Flow] Nodes: 8
[Topology][Flow] Connections: 7
[Topology][Flow] Generating flow layout
[Topology][Flow] Nodes: 2
[Topology][Flow] Connections: 1
[Topology][Flow] Generating flow layout
[Topology][Flow] Nodes: 8
[Topology][Flow] Connections: 7
[Topology][Flow] Generating flow layout
[Topology][Flow] Nodes: 2
[Topology][Flow] Connections: 1
[Topology][Flow] Generating flow layout
[Topology][Flow] Nodes: 8
[Topology][Flow] Connections: 7
[Topology][Flow] Generating flow layout
[Topology][Flow] Nodes: 2
[Topology][Flow] Connections: 1
[Topology][Flow] Generating flow layout
[Topology][Flow] Nodes: 8
[Topology][Flow] Connections: 7
[Topology][Flow] Generating flow layout
[Topology][Flow] Nodes: 2
[Topology][Flow] Connections: 1
▶ NXA:2 Executive Conversation Guidance
  ✔ is a policy projection over existing authorities (0.982792ms)
  ✔ A direct knowledge question selects ANSWER without a question (205.305834ms)
  ✔ B vague performance goal asks one high-value goal question (57.372292ms)
  ✔ C existing Delivery target is used and not requested again (91.668333ms)
  ✔ D advice is contextual and actionable (38.159959ms)
  ✔ E unsupported certainty selects CHALLENGE and preserves authority (39.234958ms)
  ✔ F explicit manager override is respected (32.771417ms)
  ✔ G Why deepens advice without resetting the recommendation (74.49225ms)
  ✔ H manager uncertainty selects contextual GUIDE (31.245458ms)
  ✔ I contextual education teaches through the active object (20.674666ms)
  ✔ J closure selects WAIT without workflow pressure (31.150958ms)
  ✔ K readiness stays behind existing commitment authority (45.309292ms)
  ✔ L guidance remains object-generic (47.050084ms)
✔ NXA:2 Executive Conversation Guidance (717.094292ms)
[Topology][Flow] Generating flow layout
[Topology][Flow] Nodes: 8
[Topology][Flow] Connections: 7
[Topology][Flow] Generating flow layout
[Topology][Flow] Nodes: 2
[Topology][Flow] Connections: 1
[Topology][Flow] Generating flow layout
[Topology][Flow] Nodes: 8
[Topology][Flow] Connections: 7
[Topology][Hub] Generating hub layout
[Topology][Hub] Hub: Capacity
[Topology][Hub] Satellites: 5
[Topology][Hub] Connections: 5
[Topology][Flow] Generating flow layout
[Topology][Flow] Nodes: 8
[Topology][Flow] Connections: 7
[Topology][Hub] Generating hub layout
[Topology][Hub] Hub: Capacity
[Topology][Hub] Satellites: 5
[Topology][Hub] Connections: 5
[Topology][Flow] Generating flow layout
[Topology][Flow] Nodes: 8
[Topology][Flow] Connections: 7
[Topology][Hub] Generating hub layout
[Topology][Hub] Hub: Delivery
[Topology][Hub] Satellites: 5
[Topology][Hub] Connections: 5
[Topology][Flow] Generating flow layout
[Topology][Flow] Nodes: 8
[Topology][Flow] Connections: 7
[Topology][Flow] Generating flow layout
[Topology][Flow] Nodes: 2
[Topology][Flow] Connections: 1
[Topology][Flow] Generating flow layout
[Topology][Flow] Nodes: 8
[Topology][Flow] Connections: 7
[Topology][Flow] Generating flow layout
[Topology][Flow] Nodes: 2
[Topology][Flow] Connections: 1
[Topology][Flow] Generating flow layout
[Topology][Flow] Nodes: 8
[Topology][Flow] Connections: 7
[Topology][Flow] Generating flow layout
[Topology][Flow] Nodes: 2
[Topology][Flow] Connections: 1
[Topology][Flow] Generating flow layout
[Topology][Flow] Nodes: 8
[Topology][Flow] Connections: 7
[Topology][Flow] Generating flow layout
[Topology][Flow] Nodes: 2
[Topology][Flow] Connections: 1
[Topology][Flow] Generating flow layout
[Topology][Flow] Nodes: 8
[Topology][Flow] Connections: 7
[Topology][Hub] Generating hub layout
[Topology][Hub] Hub: Delivery
[Topology][Hub] Satellites: 5
[Topology][Hub] Connections: 5
[Topology][Flow] Generating flow layout
[Topology][Flow] Nodes: 8
[Topology][Flow] Connections: 7
[Topology][Hub] Generating hub layout
[Topology][Hub] Hub: Delivery
[Topology][Hub] Satellites: 5
[Topology][Hub] Connections: 5
[Topology][Flow] Generating flow layout
[Topology][Flow] Nodes: 8
[Topology][Flow] Connections: 7
[Topology][Flow] Generating flow layout
[Topology][Flow] Nodes: 2
[Topology][Flow] Connections: 1
[Topology][Flow] Generating flow layout
[Topology][Flow] Nodes: 8
[Topology][Flow] Connections: 7
[Topology][Flow] Generating flow layout
[Topology][Flow] Nodes: 2
[Topology][Flow] Connections: 1
[Topology][Flow] Generating flow layout
[Topology][Flow] Nodes: 8
[Topology][Flow] Connections: 7
[Topology][Flow] Generating flow layout
[Topology][Flow] Nodes: 2
[Topology][Flow] Connections: 1
[Topology][Flow] Generating flow layout
[Topology][Flow] Nodes: 8
[Topology][Flow] Connections: 7
[Topology][Flow] Generating flow layout
[Topology][Flow] Nodes: 2
[Topology][Flow] Connections: 1
[Topology][Flow] Generating flow layout
[Topology][Flow] Nodes: 8
[Topology][Flow] Connections: 7
[Topology][Flow] Generating flow layout
[Topology][Flow] Nodes: 2
[Topology][Flow] Connections: 1
[Topology][Flow] Generating flow layout
[Topology][Flow] Nodes: 8
[Topology][Flow] Connections: 7
[Topology][Flow] Generating flow layout
[Topology][Flow] Nodes: 2
[Topology][Flow] Connections: 1
[Topology][Flow] Generating flow layout
[Topology][Flow] Nodes: 8
[Topology][Flow] Connections: 7
[Topology][Hub] Generating hub layout
[Topology][Hub] Hub: Delivery
[Topology][Hub] Satellites: 5
[Topology][Hub] Connections: 5
[Topology][Flow] Generating flow layout
[Topology][Flow] Nodes: 8
[Topology][Flow] Connections: 7
[Topology][Hub] Generating hub layout
[Topology][Hub] Hub: Delivery
[Topology][Hub] Satellites: 5
[Topology][Hub] Connections: 5
[Topology][Flow] Generating flow layout
[Topology][Flow] Nodes: 8
[Topology][Flow] Connections: 7
[Topology][Flow] Generating flow layout
[Topology][Flow] Nodes: 2
[Topology][Flow] Connections: 1
[Topology][Flow] Generating flow layout
[Topology][Flow] Nodes: 8
[Topology][Flow] Connections: 7
[Topology][Flow] Generating flow layout
[Topology][Flow] Nodes: 2
[Topology][Flow] Connections: 1
[Topology][Flow] Generating flow layout
[Topology][Flow] Nodes: 8
[Topology][Flow] Connections: 7
[Topology][Flow] Generating flow layout
[Topology][Flow] Nodes: 2
[Topology][Flow] Connections: 1
[Topology][Flow] Generating flow layout
[Topology][Flow] Nodes: 8
[Topology][Flow] Connections: 7
[Topology][Hub] Generating hub layout
[Topology][Hub] Hub: Delivery
[Topology][Hub] Satellites: 5
[Topology][Hub] Connections: 5
[Topology][Flow] Generating flow layout
[Topology][Flow] Nodes: 8
[Topology][Flow] Connections: 7
[Topology][Hub] Generating hub layout
[Topology][Hub] Hub: Delivery
[Topology][Hub] Satellites: 5
[Topology][Hub] Connections: 5
[Topology][Flow] Generating flow layout
[Topology][Flow] Nodes: 8
[Topology][Flow] Connections: 7
[Topology][Hub] Generating hub layout
[Topology][Hub] Hub: Delivery
[Topology][Hub] Satellites: 5
[Topology][Hub] Connections: 5
[Topology][Flow] Generating flow layout
[Topology][Flow] Nodes: 8
[Topology][Flow] Connections: 7
[Topology][Flow] Generating flow layout
[Topology][Flow] Nodes: 2
[Topology][Flow] Connections: 1
[Topology][Flow] Generating flow layout
[Topology][Flow] Nodes: 8
[Topology][Flow] Connections: 7
[Topology][Flow] Generating flow layout
[Topology][Flow] Nodes: 2
[Topology][Flow] Connections: 1
[Topology][Flow] Generating flow layout
[Topology][Flow] Nodes: 8
[Topology][Flow] Connections: 7
[Topology][Flow] Generating flow layout
[Topology][Flow] Nodes: 2
[Topology][Flow] Connections: 1
[Topology][Flow] Generating flow layout
[Topology][Flow] Nodes: 8
[Topology][Flow] Connections: 7
[Topology][Flow] Generating flow layout
[Topology][Flow] Nodes: 2
[Topology][Flow] Connections: 1
[Topology][Flow] Generating flow layout
[Topology][Flow] Nodes: 8
[Topology][Flow] Connections: 7
[Topology][Flow] Generating flow layout
[Topology][Flow] Nodes: 2
[Topology][Flow] Connections: 1
[Topology][Flow] Generating flow layout
[Topology][Flow] Nodes: 8
[Topology][Flow] Connections: 7
[Topology][Flow] Generating flow layout
[Topology][Flow] Nodes: 2
[Topology][Flow] Connections: 1
▶ NXA:3 Executive Situation
  ✔ is a derived read model with no shadow authority (0.885667ms)
  ✔ A preserves Goal awareness and causal uncertainty (284.698458ms)
  ✔ B maintains one cross-turn investigation situation (100.228459ms)
  ✔ C uses known current and target values (30.036542ms)
  ✔ D invalidates advice when later manager evidence weakens its premise (40.937833ms)
  ✔ E manager override becomes current direction and recovery (30.831625ms)
  ✔ I preserves manager assertion separately from validated evidence (25.565584ms)
  ✔ J explicit topic shift invalidates old active focus (30.660416ms)
  ✔ K context recovery is compressed rather than a transcript dump (52.564959ms)
  ✔ L composes the same situation model across categories (56.660667ms)
✔ NXA:3 Executive Situation (658.132417ms)
✔ NXA:4 boundary is a composition policy, not a duplicate authority (1.371708ms)
✔ A material KPI deterioration linked to the Goal speaks without inventing cause (1.496ms)
✔ Noise and process-only state are intelligent silence (0.50925ms)
✔ An unchanged prior intervention is suppressed but material deterioration re-evaluates (0.348ms)
✔ Manager override and high-value focus defer ordinary interruption, not critical escalation (0.362458ms)
✔ Decision premise invalidation and execution blocker escalate without mutating CC truth (0.406125ms)
✔ Positive and partial Outcomes preserve causal uncertainty (0.2505ms)
✔ A material Opportunity can speak; weak evidence defers and cannot warn confidently (0.16725ms)
✔ Generic policy covers Problem, Risk, Decision, Execution, and Outcome families (0.276917ms)
✔ Monitoring response is honest when no runtime monitoring exists (0.238042ms)
✔ boundary composes existing authorities without score or mutation (4.347916ms)
✔ problem priority prefers reversible Goal-relevant learning and distinguishes magnitude (0.485583ms)
✔ unsupported overall importance refuses a fake magnitude and offers an explicit-criterion continuation (1.153125ms)
✔ requested risk criterion uses risk evidence instead of default Goal fit (0.453208ms)
✔ reversibility protects against premature irreversible action (0.266458ms)
✔ weak evidence changes recommendation from action to investigation (0.193041ms)
✔ strong supported reversible recommendation can act without endless analysis (0.439541ms)
✔ decision readiness distinguishes NOT_READY, READY_WITH_KNOWN_UNCERTAINTY, and READY (0.407417ms)
✔ specific change condition makes recommendation falsifiable (0.468958ms)
✔ new contradictory evidence revises recommendation without defending stale advice (0.368167ms)
✔ manager preference influences judgment without becoming evidence (0.20125ms)
✔ genuine tie produces conditional judgment and no fake winner (23.842792ms)
✔ candidate set integrity excludes unrelated high-attention candidate (0.188375ms)
✔ priority is deterministic and stable under irrelevant context changes (0.1485ms)
✔ generic judgment types share one architecture (0.247584ms)
✔ unknown Goal context never invents Goal relevance (0.195542ms)
✔ missing Goal context produces Goal-specific insufficiency and a safe continuation (0.186333ms)
[Topology][Flow] Generating flow layout
[Topology][Flow] Nodes: 8
[Topology][Flow] Connections: 7
[Topology][Flow] Generating flow layout
[Topology][Flow] Nodes: 2
[Topology][Flow] Connections: 1
[Topology][Flow] Generating flow layout
[Topology][Flow] Nodes: 8
[Topology][Flow] Connections: 7
[Topology][Flow] Generating flow layout
[Topology][Flow] Nodes: 2
[Topology][Flow] Connections: 1
[Topology][Flow] Generating flow layout
[Topology][Flow] Nodes: 8
[Topology][Flow] Connections: 7
[Topology][Flow] Generating flow layout
[Topology][Flow] Nodes: 2
[Topology][Flow] Connections: 1
[Topology][Flow] Generating flow layout
[Topology][Flow] Nodes: 8
[Topology][Flow] Connections: 7
[Topology][Flow] Generating flow layout
[Topology][Flow] Nodes: 2
[Topology][Flow] Connections: 1
[Topology][Flow] Generating flow layout
[Topology][Flow] Nodes: 8
[Topology][Flow] Connections: 7
[Topology][Flow] Generating flow layout
[Topology][Flow] Nodes: 2
[Topology][Flow] Connections: 1
[Topology][Flow] Generating flow layout
[Topology][Flow] Nodes: 8
[Topology][Flow] Connections: 7
[Topology][Flow] Generating flow layout
[Topology][Flow] Nodes: 2
[Topology][Flow] Connections: 1
[Topology][Flow] Generating flow layout
[Topology][Flow] Nodes: 8
[Topology][Flow] Connections: 7
[Topology][Flow] Generating flow layout
[Topology][Flow] Nodes: 2
[Topology][Flow] Connections: 1
[Topology][Flow] Generating flow layout
[Topology][Flow] Nodes: 8
[Topology][Flow] Connections: 7
[Topology][Flow] Generating flow layout
[Topology][Flow] Nodes: 2
[Topology][Flow] Connections: 1
[Topology][Flow] Generating flow layout
[Topology][Flow] Nodes: 8
[Topology][Flow] Connections: 7
[Topology][Flow] Generating flow layout
[Topology][Flow] Nodes: 2
[Topology][Flow] Connections: 1
[Topology][Flow] Generating flow layout
[Topology][Flow] Nodes: 8
[Topology][Flow] Connections: 7
[Topology][Flow] Generating flow layout
[Topology][Flow] Nodes: 2
[Topology][Flow] Connections: 1
[Topology][Flow] Generating flow layout
[Topology][Flow] Nodes: 8
[Topology][Flow] Connections: 7
[Topology][Flow] Generating flow layout
[Topology][Flow] Nodes: 2
[Topology][Flow] Connections: 1
[Topology][Flow] Generating flow layout
[Topology][Flow] Nodes: 8
[Topology][Flow] Connections: 7
[Topology][Flow] Generating flow layout
[Topology][Flow] Nodes: 2
[Topology][Flow] Connections: 1
[Topology][Flow] Generating flow layout
[Topology][Flow] Nodes: 8
[Topology][Flow] Connections: 7
[Topology][Flow] Generating flow layout
[Topology][Flow] Nodes: 2
[Topology][Flow] Connections: 1
[Topology][Flow] Generating flow layout
[Topology][Flow] Nodes: 8
[Topology][Flow] Connections: 7
[Topology][Flow] Generating flow layout
[Topology][Flow] Nodes: 2
[Topology][Flow] Connections: 1
[Topology][Flow] Generating flow layout
[Topology][Flow] Nodes: 8
[Topology][Flow] Connections: 7
[Topology][Flow] Generating flow layout
[Topology][Flow] Nodes: 2
[Topology][Flow] Connections: 1
[Topology][Flow] Generating flow layout
[Topology][Flow] Nodes: 8
[Topology][Flow] Connections: 7
[Topology][Flow] Generating flow layout
[Topology][Flow] Nodes: 2
[Topology][Flow] Connections: 1
[Topology][Flow] Generating flow layout
[Topology][Flow] Nodes: 8
[Topology][Flow] Connections: 7
[Topology][Flow] Generating flow layout
[Topology][Flow] Nodes: 2
[Topology][Flow] Connections: 1
[Topology][Flow] Generating flow layout
[Topology][Flow] Nodes: 8
[Topology][Flow] Connections: 7
[Topology][Flow] Generating flow layout
[Topology][Flow] Nodes: 2
[Topology][Flow] Connections: 1
[Topology][Flow] Generating flow layout
[Topology][Flow] Nodes: 8
[Topology][Flow] Connections: 7
[Topology][Flow] Generating flow layout
[Topology][Flow] Nodes: 2
[Topology][Flow] Connections: 1
[Topology][Flow] Generating flow layout
[Topology][Flow] Nodes: 8
[Topology][Flow] Connections: 7
[Topology][Flow] Generating flow layout
[Topology][Flow] Nodes: 2
[Topology][Flow] Connections: 1
[Topology][Flow] Generating flow layout
[Topology][Flow] Nodes: 8
[Topology][Flow] Connections: 7
[Topology][Flow] Generating flow layout
[Topology][Flow] Nodes: 2
[Topology][Flow] Connections: 1
[Topology][Flow] Generating flow layout
[Topology][Flow] Nodes: 8
[Topology][Flow] Connections: 7
[Topology][Flow] Generating flow layout
[Topology][Flow] Nodes: 2
[Topology][Flow] Connections: 1
[Topology][Flow] Generating flow layout
[Topology][Flow] Nodes: 8
[Topology][Flow] Connections: 7
[Topology][Flow] Generating flow layout
[Topology][Flow] Nodes: 2
[Topology][Flow] Connections: 1
[Topology][Flow] Generating flow layout
[Topology][Flow] Nodes: 8
[Topology][Flow] Connections: 7
[Topology][Flow] Generating flow layout
[Topology][Flow] Nodes: 2
[Topology][Flow] Connections: 1
[Topology][Flow] Generating flow layout
[Topology][Flow] Nodes: 8
[Topology][Flow] Connections: 7
[Topology][Flow] Generating flow layout
[Topology][Flow] Nodes: 2
[Topology][Flow] Connections: 1
[Topology][Flow] Generating flow layout
[Topology][Flow] Nodes: 8
[Topology][Flow] Connections: 7
[Topology][Flow] Generating flow layout
[Topology][Flow] Nodes: 2
[Topology][Flow] Connections: 1
[Topology][Flow] Generating flow layout
[Topology][Flow] Nodes: 8
[Topology][Flow] Connections: 7
[Topology][Flow] Generating flow layout
[Topology][Flow] Nodes: 2
[Topology][Flow] Connections: 1
[Topology][Flow] Generating flow layout
[Topology][Flow] Nodes: 8
[Topology][Flow] Connections: 7
[Topology][Flow] Generating flow layout
[Topology][Flow] Nodes: 2
[Topology][Flow] Connections: 1
[Topology][Flow] Generating flow layout
[Topology][Flow] Nodes: 8
[Topology][Flow] Connections: 7
[Topology][Flow] Generating flow layout
[Topology][Flow] Nodes: 2
[Topology][Flow] Connections: 1
[Topology][Flow] Generating flow layout
[Topology][Flow] Nodes: 8
[Topology][Flow] Connections: 7
[Topology][Flow] Generating flow layout
[Topology][Flow] Nodes: 2
[Topology][Flow] Connections: 1
[Topology][Flow] Generating flow layout
[Topology][Flow] Nodes: 8
[Topology][Flow] Connections: 7
[Topology][Flow] Generating flow layout
[Topology][Flow] Nodes: 2
[Topology][Flow] Connections: 1
[Topology][Flow] Generating flow layout
[Topology][Flow] Nodes: 8
[Topology][Flow] Connections: 7
[Topology][Flow] Generating flow layout
[Topology][Flow] Nodes: 2
[Topology][Flow] Connections: 1
[Topology][Flow] Generating flow layout
[Topology][Flow] Nodes: 8
[Topology][Flow] Connections: 7
[Topology][Flow] Generating flow layout
[Topology][Flow] Nodes: 2
[Topology][Flow] Connections: 1
[Topology][Flow] Generating flow layout
[Topology][Flow] Nodes: 8
[Topology][Flow] Connections: 7
[Topology][Flow] Generating flow layout
[Topology][Flow] Nodes: 2
[Topology][Flow] Connections: 1
[Topology][Flow] Generating flow layout
[Topology][Flow] Nodes: 8
[Topology][Flow] Connections: 7
[Topology][Flow] Generating flow layout
[Topology][Flow] Nodes: 2
[Topology][Flow] Connections: 1
[Topology][Flow] Generating flow layout
[Topology][Flow] Nodes: 8
[Topology][Flow] Connections: 7
[Topology][Flow] Generating flow layout
[Topology][Flow] Nodes: 2
[Topology][Flow] Connections: 1
[Topology][Flow] Generating flow layout
[Topology][Flow] Nodes: 8
[Topology][Flow] Connections: 7
[Topology][Flow] Generating flow layout
[Topology][Flow] Nodes: 2
[Topology][Flow] Connections: 1
✔ Advisor and Queue converge on the same canonical collection presentation (273.9655ms)
✔ Advisor still presents supported one-member Risks without inventing Queue parity (14.007542ms)
✔ latest explicit command wins across focus and collection transitions (58.696667ms)
✔ knowledge and judgment turns do not mutate the presented collection (72.299833ms)
✔ Stage readback follows the post-command collection and remains read-only (38.334084ms)
✔ collection trail preserves Back and Forward semantics (9.938834ms)
✔ rapid generic collection transitions have one deterministic last writer (36.213667ms)
✔ restored conversational subject cannot collapse an explicit collection command (22.548167ms)
✔ unfiltered collection commands do not inherit a restored primary target (0.544084ms)
✔ knowledge questions do not present a collection after restored focus (11.876291ms)
[Topology][Flow] Generating flow layout
[Topology][Flow] Nodes: 8
[Topology][Flow] Connections: 7
[Topology][Flow] Generating flow layout
[Topology][Flow] Nodes: 2
[Topology][Flow] Connections: 1
[Topology][Flow] Generating flow layout
[Topology][Flow] Nodes: 8
[Topology][Flow] Connections: 7
[Topology][Flow] Generating flow layout
[Topology][Flow] Nodes: 2
[Topology][Flow] Connections: 1
[Topology][Flow] Generating flow layout
[Topology][Flow] Nodes: 8
[Topology][Flow] Connections: 7
[Topology][Flow] Generating flow layout
[Topology][Flow] Nodes: 2
[Topology][Flow] Connections: 1
[Topology][Flow] Generating flow layout
[Topology][Flow] Nodes: 8
[Topology][Flow] Connections: 7
[Topology][Flow] Generating flow layout
[Topology][Flow] Nodes: 2
[Topology][Flow] Connections: 1
[Topology][Flow] Generating flow layout
[Topology][Flow] Nodes: 8
[Topology][Flow] Connections: 7
[Topology][Flow] Generating flow layout
[Topology][Flow] Nodes: 2
[Topology][Flow] Connections: 1
[Topology][Flow] Generating flow layout
[Topology][Flow] Nodes: 8
[Topology][Flow] Connections: 7
[Topology][Flow] Generating flow layout
[Topology][Flow] Nodes: 2
[Topology][Flow] Connections: 1
[Topology][Flow] Generating flow layout
[Topology][Flow] Nodes: 8
[Topology][Flow] Connections: 7
[Topology][Flow] Generating flow layout
[Topology][Flow] Nodes: 2
[Topology][Flow] Connections: 1
[Topology][Flow] Generating flow layout
[Topology][Flow] Nodes: 8
[Topology][Flow] Connections: 7
[Topology][Flow] Generating flow layout
[Topology][Flow] Nodes: 2
[Topology][Flow] Connections: 1
[Topology][Flow] Generating flow layout
[Topology][Flow] Nodes: 8
[Topology][Flow] Connections: 7
[Topology][Flow] Generating flow layout
[Topology][Flow] Nodes: 2
[Topology][Flow] Connections: 1
[Topology][Flow] Generating flow layout
[Topology][Flow] Nodes: 8
[Topology][Flow] Connections: 7
[Topology][Flow] Generating flow layout
[Topology][Flow] Nodes: 2
[Topology][Flow] Connections: 1
[Topology][Flow] Generating flow layout
[Topology][Flow] Nodes: 8
[Topology][Flow] Connections: 7
[Topology][Flow] Generating flow layout
[Topology][Flow] Nodes: 2
[Topology][Flow] Connections: 1
[Topology][Flow] Generating flow layout
[Topology][Flow] Nodes: 8
[Topology][Flow] Connections: 7
[Topology][Flow] Generating flow layout
[Topology][Flow] Nodes: 2
[Topology][Flow] Connections: 1
[Topology][Flow] Generating flow layout
[Topology][Flow] Nodes: 8
[Topology][Flow] Connections: 7
[Topology][Flow] Generating flow layout
[Topology][Flow] Nodes: 2
[Topology][Flow] Connections: 1
[Topology][Flow] Generating flow layout
[Topology][Flow] Nodes: 8
[Topology][Flow] Connections: 7
[Topology][Flow] Generating flow layout
[Topology][Flow] Nodes: 2
[Topology][Flow] Connections: 1
[Topology][Flow] Generating flow layout
[Topology][Flow] Nodes: 8
[Topology][Flow] Connections: 7
[Topology][Flow] Generating flow layout
[Topology][Flow] Nodes: 2
[Topology][Flow] Connections: 1
[Topology][Flow] Generating flow layout
[Topology][Flow] Nodes: 8
[Topology][Flow] Connections: 7
[Topology][Flow] Generating flow layout
[Topology][Flow] Nodes: 2
[Topology][Flow] Connections: 1
▶ NXA:5-FIX3A knowledge-verb recovery and Focus protection
  ✔ A1/A2 — typo and correct spelling converge on read-only Explain (227.976875ms)
  ✔ A3 — recovered deictic Explain preserves Stage when the reference is ambiguous (49.389917ms)
  ✔ A4/A6 — explicit and entity-only navigation retain their certified behavior (82.361375ms)
  ✔ A5/A8 — unknown actions with a resolved entity neither Focus nor write (54.744959ms)
  ✔ A7 — recovered Explain is generic for the registered Capacity Gap Problem (21.378042ms)
✔ NXA:5-FIX3A knowledge-verb recovery and Focus protection (436.928542ms)
[Topology][Flow] Generating flow layout
[Topology][Flow] Nodes: 8
[Topology][Flow] Connections: 7
[Topology][Flow] Generating flow layout
[Topology][Flow] Nodes: 2
[Topology][Flow] Connections: 1
[Topology][Flow] Generating flow layout
[Topology][Flow] Nodes: 8
[Topology][Flow] Connections: 7
[Topology][Flow] Generating flow layout
[Topology][Flow] Nodes: 2
[Topology][Flow] Connections: 1
[Topology][Flow] Generating flow layout
[Topology][Flow] Nodes: 8
[Topology][Flow] Connections: 7
[Topology][Flow] Generating flow layout
[Topology][Flow] Nodes: 2
[Topology][Flow] Connections: 1
[Topology][Flow] Generating flow layout
[Topology][Flow] Nodes: 8
[Topology][Flow] Connections: 7
[Topology][Flow] Generating flow layout
[Topology][Flow] Nodes: 2
[Topology][Flow] Connections: 1
[Topology][Flow] Generating flow layout
[Topology][Flow] Nodes: 8
[Topology][Flow] Connections: 7
[Topology][Flow] Generating flow layout
[Topology][Flow] Nodes: 2
[Topology][Flow] Connections: 1
[Topology][Flow] Generating flow layout
[Topology][Flow] Nodes: 8
[Topology][Flow] Connections: 7
[Topology][Flow] Generating flow layout
[Topology][Flow] Nodes: 2
[Topology][Flow] Connections: 1
[Topology][Flow] Generating flow layout
[Topology][Flow] Nodes: 8
[Topology][Flow] Connections: 7
[Topology][Flow] Generating flow layout
[Topology][Flow] Nodes: 2
[Topology][Flow] Connections: 1
[Topology][Flow] Generating flow layout
[Topology][Flow] Nodes: 8
[Topology][Flow] Connections: 7
[Topology][Flow] Generating flow layout
[Topology][Flow] Nodes: 2
[Topology][Flow] Connections: 1
[Topology][Flow] Generating flow layout
[Topology][Flow] Nodes: 8
[Topology][Flow] Connections: 7
[Topology][Flow] Generating flow layout
[Topology][Flow] Nodes: 2
[Topology][Flow] Connections: 1
[Topology][Flow] Generating flow layout
[Topology][Flow] Nodes: 8
[Topology][Flow] Connections: 7
[Topology][Flow] Generating flow layout
[Topology][Flow] Nodes: 2
[Topology][Flow] Connections: 1
[Topology][Flow] Generating flow layout
[Topology][Flow] Nodes: 8
[Topology][Flow] Connections: 7
[Topology][Flow] Generating flow layout
[Topology][Flow] Nodes: 2
[Topology][Flow] Connections: 1
[Topology][Flow] Generating flow layout
[Topology][Flow] Nodes: 8
[Topology][Flow] Connections: 7
[Topology][Flow] Generating flow layout
[Topology][Flow] Nodes: 2
[Topology][Flow] Connections: 1
[Topology][Flow] Generating flow layout
[Topology][Flow] Nodes: 8
[Topology][Flow] Connections: 7
[Topology][Flow] Generating flow layout
[Topology][Flow] Nodes: 2
[Topology][Flow] Connections: 1
[Topology][Flow] Generating flow layout
[Topology][Flow] Nodes: 8
[Topology][Flow] Connections: 7
[Topology][Flow] Generating flow layout
[Topology][Flow] Nodes: 2
[Topology][Flow] Connections: 1
[Topology][Flow] Generating flow layout
[Topology][Flow] Nodes: 8
[Topology][Flow] Connections: 7
[Topology][Flow] Generating flow layout
[Topology][Flow] Nodes: 2
[Topology][Flow] Connections: 1
[Topology][Flow] Generating flow layout
[Topology][Flow] Nodes: 8
[Topology][Flow] Connections: 7
[Topology][Flow] Generating flow layout
[Topology][Flow] Nodes: 2
[Topology][Flow] Connections: 1
[Topology][Flow] Generating flow layout
[Topology][Flow] Nodes: 8
[Topology][Flow] Connections: 7
[Topology][Flow] Generating flow layout
[Topology][Flow] Nodes: 2
[Topology][Flow] Connections: 1
[Topology][Flow] Generating flow layout
[Topology][Flow] Nodes: 8
[Topology][Flow] Connections: 7
[Topology][Flow] Generating flow layout
[Topology][Flow] Nodes: 2
[Topology][Flow] Connections: 1
[Topology][Flow] Generating flow layout
[Topology][Flow] Nodes: 8
[Topology][Flow] Connections: 7
[Topology][Flow] Generating flow layout
[Topology][Flow] Nodes: 2
[Topology][Flow] Connections: 1
[Topology][Flow] Generating flow layout
[Topology][Flow] Nodes: 8
[Topology][Flow] Connections: 7
[Topology][Flow] Generating flow layout
[Topology][Flow] Nodes: 2
[Topology][Flow] Connections: 1
[Topology][Flow] Generating flow layout
[Topology][Flow] Nodes: 8
[Topology][Flow] Connections: 7
[Topology][Flow] Generating flow layout
[Topology][Flow] Nodes: 2
[Topology][Flow] Connections: 1
[Topology][Flow] Generating flow layout
[Topology][Flow] Nodes: 8
[Topology][Flow] Connections: 7
[Topology][Flow] Generating flow layout
[Topology][Flow] Nodes: 2
[Topology][Flow] Connections: 1
[Topology][Flow] Generating flow layout
[Topology][Flow] Nodes: 8
[Topology][Flow] Connections: 7
[Topology][Flow] Generating flow layout
[Topology][Flow] Nodes: 2
[Topology][Flow] Connections: 1
[Topology][Flow] Generating flow layout
[Topology][Flow] Nodes: 8
[Topology][Flow] Connections: 7
[Topology][Flow] Generating flow layout
[Topology][Flow] Nodes: 2
[Topology][Flow] Connections: 1
[Topology][Flow] Generating flow layout
[Topology][Flow] Nodes: 8
[Topology][Flow] Connections: 7
[Topology][Flow] Generating flow layout
[Topology][Flow] Nodes: 2
[Topology][Flow] Connections: 1
▶ NXA:5-FIX3B ambiguous importance clarification
  ✔ B1 — exact diagnosed conversation asks one bounded criterion question without ranking (232.753584ms)
  ✔ B2 — one-word urgency answers the pending question and returns criterion-specific insufficiency (75.659125ms)
  ✔ B3 — an explicit urgency criterion evaluates directly without redundant clarification (25.199583ms)
  ✔ B4 — Goal impact uses an authoritative Goal and reports missing Goal context otherwise (42.452833ms)
  ✔ B5/B6 — investigation priority and explicit overall importance remain distinct (46.799459ms)
  ✔ B7 — evidence-sufficient risk comparison stays criterion-specific (22.418417ms)
  ✔ B8 — an ambiguous deictic comparison without subjects requests them (10.733334ms)
  ✔ B9 — an unrelated collection command is not consumed as the criterion answer (28.748167ms)
  ✔ continuation proof — the offered evidence-strength criterion reuses the same subjects (43.544125ms)
  ✔ B10 — FIX3A typo Explain remains read-only and preserves Scenarios (20.7735ms)
✔ NXA:5-FIX3B ambiguous importance clarification (550.983958ms)
[Topology][Flow] Generating flow layout
[Topology][Flow] Nodes: 8
[Topology][Flow] Connections: 7
[Topology][Flow] Generating flow layout
[Topology][Flow] Nodes: 2
[Topology][Flow] Connections: 1
[Topology][Flow] Generating flow layout
[Topology][Flow] Nodes: 8
[Topology][Flow] Connections: 7
[Topology][Flow] Generating flow layout
[Topology][Flow] Nodes: 2
[Topology][Flow] Connections: 1
[Topology][Flow] Generating flow layout
[Topology][Flow] Nodes: 8
[Topology][Flow] Connections: 7
[Topology][Flow] Generating flow layout
[Topology][Flow] Nodes: 2
[Topology][Flow] Connections: 1
[Topology][Flow] Generating flow layout
[Topology][Flow] Nodes: 8
[Topology][Flow] Connections: 7
[Topology][Flow] Generating flow layout
[Topology][Flow] Nodes: 2
[Topology][Flow] Connections: 1
[Topology][Flow] Generating flow layout
[Topology][Flow] Nodes: 8
[Topology][Flow] Connections: 7
[Topology][Flow] Generating flow layout
[Topology][Flow] Nodes: 2
[Topology][Flow] Connections: 1
[Topology][Flow] Generating flow layout
[Topology][Flow] Nodes: 8
[Topology][Flow] Connections: 7
[Topology][Flow] Generating flow layout
[Topology][Flow] Nodes: 2
[Topology][Flow] Connections: 1
[Topology][Flow] Generating flow layout
[Topology][Flow] Nodes: 8
[Topology][Flow] Connections: 7
[Topology][Flow] Generating flow layout
[Topology][Flow] Nodes: 2
[Topology][Flow] Connections: 1
[Topology][Flow] Generating flow layout
[Topology][Flow] Nodes: 8
[Topology][Flow] Connections: 7
[Topology][Flow] Generating flow layout
[Topology][Flow] Nodes: 2
[Topology][Flow] Connections: 1
[Topology][Flow] Generating flow layout
[Topology][Flow] Nodes: 8
[Topology][Flow] Connections: 7
[Topology][Flow] Generating flow layout
[Topology][Flow] Nodes: 2
[Topology][Flow] Connections: 1
[Topology][Flow] Generating flow layout
[Topology][Flow] Nodes: 8
[Topology][Flow] Connections: 7
[Topology][Flow] Generating flow layout
[Topology][Flow] Nodes: 2
[Topology][Flow] Connections: 1
[Topology][Flow] Generating flow layout
[Topology][Flow] Nodes: 8
[Topology][Flow] Connections: 7
[Topology][Flow] Generating flow layout
[Topology][Flow] Nodes: 2
[Topology][Flow] Connections: 1
[Topology][Flow] Generating flow layout
[Topology][Flow] Nodes: 8
[Topology][Flow] Connections: 7
[Topology][Flow] Generating flow layout
[Topology][Flow] Nodes: 2
[Topology][Flow] Connections: 1
[Topology][Flow] Generating flow layout
[Topology][Flow] Nodes: 8
[Topology][Flow] Connections: 7
[Topology][Flow] Generating flow layout
[Topology][Flow] Nodes: 2
[Topology][Flow] Connections: 1
[Topology][Flow] Generating flow layout
[Topology][Flow] Nodes: 8
[Topology][Flow] Connections: 7
[Topology][Flow] Generating flow layout
[Topology][Flow] Nodes: 2
[Topology][Flow] Connections: 1
[Topology][Flow] Generating flow layout
[Topology][Flow] Nodes: 8
[Topology][Flow] Connections: 7
[Topology][Flow] Generating flow layout
[Topology][Flow] Nodes: 2
[Topology][Flow] Connections: 1
[Topology][Flow] Generating flow layout
[Topology][Flow] Nodes: 8
[Topology][Flow] Connections: 7
[Topology][Flow] Generating flow layout
[Topology][Flow] Nodes: 2
[Topology][Flow] Connections: 1
[Topology][Flow] Generating flow layout
[Topology][Flow] Nodes: 8
[Topology][Flow] Connections: 7
[Topology][Flow] Generating flow layout
[Topology][Flow] Nodes: 2
[Topology][Flow] Connections: 1
[Topology][Flow] Generating flow layout
[Topology][Flow] Nodes: 8
[Topology][Flow] Connections: 7
[Topology][Flow] Generating flow layout
[Topology][Flow] Nodes: 2
[Topology][Flow] Connections: 1
[Topology][Flow] Generating flow layout
[Topology][Flow] Nodes: 8
[Topology][Flow] Connections: 7
[Topology][Flow] Generating flow layout
[Topology][Flow] Nodes: 2
[Topology][Flow] Connections: 1
[Topology][Flow] Generating flow layout
[Topology][Flow] Nodes: 8
[Topology][Flow] Connections: 7
[Topology][Flow] Generating flow layout
[Topology][Flow] Nodes: 2
[Topology][Flow] Connections: 1
[Topology][Flow] Generating flow layout
[Topology][Flow] Nodes: 8
[Topology][Flow] Connections: 7
[Topology][Flow] Generating flow layout
[Topology][Flow] Nodes: 2
[Topology][Flow] Connections: 1
[Topology][Flow] Generating flow layout
[Topology][Flow] Nodes: 8
[Topology][Flow] Connections: 7
[Topology][Flow] Generating flow layout
[Topology][Flow] Nodes: 2
[Topology][Flow] Connections: 1
[Topology][Flow] Generating flow layout
[Topology][Flow] Nodes: 8
[Topology][Flow] Connections: 7
[Topology][Flow] Generating flow layout
[Topology][Flow] Nodes: 2
[Topology][Flow] Connections: 1
[Topology][Flow] Generating flow layout
[Topology][Flow] Nodes: 8
[Topology][Flow] Connections: 7
[Topology][Flow] Generating flow layout
[Topology][Flow] Nodes: 2
[Topology][Flow] Connections: 1
[Topology][Flow] Generating flow layout
[Topology][Flow] Nodes: 8
[Topology][Flow] Connections: 7
[Topology][Flow] Generating flow layout
[Topology][Flow] Nodes: 2
[Topology][Flow] Connections: 1
[Topology][Flow] Generating flow layout
[Topology][Flow] Nodes: 8
[Topology][Flow] Connections: 7
[Topology][Flow] Generating flow layout
[Topology][Flow] Nodes: 2
[Topology][Flow] Connections: 1
[Topology][Flow] Generating flow layout
[Topology][Flow] Nodes: 8
[Topology][Flow] Connections: 7
[Topology][Flow] Generating flow layout
[Topology][Flow] Nodes: 2
[Topology][Flow] Connections: 1
[Topology][Flow] Generating flow layout
[Topology][Flow] Nodes: 8
[Topology][Flow] Connections: 7
[Topology][Flow] Generating flow layout
[Topology][Flow] Nodes: 2
[Topology][Flow] Connections: 1
[Topology][Flow] Generating flow layout
[Topology][Flow] Nodes: 8
[Topology][Flow] Connections: 7
[Topology][Flow] Generating flow layout
[Topology][Flow] Nodes: 2
[Topology][Flow] Connections: 1
[Topology][Flow] Generating flow layout
[Topology][Flow] Nodes: 8
[Topology][Flow] Connections: 7
[Topology][Flow] Generating flow layout
[Topology][Flow] Nodes: 2
[Topology][Flow] Connections: 1
[Topology][Flow] Generating flow layout
[Topology][Flow] Nodes: 8
[Topology][Flow] Connections: 7
[Topology][Flow] Generating flow layout
[Topology][Flow] Nodes: 2
[Topology][Flow] Connections: 1
[Topology][Flow] Generating flow layout
[Topology][Flow] Nodes: 8
[Topology][Flow] Connections: 7
[Topology][Flow] Generating flow layout
[Topology][Flow] Nodes: 2
[Topology][Flow] Connections: 1
[Topology][Flow] Generating flow layout
[Topology][Flow] Nodes: 8
[Topology][Flow] Connections: 7
[Topology][Flow] Generating flow layout
[Topology][Flow] Nodes: 2
[Topology][Flow] Connections: 1
[Topology][Flow] Generating flow layout
[Topology][Flow] Nodes: 8
[Topology][Flow] Connections: 7
[Topology][Flow] Generating flow layout
[Topology][Flow] Nodes: 2
[Topology][Flow] Connections: 1
[Topology][Flow] Generating flow layout
[Topology][Flow] Nodes: 8
[Topology][Flow] Connections: 7
[Topology][Flow] Generating flow layout
[Topology][Flow] Nodes: 2
[Topology][Flow] Connections: 1
[Topology][Flow] Generating flow layout
[Topology][Flow] Nodes: 8
[Topology][Flow] Connections: 7
[Topology][Flow] Generating flow layout
[Topology][Flow] Nodes: 2
[Topology][Flow] Connections: 1
[Topology][Flow] Generating flow layout
[Topology][Flow] Nodes: 8
[Topology][Flow] Connections: 7
[Topology][Flow] Generating flow layout
[Topology][Flow] Nodes: 2
[Topology][Flow] Connections: 1
[Topology][Flow] Generating flow layout
[Topology][Flow] Nodes: 8
[Topology][Flow] Connections: 7
[Topology][Flow] Generating flow layout
[Topology][Flow] Nodes: 2
[Topology][Flow] Connections: 1
[Topology][Flow] Generating flow layout
[Topology][Flow] Nodes: 8
[Topology][Flow] Connections: 7
[Topology][Flow] Generating flow layout
[Topology][Flow] Nodes: 2
[Topology][Flow] Connections: 1
[Topology][Flow] Generating flow layout
[Topology][Flow] Nodes: 8
[Topology][Flow] Connections: 7
[Topology][Flow] Generating flow layout
[Topology][Flow] Nodes: 2
[Topology][Flow] Connections: 1
[Topology][Flow] Generating flow layout
[Topology][Flow] Nodes: 8
[Topology][Flow] Connections: 7
[Topology][Flow] Generating flow layout
[Topology][Flow] Nodes: 2
[Topology][Flow] Connections: 1
[Topology][Flow] Generating flow layout
[Topology][Flow] Nodes: 8
[Topology][Flow] Connections: 7
[Topology][Flow] Generating flow layout
[Topology][Flow] Nodes: 2
[Topology][Flow] Connections: 1
[Topology][Flow] Generating flow layout
[Topology][Flow] Nodes: 8
[Topology][Flow] Connections: 7
[Topology][Flow] Generating flow layout
[Topology][Flow] Nodes: 2
[Topology][Flow] Connections: 1
[Topology][Flow] Generating flow layout
[Topology][Flow] Nodes: 8
[Topology][Flow] Connections: 7
[Topology][Flow] Generating flow layout
[Topology][Flow] Nodes: 2
[Topology][Flow] Connections: 1
[Topology][Flow] Generating flow layout
[Topology][Flow] Nodes: 8
[Topology][Flow] Connections: 7
[Topology][Flow] Generating flow layout
[Topology][Flow] Nodes: 2
[Topology][Flow] Connections: 1
[Topology][Flow] Generating flow layout
[Topology][Flow] Nodes: 8
[Topology][Flow] Connections: 7
[Topology][Flow] Generating flow layout
[Topology][Flow] Nodes: 2
[Topology][Flow] Connections: 1
[Topology][Flow] Generating flow layout
[Topology][Flow] Nodes: 8
[Topology][Flow] Connections: 7
[Topology][Flow] Generating flow layout
[Topology][Flow] Nodes: 2
[Topology][Flow] Connections: 1
[Topology][Flow] Generating flow layout
[Topology][Flow] Nodes: 8
[Topology][Flow] Connections: 7
[Topology][Flow] Generating flow layout
[Topology][Flow] Nodes: 2
[Topology][Flow] Connections: 1
[Topology][Flow] Generating flow layout
[Topology][Flow] Nodes: 8
[Topology][Flow] Connections: 7
[Topology][Flow] Generating flow layout
[Topology][Flow] Nodes: 2
[Topology][Flow] Connections: 1
[Topology][Flow] Generating flow layout
[Topology][Flow] Nodes: 8
[Topology][Flow] Connections: 7
[Topology][Flow] Generating flow layout
[Topology][Flow] Nodes: 2
[Topology][Flow] Connections: 1
[Topology][Flow] Generating flow layout
[Topology][Flow] Nodes: 8
[Topology][Flow] Connections: 7
[Topology][Flow] Generating flow layout
[Topology][Flow] Nodes: 2
[Topology][Flow] Connections: 1
[Topology][Flow] Generating flow layout
[Topology][Flow] Nodes: 8
[Topology][Flow] Connections: 7
[Topology][Flow] Generating flow layout
[Topology][Flow] Nodes: 2
[Topology][Flow] Connections: 1
▶ NXA:5-FIX3B-DIAG2R conversational control
  ✔ recovers natural collection language without selecting a member (419.080584ms)
  ✔ keeps a named member distinct from a collection request (17.1965ms)
  ✔ answers how many from the active collection without inventing focus (20.082791ms)
  ✔ lets an explicit collection command escape an incompatible pending question (30.499ms)
  ✔ still completes a genuine pending criterion answer (32.102542ms)
  ✔ treats meta-corrections as conversational repair, not evidence (27.058833ms)
  ✔ resolves them against the active collection (13.715583ms)
  ✔ resolves it to the focused object for Explain (20.114ms)
  ✔ does not mutate Stage on a knowledge-style count when the collection is already presented (17.299ms)
  ✔ lets explain of a named object escape pending clarification (28.665125ms)
  ✔ lets a count question escape pending clarification (26.358458ms)
  ✔ compares the active collection for which-one importance (14.070583ms)
  ✔ resolves them for comparison against the active Scenario collection (12.446333ms)
  ✔ does not treat a rejection of the last answer as Stage focus (14.807084ms)
  ✔ does not treat collection or knowledge turns as manager observations (18.76075ms)
  ✔ does not invent an investigation pair when comparing the presented Scenario collection (21.353292ms)
  ✔ does not inflect a valid singular collection noun inside object reference (1.149917ms)
✔ NXA:5-FIX3B-DIAG2R conversational control (736.372125ms)
[Topology][Flow] Generating flow layout
[Topology][Flow] Nodes: 8
[Topology][Flow] Connections: 7
[Topology][Flow] Generating flow layout
[Topology][Flow] Nodes: 2
[Topology][Flow] Connections: 1
[Topology][Flow] Generating flow layout
[Topology][Flow] Nodes: 8
[Topology][Flow] Connections: 7
[Topology][Flow] Generating flow layout
[Topology][Flow] Nodes: 2
[Topology][Flow] Connections: 1
[Topology][Flow] Generating flow layout
[Topology][Flow] Nodes: 8
[Topology][Flow] Connections: 7
[Topology][Flow] Generating flow layout
[Topology][Flow] Nodes: 2
[Topology][Flow] Connections: 1
[Topology][Flow] Generating flow layout
[Topology][Flow] Nodes: 8
[Topology][Flow] Connections: 7
[Topology][Flow] Generating flow layout
[Topology][Flow] Nodes: 2
[Topology][Flow] Connections: 1
[Topology][Flow] Generating flow layout
[Topology][Flow] Nodes: 8
[Topology][Flow] Connections: 7
[Topology][Flow] Generating flow layout
[Topology][Flow] Nodes: 2
[Topology][Flow] Connections: 1
[Topology][Flow] Generating flow layout
[Topology][Flow] Nodes: 8
[Topology][Flow] Connections: 7
[Topology][Flow] Generating flow layout
[Topology][Flow] Nodes: 2
[Topology][Flow] Connections: 1
[Topology][Flow] Generating flow layout
[Topology][Flow] Nodes: 8
[Topology][Flow] Connections: 7
[Topology][Flow] Generating flow layout
[Topology][Flow] Nodes: 2
[Topology][Flow] Connections: 1
[Topology][Flow] Generating flow layout
[Topology][Flow] Nodes: 8
[Topology][Flow] Connections: 7
[Topology][Flow] Generating flow layout
[Topology][Flow] Nodes: 2
[Topology][Flow] Connections: 1
[Topology][Flow] Generating flow layout
[Topology][Flow] Nodes: 8
[Topology][Flow] Connections: 7
[Topology][Flow] Generating flow layout
[Topology][Flow] Nodes: 2
[Topology][Flow] Connections: 1
[Topology][Flow] Generating flow layout
[Topology][Flow] Nodes: 8
[Topology][Flow] Connections: 7
[Topology][Flow] Generating flow layout
[Topology][Flow] Nodes: 2
[Topology][Flow] Connections: 1
[Topology][Flow] Generating flow layout
[Topology][Flow] Nodes: 8
[Topology][Flow] Connections: 7
[Topology][Flow] Generating flow layout
[Topology][Flow] Nodes: 2
[Topology][Flow] Connections: 1
[Topology][Flow] Generating flow layout
[Topology][Flow] Nodes: 8
[Topology][Flow] Connections: 7
[Topology][Flow] Generating flow layout
[Topology][Flow] Nodes: 2
[Topology][Flow] Connections: 1
[Topology][Flow] Generating flow layout
[Topology][Flow] Nodes: 8
[Topology][Flow] Connections: 7
[Topology][Flow] Generating flow layout
[Topology][Flow] Nodes: 2
[Topology][Flow] Connections: 1
[Topology][Flow] Generating flow layout
[Topology][Flow] Nodes: 8
[Topology][Flow] Connections: 7
[Topology][Flow] Generating flow layout
[Topology][Flow] Nodes: 2
[Topology][Flow] Connections: 1
[Topology][Flow] Generating flow layout
[Topology][Flow] Nodes: 8
[Topology][Flow] Connections: 7
[Topology][Flow] Generating flow layout
[Topology][Flow] Nodes: 2
[Topology][Flow] Connections: 1
[Topology][Flow] Generating flow layout
[Topology][Flow] Nodes: 8
[Topology][Flow] Connections: 7
[Topology][Flow] Generating flow layout
[Topology][Flow] Nodes: 2
[Topology][Flow] Connections: 1
[Topology][Flow] Generating flow layout
[Topology][Flow] Nodes: 8
[Topology][Flow] Connections: 7
[Topology][Flow] Generating flow layout
[Topology][Flow] Nodes: 2
[Topology][Flow] Connections: 1
[Topology][Flow] Generating flow layout
[Topology][Flow] Nodes: 8
[Topology][Flow] Connections: 7
[Topology][Flow] Generating flow layout
[Topology][Flow] Nodes: 2
[Topology][Flow] Connections: 1
[Topology][Flow] Generating flow layout
[Topology][Flow] Nodes: 8
[Topology][Flow] Connections: 7
[Topology][Flow] Generating flow layout
[Topology][Flow] Nodes: 2
[Topology][Flow] Connections: 1
[Topology][Flow] Generating flow layout
[Topology][Flow] Nodes: 8
[Topology][Flow] Connections: 7
[Topology][Flow] Generating flow layout
[Topology][Flow] Nodes: 2
[Topology][Flow] Connections: 1
[Topology][Flow] Generating flow layout
[Topology][Flow] Nodes: 8
[Topology][Flow] Connections: 7
[Topology][Flow] Generating flow layout
[Topology][Flow] Nodes: 2
[Topology][Flow] Connections: 1
[Topology][Flow] Generating flow layout
[Topology][Flow] Nodes: 8
[Topology][Flow] Connections: 7
[Topology][Flow] Generating flow layout
[Topology][Flow] Nodes: 2
[Topology][Flow] Connections: 1
[Topology][Flow] Generating flow layout
[Topology][Flow] Nodes: 8
[Topology][Flow] Connections: 7
[Topology][Flow] Generating flow layout
[Topology][Flow] Nodes: 2
[Topology][Flow] Connections: 1
[Topology][Flow] Generating flow layout
[Topology][Flow] Nodes: 8
[Topology][Flow] Connections: 7
[Topology][Hub] Generating hub layout
[Topology][Hub] Hub: Capacity
[Topology][Hub] Satellites: 5
[Topology][Hub] Connections: 5
[Topology][Flow] Generating flow layout
[Topology][Flow] Nodes: 8
[Topology][Flow] Connections: 7
[Topology][Hub] Generating hub layout
[Topology][Hub] Hub: Capacity
[Topology][Hub] Satellites: 5
[Topology][Hub] Connections: 5
[Topology][Flow] Generating flow layout
[Topology][Flow] Nodes: 8
[Topology][Flow] Connections: 7
[Topology][Hub] Generating hub layout
[Topology][Hub] Hub: Capacity
[Topology][Hub] Satellites: 5
[Topology][Hub] Connections: 5
[Topology][Flow] Generating flow layout
[Topology][Flow] Nodes: 8
[Topology][Flow] Connections: 7
[Topology][Flow] Generating flow layout
[Topology][Flow] Nodes: 2
[Topology][Flow] Connections: 1
[Topology][Flow] Generating flow layout
[Topology][Flow] Nodes: 8
[Topology][Flow] Connections: 7
[Topology][Flow] Generating flow layout
[Topology][Flow] Nodes: 2
[Topology][Flow] Connections: 1
[Topology][Flow] Generating flow layout
[Topology][Flow] Nodes: 8
[Topology][Flow] Connections: 7
[Topology][Flow] Generating flow layout
[Topology][Flow] Nodes: 2
[Topology][Flow] Connections: 1
[Topology][Flow] Generating flow layout
[Topology][Flow] Nodes: 8
[Topology][Flow] Connections: 7
[Topology][Flow] Generating flow layout
[Topology][Flow] Nodes: 2
[Topology][Flow] Connections: 1
[Topology][Flow] Generating flow layout
[Topology][Flow] Nodes: 8
[Topology][Flow] Connections: 7
[Topology][Flow] Generating flow layout
[Topology][Flow] Nodes: 2
[Topology][Flow] Connections: 1
[Topology][Flow] Generating flow layout
[Topology][Flow] Nodes: 8
[Topology][Flow] Connections: 7
[Topology][Flow] Generating flow layout
[Topology][Flow] Nodes: 2
[Topology][Flow] Connections: 1
▶ NXA:5-FIX4 Advisor↔Stage context intelligence
  ✔ owns a read-model boundary without a Stage store (3.045125ms)
  ✔ projects authoritative Stage context from runtime collection state (156.875ms)
  ✔ keeps Scenario comparison on Stage and asks a criterion instead of generic business-outcome advice (53.145083ms)
  ✔ treats talking about the presented collection as confirmation, not a missing outcome (40.454917ms)
  ✔ completes a pending criterion instead of navigating to Capacity (58.172875ms)
  ✔ resolves compare them against the presented collection without mutating Stage (15.89125ms)
  ✔ describes the Stage scene without mutating it (29.491ms)
  ✔ explains why visible members are present without causal invention (15.7735ms)
  ✔ can discuss an off-stage object without replacing the Scenario Stage (17.53625ms)
  ✔ updates Stage on explicit presentation and honors consent yes/no (83.448958ms)
  ✔ still lets a named visible member be focused and lets a new collection command escape (31.988583ms)
  ✔ classifies Stage-meta separately from explicit presentation (9.1465ms)
✔ NXA:5-FIX4 Advisor↔Stage context intelligence (516.346416ms)
[Topology][Flow] Generating flow layout
[Topology][Flow] Nodes: 8
[Topology][Flow] Connections: 7
[Topology][Hub] Generating hub layout
[Topology][Hub] Hub: Capacity
[Topology][Hub] Satellites: 5
[Topology][Hub] Connections: 5
[Topology][Flow] Generating flow layout
[Topology][Flow] Nodes: 8
[Topology][Flow] Connections: 7
[Topology][Hub] Generating hub layout
[Topology][Hub] Hub: Capacity
[Topology][Hub] Satellites: 5
[Topology][Hub] Connections: 5
[Topology][Flow] Generating flow layout
[Topology][Flow] Nodes: 8
[Topology][Flow] Connections: 7
[Topology][Flow] Generating flow layout
[Topology][Flow] Nodes: 2
[Topology][Flow] Connections: 1
[Topology][Flow] Generating flow layout
[Topology][Flow] Nodes: 8
[Topology][Flow] Connections: 7
[Topology][Flow] Generating flow layout
[Topology][Flow] Nodes: 2
[Topology][Flow] Connections: 1
[Topology][Flow] Generating flow layout
[Topology][Flow] Nodes: 8
[Topology][Flow] Connections: 7
[Topology][Hub] Generating hub layout
[Topology][Hub] Hub: Capacity
[Topology][Hub] Satellites: 5
[Topology][Hub] Connections: 5
[Topology][Flow] Generating flow layout
[Topology][Flow] Nodes: 8
[Topology][Flow] Connections: 7
[Topology][Hub] Generating hub layout
[Topology][Hub] Hub: Capacity
[Topology][Hub] Satellites: 5
[Topology][Hub] Connections: 5
[Topology][Flow] Generating flow layout
[Topology][Flow] Nodes: 8
[Topology][Flow] Connections: 7
[Topology][Hub] Generating hub layout
[Topology][Hub] Hub: Capacity
[Topology][Hub] Satellites: 5
[Topology][Hub] Connections: 5
[Topology][Flow] Generating flow layout
[Topology][Flow] Nodes: 8
[Topology][Flow] Connections: 7
[Topology][Flow] Generating flow layout
[Topology][Flow] Nodes: 2
[Topology][Flow] Connections: 1
[Topology][Flow] Generating flow layout
[Topology][Flow] Nodes: 8
[Topology][Flow] Connections: 7
[Topology][Flow] Generating flow layout
[Topology][Flow] Nodes: 2
[Topology][Flow] Connections: 1
[Topology][Flow] Generating flow layout
[Topology][Flow] Nodes: 8
[Topology][Flow] Connections: 7
[Topology][Hub] Generating hub layout
[Topology][Hub] Hub: Capacity
[Topology][Hub] Satellites: 5
[Topology][Hub] Connections: 5
[Topology][Flow] Generating flow layout
[Topology][Flow] Nodes: 8
[Topology][Flow] Connections: 7
[Topology][Hub] Generating hub layout
[Topology][Hub] Hub: Capacity
[Topology][Hub] Satellites: 5
[Topology][Hub] Connections: 5
[Topology][Flow] Generating flow layout
[Topology][Flow] Nodes: 8
[Topology][Flow] Connections: 7
[Topology][Hub] Generating hub layout
[Topology][Hub] Hub: Capacity
[Topology][Hub] Satellites: 5
[Topology][Hub] Connections: 5
[Topology][Flow] Generating flow layout
[Topology][Flow] Nodes: 8
[Topology][Flow] Connections: 7
[Topology][Hub] Generating hub layout
[Topology][Hub] Hub: Capacity
[Topology][Hub] Satellites: 5
[Topology][Hub] Connections: 5
[Topology][Flow] Generating flow layout
[Topology][Flow] Nodes: 8
[Topology][Flow] Connections: 7
[Topology][Hub] Generating hub layout
[Topology][Hub] Hub: Capacity
[Topology][Hub] Satellites: 5
[Topology][Hub] Connections: 5
[Topology][Flow] Generating flow layout
[Topology][Flow] Nodes: 8
[Topology][Flow] Connections: 7
[Topology][Flow] Generating flow layout
[Topology][Flow] Nodes: 2
[Topology][Flow] Connections: 1
[Topology][Flow] Generating flow layout
[Topology][Flow] Nodes: 8
[Topology][Flow] Connections: 7
[Topology][Flow] Generating flow layout
[Topology][Flow] Nodes: 2
[Topology][Flow] Connections: 1
[Topology][Flow] Generating flow layout
[Topology][Flow] Nodes: 8
[Topology][Flow] Connections: 7
[Topology][Flow] Generating flow layout
[Topology][Flow] Nodes: 2
[Topology][Flow] Connections: 1
[Topology][Flow] Generating flow layout
[Topology][Flow] Nodes: 8
[Topology][Flow] Connections: 7
[Topology][Flow] Generating flow layout
[Topology][Flow] Nodes: 2
[Topology][Flow] Connections: 1
[Topology][Flow] Generating flow layout
[Topology][Flow] Nodes: 8
[Topology][Flow] Connections: 7
[Topology][Hub] Generating hub layout
[Topology][Hub] Hub: Capacity
[Topology][Hub] Satellites: 5
[Topology][Hub] Connections: 5
[Topology][Flow] Generating flow layout
[Topology][Flow] Nodes: 8
[Topology][Flow] Connections: 7
[Topology][Flow] Generating flow layout
[Topology][Flow] Nodes: 2
[Topology][Flow] Connections: 1
[Topology][Flow] Generating flow layout
[Topology][Flow] Nodes: 8
[Topology][Flow] Connections: 7
[Topology][Flow] Generating flow layout
[Topology][Flow] Nodes: 2
[Topology][Flow] Connections: 1
[Topology][Flow] Generating flow layout
[Topology][Flow] Nodes: 8
[Topology][Flow] Connections: 7
[Topology][Flow] Generating flow layout
[Topology][Flow] Nodes: 2
[Topology][Flow] Connections: 1
[Topology][Flow] Generating flow layout
[Topology][Flow] Nodes: 8
[Topology][Flow] Connections: 7
[Topology][Hub] Generating hub layout
[Topology][Hub] Hub: Capacity
[Topology][Hub] Satellites: 5
[Topology][Hub] Connections: 5
[Topology][Flow] Generating flow layout
[Topology][Flow] Nodes: 8
[Topology][Flow] Connections: 7
[Topology][Hub] Generating hub layout
[Topology][Hub] Hub: Capacity
[Topology][Hub] Satellites: 5
[Topology][Hub] Connections: 5
[Topology][Flow] Generating flow layout
[Topology][Flow] Nodes: 8
[Topology][Flow] Connections: 7
[Topology][Hub] Generating hub layout
[Topology][Hub] Hub: Capacity
[Topology][Hub] Satellites: 5
[Topology][Hub] Connections: 5
▶ NXA:5-FIX5 manager observation precedence
  ✔ owns a boundary without a second observation store (4.67025ms)
  ✔ A — stale focused Capacity does not own a Delivery observation (177.927791ms)
  ✔ B — stale Scenario collection does not own an Inventory observation (27.375666ms)
  ✔ C — a new observation does not continue a previous consequence intent (46.067833ms)
  ✔ D — a new observation after explain is not owned by the explained object (19.455125ms)
  ✔ E — explicit causal assertions stay hypotheses, not Delivery observations (31.901125ms)
  ✔ F — genuine deictic consequence still resolves to the prior subject (29.216416ms)
  ✔ preserves pending criterion answers and FIX4 talk-vs-show (42.270084ms)
  ✔ generalizes evaluative observations across object kinds (22.298167ms)
  ✔ recalls the latest manager observation without changing Stage (26.013666ms)
✔ NXA:5-FIX5 manager observation precedence (428.452667ms)
ℹ tests 563
ℹ suites 36
ℹ pass 563
ℹ fail 0
ℹ cancelled 0
ℹ skipped 0
ℹ todo 0
ℹ duration_ms 14683.373917
EXIT:0
