[Topology][Flow] Generating flow layout
[Topology][Flow] Nodes: 8
[Topology][Flow] Connections: 7
[Topology][Flow] Generating flow layout
[Topology][Flow] Nodes: 2
[Topology][Flow] Connections: 1
[Topology][Flow] Generating flow layout
[Topology][Flow] Nodes: 8
[Topology][Flow] Connections: 7
[Topology][Flow] Generating flow layout
[Topology][Flow] Nodes: 2
[Topology][Flow] Connections: 1
[Topology][Flow] Generating flow layout
[Topology][Flow] Nodes: 8
[Topology][Flow] Connections: 7
[Topology][Flow] Generating flow layout
[Topology][Flow] Nodes: 2
[Topology][Flow] Connections: 1
[Topology][Flow] Generating flow layout
[Topology][Flow] Nodes: 8
[Topology][Flow] Connections: 7
[Topology][Flow] Generating flow layout
[Topology][Flow] Nodes: 2
[Topology][Flow] Connections: 1
[Topology][Flow] Generating flow layout
[Topology][Flow] Nodes: 8
[Topology][Flow] Connections: 7
[Topology][Flow] Generating flow layout
[Topology][Flow] Nodes: 2
[Topology][Flow] Connections: 1
[Topology][Flow] Generating flow layout
[Topology][Flow] Nodes: 8
[Topology][Flow] Connections: 7
[Topology][Flow] Generating flow layout
[Topology][Flow] Nodes: 2
[Topology][Flow] Connections: 1
[Topology][Flow] Generating flow layout
[Topology][Flow] Nodes: 8
[Topology][Flow] Connections: 7
[Topology][Flow] Generating flow layout
[Topology][Flow] Nodes: 2
[Topology][Flow] Connections: 1
[Topology][Flow] Generating flow layout
[Topology][Flow] Nodes: 8
[Topology][Flow] Connections: 7
[Topology][Flow] Generating flow layout
[Topology][Flow] Nodes: 2
[Topology][Flow] Connections: 1
[Topology][Flow] Generating flow layout
[Topology][Flow] Nodes: 8
[Topology][Flow] Connections: 7
[Topology][Flow] Generating flow layout
[Topology][Flow] Nodes: 2
[Topology][Flow] Connections: 1
[Topology][Flow] Generating flow layout
[Topology][Flow] Nodes: 8
[Topology][Flow] Connections: 7
[Topology][Flow] Generating flow layout
[Topology][Flow] Nodes: 2
[Topology][Flow] Connections: 1
[Topology][Flow] Generating flow layout
[Topology][Flow] Nodes: 8
[Topology][Flow] Connections: 7
[Topology][Flow] Generating flow layout
[Topology][Flow] Nodes: 2
[Topology][Flow] Connections: 1
[Topology][Flow] Generating flow layout
[Topology][Flow] Nodes: 8
[Topology][Flow] Connections: 7
[Topology][Flow] Generating flow layout
[Topology][Flow] Nodes: 2
[Topology][Flow] Connections: 1
[Topology][Flow] Generating flow layout
[Topology][Flow] Nodes: 8
[Topology][Flow] Connections: 7
[Topology][Flow] Generating flow layout
[Topology][Flow] Nodes: 2
[Topology][Flow] Connections: 1
[Topology][Flow] Generating flow layout
[Topology][Flow] Nodes: 8
[Topology][Flow] Connections: 7
[Topology][Flow] Generating flow layout
[Topology][Flow] Nodes: 2
[Topology][Flow] Connections: 1
[Topology][Flow] Generating flow layout
[Topology][Flow] Nodes: 8
[Topology][Flow] Connections: 7
[Topology][Flow] Generating flow layout
[Topology][Flow] Nodes: 2
[Topology][Flow] Connections: 1
[Topology][Flow] Generating flow layout
[Topology][Flow] Nodes: 8
[Topology][Flow] Connections: 7
[Topology][Flow] Generating flow layout
[Topology][Flow] Nodes: 2
[Topology][Flow] Connections: 1
[Topology][Flow] Generating flow layout
[Topology][Flow] Nodes: 8
[Topology][Flow] Connections: 7
[Topology][Flow] Generating flow layout
[Topology][Flow] Nodes: 2
[Topology][Flow] Connections: 1
[Topology][Flow] Generating flow layout
[Topology][Flow] Nodes: 8
[Topology][Flow] Connections: 7
[Topology][Flow] Generating flow layout
[Topology][Flow] Nodes: 2
[Topology][Flow] Connections: 1
[Topology][Flow] Generating flow layout
[Topology][Flow] Nodes: 8
[Topology][Flow] Connections: 7
[Topology][Flow] Generating flow layout
[Topology][Flow] Nodes: 2
[Topology][Flow] Connections: 1
[Topology][Flow] Generating flow layout
[Topology][Flow] Nodes: 8
[Topology][Flow] Connections: 7
[Topology][Flow] Generating flow layout
[Topology][Flow] Nodes: 2
[Topology][Flow] Connections: 1
[Topology][Flow] Generating flow layout
[Topology][Flow] Nodes: 8
[Topology][Flow] Connections: 7
[Topology][Flow] Generating flow layout
[Topology][Flow] Nodes: 2
[Topology][Flow] Connections: 1
[Topology][Flow] Generating flow layout
[Topology][Flow] Nodes: 8
[Topology][Flow] Connections: 7
[Topology][Flow] Generating flow layout
[Topology][Flow] Nodes: 2
[Topology][Flow] Connections: 1
[Topology][Flow] Generating flow layout
[Topology][Flow] Nodes: 8
[Topology][Flow] Connections: 7
[Topology][Flow] Generating flow layout
[Topology][Flow] Nodes: 2
[Topology][Flow] Connections: 1
[Topology][Flow] Generating flow layout
[Topology][Flow] Nodes: 8
[Topology][Flow] Connections: 7
[Topology][Flow] Generating flow layout
[Topology][Flow] Nodes: 2
[Topology][Flow] Connections: 1
[Topology][Flow] Generating flow layout
[Topology][Flow] Nodes: 8
[Topology][Flow] Connections: 7
[Topology][Flow] Generating flow layout
[Topology][Flow] Nodes: 2
[Topology][Flow] Connections: 1
[Topology][Flow] Generating flow layout
[Topology][Flow] Nodes: 8
[Topology][Flow] Connections: 7
[Topology][Flow] Generating flow layout
[Topology][Flow] Nodes: 2
[Topology][Flow] Connections: 1
[Topology][Flow] Generating flow layout
[Topology][Flow] Nodes: 8
[Topology][Flow] Connections: 7
[Topology][Flow] Generating flow layout
[Topology][Flow] Nodes: 2
[Topology][Flow] Connections: 1
✔ identity + boundary (0.824334ms)
✔ 1 preference-only (127.655375ms)
✔ 2–3 explicit scenario commitment + approval (43.935541ms)
✔ 4 ambiguous commitment (9.326375ms)
✔ 5–7 confirmation required, yes, cancel (101.117708ms)
✔ 8 stale confirmation on workspace change (28.479209ms)
✔ 9 unsupported scenario (12.643875ms)
✔ 10 partial scenario uncertainty preserved (16.506708ms)
✔ 11 duplicate commitment idempotent against Runtime (18.616916ms)
✔ 13 rejection does not delete scenario (26.1485ms)
✔ 14–15 illegal / locked transition (12.586709ms)
✔ 16 recommendation handoff (11.83225ms)
✔ 17 scenario preference handoff (13.502459ms)
✔ 19 approve this from current scenario (17.482875ms)
✔ 20 workspace scope isolation for yes (36.864208ms)
✔ 24–26 provenance + evidence/scenario preservation (9.083125ms)
✔ 30–31 no execution; compound defers execution (20.8245ms)
✔ 28–29 no Stage/camera mutation via shouldCommitRuntime false (15.188916ms)
✔ CC:10R identity + one canonical Runtime truth (9.09325ms)
✔ pending confirmation does not mutate Runtime (11.426291ms)
✔ empty decision session bootstrap (0.121833ms)
✔ CC:11 identity boundary forbids parallel and external writers (1.591958ms)
✔ minimal execution language stays distinct from Decision commitment (1.511083ms)
✔ approved Decision creates and starts exactly one canonical Execution (1.206084ms)
✔ non-approved and missing Decisions create nothing atomically (0.219791ms)
✔ follow-up never invents progress, owner, blocker, milestone, or deadline (0.286875ms)
✔ trusted execution evidence is read without conflating risks and blockers (0.363959ms)
✔ illegal transition is atomic; completion/cancellation require confirmation (0.300584ms)
✔ execution transitions never rewrite canonical Decision (0.356834ms)
✔ why reads Decision and reconsider/scenario/recommend hand off (0.245084ms)
✔ workspace/model scope mismatch cannot create a dangling execution (0.174166ms)
✔ EXS1 UI and conversation converge through the live store adapter (0.538041ms)
[Topology][Flow] Generating flow layout
[Topology][Flow] Nodes: 8
[Topology][Flow] Connections: 7
[Topology][Hub] Generating hub layout
[Topology][Hub] Hub: Capacity
[Topology][Hub] Satellites: 5
[Topology][Hub] Connections: 5
[Topology][Flow] Generating flow layout
[Topology][Flow] Nodes: 8
[Topology][Flow] Connections: 7
[Topology][Hub] Generating hub layout
[Topology][Hub] Hub: Capacity
[Topology][Hub] Satellites: 5
[Topology][Hub] Connections: 5
[Topology][Flow] Generating flow layout
[Topology][Flow] Nodes: 8
[Topology][Flow] Connections: 7
[Topology][Flow] Generating flow layout
[Topology][Flow] Nodes: 2
[Topology][Flow] Connections: 1
[Topology][Flow] Generating flow layout
[Topology][Flow] Nodes: 8
[Topology][Flow] Connections: 7
[Topology][Hub] Generating hub layout
[Topology][Hub] Hub: Revenue
[Topology][Hub] Satellites: 4
[Topology][Hub] Connections: 4
[Topology][Flow] Generating flow layout
[Topology][Flow] Nodes: 8
[Topology][Flow] Connections: 7
[Topology][Hub] Generating hub layout
[Topology][Hub] Hub: Capacity
[Topology][Hub] Satellites: 5
[Topology][Hub] Connections: 5
[Topology][Flow] Generating flow layout
[Topology][Flow] Nodes: 8
[Topology][Flow] Connections: 7
[Topology][Hub] Generating hub layout
[Topology][Hub] Hub: Capacity
[Topology][Hub] Satellites: 5
[Topology][Hub] Connections: 5
[Topology][Flow] Generating flow layout
[Topology][Flow] Nodes: 8
[Topology][Flow] Connections: 7
[Topology][Flow] Generating flow layout
[Topology][Flow] Nodes: 2
[Topology][Flow] Connections: 1
[Topology][Flow] Generating flow layout
[Topology][Flow] Nodes: 8
[Topology][Flow] Connections: 7
[Topology][Flow] Generating flow layout
[Topology][Flow] Nodes: 2
[Topology][Flow] Connections: 1
[Topology][Flow] Generating flow layout
[Topology][Flow] Nodes: 8
[Topology][Flow] Connections: 7
[Topology][Hub] Generating hub layout
[Topology][Hub] Hub: Capacity
[Topology][Hub] Satellites: 5
[Topology][Hub] Connections: 5
[Topology][Flow] Generating flow layout
[Topology][Flow] Nodes: 8
[Topology][Flow] Connections: 7
[Topology][Hub] Generating hub layout
[Topology][Hub] Hub: Capacity
[Topology][Hub] Satellites: 5
[Topology][Hub] Connections: 5
[Topology][Flow] Generating flow layout
[Topology][Flow] Nodes: 8
[Topology][Flow] Connections: 7
[Topology][Hub] Generating hub layout
[Topology][Hub] Hub: Capacity
[Topology][Hub] Satellites: 5
[Topology][Hub] Connections: 5
[Topology][Flow] Generating flow layout
[Topology][Flow] Nodes: 8
[Topology][Flow] Connections: 7
[Topology][Hub] Generating hub layout
[Topology][Hub] Hub: Capacity
[Topology][Hub] Satellites: 5
[Topology][Hub] Connections: 5
[Topology][Flow] Generating flow layout
[Topology][Flow] Nodes: 8
[Topology][Flow] Connections: 7
[Topology][Hub] Generating hub layout
[Topology][Hub] Hub: Revenue
[Topology][Hub] Satellites: 4
[Topology][Hub] Connections: 4
[Topology][Flow] Generating flow layout
[Topology][Flow] Nodes: 8
[Topology][Flow] Connections: 7
[Topology][Hub] Generating hub layout
[Topology][Hub] Hub: Capacity
[Topology][Hub] Satellites: 5
[Topology][Hub] Connections: 5
[Topology][Flow] Generating flow layout
[Topology][Flow] Nodes: 8
[Topology][Flow] Connections: 7
[Topology][Hub] Generating hub layout
[Topology][Hub] Hub: Revenue
[Topology][Hub] Satellites: 4
[Topology][Hub] Connections: 4
[Topology][Flow] Generating flow layout
[Topology][Flow] Nodes: 8
[Topology][Flow] Connections: 7
[Topology][Flow] Generating flow layout
[Topology][Flow] Nodes: 2
[Topology][Flow] Connections: 1
[Topology][Flow] Generating flow layout
[Topology][Flow] Nodes: 8
[Topology][Flow] Connections: 7
[Topology][Hub] Generating hub layout
[Topology][Hub] Hub: Capacity
[Topology][Hub] Satellites: 5
[Topology][Hub] Connections: 5
[Topology][Flow] Generating flow layout
[Topology][Flow] Nodes: 8
[Topology][Flow] Connections: 7
[Topology][Hub] Generating hub layout
[Topology][Hub] Hub: Capacity
[Topology][Hub] Satellites: 5
[Topology][Hub] Connections: 5
[Topology][Flow] Generating flow layout
[Topology][Flow] Nodes: 8
[Topology][Flow] Connections: 7
[Topology][Hub] Generating hub layout
[Topology][Hub] Hub: Capacity
[Topology][Hub] Satellites: 5
[Topology][Hub] Connections: 5
[Topology][Flow] Generating flow layout
[Topology][Flow] Nodes: 8
[Topology][Flow] Connections: 7
[Topology][Hub] Generating hub layout
[Topology][Hub] Hub: Capacity
[Topology][Hub] Satellites: 5
[Topology][Hub] Connections: 5
✔ CC:8 identity and boundary (1.034792ms)
✔ 1: strong supported recommendation (Case A) (1.826417ms)
✔ 2: weak-evidence investigate (Case B) (0.378542ms)
✔ 3: no causal inference without relationship (Case C) (0.340542ms)
✔ 4: insufficient evidence (Case D) (0.16975ms)
✔ 5: conflicting evidence (Case E) (0.2685ms)
✔ 6: no-action recommendation (Case F) (0.257708ms)
✔ 7: scenario-analysis-required handoff (Case G) (0.237584ms)
✔ 8: explicit subject precedence (Case H) (189.346834ms)
✔ 9: CC:7 context consumption (26.910583ms)
✔ 10: click-updated context consumption (Case I) (49.896041ms)
✔ 11: workspace-scoped reasoning (Case J) (41.7655ms)
✔ 12: goal alignment (0.254583ms)
✔ 13: problem alignment (0.172083ms)
✔ 14: scenario reference-only handling (0.126958ms)
✔ 15: decision reference-only handling (0.101167ms)
✔ 16: execution reference-only handling (0.085666ms)
✔ 17: evidence trace completeness (0.194833ms)
✔ 18: deterministic recommendation output (2.076459ms)
✔ 19: confidence bounds (0.194458ms)
✔ 20: trade-off serialization (0.176542ms)
✔ 21: uncertainty serialization (0.105791ms)
✔ 22: failed reasoning leaves Runtime untouched (50.36075ms)
✔ 23: CC:1–7 regression boundaries (0.139459ms)
✔ 24: Stage regression — recommendation does not mutate focus (32.774125ms)
✔ 25: navigation regression (82.634833ms)
✔ CC:1 recommend/explain intents (0.410542ms)
✔ evidence assembler scopes to context (0.266333ms)
✔ Advisor response reflects insufficient evidence (8.8595ms)
✔ lastRecommendationId recorded on advisory success (18.692042ms)
✔ Should we increase Capacity? hands off to scenario flag (42.0305ms)
[Topology][Flow] Generating flow layout
[Topology][Flow] Nodes: 1
[Topology][Flow] Connections: 0
[Topology][Flow] Generating flow layout
[Topology][Flow] Nodes: 1
[Topology][Flow] Connections: 0
[Topology][Flow] Generating flow layout
[Topology][Flow] Nodes: 2
[Topology][Flow] Connections: 1
[Topology][Hub] Generating hub layout
[Topology][Hub] Hub: Improve Delivery Reliability
[Topology][Hub] Satellites: 1
[Topology][Hub] Connections: 1
[Topology][Flow] Generating flow layout
[Topology][Flow] Nodes: 2
[Topology][Flow] Connections: 1
[Topology][Hub] Generating hub layout
[Topology][Hub] Hub: Improve Delivery Reliability
[Topology][Hub] Satellites: 1
[Topology][Hub] Connections: 1
[Topology][Flow] Generating flow layout
[Topology][Flow] Nodes: 4
[Topology][Flow] Connections: 3
[Topology][Hub] Generating hub layout
[Topology][Hub] Hub: Improve Delivery Reliability
[Topology][Hub] Satellites: 3
[Topology][Hub] Connections: 3
[Topology][Flow] Generating flow layout
[Topology][Flow] Nodes: 5
[Topology][Flow] Connections: 4
[Topology][Hub] Generating hub layout
[Topology][Hub] Hub: Improve Delivery Reliability
[Topology][Hub] Satellites: 4
[Topology][Hub] Connections: 4
[Topology][Flow] Generating flow layout
[Topology][Flow] Nodes: 5
[Topology][Flow] Connections: 4
[Topology][Hub] Generating hub layout
[Topology][Hub] Hub: Improve Delivery Reliability
[Topology][Hub] Satellites: 4
[Topology][Hub] Connections: 4
[Topology][Flow] Generating flow layout
[Topology][Flow] Nodes: 1
[Topology][Flow] Connections: 0
[Topology][Flow] Generating flow layout
[Topology][Flow] Nodes: 1
[Topology][Flow] Connections: 0
[Topology][Flow] Generating flow layout
[Topology][Flow] Nodes: 2
[Topology][Flow] Connections: 1
[Topology][Hub] Generating hub layout
[Topology][Hub] Hub: Improve Delivery Reliability
[Topology][Hub] Satellites: 1
[Topology][Hub] Connections: 1
[Topology][Flow] Generating flow layout
[Topology][Flow] Nodes: 2
[Topology][Flow] Connections: 1
[Topology][Hub] Generating hub layout
[Topology][Hub] Hub: Improve Delivery Reliability
[Topology][Hub] Satellites: 1
[Topology][Hub] Connections: 1
[Topology][Flow] Generating flow layout
[Topology][Flow] Nodes: 4
[Topology][Flow] Connections: 3
[Topology][Hub] Generating hub layout
[Topology][Hub] Hub: Improve Delivery Reliability
[Topology][Hub] Satellites: 3
[Topology][Hub] Connections: 3
[Topology][Flow] Generating flow layout
[Topology][Flow] Nodes: 5
[Topology][Flow] Connections: 4
[Topology][Hub] Generating hub layout
[Topology][Hub] Hub: Improve Delivery Reliability
[Topology][Hub] Satellites: 4
[Topology][Hub] Connections: 4
[Topology][Flow] Generating flow layout
[Topology][Flow] Nodes: 5
[Topology][Flow] Connections: 4
[Topology][Hub] Generating hub layout
[Topology][Hub] Hub: Improve Delivery Reliability
[Topology][Hub] Satellites: 4
[Topology][Hub] Connections: 4
[Topology][Flow] Generating flow layout
[Topology][Flow] Nodes: 6
[Topology][Flow] Connections: 5
[Topology][Hub] Generating hub layout
[Topology][Hub] Hub: Improve Delivery Reliability
[Topology][Hub] Satellites: 5
[Topology][Hub] Connections: 5
[Topology][Flow] Generating flow layout
[Topology][Flow] Nodes: 7
[Topology][Flow] Connections: 6
[Topology][Hub] Generating hub layout
[Topology][Hub] Hub: Improve Delivery Reliability
[Topology][Hub] Satellites: 6
[Topology][Hub] Connections: 6
[Topology][Flow] Generating flow layout
[Topology][Flow] Nodes: 7
[Topology][Flow] Connections: 6
[Topology][Hub] Generating hub layout
[Topology][Hub] Hub: Improve Delivery Reliability
[Topology][Hub] Satellites: 6
[Topology][Hub] Connections: 6
[Topology][Flow] Generating flow layout
[Topology][Flow] Nodes: 7
[Topology][Flow] Connections: 6
[Topology][Hub] Generating hub layout
[Topology][Hub] Hub: Improve Delivery Reliability
[Topology][Hub] Satellites: 6
[Topology][Hub] Connections: 6
[Topology][Flow] Generating flow layout
[Topology][Flow] Nodes: 1
[Topology][Flow] Connections: 0
[Topology][Flow] Generating flow layout
[Topology][Flow] Nodes: 1
[Topology][Flow] Connections: 0
[Topology][Flow] Generating flow layout
[Topology][Flow] Nodes: 2
[Topology][Flow] Connections: 1
[Topology][Hub] Generating hub layout
[Topology][Hub] Hub: Improve Delivery Reliability
[Topology][Hub] Satellites: 1
[Topology][Hub] Connections: 1
[Topology][Flow] Generating flow layout
[Topology][Flow] Nodes: 2
[Topology][Flow] Connections: 1
[Topology][Hub] Generating hub layout
[Topology][Hub] Hub: Improve Delivery Reliability
[Topology][Hub] Satellites: 1
[Topology][Hub] Connections: 1
[Topology][Flow] Generating flow layout
[Topology][Flow] Nodes: 4
[Topology][Flow] Connections: 3
[Topology][Hub] Generating hub layout
[Topology][Hub] Hub: Improve Delivery Reliability
[Topology][Hub] Satellites: 3
[Topology][Hub] Connections: 3
[Topology][Flow] Generating flow layout
[Topology][Flow] Nodes: 5
[Topology][Flow] Connections: 4
[Topology][Hub] Generating hub layout
[Topology][Hub] Hub: Improve Delivery Reliability
[Topology][Hub] Satellites: 4
[Topology][Hub] Connections: 4
[Topology][Flow] Generating flow layout
[Topology][Flow] Nodes: 5
[Topology][Flow] Connections: 4
[Topology][Hub] Generating hub layout
[Topology][Hub] Hub: Improve Delivery Reliability
[Topology][Hub] Satellites: 4
[Topology][Hub] Connections: 4
[Topology][Flow] Generating flow layout
[Topology][Flow] Nodes: 6
[Topology][Flow] Connections: 5
[Topology][Hub] Generating hub layout
[Topology][Hub] Hub: Improve Delivery Reliability
[Topology][Hub] Satellites: 5
[Topology][Hub] Connections: 5
[Topology][Flow] Generating flow layout
[Topology][Flow] Nodes: 7
[Topology][Flow] Connections: 6
[Topology][Hub] Generating hub layout
[Topology][Hub] Hub: Improve Delivery Reliability
[Topology][Hub] Satellites: 6
[Topology][Hub] Connections: 6
[Topology][Flow] Generating flow layout
[Topology][Flow] Nodes: 7
[Topology][Flow] Connections: 6
[Topology][Hub] Generating hub layout
[Topology][Hub] Hub: Improve Delivery Reliability
[Topology][Hub] Satellites: 6
[Topology][Hub] Connections: 6
[Topology][Flow] Generating flow layout
[Topology][Flow] Nodes: 7
[Topology][Flow] Connections: 6
[Topology][Hub] Generating hub layout
[Topology][Hub] Hub: Improve Delivery Reliability
[Topology][Hub] Satellites: 6
[Topology][Hub] Connections: 6
[Topology][Flow] Generating flow layout
[Topology][Flow] Nodes: 7
[Topology][Flow] Connections: 6
[Topology][Hub] Generating hub layout
[Topology][Hub] Hub: Improve Delivery Reliability
[Topology][Hub] Satellites: 6
[Topology][Hub] Connections: 6
[Topology][Flow] Generating flow layout
[Topology][Flow] Nodes: 7
[Topology][Flow] Connections: 6
[Topology][Hub] Generating hub layout
[Topology][Hub] Hub: Improve Delivery Reliability
[Topology][Hub] Satellites: 6
[Topology][Hub] Connections: 6
[Topology][Flow] Generating flow layout
[Topology][Flow] Nodes: 7
[Topology][Flow] Connections: 6
[Topology][Hub] Generating hub layout
[Topology][Hub] Hub: Improve Delivery Reliability
[Topology][Hub] Satellites: 6
[Topology][Hub] Connections: 6
[Topology][Flow] Generating flow layout
[Topology][Flow] Nodes: 7
[Topology][Flow] Connections: 6
[Topology][Hub] Generating hub layout
[Topology][Hub] Hub: Improve Delivery Reliability
[Topology][Hub] Satellites: 6
[Topology][Hub] Connections: 6
[Topology][Flow] Generating flow layout
[Topology][Flow] Nodes: 7
[Topology][Flow] Connections: 6
[Topology][Hub] Generating hub layout
[Topology][Hub] Hub: Improve Delivery Reliability
[Topology][Hub] Satellites: 6
[Topology][Hub] Connections: 6
[Topology][Flow] Generating flow layout
[Topology][Flow] Nodes: 7
[Topology][Flow] Connections: 6
[Topology][Hub] Generating hub layout
[Topology][Hub] Hub: Improve Delivery Reliability
[Topology][Hub] Satellites: 6
[Topology][Hub] Connections: 6
[Topology][Flow] Generating flow layout
[Topology][Flow] Nodes: 1
[Topology][Flow] Connections: 0
[Topology][Flow] Generating flow layout
[Topology][Flow] Nodes: 1
[Topology][Flow] Connections: 0
[Topology][Flow] Generating flow layout
[Topology][Flow] Nodes: 2
[Topology][Flow] Connections: 1
[Topology][Hub] Generating hub layout
[Topology][Hub] Hub: Improve Delivery Reliability
[Topology][Hub] Satellites: 1
[Topology][Hub] Connections: 1
[Topology][Flow] Generating flow layout
[Topology][Flow] Nodes: 2
[Topology][Flow] Connections: 1
[Topology][Hub] Generating hub layout
[Topology][Hub] Hub: Improve Delivery Reliability
[Topology][Hub] Satellites: 1
[Topology][Hub] Connections: 1
[Topology][Flow] Generating flow layout
[Topology][Flow] Nodes: 4
[Topology][Flow] Connections: 3
[Topology][Hub] Generating hub layout
[Topology][Hub] Hub: Improve Delivery Reliability
[Topology][Hub] Satellites: 3
[Topology][Hub] Connections: 3
[Topology][Flow] Generating flow layout
[Topology][Flow] Nodes: 5
[Topology][Flow] Connections: 4
[Topology][Hub] Generating hub layout
[Topology][Hub] Hub: Improve Delivery Reliability
[Topology][Hub] Satellites: 4
[Topology][Hub] Connections: 4
[Topology][Flow] Generating flow layout
[Topology][Flow] Nodes: 5
[Topology][Flow] Connections: 4
[Topology][Hub] Generating hub layout
[Topology][Hub] Hub: Improve Delivery Reliability
[Topology][Hub] Satellites: 4
[Topology][Hub] Connections: 4
[Topology][Flow] Generating flow layout
[Topology][Flow] Nodes: 6
[Topology][Flow] Connections: 5
[Topology][Hub] Generating hub layout
[Topology][Hub] Hub: Improve Delivery Reliability
[Topology][Hub] Satellites: 5
[Topology][Hub] Connections: 5
[Topology][Flow] Generating flow layout
[Topology][Flow] Nodes: 7
[Topology][Flow] Connections: 6
[Topology][Hub] Generating hub layout
[Topology][Hub] Hub: Improve Delivery Reliability
[Topology][Hub] Satellites: 6
[Topology][Hub] Connections: 6
[Topology][Flow] Generating flow layout
[Topology][Flow] Nodes: 7
[Topology][Flow] Connections: 6
[Topology][Hub] Generating hub layout
[Topology][Hub] Hub: Improve Delivery Reliability
[Topology][Hub] Satellites: 6
[Topology][Hub] Connections: 6
[Topology][Flow] Generating flow layout
[Topology][Flow] Nodes: 7
[Topology][Flow] Connections: 6
[Topology][Hub] Generating hub layout
[Topology][Hub] Hub: Improve Delivery Reliability
[Topology][Hub] Satellites: 6
[Topology][Hub] Connections: 6
[Topology][Flow] Generating flow layout
[Topology][Flow] Nodes: 7
[Topology][Flow] Connections: 6
[Topology][Hub] Generating hub layout
[Topology][Hub] Hub: Improve Delivery Reliability
[Topology][Hub] Satellites: 6
[Topology][Hub] Connections: 6
[Topology][Flow] Generating flow layout
[Topology][Flow] Nodes: 7
[Topology][Flow] Connections: 6
[Topology][Hub] Generating hub layout
[Topology][Hub] Hub: Improve Delivery Reliability
[Topology][Hub] Satellites: 6
[Topology][Hub] Connections: 6
[Topology][Flow] Generating flow layout
[Topology][Flow] Nodes: 7
[Topology][Flow] Connections: 6
[Topology][Hub] Generating hub layout
[Topology][Hub] Hub: Improve Delivery Reliability
[Topology][Hub] Satellites: 6
[Topology][Hub] Connections: 6
[Topology][Flow] Generating flow layout
[Topology][Flow] Nodes: 7
[Topology][Flow] Connections: 6
[Topology][Hub] Generating hub layout
[Topology][Hub] Hub: Improve Delivery Reliability
[Topology][Hub] Satellites: 6
[Topology][Hub] Connections: 6
[Topology][Flow] Generating flow layout
[Topology][Flow] Nodes: 1
[Topology][Flow] Connections: 0
[Topology][Flow] Generating flow layout
[Topology][Flow] Nodes: 1
[Topology][Flow] Connections: 0
[Topology][Flow] Generating flow layout
[Topology][Flow] Nodes: 2
[Topology][Flow] Connections: 1
[Topology][Hub] Generating hub layout
[Topology][Hub] Hub: Improve Delivery Reliability
[Topology][Hub] Satellites: 1
[Topology][Hub] Connections: 1
[Topology][Flow] Generating flow layout
[Topology][Flow] Nodes: 2
[Topology][Flow] Connections: 1
[Topology][Hub] Generating hub layout
[Topology][Hub] Hub: Improve Delivery Reliability
[Topology][Hub] Satellites: 1
[Topology][Hub] Connections: 1
[Topology][Flow] Generating flow layout
[Topology][Flow] Nodes: 4
[Topology][Flow] Connections: 3
[Topology][Hub] Generating hub layout
[Topology][Hub] Hub: Improve Delivery Reliability
[Topology][Hub] Satellites: 3
[Topology][Hub] Connections: 3
[Topology][Flow] Generating flow layout
[Topology][Flow] Nodes: 5
[Topology][Flow] Connections: 4
[Topology][Hub] Generating hub layout
[Topology][Hub] Hub: Improve Delivery Reliability
[Topology][Hub] Satellites: 4
[Topology][Hub] Connections: 4
[Topology][Flow] Generating flow layout
[Topology][Flow] Nodes: 5
[Topology][Flow] Connections: 4
[Topology][Hub] Generating hub layout
[Topology][Hub] Hub: Improve Delivery Reliability
[Topology][Hub] Satellites: 4
[Topology][Hub] Connections: 4
[Topology][Flow] Generating flow layout
[Topology][Flow] Nodes: 6
[Topology][Flow] Connections: 5
[Topology][Hub] Generating hub layout
[Topology][Hub] Hub: Improve Delivery Reliability
[Topology][Hub] Satellites: 5
[Topology][Hub] Connections: 5
[Topology][Flow] Generating flow layout
[Topology][Flow] Nodes: 7
[Topology][Flow] Connections: 6
[Topology][Hub] Generating hub layout
[Topology][Hub] Hub: Improve Delivery Reliability
[Topology][Hub] Satellites: 6
[Topology][Hub] Connections: 6
[Topology][Flow] Generating flow layout
[Topology][Flow] Nodes: 7
[Topology][Flow] Connections: 6
[Topology][Hub] Generating hub layout
[Topology][Hub] Hub: Improve Delivery Reliability
[Topology][Hub] Satellites: 6
[Topology][Hub] Connections: 6
[Topology][Flow] Generating flow layout
[Topology][Flow] Nodes: 7
[Topology][Flow] Connections: 6
[Topology][Hub] Generating hub layout
[Topology][Hub] Hub: Improve Delivery Reliability
[Topology][Hub] Satellites: 6
[Topology][Hub] Connections: 6
[Topology][Flow] Generating flow layout
[Topology][Flow] Nodes: 7
[Topology][Flow] Connections: 6
[Topology][Hub] Generating hub layout
[Topology][Hub] Hub: Improve Delivery Reliability
[Topology][Hub] Satellites: 6
[Topology][Hub] Connections: 6
[Topology][Flow] Generating flow layout
[Topology][Flow] Nodes: 7
[Topology][Flow] Connections: 6
[Topology][Hub] Generating hub layout
[Topology][Hub] Hub: Improve Delivery Reliability
[Topology][Hub] Satellites: 6
[Topology][Hub] Connections: 6
[Topology][Flow] Generating flow layout
[Topology][Flow] Nodes: 7
[Topology][Flow] Connections: 6
[Topology][Hub] Generating hub layout
[Topology][Hub] Hub: Improve Delivery Reliability
[Topology][Hub] Satellites: 6
[Topology][Hub] Connections: 6
[Topology][Flow] Generating flow layout
[Topology][Flow] Nodes: 7
[Topology][Flow] Connections: 6
[Topology][Hub] Generating hub layout
[Topology][Hub] Hub: Improve Delivery Reliability
[Topology][Hub] Satellites: 6
[Topology][Hub] Connections: 6
[Topology][Flow] Generating flow layout
[Topology][Flow] Nodes: 7
[Topology][Flow] Connections: 6
[Topology][Hub] Generating hub layout
[Topology][Hub] Hub: Improve Delivery Reliability
[Topology][Hub] Satellites: 6
[Topology][Hub] Connections: 6
[Topology][Flow] Generating flow layout
[Topology][Flow] Nodes: 8
[Topology][Flow] Connections: 7
[Topology][Flow] Generating flow layout
[Topology][Flow] Nodes: 2
[Topology][Flow] Connections: 1
▶ NEX-EXP:7 Manager Decision & Commitment Experience
  ✔ identity, boundary, and reused authorities (0.733625ms)
  ✔ starts only at READY_FOR_DECISION and consumes EXP:6 handoff (446.978708ms)
  ✔ recommendation and preference do not commit; confirmation is required (215.842041ms)
  ✔ ambiguous confirmation, rejection, deferral, and non-recommended choice (208.588375ms)
  ✔ stale confirmation after priority change; Stage overlay; existing workspace (186.739459ms)
  ✔ generic engine has no hardcoded domain branches (0.540083ms)
✔ NEX-EXP:7 Manager Decision & Commitment Experience (1060.787042ms)
[Topology][Flow] Generating flow layout
[Topology][Flow] Nodes: 1
[Topology][Flow] Connections: 0
[Topology][Hub] Generating hub layout
[Topology][Hub] Hub: Sarah · Operations
[Topology][Hub] Satellites: 0
[Topology][Hub] Connections: 0
[Topology][Flow] Generating flow layout
[Topology][Flow] Nodes: 1
[Topology][Flow] Connections: 0
[Topology][Hub] Generating hub layout
[Topology][Hub] Hub: Sarah · Operations
[Topology][Hub] Satellites: 0
[Topology][Hub] Connections: 0
[Topology][Flow] Generating flow layout
[Topology][Flow] Nodes: 1
[Topology][Flow] Connections: 0
[Topology][Flow] Generating flow layout
[Topology][Flow] Nodes: 1
[Topology][Flow] Connections: 0
[Topology][Flow] Generating flow layout
[Topology][Flow] Nodes: 2
[Topology][Flow] Connections: 1
[Topology][Hub] Generating hub layout
[Topology][Hub] Hub: Improve Delivery Reliability
[Topology][Hub] Satellites: 1
[Topology][Hub] Connections: 1
[Topology][Flow] Generating flow layout
[Topology][Flow] Nodes: 2
[Topology][Flow] Connections: 1
[Topology][Hub] Generating hub layout
[Topology][Hub] Hub: Improve Delivery Reliability
[Topology][Hub] Satellites: 1
[Topology][Hub] Connections: 1
[Topology][Flow] Generating flow layout
[Topology][Flow] Nodes: 4
[Topology][Flow] Connections: 3
[Topology][Hub] Generating hub layout
[Topology][Hub] Hub: Improve Delivery Reliability
[Topology][Hub] Satellites: 3
[Topology][Hub] Connections: 3
[Topology][Flow] Generating flow layout
[Topology][Flow] Nodes: 4
[Topology][Flow] Connections: 3
[Topology][Hub] Generating hub layout
[Topology][Hub] Hub: Improve Delivery Reliability
[Topology][Hub] Satellites: 3
[Topology][Hub] Connections: 3
[Topology][Flow] Generating flow layout
[Topology][Flow] Nodes: 5
[Topology][Flow] Connections: 4
[Topology][Hub] Generating hub layout
[Topology][Hub] Hub: Improve Delivery Reliability
[Topology][Hub] Satellites: 4
[Topology][Hub] Connections: 4
[Topology][Flow] Generating flow layout
[Topology][Flow] Nodes: 5
[Topology][Flow] Connections: 4
[Topology][Hub] Generating hub layout
[Topology][Hub] Hub: Improve Delivery Reliability
[Topology][Hub] Satellites: 4
[Topology][Hub] Connections: 4
[Topology][Flow] Generating flow layout
[Topology][Flow] Nodes: 5
[Topology][Flow] Connections: 4
[Topology][Hub] Generating hub layout
[Topology][Hub] Hub: Improve Delivery Reliability
[Topology][Hub] Satellites: 4
[Topology][Hub] Connections: 4
[Topology][Flow] Generating flow layout
[Topology][Flow] Nodes: 6
[Topology][Flow] Connections: 5
[Topology][Hub] Generating hub layout
[Topology][Hub] Hub: Improve Delivery Reliability
[Topology][Hub] Satellites: 5
[Topology][Hub] Connections: 5
[Topology][Flow] Generating flow layout
[Topology][Flow] Nodes: 6
[Topology][Flow] Connections: 5
[Topology][Hub] Generating hub layout
[Topology][Hub] Hub: Improve Delivery Reliability
[Topology][Hub] Satellites: 5
[Topology][Hub] Connections: 5
[Topology][Flow] Generating flow layout
[Topology][Flow] Nodes: 7
[Topology][Flow] Connections: 6
[Topology][Hub] Generating hub layout
[Topology][Hub] Hub: Improve Delivery Reliability
[Topology][Hub] Satellites: 6
[Topology][Hub] Connections: 6
[Topology][Flow] Generating flow layout
[Topology][Flow] Nodes: 7
[Topology][Flow] Connections: 6
[Topology][Hub] Generating hub layout
[Topology][Hub] Hub: Improve Delivery Reliability
[Topology][Hub] Satellites: 6
[Topology][Hub] Connections: 6
[Topology][Flow] Generating flow layout
[Topology][Flow] Nodes: 7
[Topology][Flow] Connections: 6
[Topology][Hub] Generating hub layout
[Topology][Hub] Hub: Improve Delivery Reliability
[Topology][Hub] Satellites: 6
[Topology][Hub] Connections: 6
[Topology][Flow] Generating flow layout
[Topology][Flow] Nodes: 1
[Topology][Flow] Connections: 0
[Topology][Hub] Generating hub layout
[Topology][Hub] Hub: Sarah · Operations
[Topology][Hub] Satellites: 0
[Topology][Hub] Connections: 0
[Topology][Flow] Generating flow layout
[Topology][Flow] Nodes: 1
[Topology][Flow] Connections: 0
[Topology][Hub] Generating hub layout
[Topology][Hub] Hub: Sarah · Operations
[Topology][Hub] Satellites: 0
[Topology][Hub] Connections: 0
[Topology][Flow] Generating flow layout
[Topology][Flow] Nodes: 1
[Topology][Flow] Connections: 0
[Topology][Flow] Generating flow layout
[Topology][Flow] Nodes: 1
[Topology][Flow] Connections: 0
[Topology][Flow] Generating flow layout
[Topology][Flow] Nodes: 2
[Topology][Flow] Connections: 1
[Topology][Hub] Generating hub layout
[Topology][Hub] Hub: Improve Delivery Reliability
[Topology][Hub] Satellites: 1
[Topology][Hub] Connections: 1
[Topology][Flow] Generating flow layout
[Topology][Flow] Nodes: 2
[Topology][Flow] Connections: 1
[Topology][Hub] Generating hub layout
[Topology][Hub] Hub: Improve Delivery Reliability
[Topology][Hub] Satellites: 1
[Topology][Hub] Connections: 1
[Topology][Flow] Generating flow layout
[Topology][Flow] Nodes: 4
[Topology][Flow] Connections: 3
[Topology][Hub] Generating hub layout
[Topology][Hub] Hub: Improve Delivery Reliability
[Topology][Hub] Satellites: 3
[Topology][Hub] Connections: 3
[Topology][Flow] Generating flow layout
[Topology][Flow] Nodes: 4
[Topology][Flow] Connections: 3
[Topology][Hub] Generating hub layout
[Topology][Hub] Hub: Improve Delivery Reliability
[Topology][Hub] Satellites: 3
[Topology][Hub] Connections: 3
[Topology][Flow] Generating flow layout
[Topology][Flow] Nodes: 5
[Topology][Flow] Connections: 4
[Topology][Hub] Generating hub layout
[Topology][Hub] Hub: Improve Delivery Reliability
[Topology][Hub] Satellites: 4
[Topology][Hub] Connections: 4
[Topology][Flow] Generating flow layout
[Topology][Flow] Nodes: 5
[Topology][Flow] Connections: 4
[Topology][Hub] Generating hub layout
[Topology][Hub] Hub: Improve Delivery Reliability
[Topology][Hub] Satellites: 4
[Topology][Hub] Connections: 4
[Topology][Flow] Generating flow layout
[Topology][Flow] Nodes: 5
[Topology][Flow] Connections: 4
[Topology][Hub] Generating hub layout
[Topology][Hub] Hub: Improve Delivery Reliability
[Topology][Hub] Satellites: 4
[Topology][Hub] Connections: 4
[Topology][Flow] Generating flow layout
[Topology][Flow] Nodes: 6
[Topology][Flow] Connections: 5
[Topology][Hub] Generating hub layout
[Topology][Hub] Hub: Improve Delivery Reliability
[Topology][Hub] Satellites: 5
[Topology][Hub] Connections: 5
[Topology][Flow] Generating flow layout
[Topology][Flow] Nodes: 6
[Topology][Flow] Connections: 5
[Topology][Hub] Generating hub layout
[Topology][Hub] Hub: Improve Delivery Reliability
[Topology][Hub] Satellites: 5
[Topology][Hub] Connections: 5
[Topology][Flow] Generating flow layout
[Topology][Flow] Nodes: 7
[Topology][Flow] Connections: 6
[Topology][Hub] Generating hub layout
[Topology][Hub] Hub: Improve Delivery Reliability
[Topology][Hub] Satellites: 6
[Topology][Hub] Connections: 6
[Topology][Flow] Generating flow layout
[Topology][Flow] Nodes: 7
[Topology][Flow] Connections: 6
[Topology][Hub] Generating hub layout
[Topology][Hub] Hub: Improve Delivery Reliability
[Topology][Hub] Satellites: 6
[Topology][Hub] Connections: 6
[Topology][Flow] Generating flow layout
[Topology][Flow] Nodes: 7
[Topology][Flow] Connections: 6
[Topology][Hub] Generating hub layout
[Topology][Hub] Hub: Improve Delivery Reliability
[Topology][Hub] Satellites: 6
[Topology][Hub] Connections: 6
[Topology][Flow] Generating flow layout
[Topology][Flow] Nodes: 7
[Topology][Flow] Connections: 6
[Topology][Hub] Generating hub layout
[Topology][Hub] Hub: Improve Delivery Reliability
[Topology][Hub] Satellites: 6
[Topology][Hub] Connections: 6
[Topology][Flow] Generating flow layout
[Topology][Flow] Nodes: 7
[Topology][Flow] Connections: 6
[Topology][Hub] Generating hub layout
[Topology][Hub] Hub: Improve Delivery Reliability
[Topology][Hub] Satellites: 6
[Topology][Hub] Connections: 6
[Topology][Flow] Generating flow layout
[Topology][Flow] Nodes: 7
[Topology][Flow] Connections: 6
[Topology][Hub] Generating hub layout
[Topology][Hub] Hub: Improve Delivery Reliability
[Topology][Hub] Satellites: 6
[Topology][Hub] Connections: 6
[Topology][Flow] Generating flow layout
[Topology][Flow] Nodes: 8
[Topology][Flow] Connections: 7
[Topology][Hub] Generating hub layout
[Topology][Hub] Hub: Improve Delivery Reliability
[Topology][Hub] Satellites: 7
[Topology][Hub] Connections: 7
[Topology][Flow] Generating flow layout
[Topology][Flow] Nodes: 1
[Topology][Flow] Connections: 0
[Topology][Hub] Generating hub layout
[Topology][Hub] Hub: Sarah · Operations
[Topology][Hub] Satellites: 0
[Topology][Hub] Connections: 0
[Topology][Flow] Generating flow layout
[Topology][Flow] Nodes: 1
[Topology][Flow] Connections: 0
[Topology][Hub] Generating hub layout
[Topology][Hub] Hub: Sarah · Operations
[Topology][Hub] Satellites: 0
[Topology][Hub] Connections: 0
[Topology][Flow] Generating flow layout
[Topology][Flow] Nodes: 1
[Topology][Flow] Connections: 0
[Topology][Flow] Generating flow layout
[Topology][Flow] Nodes: 1
[Topology][Flow] Connections: 0
[Topology][Flow] Generating flow layout
[Topology][Flow] Nodes: 2
[Topology][Flow] Connections: 1
[Topology][Hub] Generating hub layout
[Topology][Hub] Hub: Improve Delivery Reliability
[Topology][Hub] Satellites: 1
[Topology][Hub] Connections: 1
[Topology][Flow] Generating flow layout
[Topology][Flow] Nodes: 2
[Topology][Flow] Connections: 1
[Topology][Hub] Generating hub layout
[Topology][Hub] Hub: Improve Delivery Reliability
[Topology][Hub] Satellites: 1
[Topology][Hub] Connections: 1
[Topology][Flow] Generating flow layout
[Topology][Flow] Nodes: 4
[Topology][Flow] Connections: 3
[Topology][Hub] Generating hub layout
[Topology][Hub] Hub: Improve Delivery Reliability
[Topology][Hub] Satellites: 3
[Topology][Hub] Connections: 3
[Topology][Flow] Generating flow layout
[Topology][Flow] Nodes: 4
[Topology][Flow] Connections: 3
[Topology][Hub] Generating hub layout
[Topology][Hub] Hub: Improve Delivery Reliability
[Topology][Hub] Satellites: 3
[Topology][Hub] Connections: 3
[Topology][Flow] Generating flow layout
[Topology][Flow] Nodes: 5
[Topology][Flow] Connections: 4
[Topology][Hub] Generating hub layout
[Topology][Hub] Hub: Improve Delivery Reliability
[Topology][Hub] Satellites: 4
[Topology][Hub] Connections: 4
[Topology][Flow] Generating flow layout
[Topology][Flow] Nodes: 5
[Topology][Flow] Connections: 4
[Topology][Hub] Generating hub layout
[Topology][Hub] Hub: Improve Delivery Reliability
[Topology][Hub] Satellites: 4
[Topology][Hub] Connections: 4
[Topology][Flow] Generating flow layout
[Topology][Flow] Nodes: 5
[Topology][Flow] Connections: 4
[Topology][Hub] Generating hub layout
[Topology][Hub] Hub: Improve Delivery Reliability
[Topology][Hub] Satellites: 4
[Topology][Hub] Connections: 4
[Topology][Flow] Generating flow layout
[Topology][Flow] Nodes: 6
[Topology][Flow] Connections: 5
[Topology][Hub] Generating hub layout
[Topology][Hub] Hub: Improve Delivery Reliability
[Topology][Hub] Satellites: 5
[Topology][Hub] Connections: 5
[Topology][Flow] Generating flow layout
[Topology][Flow] Nodes: 6
[Topology][Flow] Connections: 5
[Topology][Hub] Generating hub layout
[Topology][Hub] Hub: Improve Delivery Reliability
[Topology][Hub] Satellites: 5
[Topology][Hub] Connections: 5
[Topology][Flow] Generating flow layout
[Topology][Flow] Nodes: 7
[Topology][Flow] Connections: 6
[Topology][Hub] Generating hub layout
[Topology][Hub] Hub: Improve Delivery Reliability
[Topology][Hub] Satellites: 6
[Topology][Hub] Connections: 6
[Topology][Flow] Generating flow layout
[Topology][Flow] Nodes: 7
[Topology][Flow] Connections: 6
[Topology][Hub] Generating hub layout
[Topology][Hub] Hub: Improve Delivery Reliability
[Topology][Hub] Satellites: 6
[Topology][Hub] Connections: 6
[Topology][Flow] Generating flow layout
[Topology][Flow] Nodes: 7
[Topology][Flow] Connections: 6
[Topology][Hub] Generating hub layout
[Topology][Hub] Hub: Improve Delivery Reliability
[Topology][Hub] Satellites: 6
[Topology][Hub] Connections: 6
[Topology][Flow] Generating flow layout
[Topology][Flow] Nodes: 7
[Topology][Flow] Connections: 6
[Topology][Hub] Generating hub layout
[Topology][Hub] Hub: Improve Delivery Reliability
[Topology][Hub] Satellites: 6
[Topology][Hub] Connections: 6
[Topology][Flow] Generating flow layout
[Topology][Flow] Nodes: 7
[Topology][Flow] Connections: 6
[Topology][Hub] Generating hub layout
[Topology][Hub] Hub: Improve Delivery Reliability
[Topology][Hub] Satellites: 6
[Topology][Hub] Connections: 6
[Topology][Flow] Generating flow layout
[Topology][Flow] Nodes: 7
[Topology][Flow] Connections: 6
[Topology][Hub] Generating hub layout
[Topology][Hub] Hub: Improve Delivery Reliability
[Topology][Hub] Satellites: 6
[Topology][Hub] Connections: 6
[Topology][Flow] Generating flow layout
[Topology][Flow] Nodes: 8
[Topology][Flow] Connections: 7
[Topology][Hub] Generating hub layout
[Topology][Hub] Hub: Improve Delivery Reliability
[Topology][Hub] Satellites: 7
[Topology][Hub] Connections: 7
[Topology][Flow] Generating flow layout
[Topology][Flow] Nodes: 9
[Topology][Flow] Connections: 8
[Topology][Hub] Generating hub layout
[Topology][Hub] Hub: Improve Delivery Reliability
[Topology][Hub] Satellites: 8
[Topology][Hub] Connections: 8
[Topology][Flow] Generating flow layout
[Topology][Flow] Nodes: 9
[Topology][Flow] Connections: 8
[Topology][Hub] Generating hub layout
[Topology][Hub] Hub: Improve Delivery Reliability
[Topology][Hub] Satellites: 8
[Topology][Hub] Connections: 8
[Topology][Flow] Generating flow layout
[Topology][Flow] Nodes: 9
[Topology][Flow] Connections: 8
[Topology][Hub] Generating hub layout
[Topology][Hub] Hub: Improve Delivery Reliability
[Topology][Hub] Satellites: 8
[Topology][Hub] Connections: 8
[Topology][Flow] Generating flow layout
[Topology][Flow] Nodes: 9
[Topology][Flow] Connections: 8
[Topology][Hub] Generating hub layout
[Topology][Hub] Hub: Improve Delivery Reliability
[Topology][Hub] Satellites: 8
[Topology][Hub] Connections: 8
[Topology][Flow] Generating flow layout
[Topology][Flow] Nodes: 1
[Topology][Flow] Connections: 0
[Topology][Hub] Generating hub layout
[Topology][Hub] Hub: Sarah · Operations
[Topology][Hub] Satellites: 0
[Topology][Hub] Connections: 0
[Topology][Flow] Generating flow layout
[Topology][Flow] Nodes: 1
[Topology][Flow] Connections: 0
[Topology][Hub] Generating hub layout
[Topology][Hub] Hub: Sarah · Operations
[Topology][Hub] Satellites: 0
[Topology][Hub] Connections: 0
[Topology][Flow] Generating flow layout
[Topology][Flow] Nodes: 1
[Topology][Flow] Connections: 0
[Topology][Flow] Generating flow layout
[Topology][Flow] Nodes: 1
[Topology][Flow] Connections: 0
[Topology][Flow] Generating flow layout
[Topology][Flow] Nodes: 2
[Topology][Flow] Connections: 1
[Topology][Hub] Generating hub layout
[Topology][Hub] Hub: Improve Delivery Reliability
[Topology][Hub] Satellites: 1
[Topology][Hub] Connections: 1
[Topology][Flow] Generating flow layout
[Topology][Flow] Nodes: 2
[Topology][Flow] Connections: 1
[Topology][Hub] Generating hub layout
[Topology][Hub] Hub: Improve Delivery Reliability
[Topology][Hub] Satellites: 1
[Topology][Hub] Connections: 1
[Topology][Flow] Generating flow layout
[Topology][Flow] Nodes: 4
[Topology][Flow] Connections: 3
[Topology][Hub] Generating hub layout
[Topology][Hub] Hub: Improve Delivery Reliability
[Topology][Hub] Satellites: 3
[Topology][Hub] Connections: 3
[Topology][Flow] Generating flow layout
[Topology][Flow] Nodes: 4
[Topology][Flow] Connections: 3
[Topology][Hub] Generating hub layout
[Topology][Hub] Hub: Improve Delivery Reliability
[Topology][Hub] Satellites: 3
[Topology][Hub] Connections: 3
[Topology][Flow] Generating flow layout
[Topology][Flow] Nodes: 5
[Topology][Flow] Connections: 4
[Topology][Hub] Generating hub layout
[Topology][Hub] Hub: Improve Delivery Reliability
[Topology][Hub] Satellites: 4
[Topology][Hub] Connections: 4
[Topology][Flow] Generating flow layout
[Topology][Flow] Nodes: 5
[Topology][Flow] Connections: 4
[Topology][Hub] Generating hub layout
[Topology][Hub] Hub: Improve Delivery Reliability
[Topology][Hub] Satellites: 4
[Topology][Hub] Connections: 4
[Topology][Flow] Generating flow layout
[Topology][Flow] Nodes: 5
[Topology][Flow] Connections: 4
[Topology][Hub] Generating hub layout
[Topology][Hub] Hub: Improve Delivery Reliability
[Topology][Hub] Satellites: 4
[Topology][Hub] Connections: 4
[Topology][Flow] Generating flow layout
[Topology][Flow] Nodes: 6
[Topology][Flow] Connections: 5
[Topology][Hub] Generating hub layout
[Topology][Hub] Hub: Improve Delivery Reliability
[Topology][Hub] Satellites: 5
[Topology][Hub] Connections: 5
[Topology][Flow] Generating flow layout
[Topology][Flow] Nodes: 6
[Topology][Flow] Connections: 5
[Topology][Hub] Generating hub layout
[Topology][Hub] Hub: Improve Delivery Reliability
[Topology][Hub] Satellites: 5
[Topology][Hub] Connections: 5
[Topology][Flow] Generating flow layout
[Topology][Flow] Nodes: 7
[Topology][Flow] Connections: 6
[Topology][Hub] Generating hub layout
[Topology][Hub] Hub: Improve Delivery Reliability
[Topology][Hub] Satellites: 6
[Topology][Hub] Connections: 6
[Topology][Flow] Generating flow layout
[Topology][Flow] Nodes: 7
[Topology][Flow] Connections: 6
[Topology][Hub] Generating hub layout
[Topology][Hub] Hub: Improve Delivery Reliability
[Topology][Hub] Satellites: 6
[Topology][Hub] Connections: 6
[Topology][Flow] Generating flow layout
[Topology][Flow] Nodes: 7
[Topology][Flow] Connections: 6
[Topology][Hub] Generating hub layout
[Topology][Hub] Hub: Improve Delivery Reliability
[Topology][Hub] Satellites: 6
[Topology][Hub] Connections: 6
[Topology][Flow] Generating flow layout
[Topology][Flow] Nodes: 7
[Topology][Flow] Connections: 6
[Topology][Hub] Generating hub layout
[Topology][Hub] Hub: Improve Delivery Reliability
[Topology][Hub] Satellites: 6
[Topology][Hub] Connections: 6
[Topology][Flow] Generating flow layout
[Topology][Flow] Nodes: 7
[Topology][Flow] Connections: 6
[Topology][Hub] Generating hub layout
[Topology][Hub] Hub: Improve Delivery Reliability
[Topology][Hub] Satellites: 6
[Topology][Hub] Connections: 6
[Topology][Flow] Generating flow layout
[Topology][Flow] Nodes: 7
[Topology][Flow] Connections: 6
[Topology][Hub] Generating hub layout
[Topology][Hub] Hub: Improve Delivery Reliability
[Topology][Hub] Satellites: 6
[Topology][Hub] Connections: 6
[Topology][Flow] Generating flow layout
[Topology][Flow] Nodes: 8
[Topology][Flow] Connections: 7
[Topology][Hub] Generating hub layout
[Topology][Hub] Hub: Improve Delivery Reliability
[Topology][Hub] Satellites: 7
[Topology][Hub] Connections: 7
[Topology][Flow] Generating flow layout
[Topology][Flow] Nodes: 9
[Topology][Flow] Connections: 8
[Topology][Hub] Generating hub layout
[Topology][Hub] Hub: Improve Delivery Reliability
[Topology][Hub] Satellites: 8
[Topology][Hub] Connections: 8
[Topology][Flow] Generating flow layout
[Topology][Flow] Nodes: 9
[Topology][Flow] Connections: 8
[Topology][Hub] Generating hub layout
[Topology][Hub] Hub: Improve Delivery Reliability
[Topology][Hub] Satellites: 8
[Topology][Hub] Connections: 8
[Topology][Flow] Generating flow layout
[Topology][Flow] Nodes: 9
[Topology][Flow] Connections: 8
[Topology][Hub] Generating hub layout
[Topology][Hub] Hub: Improve Delivery Reliability
[Topology][Hub] Satellites: 8
[Topology][Hub] Connections: 8
[Topology][Flow] Generating flow layout
[Topology][Flow] Nodes: 9
[Topology][Flow] Connections: 8
[Topology][Hub] Generating hub layout
[Topology][Hub] Hub: Improve Delivery Reliability
[Topology][Hub] Satellites: 8
[Topology][Hub] Connections: 8
[Topology][Flow] Generating flow layout
[Topology][Flow] Nodes: 9
[Topology][Flow] Connections: 8
[Topology][Hub] Generating hub layout
[Topology][Hub] Hub: Improve Delivery Reliability
[Topology][Hub] Satellites: 8
[Topology][Hub] Connections: 8
[Topology][Flow] Generating flow layout
[Topology][Flow] Nodes: 10
[Topology][Flow] Connections: 9
[Topology][Hub] Generating hub layout
[Topology][Hub] Hub: Improve Delivery Reliability
[Topology][Hub] Satellites: 9
[Topology][Hub] Connections: 9
[Topology][Flow] Generating flow layout
[Topology][Flow] Nodes: 10
[Topology][Flow] Connections: 9
[Topology][Hub] Generating hub layout
[Topology][Hub] Hub: Improve Delivery Reliability
[Topology][Hub] Satellites: 9
[Topology][Hub] Connections: 9
[Topology][Flow] Generating flow layout
[Topology][Flow] Nodes: 11
[Topology][Flow] Connections: 10
[Topology][Hub] Generating hub layout
[Topology][Hub] Hub: Improve Delivery Reliability
[Topology][Hub] Satellites: 10
[Topology][Hub] Connections: 10
[Topology][Flow] Generating flow layout
[Topology][Flow] Nodes: 11
[Topology][Flow] Connections: 10
[Topology][Hub] Generating hub layout
[Topology][Hub] Hub: Improve Delivery Reliability
[Topology][Hub] Satellites: 10
[Topology][Hub] Connections: 10
[Topology][Flow] Generating flow layout
[Topology][Flow] Nodes: 1
[Topology][Flow] Connections: 0
[Topology][Hub] Generating hub layout
[Topology][Hub] Hub: Sarah · Operations
[Topology][Hub] Satellites: 0
[Topology][Hub] Connections: 0
[Topology][Flow] Generating flow layout
[Topology][Flow] Nodes: 1
[Topology][Flow] Connections: 0
[Topology][Hub] Generating hub layout
[Topology][Hub] Hub: Sarah · Operations
[Topology][Hub] Satellites: 0
[Topology][Hub] Connections: 0
[Topology][Flow] Generating flow layout
[Topology][Flow] Nodes: 1
[Topology][Flow] Connections: 0
[Topology][Flow] Generating flow layout
[Topology][Flow] Nodes: 1
[Topology][Flow] Connections: 0
[Topology][Flow] Generating flow layout
[Topology][Flow] Nodes: 2
[Topology][Flow] Connections: 1
[Topology][Hub] Generating hub layout
[Topology][Hub] Hub: Improve Delivery Reliability
[Topology][Hub] Satellites: 1
[Topology][Hub] Connections: 1
[Topology][Flow] Generating flow layout
[Topology][Flow] Nodes: 2
[Topology][Flow] Connections: 1
[Topology][Hub] Generating hub layout
[Topology][Hub] Hub: Improve Delivery Reliability
[Topology][Hub] Satellites: 1
[Topology][Hub] Connections: 1
[Topology][Flow] Generating flow layout
[Topology][Flow] Nodes: 4
[Topology][Flow] Connections: 3
[Topology][Hub] Generating hub layout
[Topology][Hub] Hub: Improve Delivery Reliability
[Topology][Hub] Satellites: 3
[Topology][Hub] Connections: 3
[Topology][Flow] Generating flow layout
[Topology][Flow] Nodes: 4
[Topology][Flow] Connections: 3
[Topology][Hub] Generating hub layout
[Topology][Hub] Hub: Improve Delivery Reliability
[Topology][Hub] Satellites: 3
[Topology][Hub] Connections: 3
[Topology][Flow] Generating flow layout
[Topology][Flow] Nodes: 5
[Topology][Flow] Connections: 4
[Topology][Hub] Generating hub layout
[Topology][Hub] Hub: Improve Delivery Reliability
[Topology][Hub] Satellites: 4
[Topology][Hub] Connections: 4
[Topology][Flow] Generating flow layout
[Topology][Flow] Nodes: 5
[Topology][Flow] Connections: 4
[Topology][Hub] Generating hub layout
[Topology][Hub] Hub: Improve Delivery Reliability
[Topology][Hub] Satellites: 4
[Topology][Hub] Connections: 4
[Topology][Flow] Generating flow layout
[Topology][Flow] Nodes: 5
[Topology][Flow] Connections: 4
[Topology][Hub] Generating hub layout
[Topology][Hub] Hub: Improve Delivery Reliability
[Topology][Hub] Satellites: 4
[Topology][Hub] Connections: 4
[Topology][Flow] Generating flow layout
[Topology][Flow] Nodes: 6
[Topology][Flow] Connections: 5
[Topology][Hub] Generating hub layout
[Topology][Hub] Hub: Improve Delivery Reliability
[Topology][Hub] Satellites: 5
[Topology][Hub] Connections: 5
[Topology][Flow] Generating flow layout
[Topology][Flow] Nodes: 6
[Topology][Flow] Connections: 5
[Topology][Hub] Generating hub layout
[Topology][Hub] Hub: Improve Delivery Reliability
[Topology][Hub] Satellites: 5
[Topology][Hub] Connections: 5
[Topology][Flow] Generating flow layout
[Topology][Flow] Nodes: 7
[Topology][Flow] Connections: 6
[Topology][Hub] Generating hub layout
[Topology][Hub] Hub: Improve Delivery Reliability
[Topology][Hub] Satellites: 6
[Topology][Hub] Connections: 6
[Topology][Flow] Generating flow layout
[Topology][Flow] Nodes: 7
[Topology][Flow] Connections: 6
[Topology][Hub] Generating hub layout
[Topology][Hub] Hub: Improve Delivery Reliability
[Topology][Hub] Satellites: 6
[Topology][Hub] Connections: 6
[Topology][Flow] Generating flow layout
[Topology][Flow] Nodes: 1
[Topology][Flow] Connections: 0
[Topology][Hub] Generating hub layout
[Topology][Hub] Hub: Sarah · Operations
[Topology][Hub] Satellites: 0
[Topology][Hub] Connections: 0
[Topology][Flow] Generating flow layout
[Topology][Flow] Nodes: 1
[Topology][Flow] Connections: 0
[Topology][Hub] Generating hub layout
[Topology][Hub] Hub: Sarah · Operations
[Topology][Hub] Satellites: 0
[Topology][Hub] Connections: 0
[Topology][Flow] Generating flow layout
[Topology][Flow] Nodes: 1
[Topology][Flow] Connections: 0
[Topology][Flow] Generating flow layout
[Topology][Flow] Nodes: 1
[Topology][Flow] Connections: 0
[Topology][Flow] Generating flow layout
[Topology][Flow] Nodes: 2
[Topology][Flow] Connections: 1
[Topology][Hub] Generating hub layout
[Topology][Hub] Hub: Improve Delivery Reliability
[Topology][Hub] Satellites: 1
[Topology][Hub] Connections: 1
[Topology][Flow] Generating flow layout
[Topology][Flow] Nodes: 2
[Topology][Flow] Connections: 1
[Topology][Hub] Generating hub layout
[Topology][Hub] Hub: Improve Delivery Reliability
[Topology][Hub] Satellites: 1
[Topology][Hub] Connections: 1
[Topology][Flow] Generating flow layout
[Topology][Flow] Nodes: 4
[Topology][Flow] Connections: 3
[Topology][Hub] Generating hub layout
[Topology][Hub] Hub: Improve Delivery Reliability
[Topology][Hub] Satellites: 3
[Topology][Hub] Connections: 3
[Topology][Flow] Generating flow layout
[Topology][Flow] Nodes: 4
[Topology][Flow] Connections: 3
[Topology][Hub] Generating hub layout
[Topology][Hub] Hub: Improve Delivery Reliability
[Topology][Hub] Satellites: 3
[Topology][Hub] Connections: 3
[Topology][Flow] Generating flow layout
[Topology][Flow] Nodes: 5
[Topology][Flow] Connections: 4
[Topology][Hub] Generating hub layout
[Topology][Hub] Hub: Improve Delivery Reliability
[Topology][Hub] Satellites: 4
[Topology][Hub] Connections: 4
[Topology][Flow] Generating flow layout
[Topology][Flow] Nodes: 5
[Topology][Flow] Connections: 4
[Topology][Hub] Generating hub layout
[Topology][Hub] Hub: Improve Delivery Reliability
[Topology][Hub] Satellites: 4
[Topology][Hub] Connections: 4
[Topology][Flow] Generating flow layout
[Topology][Flow] Nodes: 5
[Topology][Flow] Connections: 4
[Topology][Hub] Generating hub layout
[Topology][Hub] Hub: Improve Delivery Reliability
[Topology][Hub] Satellites: 4
[Topology][Hub] Connections: 4
[Topology][Flow] Generating flow layout
[Topology][Flow] Nodes: 6
[Topology][Flow] Connections: 5
[Topology][Hub] Generating hub layout
[Topology][Hub] Hub: Improve Delivery Reliability
[Topology][Hub] Satellites: 5
[Topology][Hub] Connections: 5
[Topology][Flow] Generating flow layout
[Topology][Flow] Nodes: 6
[Topology][Flow] Connections: 5
[Topology][Hub] Generating hub layout
[Topology][Hub] Hub: Improve Delivery Reliability
[Topology][Hub] Satellites: 5
[Topology][Hub] Connections: 5
[Topology][Flow] Generating flow layout
[Topology][Flow] Nodes: 7
[Topology][Flow] Connections: 6
[Topology][Hub] Generating hub layout
[Topology][Hub] Hub: Improve Delivery Reliability
[Topology][Hub] Satellites: 6
[Topology][Hub] Connections: 6
[Topology][Flow] Generating flow layout
[Topology][Flow] Nodes: 7
[Topology][Flow] Connections: 6
[Topology][Hub] Generating hub layout
[Topology][Hub] Hub: Improve Delivery Reliability
[Topology][Hub] Satellites: 6
[Topology][Hub] Connections: 6
[Topology][Flow] Generating flow layout
[Topology][Flow] Nodes: 7
[Topology][Flow] Connections: 6
[Topology][Hub] Generating hub layout
[Topology][Hub] Hub: Improve Delivery Reliability
[Topology][Hub] Satellites: 6
[Topology][Hub] Connections: 6
[Topology][Flow] Generating flow layout
[Topology][Flow] Nodes: 7
[Topology][Flow] Connections: 6
[Topology][Hub] Generating hub layout
[Topology][Hub] Hub: Improve Delivery Reliability
[Topology][Hub] Satellites: 6
[Topology][Hub] Connections: 6
[Topology][Flow] Generating flow layout
[Topology][Flow] Nodes: 7
[Topology][Flow] Connections: 6
[Topology][Hub] Generating hub layout
[Topology][Hub] Hub: Improve Delivery Reliability
[Topology][Hub] Satellites: 6
[Topology][Hub] Connections: 6
[Topology][Flow] Generating flow layout
[Topology][Flow] Nodes: 7
[Topology][Flow] Connections: 6
[Topology][Hub] Generating hub layout
[Topology][Hub] Hub: Improve Delivery Reliability
[Topology][Hub] Satellites: 6
[Topology][Hub] Connections: 6
[Topology][Flow] Generating flow layout
[Topology][Flow] Nodes: 8
[Topology][Flow] Connections: 7
[Topology][Hub] Generating hub layout
[Topology][Hub] Hub: Improve Delivery Reliability
[Topology][Hub] Satellites: 7
[Topology][Hub] Connections: 7
[Topology][Flow] Generating flow layout
[Topology][Flow] Nodes: 1
[Topology][Flow] Connections: 0
[Topology][Hub] Generating hub layout
[Topology][Hub] Hub: Sarah · Operations
[Topology][Hub] Satellites: 0
[Topology][Hub] Connections: 0
[Topology][Flow] Generating flow layout
[Topology][Flow] Nodes: 1
[Topology][Flow] Connections: 0
[Topology][Hub] Generating hub layout
[Topology][Hub] Hub: Sarah · Operations
[Topology][Hub] Satellites: 0
[Topology][Hub] Connections: 0
[Topology][Flow] Generating flow layout
[Topology][Flow] Nodes: 1
[Topology][Flow] Connections: 0
[Topology][Flow] Generating flow layout
[Topology][Flow] Nodes: 1
[Topology][Flow] Connections: 0
[Topology][Flow] Generating flow layout
[Topology][Flow] Nodes: 2
[Topology][Flow] Connections: 1
[Topology][Hub] Generating hub layout
[Topology][Hub] Hub: Improve Delivery Reliability
[Topology][Hub] Satellites: 1
[Topology][Hub] Connections: 1
[Topology][Flow] Generating flow layout
[Topology][Flow] Nodes: 2
[Topology][Flow] Connections: 1
[Topology][Hub] Generating hub layout
[Topology][Hub] Hub: Improve Delivery Reliability
[Topology][Hub] Satellites: 1
[Topology][Hub] Connections: 1
[Topology][Flow] Generating flow layout
[Topology][Flow] Nodes: 4
[Topology][Flow] Connections: 3
[Topology][Hub] Generating hub layout
[Topology][Hub] Hub: Improve Delivery Reliability
[Topology][Hub] Satellites: 3
[Topology][Hub] Connections: 3
[Topology][Flow] Generating flow layout
[Topology][Flow] Nodes: 4
[Topology][Flow] Connections: 3
[Topology][Hub] Generating hub layout
[Topology][Hub] Hub: Improve Delivery Reliability
[Topology][Hub] Satellites: 3
[Topology][Hub] Connections: 3
[Topology][Flow] Generating flow layout
[Topology][Flow] Nodes: 5
[Topology][Flow] Connections: 4
[Topology][Hub] Generating hub layout
[Topology][Hub] Hub: Improve Delivery Reliability
[Topology][Hub] Satellites: 4
[Topology][Hub] Connections: 4
[Topology][Flow] Generating flow layout
[Topology][Flow] Nodes: 5
[Topology][Flow] Connections: 4
[Topology][Hub] Generating hub layout
[Topology][Hub] Hub: Improve Delivery Reliability
[Topology][Hub] Satellites: 4
[Topology][Hub] Connections: 4
[Topology][Flow] Generating flow layout
[Topology][Flow] Nodes: 5
[Topology][Flow] Connections: 4
[Topology][Hub] Generating hub layout
[Topology][Hub] Hub: Improve Delivery Reliability
[Topology][Hub] Satellites: 4
[Topology][Hub] Connections: 4
[Topology][Flow] Generating flow layout
[Topology][Flow] Nodes: 6
[Topology][Flow] Connections: 5
[Topology][Hub] Generating hub layout
[Topology][Hub] Hub: Improve Delivery Reliability
[Topology][Hub] Satellites: 5
[Topology][Hub] Connections: 5
[Topology][Flow] Generating flow layout
[Topology][Flow] Nodes: 6
[Topology][Flow] Connections: 5
[Topology][Hub] Generating hub layout
[Topology][Hub] Hub: Improve Delivery Reliability
[Topology][Hub] Satellites: 5
[Topology][Hub] Connections: 5
[Topology][Flow] Generating flow layout
[Topology][Flow] Nodes: 7
[Topology][Flow] Connections: 6
[Topology][Hub] Generating hub layout
[Topology][Hub] Hub: Improve Delivery Reliability
[Topology][Hub] Satellites: 6
[Topology][Hub] Connections: 6
[Topology][Flow] Generating flow layout
[Topology][Flow] Nodes: 7
[Topology][Flow] Connections: 6
[Topology][Hub] Generating hub layout
[Topology][Hub] Hub: Improve Delivery Reliability
[Topology][Hub] Satellites: 6
[Topology][Hub] Connections: 6
[Topology][Flow] Generating flow layout
[Topology][Flow] Nodes: 7
[Topology][Flow] Connections: 6
[Topology][Hub] Generating hub layout
[Topology][Hub] Hub: Improve Delivery Reliability
[Topology][Hub] Satellites: 6
[Topology][Hub] Connections: 6
[Topology][Flow] Generating flow layout
[Topology][Flow] Nodes: 7
[Topology][Flow] Connections: 6
[Topology][Hub] Generating hub layout
[Topology][Hub] Hub: Improve Delivery Reliability
[Topology][Hub] Satellites: 6
[Topology][Hub] Connections: 6
[Topology][Flow] Generating flow layout
[Topology][Flow] Nodes: 7
[Topology][Flow] Connections: 6
[Topology][Hub] Generating hub layout
[Topology][Hub] Hub: Improve Delivery Reliability
[Topology][Hub] Satellites: 6
[Topology][Hub] Connections: 6
[Topology][Flow] Generating flow layout
[Topology][Flow] Nodes: 7
[Topology][Flow] Connections: 6
[Topology][Hub] Generating hub layout
[Topology][Hub] Hub: Improve Delivery Reliability
[Topology][Hub] Satellites: 6
[Topology][Hub] Connections: 6
[Topology][Flow] Generating flow layout
[Topology][Flow] Nodes: 8
[Topology][Flow] Connections: 7
[Topology][Hub] Generating hub layout
[Topology][Hub] Hub: Improve Delivery Reliability
[Topology][Hub] Satellites: 7
[Topology][Hub] Connections: 7
[Topology][Flow] Generating flow layout
[Topology][Flow] Nodes: 9
[Topology][Flow] Connections: 8
[Topology][Hub] Generating hub layout
[Topology][Hub] Hub: Improve Delivery Reliability
[Topology][Hub] Satellites: 8
[Topology][Hub] Connections: 8
[Topology][Flow] Generating flow layout
[Topology][Flow] Nodes: 9
[Topology][Flow] Connections: 8
[Topology][Hub] Generating hub layout
[Topology][Hub] Hub: Improve Delivery Reliability
[Topology][Hub] Satellites: 8
[Topology][Hub] Connections: 8
[Topology][Flow] Generating flow layout
[Topology][Flow] Nodes: 9
[Topology][Flow] Connections: 8
[Topology][Hub] Generating hub layout
[Topology][Hub] Hub: Improve Delivery Reliability
[Topology][Hub] Satellites: 8
[Topology][Hub] Connections: 8
[Topology][Flow] Generating flow layout
[Topology][Flow] Nodes: 9
[Topology][Flow] Connections: 8
[Topology][Hub] Generating hub layout
[Topology][Hub] Hub: Improve Delivery Reliability
[Topology][Hub] Satellites: 8
[Topology][Hub] Connections: 8
[Topology][Flow] Generating flow layout
[Topology][Flow] Nodes: 9
[Topology][Flow] Connections: 8
[Topology][Hub] Generating hub layout
[Topology][Hub] Hub: Improve Delivery Reliability
[Topology][Hub] Satellites: 8
[Topology][Hub] Connections: 8
[Topology][Flow] Generating flow layout
[Topology][Flow] Nodes: 8
[Topology][Flow] Connections: 7
[Topology][Flow] Generating flow layout
[Topology][Flow] Nodes: 2
[Topology][Flow] Connections: 1
[Topology][Flow] Generating flow layout
[Topology][Flow] Nodes: 1
[Topology][Flow] Connections: 0
[Topology][Hub] Generating hub layout
[Topology][Hub] Hub: Nexora
[Topology][Hub] Satellites: 0
[Topology][Hub] Connections: 0
[Topology][Flow] Generating flow layout
[Topology][Flow] Nodes: 1
[Topology][Flow] Connections: 0
[Topology][Flow] Generating flow layout
[Topology][Flow] Nodes: 1
[Topology][Flow] Connections: 0
[Topology][Flow] Generating flow layout
[Topology][Flow] Nodes: 1
[Topology][Flow] Connections: 0
[Topology][Hub] Generating hub layout
[Topology][Hub] Hub: Nexora
[Topology][Hub] Satellites: 0
[Topology][Hub] Connections: 0
[Topology][Flow] Generating flow layout
[Topology][Flow] Nodes: 1
[Topology][Flow] Connections: 0
[Topology][Flow] Generating flow layout
[Topology][Flow] Nodes: 1
[Topology][Flow] Connections: 0
[Topology][Flow] Generating flow layout
[Topology][Flow] Nodes: 1
[Topology][Flow] Connections: 0
[Topology][Hub] Generating hub layout
[Topology][Hub] Hub: Nexora
[Topology][Hub] Satellites: 0
[Topology][Hub] Connections: 0
[Topology][Flow] Generating flow layout
[Topology][Flow] Nodes: 1
[Topology][Flow] Connections: 0
[Topology][Hub] Generating hub layout
[Topology][Hub] Hub: Nexora
[Topology][Hub] Satellites: 0
[Topology][Hub] Connections: 0
▶ NEX-E2E:1 Full Executive Experience
  ✔ identity is certification, not NEX-EXP:11 (0.9855ms)
  ✔ completes one continuous first-time loop with safety and continuity (1306.082792ms)
  ✔ does not auto-commit or auto-start, and does not promote PREDICTED to KNOWN (434.779375ms)
  ✔ existing workspace is not first-time restrained (27.2015ms)
  ✔ generic domains reuse the same architecture (25.708959ms)
  ✔ source-inspects no parallel Advisor/Stage/EXP:11 and overlay z=0 (2.528542ms)
✔ NEX-E2E:1 Full Executive Experience (1798.309334ms)
[Topology][Flow] Generating flow layout
[Topology][Flow] Nodes: 1
[Topology][Flow] Connections: 0
[Topology][Hub] Generating hub layout
[Topology][Hub] Hub: Nexora
[Topology][Hub] Satellites: 0
[Topology][Hub] Connections: 0
[Topology][Flow] Generating flow layout
[Topology][Flow] Nodes: 1
[Topology][Flow] Connections: 0
[Topology][Hub] Generating hub layout
[Topology][Hub] Hub: Nexora
[Topology][Hub] Satellites: 0
[Topology][Hub] Connections: 0
[Topology][Flow] Generating flow layout
[Topology][Flow] Nodes: 1
[Topology][Flow] Connections: 0
[Topology][Flow] Generating flow layout
[Topology][Flow] Nodes: 1
[Topology][Flow] Connections: 0
[Topology][Flow] Generating flow layout
[Topology][Flow] Nodes: 8
[Topology][Flow] Connections: 7
[Topology][Flow] Generating flow layout
[Topology][Flow] Nodes: 2
[Topology][Flow] Connections: 1
[Topology][Flow] Generating flow layout
[Topology][Flow] Nodes: 1
[Topology][Flow] Connections: 0
[Topology][Hub] Generating hub layout
[Topology][Hub] Hub: Nexora
[Topology][Hub] Satellites: 0
[Topology][Hub] Connections: 0
[Topology][Flow] Generating flow layout
[Topology][Flow] Nodes: 1
[Topology][Flow] Connections: 0
[Topology][Hub] Generating hub layout
[Topology][Hub] Hub: Nexora
[Topology][Hub] Satellites: 0
[Topology][Hub] Connections: 0
[Topology][Flow] Generating flow layout
[Topology][Flow] Nodes: 1
[Topology][Flow] Connections: 0
[Topology][Hub] Generating hub layout
[Topology][Hub] Hub: Nexora
[Topology][Hub] Satellites: 0
[Topology][Hub] Connections: 0
▶ NEX-EXP:1 Nexora Entrance & Manager Identity
  ✔ identity and boundary (0.93575ms)
  ✔ 1 completely new user starts with Nexora at center (2.819292ms)
  ✔ 2 name only remains partial and asks useful work question (5.604625ms)
  ✔ 3 company only remains partial (0.685333ms)
  ✔ 4 role plus domain is sufficient (0.184416ms)
  ✔ 5 one sentence can be sufficient (1.622167ms)
  ✔ 6 identity can accumulate across turns (152.188542ms)
  ✔ 7 optional skills may be omitted (0.357667ms)
  ✔ 8 inferred domain is not presented as a known fact (0.223875ms)
  ✔ 9 explicit correction outranks inferred domain (0.231209ms)
  ✔ 10-11 early goal signal is preserved for handoff and not persisted as a Goal (2.44825ms)
  ✔ 12 returning sufficient context skips redundant introduction (0.485875ms)
  ✔ 13 existing workspace is not replaced (30.523709ms)
  ✔ 14 unknown fields remain unknown and 15 no fake identity facts (0.417458ms)
  ✔ 16 does not collect unnecessary personal data (1.282208ms)
  ✔ personal identity, executive context, and current work stay separate (0.206333ms)
  ✔ does not re-ask known name after it is established (16.636666ms)
  ✔ first-time greet uses entrance intro rather than Hi I'm ready (5.457625ms)
  ✔ goal extract helper is generic (0.128708ms)
  ✔ generic engine has no hardcoded manager/company names (0.458583ms)
  ✔ Stage transition uses select authority and keeps z = 0 topology (0.509458ms)
  ✔ sufficiency helper matches WHO + work + domain (0.087625ms)
✔ NEX-EXP:1 Nexora Entrance & Manager Identity (224.959291ms)
[Topology][Flow] Generating flow layout
[Topology][Flow] Nodes: 1
[Topology][Flow] Connections: 0
[Topology][Flow] Generating flow layout
[Topology][Flow] Nodes: 1
[Topology][Flow] Connections: 0
[Topology][Flow] Generating flow layout
[Topology][Flow] Nodes: 1
[Topology][Flow] Connections: 0
[Topology][Flow] Generating flow layout
[Topology][Flow] Nodes: 1
[Topology][Flow] Connections: 0
[Topology][Flow] Generating flow layout
[Topology][Flow] Nodes: 2
[Topology][Flow] Connections: 1
[Topology][Hub] Generating hub layout
[Topology][Hub] Hub: Improve Delivery Reliability
[Topology][Hub] Satellites: 1
[Topology][Hub] Connections: 1
[Topology][Flow] Generating flow layout
[Topology][Flow] Nodes: 2
[Topology][Flow] Connections: 1
[Topology][Hub] Generating hub layout
[Topology][Hub] Hub: Improve Delivery Reliability
[Topology][Hub] Satellites: 1
[Topology][Hub] Connections: 1
[Topology][Flow] Generating flow layout
[Topology][Flow] Nodes: 4
[Topology][Flow] Connections: 3
[Topology][Hub] Generating hub layout
[Topology][Hub] Hub: Improve Delivery Reliability
[Topology][Hub] Satellites: 3
[Topology][Hub] Connections: 3
[Topology][Flow] Generating flow layout
[Topology][Flow] Nodes: 5
[Topology][Flow] Connections: 4
[Topology][Hub] Generating hub layout
[Topology][Hub] Hub: Improve Delivery Reliability
[Topology][Hub] Satellites: 4
[Topology][Hub] Connections: 4
[Topology][Flow] Generating flow layout
[Topology][Flow] Nodes: 5
[Topology][Flow] Connections: 4
[Topology][Hub] Generating hub layout
[Topology][Hub] Hub: Improve Delivery Reliability
[Topology][Hub] Satellites: 4
[Topology][Hub] Connections: 4
[Topology][Flow] Generating flow layout
[Topology][Flow] Nodes: 6
[Topology][Flow] Connections: 5
[Topology][Hub] Generating hub layout
[Topology][Hub] Hub: Improve Delivery Reliability
[Topology][Hub] Satellites: 5
[Topology][Hub] Connections: 5
[Topology][Flow] Generating flow layout
[Topology][Flow] Nodes: 7
[Topology][Flow] Connections: 6
[Topology][Hub] Generating hub layout
[Topology][Hub] Hub: Improve Delivery Reliability
[Topology][Hub] Satellites: 6
[Topology][Hub] Connections: 6
[Topology][Flow] Generating flow layout
[Topology][Flow] Nodes: 7
[Topology][Flow] Connections: 6
[Topology][Hub] Generating hub layout
[Topology][Hub] Hub: Improve Delivery Reliability
[Topology][Hub] Satellites: 6
[Topology][Hub] Connections: 6
[Topology][Flow] Generating flow layout
[Topology][Flow] Nodes: 7
[Topology][Flow] Connections: 6
[Topology][Hub] Generating hub layout
[Topology][Hub] Hub: Improve Delivery Reliability
[Topology][Hub] Satellites: 6
[Topology][Hub] Connections: 6
[Topology][Flow] Generating flow layout
[Topology][Flow] Nodes: 7
[Topology][Flow] Connections: 6
[Topology][Hub] Generating hub layout
[Topology][Hub] Hub: Improve Delivery Reliability
[Topology][Hub] Satellites: 6
[Topology][Hub] Connections: 6
[Topology][Flow] Generating flow layout
[Topology][Flow] Nodes: 7
[Topology][Flow] Connections: 6
[Topology][Hub] Generating hub layout
[Topology][Hub] Hub: Improve Delivery Reliability
[Topology][Hub] Satellites: 6
[Topology][Hub] Connections: 6
[Topology][Flow] Generating flow layout
[Topology][Flow] Nodes: 1
[Topology][Flow] Connections: 0
[Topology][Flow] Generating flow layout
[Topology][Flow] Nodes: 1
[Topology][Flow] Connections: 0
[Topology][Flow] Generating flow layout
[Topology][Flow] Nodes: 2
[Topology][Flow] Connections: 1
[Topology][Hub] Generating hub layout
[Topology][Hub] Hub: Improve Delivery Reliability
[Topology][Hub] Satellites: 1
[Topology][Hub] Connections: 1
[Topology][Flow] Generating flow layout
[Topology][Flow] Nodes: 2
[Topology][Flow] Connections: 1
[Topology][Hub] Generating hub layout
[Topology][Hub] Hub: Improve Delivery Reliability
[Topology][Hub] Satellites: 1
[Topology][Hub] Connections: 1
[Topology][Flow] Generating flow layout
[Topology][Flow] Nodes: 4
[Topology][Flow] Connections: 3
[Topology][Hub] Generating hub layout
[Topology][Hub] Hub: Improve Delivery Reliability
[Topology][Hub] Satellites: 3
[Topology][Hub] Connections: 3
[Topology][Flow] Generating flow layout
[Topology][Flow] Nodes: 5
[Topology][Flow] Connections: 4
[Topology][Hub] Generating hub layout
[Topology][Hub] Hub: Improve Delivery Reliability
[Topology][Hub] Satellites: 4
[Topology][Hub] Connections: 4
[Topology][Flow] Generating flow layout
[Topology][Flow] Nodes: 5
[Topology][Flow] Connections: 4
[Topology][Hub] Generating hub layout
[Topology][Hub] Hub: Improve Delivery Reliability
[Topology][Hub] Satellites: 4
[Topology][Hub] Connections: 4
[Topology][Flow] Generating flow layout
[Topology][Flow] Nodes: 6
[Topology][Flow] Connections: 5
[Topology][Hub] Generating hub layout
[Topology][Hub] Hub: Improve Delivery Reliability
[Topology][Hub] Satellites: 5
[Topology][Hub] Connections: 5
[Topology][Flow] Generating flow layout
[Topology][Flow] Nodes: 7
[Topology][Flow] Connections: 6
[Topology][Hub] Generating hub layout
[Topology][Hub] Hub: Improve Delivery Reliability
[Topology][Hub] Satellites: 6
[Topology][Hub] Connections: 6
[Topology][Flow] Generating flow layout
[Topology][Flow] Nodes: 7
[Topology][Flow] Connections: 6
[Topology][Hub] Generating hub layout
[Topology][Hub] Hub: Improve Delivery Reliability
[Topology][Hub] Satellites: 6
[Topology][Hub] Connections: 6
[Topology][Flow] Generating flow layout
[Topology][Flow] Nodes: 7
[Topology][Flow] Connections: 6
[Topology][Hub] Generating hub layout
[Topology][Hub] Hub: Improve Delivery Reliability
[Topology][Hub] Satellites: 6
[Topology][Hub] Connections: 6
[Topology][Flow] Generating flow layout
[Topology][Flow] Nodes: 7
[Topology][Flow] Connections: 6
[Topology][Hub] Generating hub layout
[Topology][Hub] Hub: Improve Delivery Reliability
[Topology][Hub] Satellites: 6
[Topology][Hub] Connections: 6
[Topology][Flow] Generating flow layout
[Topology][Flow] Nodes: 7
[Topology][Flow] Connections: 6
[Topology][Hub] Generating hub layout
[Topology][Hub] Hub: Improve Delivery Reliability
[Topology][Hub] Satellites: 6
[Topology][Hub] Connections: 6
[Topology][Flow] Generating flow layout
[Topology][Flow] Nodes: 8
[Topology][Flow] Connections: 7
[Topology][Hub] Generating hub layout
[Topology][Hub] Hub: Improve Delivery Reliability
[Topology][Hub] Satellites: 7
[Topology][Hub] Connections: 7
[Topology][Flow] Generating flow layout
[Topology][Flow] Nodes: 9
[Topology][Flow] Connections: 8
[Topology][Hub] Generating hub layout
[Topology][Hub] Hub: Improve Delivery Reliability
[Topology][Hub] Satellites: 8
[Topology][Hub] Connections: 8
[Topology][Flow] Generating flow layout
[Topology][Flow] Nodes: 9
[Topology][Flow] Connections: 8
[Topology][Hub] Generating hub layout
[Topology][Hub] Hub: Improve Delivery Reliability
[Topology][Hub] Satellites: 8
[Topology][Hub] Connections: 8
[Topology][Flow] Generating flow layout
[Topology][Flow] Nodes: 9
[Topology][Flow] Connections: 8
[Topology][Hub] Generating hub layout
[Topology][Hub] Hub: Improve Delivery Reliability
[Topology][Hub] Satellites: 8
[Topology][Hub] Connections: 8
[Topology][Flow] Generating flow layout
[Topology][Flow] Nodes: 9
[Topology][Flow] Connections: 8
[Topology][Hub] Generating hub layout
[Topology][Hub] Hub: Improve Delivery Reliability
[Topology][Hub] Satellites: 8
[Topology][Hub] Connections: 8
[Topology][Flow] Generating flow layout
[Topology][Flow] Nodes: 9
[Topology][Flow] Connections: 8
[Topology][Hub] Generating hub layout
[Topology][Hub] Hub: Improve Delivery Reliability
[Topology][Hub] Satellites: 8
[Topology][Hub] Connections: 8
[Topology][Flow] Generating flow layout
[Topology][Flow] Nodes: 9
[Topology][Flow] Connections: 8
[Topology][Hub] Generating hub layout
[Topology][Hub] Hub: Improve Delivery Reliability
[Topology][Hub] Satellites: 8
[Topology][Hub] Connections: 8
[Topology][Flow] Generating flow layout
[Topology][Flow] Nodes: 9
[Topology][Flow] Connections: 8
[Topology][Hub] Generating hub layout
[Topology][Hub] Hub: Improve Delivery Reliability
[Topology][Hub] Satellites: 8
[Topology][Hub] Connections: 8
[Topology][Flow] Generating flow layout
[Topology][Flow] Nodes: 1
[Topology][Flow] Connections: 0
[Topology][Flow] Generating flow layout
[Topology][Flow] Nodes: 1
[Topology][Flow] Connections: 0
[Topology][Flow] Generating flow layout
[Topology][Flow] Nodes: 2
[Topology][Flow] Connections: 1
[Topology][Hub] Generating hub layout
[Topology][Hub] Hub: Improve Delivery Reliability
[Topology][Hub] Satellites: 1
[Topology][Hub] Connections: 1
[Topology][Flow] Generating flow layout
[Topology][Flow] Nodes: 2
[Topology][Flow] Connections: 1
[Topology][Hub] Generating hub layout
[Topology][Hub] Hub: Improve Delivery Reliability
[Topology][Hub] Satellites: 1
[Topology][Hub] Connections: 1
[Topology][Flow] Generating flow layout
[Topology][Flow] Nodes: 4
[Topology][Flow] Connections: 3
[Topology][Hub] Generating hub layout
[Topology][Hub] Hub: Improve Delivery Reliability
[Topology][Hub] Satellites: 3
[Topology][Hub] Connections: 3
[Topology][Flow] Generating flow layout
[Topology][Flow] Nodes: 5
[Topology][Flow] Connections: 4
[Topology][Hub] Generating hub layout
[Topology][Hub] Hub: Improve Delivery Reliability
[Topology][Hub] Satellites: 4
[Topology][Hub] Connections: 4
[Topology][Flow] Generating flow layout
[Topology][Flow] Nodes: 5
[Topology][Flow] Connections: 4
[Topology][Hub] Generating hub layout
[Topology][Hub] Hub: Improve Delivery Reliability
[Topology][Hub] Satellites: 4
[Topology][Hub] Connections: 4
[Topology][Flow] Generating flow layout
[Topology][Flow] Nodes: 6
[Topology][Flow] Connections: 5
[Topology][Hub] Generating hub layout
[Topology][Hub] Hub: Improve Delivery Reliability
[Topology][Hub] Satellites: 5
[Topology][Hub] Connections: 5
[Topology][Flow] Generating flow layout
[Topology][Flow] Nodes: 7
[Topology][Flow] Connections: 6
[Topology][Hub] Generating hub layout
[Topology][Hub] Hub: Improve Delivery Reliability
[Topology][Hub] Satellites: 6
[Topology][Hub] Connections: 6
[Topology][Flow] Generating flow layout
[Topology][Flow] Nodes: 7
[Topology][Flow] Connections: 6
[Topology][Hub] Generating hub layout
[Topology][Hub] Hub: Improve Delivery Reliability
[Topology][Hub] Satellites: 6
[Topology][Hub] Connections: 6
[Topology][Flow] Generating flow layout
[Topology][Flow] Nodes: 7
[Topology][Flow] Connections: 6
[Topology][Hub] Generating hub layout
[Topology][Hub] Hub: Improve Delivery Reliability
[Topology][Hub] Satellites: 6
[Topology][Hub] Connections: 6
[Topology][Flow] Generating flow layout
[Topology][Flow] Nodes: 7
[Topology][Flow] Connections: 6
[Topology][Hub] Generating hub layout
[Topology][Hub] Hub: Improve Delivery Reliability
[Topology][Hub] Satellites: 6
[Topology][Hub] Connections: 6
[Topology][Flow] Generating flow layout
[Topology][Flow] Nodes: 7
[Topology][Flow] Connections: 6
[Topology][Hub] Generating hub layout
[Topology][Hub] Hub: Improve Delivery Reliability
[Topology][Hub] Satellites: 6
[Topology][Hub] Connections: 6
[Topology][Flow] Generating flow layout
[Topology][Flow] Nodes: 8
[Topology][Flow] Connections: 7
[Topology][Hub] Generating hub layout
[Topology][Hub] Hub: Improve Delivery Reliability
[Topology][Hub] Satellites: 7
[Topology][Hub] Connections: 7
[Topology][Flow] Generating flow layout
[Topology][Flow] Nodes: 9
[Topology][Flow] Connections: 8
[Topology][Hub] Generating hub layout
[Topology][Hub] Hub: Improve Delivery Reliability
[Topology][Hub] Satellites: 8
[Topology][Hub] Connections: 8
[Topology][Flow] Generating flow layout
[Topology][Flow] Nodes: 9
[Topology][Flow] Connections: 8
[Topology][Hub] Generating hub layout
[Topology][Hub] Hub: Improve Delivery Reliability
[Topology][Hub] Satellites: 8
[Topology][Hub] Connections: 8
[Topology][Flow] Generating flow layout
[Topology][Flow] Nodes: 9
[Topology][Flow] Connections: 8
[Topology][Hub] Generating hub layout
[Topology][Hub] Hub: Improve Delivery Reliability
[Topology][Hub] Satellites: 8
[Topology][Hub] Connections: 8
[Topology][Flow] Generating flow layout
[Topology][Flow] Nodes: 9
[Topology][Flow] Connections: 8
[Topology][Hub] Generating hub layout
[Topology][Hub] Hub: Improve Delivery Reliability
[Topology][Hub] Satellites: 8
[Topology][Hub] Connections: 8
[Topology][Flow] Generating flow layout
[Topology][Flow] Nodes: 9
[Topology][Flow] Connections: 8
[Topology][Hub] Generating hub layout
[Topology][Hub] Hub: Improve Delivery Reliability
[Topology][Hub] Satellites: 8
[Topology][Hub] Connections: 8
[Topology][Flow] Generating flow layout
[Topology][Flow] Nodes: 1
[Topology][Flow] Connections: 0
[Topology][Flow] Generating flow layout
[Topology][Flow] Nodes: 1
[Topology][Flow] Connections: 0
[Topology][Flow] Generating flow layout
[Topology][Flow] Nodes: 2
[Topology][Flow] Connections: 1
[Topology][Hub] Generating hub layout
[Topology][Hub] Hub: Improve Delivery Reliability
[Topology][Hub] Satellites: 1
[Topology][Hub] Connections: 1
[Topology][Flow] Generating flow layout
[Topology][Flow] Nodes: 2
[Topology][Flow] Connections: 1
[Topology][Hub] Generating hub layout
[Topology][Hub] Hub: Improve Delivery Reliability
[Topology][Hub] Satellites: 1
[Topology][Hub] Connections: 1
[Topology][Flow] Generating flow layout
[Topology][Flow] Nodes: 4
[Topology][Flow] Connections: 3
[Topology][Hub] Generating hub layout
[Topology][Hub] Hub: Improve Delivery Reliability
[Topology][Hub] Satellites: 3
[Topology][Hub] Connections: 3
[Topology][Flow] Generating flow layout
[Topology][Flow] Nodes: 5
[Topology][Flow] Connections: 4
[Topology][Hub] Generating hub layout
[Topology][Hub] Hub: Improve Delivery Reliability
[Topology][Hub] Satellites: 4
[Topology][Hub] Connections: 4
[Topology][Flow] Generating flow layout
[Topology][Flow] Nodes: 5
[Topology][Flow] Connections: 4
[Topology][Hub] Generating hub layout
[Topology][Hub] Hub: Improve Delivery Reliability
[Topology][Hub] Satellites: 4
[Topology][Hub] Connections: 4
[Topology][Flow] Generating flow layout
[Topology][Flow] Nodes: 6
[Topology][Flow] Connections: 5
[Topology][Hub] Generating hub layout
[Topology][Hub] Hub: Improve Delivery Reliability
[Topology][Hub] Satellites: 5
[Topology][Hub] Connections: 5
[Topology][Flow] Generating flow layout
[Topology][Flow] Nodes: 7
[Topology][Flow] Connections: 6
[Topology][Hub] Generating hub layout
[Topology][Hub] Hub: Improve Delivery Reliability
[Topology][Hub] Satellites: 6
[Topology][Hub] Connections: 6
[Topology][Flow] Generating flow layout
[Topology][Flow] Nodes: 7
[Topology][Flow] Connections: 6
[Topology][Hub] Generating hub layout
[Topology][Hub] Hub: Improve Delivery Reliability
[Topology][Hub] Satellites: 6
[Topology][Hub] Connections: 6
[Topology][Flow] Generating flow layout
[Topology][Flow] Nodes: 7
[Topology][Flow] Connections: 6
[Topology][Hub] Generating hub layout
[Topology][Hub] Hub: Improve Delivery Reliability
[Topology][Hub] Satellites: 6
[Topology][Hub] Connections: 6
[Topology][Flow] Generating flow layout
[Topology][Flow] Nodes: 7
[Topology][Flow] Connections: 6
[Topology][Hub] Generating hub layout
[Topology][Hub] Hub: Improve Delivery Reliability
[Topology][Hub] Satellites: 6
[Topology][Hub] Connections: 6
[Topology][Flow] Generating flow layout
[Topology][Flow] Nodes: 7
[Topology][Flow] Connections: 6
[Topology][Hub] Generating hub layout
[Topology][Hub] Hub: Improve Delivery Reliability
[Topology][Hub] Satellites: 6
[Topology][Hub] Connections: 6
[Topology][Flow] Generating flow layout
[Topology][Flow] Nodes: 8
[Topology][Flow] Connections: 7
[Topology][Hub] Generating hub layout
[Topology][Hub] Hub: Improve Delivery Reliability
[Topology][Hub] Satellites: 7
[Topology][Hub] Connections: 7
[Topology][Flow] Generating flow layout
[Topology][Flow] Nodes: 8
[Topology][Flow] Connections: 7
[Topology][Hub] Generating hub layout
[Topology][Hub] Hub: Improve Delivery Reliability
[Topology][Hub] Satellites: 7
[Topology][Hub] Connections: 7
[Topology][Flow] Generating flow layout
[Topology][Flow] Nodes: 8
[Topology][Flow] Connections: 7
[Topology][Hub] Generating hub layout
[Topology][Hub] Hub: Improve Delivery Reliability
[Topology][Hub] Satellites: 7
[Topology][Hub] Connections: 7
[Topology][Flow] Generating flow layout
[Topology][Flow] Nodes: 8
[Topology][Flow] Connections: 7
[Topology][Hub] Generating hub layout
[Topology][Hub] Hub: Improve Delivery Reliability
[Topology][Hub] Satellites: 7
[Topology][Hub] Connections: 7
[Topology][Flow] Generating flow layout
[Topology][Flow] Nodes: 9
[Topology][Flow] Connections: 8
[Topology][Hub] Generating hub layout
[Topology][Hub] Hub: Improve Delivery Reliability
[Topology][Hub] Satellites: 8
[Topology][Hub] Connections: 8
[Topology][Flow] Generating flow layout
[Topology][Flow] Nodes: 9
[Topology][Flow] Connections: 8
[Topology][Hub] Generating hub layout
[Topology][Hub] Hub: Improve Delivery Reliability
[Topology][Hub] Satellites: 8
[Topology][Hub] Connections: 8
[Topology][Flow] Generating flow layout
[Topology][Flow] Nodes: 8
[Topology][Flow] Connections: 7
[Topology][Flow] Generating flow layout
[Topology][Flow] Nodes: 2
[Topology][Flow] Connections: 1
▶ NEX-EXP:8 Execution Planning & Commitment-to-Action
  ✔ identity, boundary, and reused authorities (0.674709ms)
  ✔ starts only at READY_FOR_EXECUTION_PLANNING and consumes EXP:7 handoff (439.462708ms)
  ✔ plan is explicit, owners unknown, and plan does not start execution (374.733583ms)
  ✔ confirmation is required and CC:11 is the sole start writer (223.741333ms)
  ✔ missing CC:11 does not fake start; scope and revision protections hold (210.730958ms)
  ✔ existing workspace is unaffected (29.251875ms)
  ✔ generic engine has no hardcoded domain branches (0.588167ms)
✔ NEX-EXP:8 Execution Planning & Commitment-to-Action (1280.23625ms)
[Topology][Flow] Generating flow layout
[Topology][Flow] Nodes: 1
[Topology][Flow] Connections: 0
[Topology][Flow] Generating flow layout
[Topology][Flow] Nodes: 1
[Topology][Flow] Connections: 0
[Topology][Flow] Generating flow layout
[Topology][Flow] Nodes: 1
[Topology][Flow] Connections: 0
[Topology][Hub] Generating hub layout
[Topology][Hub] Hub: Dana · Operations
[Topology][Hub] Satellites: 0
[Topology][Hub] Connections: 0
[Topology][Flow] Generating flow layout
[Topology][Flow] Nodes: 1
[Topology][Flow] Connections: 0
[Topology][Hub] Generating hub layout
[Topology][Hub] Hub: Dana · Operations
[Topology][Hub] Satellites: 0
[Topology][Hub] Connections: 0
[Topology][Flow] Generating flow layout
[Topology][Flow] Nodes: 1
[Topology][Flow] Connections: 0
[Topology][Flow] Generating flow layout
[Topology][Flow] Nodes: 1
[Topology][Flow] Connections: 0
[Topology][Flow] Generating flow layout
[Topology][Flow] Nodes: 1
[Topology][Flow] Connections: 0
[Topology][Flow] Generating flow layout
[Topology][Flow] Nodes: 1
[Topology][Flow] Connections: 0
[Topology][Flow] Generating flow layout
[Topology][Flow] Nodes: 2
[Topology][Flow] Connections: 1
[Topology][Hub] Generating hub layout
[Topology][Hub] Hub: Improve Delivery Reliability
[Topology][Hub] Satellites: 1
[Topology][Hub] Connections: 1
[Topology][Flow] Generating flow layout
[Topology][Flow] Nodes: 2
[Topology][Flow] Connections: 1
[Topology][Hub] Generating hub layout
[Topology][Hub] Hub: Improve Delivery Reliability
[Topology][Hub] Satellites: 1
[Topology][Hub] Connections: 1
[Topology][Flow] Generating flow layout
[Topology][Flow] Nodes: 1
[Topology][Flow] Connections: 0
[Topology][Hub] Generating hub layout
[Topology][Hub] Hub: Dana · Operations
[Topology][Hub] Satellites: 0
[Topology][Hub] Connections: 0
[Topology][Flow] Generating flow layout
[Topology][Flow] Nodes: 1
[Topology][Flow] Connections: 0
[Topology][Flow] Generating flow layout
[Topology][Flow] Nodes: 1
[Topology][Flow] Connections: 0
[Topology][Flow] Generating flow layout
[Topology][Flow] Nodes: 1
[Topology][Flow] Connections: 0
[Topology][Flow] Generating flow layout
[Topology][Flow] Nodes: 1
[Topology][Flow] Connections: 0
[Topology][Flow] Generating flow layout
[Topology][Flow] Nodes: 1
[Topology][Flow] Connections: 0
[Topology][Hub] Generating hub layout
[Topology][Hub] Hub: Dana · Operations
[Topology][Hub] Satellites: 0
[Topology][Hub] Connections: 0
[Topology][Flow] Generating flow layout
[Topology][Flow] Nodes: 1
[Topology][Flow] Connections: 0
[Topology][Flow] Generating flow layout
[Topology][Flow] Nodes: 1
[Topology][Flow] Connections: 0
[Topology][Flow] Generating flow layout
[Topology][Flow] Nodes: 2
[Topology][Flow] Connections: 1
[Topology][Hub] Generating hub layout
[Topology][Hub] Hub: Improve Delivery Reliability
[Topology][Hub] Satellites: 1
[Topology][Hub] Connections: 1
[Topology][Flow] Generating flow layout
[Topology][Flow] Nodes: 8
[Topology][Flow] Connections: 7
[Topology][Flow] Generating flow layout
[Topology][Flow] Nodes: 2
[Topology][Flow] Connections: 1
[Topology][Flow] Generating flow layout
[Topology][Flow] Nodes: 1
[Topology][Flow] Connections: 0
[Topology][Flow] Generating flow layout
[Topology][Flow] Nodes: 1
[Topology][Flow] Connections: 0
▶ NEX-EXP:2 Goal Discovery & Goal Object Emergence
  ✔ identity and boundary (0.908667ms)
  ✔ 1 clear explicit goal becomes the Stage center (129.057458ms)
  ✔ 2-3 ambiguous and broad goals do not emerge (126.734166ms)
  ✔ 4-7 target and deadline remain unknown unless stated (0.603584ms)
  ✔ 8 reuses NEX-EXP:1 goal signals (0.63525ms)
  ✔ 9-10 inferred wording requires confirmation (20.2225ms)
  ✔ 11-13 correction, refinement, and change (72.996375ms)
  ✔ 14-15 two goals and conflict stay unmerged (8.846625ms)
  ✔ 16-17 existing canonical match and duplicate titles (1.365625ms)
  ✔ 18-20 goal object activates, context remains related, no explosion (12.734583ms)
  ✔ 21-23 missing KPI/target/deadline do not block a sufficient goal (10.111042ms)
  ✔ 24-26 early reality, issue, and causal hypothesis stay epistemic (7.962416ms)
  ✔ 27 returning active goal skips rediscovery (16.176417ms)
  ✔ 28 existing workspace is unaffected (37.534458ms)
  ✔ generic engine has no hardcoded company or demo goal titles as special cases (0.46975ms)
  ✔ MO:4 can see the confirmed session goal (10.840333ms)
✔ NEX-EXP:2 Goal Discovery & Goal Object Emergence (458.615666ms)
[Topology][Flow] Generating flow layout
[Topology][Flow] Nodes: 1
[Topology][Flow] Connections: 0
[Topology][Flow] Generating flow layout
[Topology][Flow] Nodes: 1
[Topology][Flow] Connections: 0
[Topology][Flow] Generating flow layout
[Topology][Flow] Nodes: 2
[Topology][Flow] Connections: 1
[Topology][Hub] Generating hub layout
[Topology][Hub] Hub: Improve Delivery Reliability
[Topology][Hub] Satellites: 1
[Topology][Hub] Connections: 1
[Topology][Flow] Generating flow layout
[Topology][Flow] Nodes: 2
[Topology][Flow] Connections: 1
[Topology][Hub] Generating hub layout
[Topology][Hub] Hub: Improve Delivery Reliability
[Topology][Hub] Satellites: 1
[Topology][Hub] Connections: 1
[Topology][Flow] Generating flow layout
[Topology][Flow] Nodes: 4
[Topology][Flow] Connections: 3
[Topology][Hub] Generating hub layout
[Topology][Hub] Hub: Improve Delivery Reliability
[Topology][Hub] Satellites: 3
[Topology][Hub] Connections: 3
[Topology][Flow] Generating flow layout
[Topology][Flow] Nodes: 1
[Topology][Flow] Connections: 0
[Topology][Flow] Generating flow layout
[Topology][Flow] Nodes: 1
[Topology][Flow] Connections: 0
[Topology][Flow] Generating flow layout
[Topology][Flow] Nodes: 2
[Topology][Flow] Connections: 1
[Topology][Hub] Generating hub layout
[Topology][Hub] Hub: Improve Delivery Reliability
[Topology][Hub] Satellites: 1
[Topology][Hub] Connections: 1
[Topology][Flow] Generating flow layout
[Topology][Flow] Nodes: 2
[Topology][Flow] Connections: 1
[Topology][Hub] Generating hub layout
[Topology][Hub] Hub: Improve Delivery Reliability
[Topology][Hub] Satellites: 1
[Topology][Hub] Connections: 1
[Topology][Flow] Generating flow layout
[Topology][Flow] Nodes: 4
[Topology][Flow] Connections: 3
[Topology][Hub] Generating hub layout
[Topology][Hub] Hub: Improve Delivery Reliability
[Topology][Hub] Satellites: 3
[Topology][Hub] Connections: 3
[Topology][Flow] Generating flow layout
[Topology][Flow] Nodes: 5
[Topology][Flow] Connections: 4
[Topology][Hub] Generating hub layout
[Topology][Hub] Hub: Improve Delivery Reliability
[Topology][Hub] Satellites: 4
[Topology][Hub] Connections: 4
[Topology][Flow] Generating flow layout
[Topology][Flow] Nodes: 6
[Topology][Flow] Connections: 5
[Topology][Hub] Generating hub layout
[Topology][Hub] Hub: Improve Delivery Reliability
[Topology][Hub] Satellites: 5
[Topology][Hub] Connections: 5
[Topology][Flow] Generating flow layout
[Topology][Flow] Nodes: 7
[Topology][Flow] Connections: 6
[Topology][Hub] Generating hub layout
[Topology][Hub] Hub: Improve Delivery Reliability
[Topology][Hub] Satellites: 6
[Topology][Hub] Connections: 6
[Topology][Flow] Generating flow layout
[Topology][Flow] Nodes: 1
[Topology][Flow] Connections: 0
[Topology][Flow] Generating flow layout
[Topology][Flow] Nodes: 1
[Topology][Flow] Connections: 0
[Topology][Flow] Generating flow layout
[Topology][Flow] Nodes: 2
[Topology][Flow] Connections: 1
[Topology][Hub] Generating hub layout
[Topology][Hub] Hub: Improve Delivery Reliability
[Topology][Hub] Satellites: 1
[Topology][Hub] Connections: 1
[Topology][Flow] Generating flow layout
[Topology][Flow] Nodes: 2
[Topology][Flow] Connections: 1
[Topology][Hub] Generating hub layout
[Topology][Hub] Hub: Improve Delivery Reliability
[Topology][Hub] Satellites: 1
[Topology][Hub] Connections: 1
[Topology][Flow] Generating flow layout
[Topology][Flow] Nodes: 4
[Topology][Flow] Connections: 3
[Topology][Hub] Generating hub layout
[Topology][Hub] Hub: Improve Delivery Reliability
[Topology][Hub] Satellites: 3
[Topology][Hub] Connections: 3
[Topology][Flow] Generating flow layout
[Topology][Flow] Nodes: 4
[Topology][Flow] Connections: 3
[Topology][Hub] Generating hub layout
[Topology][Hub] Hub: Improve Delivery Reliability
[Topology][Hub] Satellites: 3
[Topology][Hub] Connections: 3
[Topology][Flow] Generating flow layout
[Topology][Flow] Nodes: 5
[Topology][Flow] Connections: 4
[Topology][Hub] Generating hub layout
[Topology][Hub] Hub: Improve Delivery Reliability
[Topology][Hub] Satellites: 4
[Topology][Hub] Connections: 4
[Topology][Flow] Generating flow layout
[Topology][Flow] Nodes: 5
[Topology][Flow] Connections: 4
[Topology][Hub] Generating hub layout
[Topology][Hub] Hub: Improve Delivery Reliability
[Topology][Hub] Satellites: 4
[Topology][Hub] Connections: 4
[Topology][Flow] Generating flow layout
[Topology][Flow] Nodes: 5
[Topology][Flow] Connections: 4
[Topology][Hub] Generating hub layout
[Topology][Hub] Hub: Improve Delivery Reliability
[Topology][Hub] Satellites: 4
[Topology][Hub] Connections: 4
[Topology][Flow] Generating flow layout
[Topology][Flow] Nodes: 1
[Topology][Flow] Connections: 0
[Topology][Flow] Generating flow layout
[Topology][Flow] Nodes: 1
[Topology][Flow] Connections: 0
[Topology][Flow] Generating flow layout
[Topology][Flow] Nodes: 2
[Topology][Flow] Connections: 1
[Topology][Hub] Generating hub layout
[Topology][Hub] Hub: Improve Delivery Reliability
[Topology][Hub] Satellites: 1
[Topology][Hub] Connections: 1
[Topology][Flow] Generating flow layout
[Topology][Flow] Nodes: 2
[Topology][Flow] Connections: 1
[Topology][Hub] Generating hub layout
[Topology][Hub] Hub: Improve Delivery Reliability
[Topology][Hub] Satellites: 1
[Topology][Hub] Connections: 1
[Topology][Flow] Generating flow layout
[Topology][Flow] Nodes: 4
[Topology][Flow] Connections: 3
[Topology][Hub] Generating hub layout
[Topology][Hub] Hub: Improve Delivery Reliability
[Topology][Hub] Satellites: 3
[Topology][Hub] Connections: 3
[Topology][Flow] Generating flow layout
[Topology][Flow] Nodes: 5
[Topology][Flow] Connections: 4
[Topology][Hub] Generating hub layout
[Topology][Hub] Hub: Improve Delivery Reliability
[Topology][Hub] Satellites: 4
[Topology][Hub] Connections: 4
[Topology][Flow] Generating flow layout
[Topology][Flow] Nodes: 5
[Topology][Flow] Connections: 4
[Topology][Hub] Generating hub layout
[Topology][Hub] Hub: Improve Delivery Reliability
[Topology][Hub] Satellites: 4
[Topology][Hub] Connections: 4
[Topology][Flow] Generating flow layout
[Topology][Flow] Nodes: 5
[Topology][Flow] Connections: 4
[Topology][Hub] Generating hub layout
[Topology][Hub] Hub: Improve Delivery Reliability
[Topology][Hub] Satellites: 4
[Topology][Hub] Connections: 4
[Topology][Flow] Generating flow layout
[Topology][Flow] Nodes: 5
[Topology][Flow] Connections: 4
[Topology][Hub] Generating hub layout
[Topology][Hub] Hub: Improve Delivery Reliability
[Topology][Hub] Satellites: 4
[Topology][Hub] Connections: 4
[Topology][Flow] Generating flow layout
[Topology][Flow] Nodes: 1
[Topology][Flow] Connections: 0
[Topology][Flow] Generating flow layout
[Topology][Flow] Nodes: 1
[Topology][Flow] Connections: 0
[Topology][Flow] Generating flow layout
[Topology][Flow] Nodes: 2
[Topology][Flow] Connections: 1
[Topology][Hub] Generating hub layout
[Topology][Hub] Hub: Improve Delivery Reliability
[Topology][Hub] Satellites: 1
[Topology][Hub] Connections: 1
[Topology][Flow] Generating flow layout
[Topology][Flow] Nodes: 2
[Topology][Flow] Connections: 1
[Topology][Hub] Generating hub layout
[Topology][Hub] Hub: Improve Delivery Reliability
[Topology][Hub] Satellites: 1
[Topology][Hub] Connections: 1
[Topology][Flow] Generating flow layout
[Topology][Flow] Nodes: 4
[Topology][Flow] Connections: 3
[Topology][Hub] Generating hub layout
[Topology][Hub] Hub: Improve Delivery Reliability
[Topology][Hub] Satellites: 3
[Topology][Hub] Connections: 3
[Topology][Flow] Generating flow layout
[Topology][Flow] Nodes: 1
[Topology][Flow] Connections: 0
[Topology][Flow] Generating flow layout
[Topology][Flow] Nodes: 1
[Topology][Flow] Connections: 0
[Topology][Flow] Generating flow layout
[Topology][Flow] Nodes: 2
[Topology][Flow] Connections: 1
[Topology][Hub] Generating hub layout
[Topology][Hub] Hub: Improve Delivery Reliability
[Topology][Hub] Satellites: 1
[Topology][Hub] Connections: 1
[Topology][Flow] Generating flow layout
[Topology][Flow] Nodes: 2
[Topology][Flow] Connections: 1
[Topology][Hub] Generating hub layout
[Topology][Hub] Hub: Improve Delivery Reliability
[Topology][Hub] Satellites: 1
[Topology][Hub] Connections: 1
[Topology][Flow] Generating flow layout
[Topology][Flow] Nodes: 4
[Topology][Flow] Connections: 3
[Topology][Hub] Generating hub layout
[Topology][Hub] Hub: Improve Delivery Reliability
[Topology][Hub] Satellites: 3
[Topology][Hub] Connections: 3
[Topology][Flow] Generating flow layout
[Topology][Flow] Nodes: 5
[Topology][Flow] Connections: 4
[Topology][Hub] Generating hub layout
[Topology][Hub] Hub: Improve Delivery Reliability
[Topology][Hub] Satellites: 4
[Topology][Hub] Connections: 4
[Topology][Flow] Generating flow layout
[Topology][Flow] Nodes: 1
[Topology][Flow] Connections: 0
[Topology][Flow] Generating flow layout
[Topology][Flow] Nodes: 1
[Topology][Flow] Connections: 0
[Topology][Flow] Generating flow layout
[Topology][Flow] Nodes: 2
[Topology][Flow] Connections: 1
[Topology][Hub] Generating hub layout
[Topology][Hub] Hub: Improve Delivery Reliability
[Topology][Hub] Satellites: 1
[Topology][Hub] Connections: 1
[Topology][Flow] Generating flow layout
[Topology][Flow] Nodes: 2
[Topology][Flow] Connections: 1
[Topology][Hub] Generating hub layout
[Topology][Hub] Hub: Improve Delivery Reliability
[Topology][Hub] Satellites: 1
[Topology][Hub] Connections: 1
[Topology][Flow] Generating flow layout
[Topology][Flow] Nodes: 4
[Topology][Flow] Connections: 3
[Topology][Hub] Generating hub layout
[Topology][Hub] Hub: Improve Delivery Reliability
[Topology][Hub] Satellites: 3
[Topology][Hub] Connections: 3
[Topology][Flow] Generating flow layout
[Topology][Flow] Nodes: 5
[Topology][Flow] Connections: 4
[Topology][Hub] Generating hub layout
[Topology][Hub] Hub: Improve Delivery Reliability
[Topology][Hub] Satellites: 4
[Topology][Hub] Connections: 4
[Topology][Flow] Generating flow layout
[Topology][Flow] Nodes: 1
[Topology][Flow] Connections: 0
[Topology][Flow] Generating flow layout
[Topology][Flow] Nodes: 1
[Topology][Flow] Connections: 0
[Topology][Flow] Generating flow layout
[Topology][Flow] Nodes: 2
[Topology][Flow] Connections: 1
[Topology][Hub] Generating hub layout
[Topology][Hub] Hub: Improve Delivery Reliability
[Topology][Hub] Satellites: 1
[Topology][Hub] Connections: 1
[Topology][Flow] Generating flow layout
[Topology][Flow] Nodes: 2
[Topology][Flow] Connections: 1
[Topology][Hub] Generating hub layout
[Topology][Hub] Hub: Improve Delivery Reliability
[Topology][Hub] Satellites: 1
[Topology][Hub] Connections: 1
[Topology][Flow] Generating flow layout
[Topology][Flow] Nodes: 4
[Topology][Flow] Connections: 3
[Topology][Hub] Generating hub layout
[Topology][Hub] Hub: Improve Delivery Reliability
[Topology][Hub] Satellites: 3
[Topology][Hub] Connections: 3
[Topology][Flow] Generating flow layout
[Topology][Flow] Nodes: 5
[Topology][Flow] Connections: 4
[Topology][Hub] Generating hub layout
[Topology][Hub] Hub: Improve Delivery Reliability
[Topology][Hub] Satellites: 4
[Topology][Hub] Connections: 4
[Topology][Flow] Generating flow layout
[Topology][Flow] Nodes: 6
[Topology][Flow] Connections: 5
[Topology][Hub] Generating hub layout
[Topology][Hub] Hub: Improve Delivery Reliability
[Topology][Hub] Satellites: 5
[Topology][Hub] Connections: 5
[Topology][Flow] Generating flow layout
[Topology][Flow] Nodes: 1
[Topology][Flow] Connections: 0
[Topology][Flow] Generating flow layout
[Topology][Flow] Nodes: 1
[Topology][Flow] Connections: 0
[Topology][Flow] Generating flow layout
[Topology][Flow] Nodes: 2
[Topology][Flow] Connections: 1
[Topology][Hub] Generating hub layout
[Topology][Hub] Hub: Improve Delivery Reliability
[Topology][Hub] Satellites: 1
[Topology][Hub] Connections: 1
[Topology][Flow] Generating flow layout
[Topology][Flow] Nodes: 2
[Topology][Flow] Connections: 1
[Topology][Hub] Generating hub layout
[Topology][Hub] Hub: Improve Delivery Reliability
[Topology][Hub] Satellites: 1
[Topology][Hub] Connections: 1
[Topology][Flow] Generating flow layout
[Topology][Flow] Nodes: 4
[Topology][Flow] Connections: 3
[Topology][Hub] Generating hub layout
[Topology][Hub] Hub: Improve Delivery Reliability
[Topology][Hub] Satellites: 3
[Topology][Hub] Connections: 3
[Topology][Flow] Generating flow layout
[Topology][Flow] Nodes: 1
[Topology][Flow] Connections: 0
[Topology][Flow] Generating flow layout
[Topology][Flow] Nodes: 1
[Topology][Flow] Connections: 0
[Topology][Flow] Generating flow layout
[Topology][Flow] Nodes: 2
[Topology][Flow] Connections: 1
[Topology][Hub] Generating hub layout
[Topology][Hub] Hub: Improve Delivery Reliability
[Topology][Hub] Satellites: 1
[Topology][Hub] Connections: 1
[Topology][Flow] Generating flow layout
[Topology][Flow] Nodes: 2
[Topology][Flow] Connections: 1
[Topology][Hub] Generating hub layout
[Topology][Hub] Hub: Improve Delivery Reliability
[Topology][Hub] Satellites: 1
[Topology][Hub] Connections: 1
[Topology][Flow] Generating flow layout
[Topology][Flow] Nodes: 4
[Topology][Flow] Connections: 3
[Topology][Hub] Generating hub layout
[Topology][Hub] Hub: Improve Delivery Reliability
[Topology][Hub] Satellites: 3
[Topology][Hub] Connections: 3
[Topology][Flow] Generating flow layout
[Topology][Flow] Nodes: 1
[Topology][Flow] Connections: 0
[Topology][Flow] Generating flow layout
[Topology][Flow] Nodes: 1
[Topology][Flow] Connections: 0
[Topology][Flow] Generating flow layout
[Topology][Flow] Nodes: 2
[Topology][Flow] Connections: 1
[Topology][Hub] Generating hub layout
[Topology][Hub] Hub: Improve Delivery Reliability
[Topology][Hub] Satellites: 1
[Topology][Hub] Connections: 1
[Topology][Flow] Generating flow layout
[Topology][Flow] Nodes: 2
[Topology][Flow] Connections: 1
[Topology][Hub] Generating hub layout
[Topology][Hub] Hub: Improve Delivery Reliability
[Topology][Hub] Satellites: 1
[Topology][Hub] Connections: 1
[Topology][Flow] Generating flow layout
[Topology][Flow] Nodes: 4
[Topology][Flow] Connections: 3
[Topology][Hub] Generating hub layout
[Topology][Hub] Hub: Improve Delivery Reliability
[Topology][Hub] Satellites: 3
[Topology][Hub] Connections: 3
[Topology][Flow] Generating flow layout
[Topology][Flow] Nodes: 5
[Topology][Flow] Connections: 4
[Topology][Hub] Generating hub layout
[Topology][Hub] Hub: Improve Delivery Reliability
[Topology][Hub] Satellites: 4
[Topology][Hub] Connections: 4
[Topology][Flow] Generating flow layout
[Topology][Flow] Nodes: 5
[Topology][Flow] Connections: 4
[Topology][Hub] Generating hub layout
[Topology][Hub] Hub: Improve Delivery Reliability
[Topology][Hub] Satellites: 4
[Topology][Hub] Connections: 4
[Topology][Flow] Generating flow layout
[Topology][Flow] Nodes: 8
[Topology][Flow] Connections: 7
[Topology][Flow] Generating flow layout
[Topology][Flow] Nodes: 2
[Topology][Flow] Connections: 1
[Topology][Flow] Generating flow layout
[Topology][Flow] Nodes: 1
[Topology][Flow] Connections: 0
[Topology][Flow] Generating flow layout
[Topology][Flow] Nodes: 1
[Topology][Flow] Connections: 0
[Topology][Flow] Generating flow layout
[Topology][Flow] Nodes: 2
[Topology][Flow] Connections: 1
[Topology][Hub] Generating hub layout
[Topology][Hub] Hub: Improve Delivery Reliability
[Topology][Hub] Satellites: 1
[Topology][Hub] Connections: 1
[Topology][Flow] Generating flow layout
[Topology][Flow] Nodes: 2
[Topology][Flow] Connections: 1
[Topology][Hub] Generating hub layout
[Topology][Hub] Hub: Improve Delivery Reliability
[Topology][Hub] Satellites: 1
[Topology][Hub] Connections: 1
[Topology][Flow] Generating flow layout
[Topology][Flow] Nodes: 4
[Topology][Flow] Connections: 3
[Topology][Hub] Generating hub layout
[Topology][Hub] Hub: Improve Delivery Reliability
[Topology][Hub] Satellites: 3
[Topology][Hub] Connections: 3
▶ NEX-EXP:4 Problem, Risk & Opportunity Discovery
  ✔ identity and boundary (0.849083ms)
  ✔ 1 gap exists but no Problem identified (178.294792ms)
  ✔ 2-5 current Problem, future Risk, Opportunity, Constraint (92.331125ms)
  ✔ 6-10 semantic distinctions hold (72.059458ms)
  ✔ 11-15 manager-stated signals stay unvalidated (120.283542ms)
  ✔ 16-18 canonical reuse and duplicate protection (0.297834ms)
  ✔ 19-20 weak candidates stay off Stage; material ones emerge (21.846792ms)
  ✔ 21-23 Goal remains center; click uses MO:1; Goal context survives (59.188875ms)
  ✔ 24-30 relationship is not cause; stale; conflict; no invented scores (38.37125ms)
  ✔ 31-34 multiple issues stay distinct; none are mandatory (159.823917ms)
  ✔ 35-38 generic business, project, operational, and software cases (1.870042ms)
  ✔ 39 returning issue context skips rediscovery (72.649ms)
  ✔ 40 default existing workspace is unaffected (41.154208ms)
  ✔ overlay keeps Goal at origin and issue z = 0 (24.457167ms)
  ✔ generic engine has no hardcoded domain branches (0.518583ms)
✔ NEX-EXP:4 Problem, Risk & Opportunity Discovery (886.787708ms)
[Topology][Flow] Generating flow layout
[Topology][Flow] Nodes: 1
[Topology][Flow] Connections: 0
[Topology][Flow] Generating flow layout
[Topology][Flow] Nodes: 1
[Topology][Flow] Connections: 0
[Topology][Flow] Generating flow layout
[Topology][Flow] Nodes: 1
[Topology][Flow] Connections: 0
[Topology][Flow] Generating flow layout
[Topology][Flow] Nodes: 1
[Topology][Flow] Connections: 0
[Topology][Flow] Generating flow layout
[Topology][Flow] Nodes: 2
[Topology][Flow] Connections: 1
[Topology][Hub] Generating hub layout
[Topology][Hub] Hub: Improve Delivery Reliability
[Topology][Hub] Satellites: 1
[Topology][Hub] Connections: 1
[Topology][Flow] Generating flow layout
[Topology][Flow] Nodes: 2
[Topology][Flow] Connections: 1
[Topology][Hub] Generating hub layout
[Topology][Hub] Hub: Improve Delivery Reliability
[Topology][Hub] Satellites: 1
[Topology][Hub] Connections: 1
[Topology][Flow] Generating flow layout
[Topology][Flow] Nodes: 4
[Topology][Flow] Connections: 3
[Topology][Hub] Generating hub layout
[Topology][Hub] Hub: Improve Delivery Reliability
[Topology][Hub] Satellites: 3
[Topology][Hub] Connections: 3
[Topology][Flow] Generating flow layout
[Topology][Flow] Nodes: 5
[Topology][Flow] Connections: 4
[Topology][Hub] Generating hub layout
[Topology][Hub] Hub: Improve Delivery Reliability
[Topology][Hub] Satellites: 4
[Topology][Hub] Connections: 4
[Topology][Flow] Generating flow layout
[Topology][Flow] Nodes: 5
[Topology][Flow] Connections: 4
[Topology][Hub] Generating hub layout
[Topology][Hub] Hub: Improve Delivery Reliability
[Topology][Hub] Satellites: 4
[Topology][Hub] Connections: 4
[Topology][Flow] Generating flow layout
[Topology][Flow] Nodes: 6
[Topology][Flow] Connections: 5
[Topology][Hub] Generating hub layout
[Topology][Hub] Hub: Improve Delivery Reliability
[Topology][Hub] Satellites: 5
[Topology][Hub] Connections: 5
[Topology][Flow] Generating flow layout
[Topology][Flow] Nodes: 7
[Topology][Flow] Connections: 6
[Topology][Hub] Generating hub layout
[Topology][Hub] Hub: Improve Delivery Reliability
[Topology][Hub] Satellites: 6
[Topology][Hub] Connections: 6
[Topology][Flow] Generating flow layout
[Topology][Flow] Nodes: 7
[Topology][Flow] Connections: 6
[Topology][Hub] Generating hub layout
[Topology][Hub] Hub: Improve Delivery Reliability
[Topology][Hub] Satellites: 6
[Topology][Hub] Connections: 6
[Topology][Flow] Generating flow layout
[Topology][Flow] Nodes: 7
[Topology][Flow] Connections: 6
[Topology][Hub] Generating hub layout
[Topology][Hub] Hub: Improve Delivery Reliability
[Topology][Hub] Satellites: 6
[Topology][Hub] Connections: 6
[Topology][Flow] Generating flow layout
[Topology][Flow] Nodes: 7
[Topology][Flow] Connections: 6
[Topology][Hub] Generating hub layout
[Topology][Hub] Hub: Improve Delivery Reliability
[Topology][Hub] Satellites: 6
[Topology][Hub] Connections: 6
[Topology][Flow] Generating flow layout
[Topology][Flow] Nodes: 7
[Topology][Flow] Connections: 6
[Topology][Hub] Generating hub layout
[Topology][Hub] Hub: Improve Delivery Reliability
[Topology][Hub] Satellites: 6
[Topology][Hub] Connections: 6
[Topology][Flow] Generating flow layout
[Topology][Flow] Nodes: 8
[Topology][Flow] Connections: 7
[Topology][Hub] Generating hub layout
[Topology][Hub] Hub: Improve Delivery Reliability
[Topology][Hub] Satellites: 7
[Topology][Hub] Connections: 7
[Topology][Flow] Generating flow layout
[Topology][Flow] Nodes: 9
[Topology][Flow] Connections: 8
[Topology][Hub] Generating hub layout
[Topology][Hub] Hub: Improve Delivery Reliability
[Topology][Hub] Satellites: 8
[Topology][Hub] Connections: 8
[Topology][Flow] Generating flow layout
[Topology][Flow] Nodes: 9
[Topology][Flow] Connections: 8
[Topology][Hub] Generating hub layout
[Topology][Hub] Hub: Improve Delivery Reliability
[Topology][Hub] Satellites: 8
[Topology][Hub] Connections: 8
[Topology][Flow] Generating flow layout
[Topology][Flow] Nodes: 9
[Topology][Flow] Connections: 8
[Topology][Hub] Generating hub layout
[Topology][Hub] Hub: Improve Delivery Reliability
[Topology][Hub] Satellites: 8
[Topology][Hub] Connections: 8
[Topology][Flow] Generating flow layout
[Topology][Flow] Nodes: 1
[Topology][Flow] Connections: 0
[Topology][Flow] Generating flow layout
[Topology][Flow] Nodes: 1
[Topology][Flow] Connections: 0
[Topology][Flow] Generating flow layout
[Topology][Flow] Nodes: 2
[Topology][Flow] Connections: 1
[Topology][Hub] Generating hub layout
[Topology][Hub] Hub: Improve Delivery Reliability
[Topology][Hub] Satellites: 1
[Topology][Hub] Connections: 1
[Topology][Flow] Generating flow layout
[Topology][Flow] Nodes: 2
[Topology][Flow] Connections: 1
[Topology][Hub] Generating hub layout
[Topology][Hub] Hub: Improve Delivery Reliability
[Topology][Hub] Satellites: 1
[Topology][Hub] Connections: 1
[Topology][Flow] Generating flow layout
[Topology][Flow] Nodes: 4
[Topology][Flow] Connections: 3
[Topology][Hub] Generating hub layout
[Topology][Hub] Hub: Improve Delivery Reliability
[Topology][Hub] Satellites: 3
[Topology][Hub] Connections: 3
[Topology][Flow] Generating flow layout
[Topology][Flow] Nodes: 5
[Topology][Flow] Connections: 4
[Topology][Hub] Generating hub layout
[Topology][Hub] Hub: Improve Delivery Reliability
[Topology][Hub] Satellites: 4
[Topology][Hub] Connections: 4
[Topology][Flow] Generating flow layout
[Topology][Flow] Nodes: 5
[Topology][Flow] Connections: 4
[Topology][Hub] Generating hub layout
[Topology][Hub] Hub: Improve Delivery Reliability
[Topology][Hub] Satellites: 4
[Topology][Hub] Connections: 4
[Topology][Flow] Generating flow layout
[Topology][Flow] Nodes: 6
[Topology][Flow] Connections: 5
[Topology][Hub] Generating hub layout
[Topology][Hub] Hub: Improve Delivery Reliability
[Topology][Hub] Satellites: 5
[Topology][Hub] Connections: 5
[Topology][Flow] Generating flow layout
[Topology][Flow] Nodes: 7
[Topology][Flow] Connections: 6
[Topology][Hub] Generating hub layout
[Topology][Hub] Hub: Improve Delivery Reliability
[Topology][Hub] Satellites: 6
[Topology][Hub] Connections: 6
[Topology][Flow] Generating flow layout
[Topology][Flow] Nodes: 7
[Topology][Flow] Connections: 6
[Topology][Hub] Generating hub layout
[Topology][Hub] Hub: Improve Delivery Reliability
[Topology][Hub] Satellites: 6
[Topology][Hub] Connections: 6
[Topology][Flow] Generating flow layout
[Topology][Flow] Nodes: 7
[Topology][Flow] Connections: 6
[Topology][Hub] Generating hub layout
[Topology][Hub] Hub: Improve Delivery Reliability
[Topology][Hub] Satellites: 6
[Topology][Hub] Connections: 6
[Topology][Flow] Generating flow layout
[Topology][Flow] Nodes: 7
[Topology][Flow] Connections: 6
[Topology][Hub] Generating hub layout
[Topology][Hub] Hub: Improve Delivery Reliability
[Topology][Hub] Satellites: 6
[Topology][Hub] Connections: 6
[Topology][Flow] Generating flow layout
[Topology][Flow] Nodes: 7
[Topology][Flow] Connections: 6
[Topology][Hub] Generating hub layout
[Topology][Hub] Hub: Improve Delivery Reliability
[Topology][Hub] Satellites: 6
[Topology][Hub] Connections: 6
[Topology][Flow] Generating flow layout
[Topology][Flow] Nodes: 8
[Topology][Flow] Connections: 7
[Topology][Hub] Generating hub layout
[Topology][Hub] Hub: Improve Delivery Reliability
[Topology][Hub] Satellites: 7
[Topology][Hub] Connections: 7
[Topology][Flow] Generating flow layout
[Topology][Flow] Nodes: 9
[Topology][Flow] Connections: 8
[Topology][Hub] Generating hub layout
[Topology][Hub] Hub: Improve Delivery Reliability
[Topology][Hub] Satellites: 8
[Topology][Hub] Connections: 8
[Topology][Flow] Generating flow layout
[Topology][Flow] Nodes: 9
[Topology][Flow] Connections: 8
[Topology][Hub] Generating hub layout
[Topology][Hub] Hub: Improve Delivery Reliability
[Topology][Hub] Satellites: 8
[Topology][Hub] Connections: 8
[Topology][Flow] Generating flow layout
[Topology][Flow] Nodes: 1
[Topology][Flow] Connections: 0
[Topology][Flow] Generating flow layout
[Topology][Flow] Nodes: 1
[Topology][Flow] Connections: 0
[Topology][Flow] Generating flow layout
[Topology][Flow] Nodes: 2
[Topology][Flow] Connections: 1
[Topology][Hub] Generating hub layout
[Topology][Hub] Hub: Improve Delivery Reliability
[Topology][Hub] Satellites: 1
[Topology][Hub] Connections: 1
[Topology][Flow] Generating flow layout
[Topology][Flow] Nodes: 2
[Topology][Flow] Connections: 1
[Topology][Hub] Generating hub layout
[Topology][Hub] Hub: Improve Delivery Reliability
[Topology][Hub] Satellites: 1
[Topology][Hub] Connections: 1
[Topology][Flow] Generating flow layout
[Topology][Flow] Nodes: 4
[Topology][Flow] Connections: 3
[Topology][Hub] Generating hub layout
[Topology][Hub] Hub: Improve Delivery Reliability
[Topology][Hub] Satellites: 3
[Topology][Hub] Connections: 3
[Topology][Flow] Generating flow layout
[Topology][Flow] Nodes: 5
[Topology][Flow] Connections: 4
[Topology][Hub] Generating hub layout
[Topology][Hub] Hub: Improve Delivery Reliability
[Topology][Hub] Satellites: 4
[Topology][Hub] Connections: 4
[Topology][Flow] Generating flow layout
[Topology][Flow] Nodes: 5
[Topology][Flow] Connections: 4
[Topology][Hub] Generating hub layout
[Topology][Hub] Hub: Improve Delivery Reliability
[Topology][Hub] Satellites: 4
[Topology][Hub] Connections: 4
[Topology][Flow] Generating flow layout
[Topology][Flow] Nodes: 6
[Topology][Flow] Connections: 5
[Topology][Hub] Generating hub layout
[Topology][Hub] Hub: Improve Delivery Reliability
[Topology][Hub] Satellites: 5
[Topology][Hub] Connections: 5
[Topology][Flow] Generating flow layout
[Topology][Flow] Nodes: 7
[Topology][Flow] Connections: 6
[Topology][Hub] Generating hub layout
[Topology][Hub] Hub: Improve Delivery Reliability
[Topology][Hub] Satellites: 6
[Topology][Hub] Connections: 6
[Topology][Flow] Generating flow layout
[Topology][Flow] Nodes: 7
[Topology][Flow] Connections: 6
[Topology][Hub] Generating hub layout
[Topology][Hub] Hub: Improve Delivery Reliability
[Topology][Hub] Satellites: 6
[Topology][Hub] Connections: 6
[Topology][Flow] Generating flow layout
[Topology][Flow] Nodes: 7
[Topology][Flow] Connections: 6
[Topology][Hub] Generating hub layout
[Topology][Hub] Hub: Improve Delivery Reliability
[Topology][Hub] Satellites: 6
[Topology][Hub] Connections: 6
[Topology][Flow] Generating flow layout
[Topology][Flow] Nodes: 7
[Topology][Flow] Connections: 6
[Topology][Hub] Generating hub layout
[Topology][Hub] Hub: Improve Delivery Reliability
[Topology][Hub] Satellites: 6
[Topology][Hub] Connections: 6
[Topology][Flow] Generating flow layout
[Topology][Flow] Nodes: 7
[Topology][Flow] Connections: 6
[Topology][Hub] Generating hub layout
[Topology][Hub] Hub: Improve Delivery Reliability
[Topology][Hub] Satellites: 6
[Topology][Hub] Connections: 6
[Topology][Flow] Generating flow layout
[Topology][Flow] Nodes: 8
[Topology][Flow] Connections: 7
[Topology][Hub] Generating hub layout
[Topology][Hub] Hub: Improve Delivery Reliability
[Topology][Hub] Satellites: 7
[Topology][Hub] Connections: 7
[Topology][Flow] Generating flow layout
[Topology][Flow] Nodes: 9
[Topology][Flow] Connections: 8
[Topology][Hub] Generating hub layout
[Topology][Hub] Hub: Improve Delivery Reliability
[Topology][Hub] Satellites: 8
[Topology][Hub] Connections: 8
[Topology][Flow] Generating flow layout
[Topology][Flow] Nodes: 9
[Topology][Flow] Connections: 8
[Topology][Hub] Generating hub layout
[Topology][Hub] Hub: Improve Delivery Reliability
[Topology][Hub] Satellites: 8
[Topology][Hub] Connections: 8
[Topology][Flow] Generating flow layout
[Topology][Flow] Nodes: 9
[Topology][Flow] Connections: 8
[Topology][Hub] Generating hub layout
[Topology][Hub] Hub: Improve Delivery Reliability
[Topology][Hub] Satellites: 8
[Topology][Hub] Connections: 8
[Topology][Flow] Generating flow layout
[Topology][Flow] Nodes: 10
[Topology][Flow] Connections: 9
[Topology][Hub] Generating hub layout
[Topology][Hub] Hub: Improve Delivery Reliability
[Topology][Hub] Satellites: 9
[Topology][Hub] Connections: 9
[Topology][Flow] Generating flow layout
[Topology][Flow] Nodes: 11
[Topology][Flow] Connections: 10
[Topology][Hub] Generating hub layout
[Topology][Hub] Hub: Improve Delivery Reliability
[Topology][Hub] Satellites: 10
[Topology][Hub] Connections: 10
[Topology][Flow] Generating flow layout
[Topology][Flow] Nodes: 1
[Topology][Flow] Connections: 0
[Topology][Flow] Generating flow layout
[Topology][Flow] Nodes: 1
[Topology][Flow] Connections: 0
[Topology][Flow] Generating flow layout
[Topology][Flow] Nodes: 2
[Topology][Flow] Connections: 1
[Topology][Hub] Generating hub layout
[Topology][Hub] Hub: Improve Delivery Reliability
[Topology][Hub] Satellites: 1
[Topology][Hub] Connections: 1
[Topology][Flow] Generating flow layout
[Topology][Flow] Nodes: 2
[Topology][Flow] Connections: 1
[Topology][Hub] Generating hub layout
[Topology][Hub] Hub: Improve Delivery Reliability
[Topology][Hub] Satellites: 1
[Topology][Hub] Connections: 1
[Topology][Flow] Generating flow layout
[Topology][Flow] Nodes: 4
[Topology][Flow] Connections: 3
[Topology][Hub] Generating hub layout
[Topology][Hub] Hub: Improve Delivery Reliability
[Topology][Hub] Satellites: 3
[Topology][Hub] Connections: 3
[Topology][Flow] Generating flow layout
[Topology][Flow] Nodes: 5
[Topology][Flow] Connections: 4
[Topology][Hub] Generating hub layout
[Topology][Hub] Hub: Improve Delivery Reliability
[Topology][Hub] Satellites: 4
[Topology][Hub] Connections: 4
[Topology][Flow] Generating flow layout
[Topology][Flow] Nodes: 5
[Topology][Flow] Connections: 4
[Topology][Hub] Generating hub layout
[Topology][Hub] Hub: Improve Delivery Reliability
[Topology][Hub] Satellites: 4
[Topology][Hub] Connections: 4
[Topology][Flow] Generating flow layout
[Topology][Flow] Nodes: 6
[Topology][Flow] Connections: 5
[Topology][Hub] Generating hub layout
[Topology][Hub] Hub: Improve Delivery Reliability
[Topology][Hub] Satellites: 5
[Topology][Hub] Connections: 5
[Topology][Flow] Generating flow layout
[Topology][Flow] Nodes: 7
[Topology][Flow] Connections: 6
[Topology][Hub] Generating hub layout
[Topology][Hub] Hub: Improve Delivery Reliability
[Topology][Hub] Satellites: 6
[Topology][Hub] Connections: 6
[Topology][Flow] Generating flow layout
[Topology][Flow] Nodes: 7
[Topology][Flow] Connections: 6
[Topology][Hub] Generating hub layout
[Topology][Hub] Hub: Improve Delivery Reliability
[Topology][Hub] Satellites: 6
[Topology][Hub] Connections: 6
[Topology][Flow] Generating flow layout
[Topology][Flow] Nodes: 7
[Topology][Flow] Connections: 6
[Topology][Hub] Generating hub layout
[Topology][Hub] Hub: Improve Delivery Reliability
[Topology][Hub] Satellites: 6
[Topology][Hub] Connections: 6
[Topology][Flow] Generating flow layout
[Topology][Flow] Nodes: 7
[Topology][Flow] Connections: 6
[Topology][Hub] Generating hub layout
[Topology][Hub] Hub: Improve Delivery Reliability
[Topology][Hub] Satellites: 6
[Topology][Hub] Connections: 6
[Topology][Flow] Generating flow layout
[Topology][Flow] Nodes: 7
[Topology][Flow] Connections: 6
[Topology][Hub] Generating hub layout
[Topology][Hub] Hub: Improve Delivery Reliability
[Topology][Hub] Satellites: 6
[Topology][Hub] Connections: 6
[Topology][Flow] Generating flow layout
[Topology][Flow] Nodes: 8
[Topology][Flow] Connections: 7
[Topology][Hub] Generating hub layout
[Topology][Hub] Hub: Improve Delivery Reliability
[Topology][Hub] Satellites: 7
[Topology][Hub] Connections: 7
[Topology][Flow] Generating flow layout
[Topology][Flow] Nodes: 9
[Topology][Flow] Connections: 8
[Topology][Hub] Generating hub layout
[Topology][Hub] Hub: Improve Delivery Reliability
[Topology][Hub] Satellites: 8
[Topology][Hub] Connections: 8
[Topology][Flow] Generating flow layout
[Topology][Flow] Nodes: 9
[Topology][Flow] Connections: 8
[Topology][Hub] Generating hub layout
[Topology][Hub] Hub: Improve Delivery Reliability
[Topology][Hub] Satellites: 8
[Topology][Hub] Connections: 8
[Topology][Flow] Generating flow layout
[Topology][Flow] Nodes: 9
[Topology][Flow] Connections: 8
[Topology][Hub] Generating hub layout
[Topology][Hub] Hub: Improve Delivery Reliability
[Topology][Hub] Satellites: 8
[Topology][Hub] Connections: 8
[Topology][Flow] Generating flow layout
[Topology][Flow] Nodes: 10
[Topology][Flow] Connections: 9
[Topology][Hub] Generating hub layout
[Topology][Hub] Hub: Improve Delivery Reliability
[Topology][Hub] Satellites: 9
[Topology][Hub] Connections: 9
[Topology][Flow] Generating flow layout
[Topology][Flow] Nodes: 11
[Topology][Flow] Connections: 10
[Topology][Hub] Generating hub layout
[Topology][Hub] Hub: Improve Delivery Reliability
[Topology][Hub] Satellites: 10
[Topology][Hub] Connections: 10
[Topology][Flow] Generating flow layout
[Topology][Flow] Nodes: 11
[Topology][Flow] Connections: 10
[Topology][Hub] Generating hub layout
[Topology][Hub] Hub: Improve Delivery Reliability
[Topology][Hub] Satellites: 10
[Topology][Hub] Connections: 10
[Topology][Flow] Generating flow layout
[Topology][Flow] Nodes: 11
[Topology][Flow] Connections: 10
[Topology][Hub] Generating hub layout
[Topology][Hub] Hub: Improve Delivery Reliability
[Topology][Hub] Satellites: 10
[Topology][Hub] Connections: 10
▶ NEX-EXP:10 Learning, Reassessment & Next Executive Cycle
  ✔ identity, boundary, and reused authorities (0.865042ms)
  ✔ starts only at READY_FOR_LEARNING_REASSESSMENT and consumes EXP:9 handoff (598.701625ms)
  ✔ no outcome means no Learning; outcome is not a general rule; causality unconfirmed (462.917625ms)
  ✔ assumption review, routing, memory, overlay, and no forced Goal restart (293.989084ms)
  ✔ generic proofs share the engine; existing workspace unaffected (0.747958ms)
✔ NEX-EXP:10 Learning, Reassessment & Next Executive Cycle (1358.206875ms)
[Topology][Flow] Generating flow layout
[Topology][Flow] Nodes: 1
[Topology][Flow] Connections: 0
[Topology][Hub] Generating hub layout
[Topology][Hub] Hub: Nexora
[Topology][Hub] Satellites: 0
[Topology][Hub] Connections: 0
[Topology][Flow] Generating flow layout
[Topology][Flow] Nodes: 1
[Topology][Flow] Connections: 0
[Topology][Hub] Generating hub layout
[Topology][Hub] Hub: Nexora
[Topology][Hub] Satellites: 0
[Topology][Hub] Connections: 0
[Topology][Flow] Generating flow layout
[Topology][Flow] Nodes: 1
[Topology][Flow] Connections: 0
[Topology][Hub] Generating hub layout
[Topology][Hub] Hub: Nexora
[Topology][Hub] Satellites: 0
[Topology][Hub] Connections: 0
[Topology][Flow] Generating flow layout
[Topology][Flow] Nodes: 1
[Topology][Flow] Connections: 0
[Topology][Hub] Generating hub layout
[Topology][Hub] Hub: Nexora
[Topology][Hub] Satellites: 0
[Topology][Hub] Connections: 0
[Topology][Flow] Generating flow layout
[Topology][Flow] Nodes: 1
[Topology][Flow] Connections: 0
[Topology][Hub] Generating hub layout
[Topology][Hub] Hub: Nexora
[Topology][Hub] Satellites: 0
[Topology][Hub] Connections: 0
[Topology][Flow] Generating flow layout
[Topology][Flow] Nodes: 1
[Topology][Flow] Connections: 0
[Topology][Flow] Generating flow layout
[Topology][Flow] Nodes: 1
[Topology][Flow] Connections: 0
[Topology][Flow] Generating flow layout
[Topology][Flow] Nodes: 1
[Topology][Flow] Connections: 0
[Topology][Flow] Generating flow layout
[Topology][Flow] Nodes: 1
[Topology][Flow] Connections: 0
[Topology][Flow] Generating flow layout
[Topology][Flow] Nodes: 1
[Topology][Flow] Connections: 0
[Topology][Hub] Generating hub layout
[Topology][Hub] Hub: Nexora
[Topology][Hub] Satellites: 0
[Topology][Hub] Connections: 0
[Topology][Flow] Generating flow layout
[Topology][Flow] Nodes: 1
[Topology][Flow] Connections: 0
[Topology][Hub] Generating hub layout
[Topology][Hub] Hub: Nexora
[Topology][Hub] Satellites: 0
[Topology][Hub] Connections: 0
[Topology][Flow] Generating flow layout
[Topology][Flow] Nodes: 1
[Topology][Flow] Connections: 0
[Topology][Hub] Generating hub layout
[Topology][Hub] Hub: Nexora
[Topology][Hub] Satellites: 0
[Topology][Hub] Connections: 0
[Topology][Flow] Generating flow layout
[Topology][Flow] Nodes: 1
[Topology][Flow] Connections: 0
[Topology][Flow] Generating flow layout
[Topology][Flow] Nodes: 1
[Topology][Flow] Connections: 0
[Topology][Flow] Generating flow layout
[Topology][Flow] Nodes: 1
[Topology][Flow] Connections: 0
[Topology][Hub] Generating hub layout
[Topology][Hub] Hub: Alex
[Topology][Hub] Satellites: 0
[Topology][Hub] Connections: 0
[Topology][Flow] Generating flow layout
[Topology][Flow] Nodes: 1
[Topology][Flow] Connections: 0
[Topology][Flow] Generating flow layout
[Topology][Flow] Nodes: 1
[Topology][Flow] Connections: 0
[Topology][Flow] Generating flow layout
[Topology][Flow] Nodes: 2
[Topology][Flow] Connections: 1
[Topology][Hub] Generating hub layout
[Topology][Hub] Hub: Improve Delivery Performance
[Topology][Hub] Satellites: 1
[Topology][Hub] Connections: 1
[Topology][Flow] Generating flow layout
[Topology][Flow] Nodes: 2
[Topology][Flow] Connections: 1
[Topology][Hub] Generating hub layout
[Topology][Hub] Hub: Improve Delivery Performance
[Topology][Hub] Satellites: 1
[Topology][Hub] Connections: 1
[Topology][Flow] Generating flow layout
[Topology][Flow] Nodes: 4
[Topology][Flow] Connections: 3
[Topology][Hub] Generating hub layout
[Topology][Hub] Hub: Improve Delivery Performance
[Topology][Hub] Satellites: 3
[Topology][Hub] Connections: 3
[Topology][Flow] Generating flow layout
[Topology][Flow] Nodes: 4
[Topology][Flow] Connections: 3
[Topology][Hub] Generating hub layout
[Topology][Hub] Hub: Improve Delivery Performance
[Topology][Hub] Satellites: 3
[Topology][Hub] Connections: 3
[Topology][Flow] Generating flow layout
[Topology][Flow] Nodes: 5
[Topology][Flow] Connections: 4
[Topology][Hub] Generating hub layout
[Topology][Hub] Hub: Improve Delivery Performance
[Topology][Hub] Satellites: 4
[Topology][Hub] Connections: 4
[Topology][Flow] Generating flow layout
[Topology][Flow] Nodes: 5
[Topology][Flow] Connections: 4
[Topology][Hub] Generating hub layout
[Topology][Hub] Hub: Improve Delivery Performance
[Topology][Hub] Satellites: 4
[Topology][Hub] Connections: 4
[Topology][Flow] Generating flow layout
[Topology][Flow] Nodes: 5
[Topology][Flow] Connections: 4
[Topology][Hub] Generating hub layout
[Topology][Hub] Hub: Improve Delivery Performance
[Topology][Hub] Satellites: 4
[Topology][Hub] Connections: 4
[Topology][Flow] Generating flow layout
[Topology][Flow] Nodes: 6
[Topology][Flow] Connections: 5
[Topology][Hub] Generating hub layout
[Topology][Hub] Hub: Improve Delivery Performance
[Topology][Hub] Satellites: 5
[Topology][Hub] Connections: 5
[Topology][Flow] Generating flow layout
[Topology][Flow] Nodes: 6
[Topology][Flow] Connections: 5
[Topology][Hub] Generating hub layout
[Topology][Hub] Hub: Improve Delivery Performance
[Topology][Hub] Satellites: 5
[Topology][Hub] Connections: 5
[Topology][Flow] Generating flow layout
[Topology][Flow] Nodes: 6
[Topology][Flow] Connections: 5
[Topology][Hub] Generating hub layout
[Topology][Hub] Hub: Improve Delivery Performance
[Topology][Hub] Satellites: 5
[Topology][Hub] Connections: 5
[Topology][Flow] Generating flow layout
[Topology][Flow] Nodes: 7
[Topology][Flow] Connections: 6
[Topology][Hub] Generating hub layout
[Topology][Hub] Hub: Improve Delivery Performance
[Topology][Hub] Satellites: 6
[Topology][Hub] Connections: 6
[Topology][Flow] Generating flow layout
[Topology][Flow] Nodes: 7
[Topology][Flow] Connections: 6
[Topology][Hub] Generating hub layout
[Topology][Hub] Hub: Improve Delivery Performance
[Topology][Hub] Satellites: 6
[Topology][Hub] Connections: 6
[Topology][Flow] Generating flow layout
[Topology][Flow] Nodes: 7
[Topology][Flow] Connections: 6
[Topology][Hub] Generating hub layout
[Topology][Hub] Hub: Improve Delivery Performance
[Topology][Hub] Satellites: 6
[Topology][Hub] Connections: 6
[Topology][Flow] Generating flow layout
[Topology][Flow] Nodes: 7
[Topology][Flow] Connections: 6
[Topology][Hub] Generating hub layout
[Topology][Hub] Hub: Improve Delivery Performance
[Topology][Hub] Satellites: 6
[Topology][Hub] Connections: 6
[Topology][Flow] Generating flow layout
[Topology][Flow] Nodes: 7
[Topology][Flow] Connections: 6
[Topology][Hub] Generating hub layout
[Topology][Hub] Hub: Improve Delivery Performance
[Topology][Hub] Satellites: 6
[Topology][Hub] Connections: 6
[Topology][Flow] Generating flow layout
[Topology][Flow] Nodes: 7
[Topology][Flow] Connections: 6
[Topology][Hub] Generating hub layout
[Topology][Hub] Hub: Improve Delivery Performance
[Topology][Hub] Satellites: 6
[Topology][Hub] Connections: 6
[Topology][Flow] Generating flow layout
[Topology][Flow] Nodes: 7
[Topology][Flow] Connections: 6
[Topology][Hub] Generating hub layout
[Topology][Hub] Hub: Improve Delivery Performance
[Topology][Hub] Satellites: 6
[Topology][Hub] Connections: 6
[Topology][Flow] Generating flow layout
[Topology][Flow] Nodes: 8
[Topology][Flow] Connections: 7
[Topology][Hub] Generating hub layout
[Topology][Hub] Hub: Improve Delivery Performance
[Topology][Hub] Satellites: 7
[Topology][Hub] Connections: 7
[Topology][Flow] Generating flow layout
[Topology][Flow] Nodes: 8
[Topology][Flow] Connections: 7
[Topology][Hub] Generating hub layout
[Topology][Hub] Hub: Improve Delivery Performance
[Topology][Hub] Satellites: 7
[Topology][Hub] Connections: 7
[Topology][Flow] Generating flow layout
[Topology][Flow] Nodes: 9
[Topology][Flow] Connections: 8
[Topology][Hub] Generating hub layout
[Topology][Hub] Hub: Improve Delivery Performance
[Topology][Hub] Satellites: 8
[Topology][Hub] Connections: 8
[Topology][Flow] Generating flow layout
[Topology][Flow] Nodes: 9
[Topology][Flow] Connections: 8
[Topology][Hub] Generating hub layout
[Topology][Hub] Hub: Improve Delivery Performance
[Topology][Hub] Satellites: 8
[Topology][Hub] Connections: 8
[Topology][Flow] Generating flow layout
[Topology][Flow] Nodes: 9
[Topology][Flow] Connections: 8
[Topology][Hub] Generating hub layout
[Topology][Hub] Hub: Improve Delivery Performance
[Topology][Hub] Satellites: 8
[Topology][Hub] Connections: 8
[Topology][Flow] Generating flow layout
[Topology][Flow] Nodes: 9
[Topology][Flow] Connections: 8
[Topology][Hub] Generating hub layout
[Topology][Hub] Hub: Improve Delivery Performance
[Topology][Hub] Satellites: 8
[Topology][Hub] Connections: 8
[Topology][Flow] Generating flow layout
[Topology][Flow] Nodes: 10
[Topology][Flow] Connections: 9
[Topology][Hub] Generating hub layout
[Topology][Hub] Hub: Improve Delivery Performance
[Topology][Hub] Satellites: 9
[Topology][Hub] Connections: 9
[Topology][Flow] Generating flow layout
[Topology][Flow] Nodes: 10
[Topology][Flow] Connections: 9
[Topology][Hub] Generating hub layout
[Topology][Hub] Hub: Improve Delivery Performance
[Topology][Hub] Satellites: 9
[Topology][Hub] Connections: 9
[Topology][Flow] Generating flow layout
[Topology][Flow] Nodes: 11
[Topology][Flow] Connections: 10
[Topology][Hub] Generating hub layout
[Topology][Hub] Hub: Improve Delivery Performance
[Topology][Hub] Satellites: 10
[Topology][Hub] Connections: 10
[Topology][Flow] Generating flow layout
[Topology][Flow] Nodes: 1
[Topology][Flow] Connections: 0
[Topology][Hub] Generating hub layout
[Topology][Hub] Hub: Nexora
[Topology][Hub] Satellites: 0
[Topology][Hub] Connections: 0
[Topology][Flow] Generating flow layout
[Topology][Flow] Nodes: 1
[Topology][Flow] Connections: 0
[Topology][Hub] Generating hub layout
[Topology][Hub] Hub: Nexora
[Topology][Hub] Satellites: 0
[Topology][Hub] Connections: 0
[Topology][Flow] Generating flow layout
[Topology][Flow] Nodes: 1
[Topology][Flow] Connections: 0
[Topology][Hub] Generating hub layout
[Topology][Hub] Hub: Nexora
[Topology][Hub] Satellites: 0
[Topology][Hub] Connections: 0
[Topology][Flow] Generating flow layout
[Topology][Flow] Nodes: 1
[Topology][Flow] Connections: 0
[Topology][Flow] Generating flow layout
[Topology][Flow] Nodes: 1
[Topology][Flow] Connections: 0
[Topology][Flow] Generating flow layout
[Topology][Flow] Nodes: 1
[Topology][Flow] Connections: 0
[Topology][Hub] Generating hub layout
[Topology][Hub] Hub: Alex
[Topology][Hub] Satellites: 0
[Topology][Hub] Connections: 0
[Topology][Flow] Generating flow layout
[Topology][Flow] Nodes: 1
[Topology][Flow] Connections: 0
[Topology][Flow] Generating flow layout
[Topology][Flow] Nodes: 1
[Topology][Flow] Connections: 0
[Topology][Flow] Generating flow layout
[Topology][Flow] Nodes: 2
[Topology][Flow] Connections: 1
[Topology][Flow] Generating flow layout
[Topology][Flow] Nodes: 1
[Topology][Flow] Connections: 0
▶ NEX-MVP-FINAL:1 Real Manager MVP
  ✔ identity is certification, not a new engine (0.676625ms)
  ✔ keeps first-time entrance session when 6.1 owns an executive ask (208.101042ms)
  ✔ first contact uses product language and learns manager context (55.659458ms)
  ✔ completes a natural manager loop without architecture leakage (398.894708ms)
  ✔ click and Show me share Goal focus; Explain uses one engine (35.192875ms)
✔ NEX-MVP-FINAL:1 Real Manager MVP (699.846208ms)
[Topology][Flow] Generating flow layout
[Topology][Flow] Nodes: 1
[Topology][Flow] Connections: 0
[Topology][Flow] Generating flow layout
[Topology][Flow] Nodes: 1
[Topology][Flow] Connections: 0
[Topology][Flow] Generating flow layout
[Topology][Flow] Nodes: 1
[Topology][Flow] Connections: 0
[Topology][Flow] Generating flow layout
[Topology][Flow] Nodes: 1
[Topology][Flow] Connections: 0
[Topology][Flow] Generating flow layout
[Topology][Flow] Nodes: 2
[Topology][Flow] Connections: 1
[Topology][Hub] Generating hub layout
[Topology][Hub] Hub: Improve Delivery Reliability
[Topology][Hub] Satellites: 1
[Topology][Hub] Connections: 1
[Topology][Flow] Generating flow layout
[Topology][Flow] Nodes: 2
[Topology][Flow] Connections: 1
[Topology][Hub] Generating hub layout
[Topology][Hub] Hub: Improve Delivery Reliability
[Topology][Hub] Satellites: 1
[Topology][Hub] Connections: 1
[Topology][Flow] Generating flow layout
[Topology][Flow] Nodes: 4
[Topology][Flow] Connections: 3
[Topology][Hub] Generating hub layout
[Topology][Hub] Hub: Improve Delivery Reliability
[Topology][Hub] Satellites: 3
[Topology][Hub] Connections: 3
[Topology][Flow] Generating flow layout
[Topology][Flow] Nodes: 5
[Topology][Flow] Connections: 4
[Topology][Hub] Generating hub layout
[Topology][Hub] Hub: Improve Delivery Reliability
[Topology][Hub] Satellites: 4
[Topology][Hub] Connections: 4
[Topology][Flow] Generating flow layout
[Topology][Flow] Nodes: 5
[Topology][Flow] Connections: 4
[Topology][Hub] Generating hub layout
[Topology][Hub] Hub: Improve Delivery Reliability
[Topology][Hub] Satellites: 4
[Topology][Hub] Connections: 4
[Topology][Flow] Generating flow layout
[Topology][Flow] Nodes: 6
[Topology][Flow] Connections: 5
[Topology][Hub] Generating hub layout
[Topology][Hub] Hub: Improve Delivery Reliability
[Topology][Hub] Satellites: 5
[Topology][Hub] Connections: 5
[Topology][Flow] Generating flow layout
[Topology][Flow] Nodes: 7
[Topology][Flow] Connections: 6
[Topology][Hub] Generating hub layout
[Topology][Hub] Hub: Improve Delivery Reliability
[Topology][Hub] Satellites: 6
[Topology][Hub] Connections: 6
[Topology][Flow] Generating flow layout
[Topology][Flow] Nodes: 7
[Topology][Flow] Connections: 6
[Topology][Hub] Generating hub layout
[Topology][Hub] Hub: Improve Delivery Reliability
[Topology][Hub] Satellites: 6
[Topology][Hub] Connections: 6
[Topology][Flow] Generating flow layout
[Topology][Flow] Nodes: 7
[Topology][Flow] Connections: 6
[Topology][Hub] Generating hub layout
[Topology][Hub] Hub: Improve Delivery Reliability
[Topology][Hub] Satellites: 6
[Topology][Hub] Connections: 6
[Topology][Flow] Generating flow layout
[Topology][Flow] Nodes: 7
[Topology][Flow] Connections: 6
[Topology][Hub] Generating hub layout
[Topology][Hub] Hub: Improve Delivery Reliability
[Topology][Hub] Satellites: 6
[Topology][Hub] Connections: 6
[Topology][Flow] Generating flow layout
[Topology][Flow] Nodes: 7
[Topology][Flow] Connections: 6
[Topology][Hub] Generating hub layout
[Topology][Hub] Hub: Improve Delivery Reliability
[Topology][Hub] Satellites: 6
[Topology][Hub] Connections: 6
[Topology][Flow] Generating flow layout
[Topology][Flow] Nodes: 8
[Topology][Flow] Connections: 7
[Topology][Hub] Generating hub layout
[Topology][Hub] Hub: Improve Delivery Reliability
[Topology][Hub] Satellites: 7
[Topology][Hub] Connections: 7
[Topology][Flow] Generating flow layout
[Topology][Flow] Nodes: 9
[Topology][Flow] Connections: 8
[Topology][Hub] Generating hub layout
[Topology][Hub] Hub: Improve Delivery Reliability
[Topology][Hub] Satellites: 8
[Topology][Hub] Connections: 8
[Topology][Flow] Generating flow layout
[Topology][Flow] Nodes: 9
[Topology][Flow] Connections: 8
[Topology][Hub] Generating hub layout
[Topology][Hub] Hub: Improve Delivery Reliability
[Topology][Hub] Satellites: 8
[Topology][Hub] Connections: 8
[Topology][Flow] Generating flow layout
[Topology][Flow] Nodes: 1
[Topology][Flow] Connections: 0
[Topology][Flow] Generating flow layout
[Topology][Flow] Nodes: 1
[Topology][Flow] Connections: 0
[Topology][Flow] Generating flow layout
[Topology][Flow] Nodes: 2
[Topology][Flow] Connections: 1
[Topology][Hub] Generating hub layout
[Topology][Hub] Hub: Improve Delivery Reliability
[Topology][Hub] Satellites: 1
[Topology][Hub] Connections: 1
[Topology][Flow] Generating flow layout
[Topology][Flow] Nodes: 2
[Topology][Flow] Connections: 1
[Topology][Hub] Generating hub layout
[Topology][Hub] Hub: Improve Delivery Reliability
[Topology][Hub] Satellites: 1
[Topology][Hub] Connections: 1
[Topology][Flow] Generating flow layout
[Topology][Flow] Nodes: 4
[Topology][Flow] Connections: 3
[Topology][Hub] Generating hub layout
[Topology][Hub] Hub: Improve Delivery Reliability
[Topology][Hub] Satellites: 3
[Topology][Hub] Connections: 3
[Topology][Flow] Generating flow layout
[Topology][Flow] Nodes: 5
[Topology][Flow] Connections: 4
[Topology][Hub] Generating hub layout
[Topology][Hub] Hub: Improve Delivery Reliability
[Topology][Hub] Satellites: 4
[Topology][Hub] Connections: 4
[Topology][Flow] Generating flow layout
[Topology][Flow] Nodes: 5
[Topology][Flow] Connections: 4
[Topology][Hub] Generating hub layout
[Topology][Hub] Hub: Improve Delivery Reliability
[Topology][Hub] Satellites: 4
[Topology][Hub] Connections: 4
[Topology][Flow] Generating flow layout
[Topology][Flow] Nodes: 6
[Topology][Flow] Connections: 5
[Topology][Hub] Generating hub layout
[Topology][Hub] Hub: Improve Delivery Reliability
[Topology][Hub] Satellites: 5
[Topology][Hub] Connections: 5
[Topology][Flow] Generating flow layout
[Topology][Flow] Nodes: 7
[Topology][Flow] Connections: 6
[Topology][Hub] Generating hub layout
[Topology][Hub] Hub: Improve Delivery Reliability
[Topology][Hub] Satellites: 6
[Topology][Hub] Connections: 6
[Topology][Flow] Generating flow layout
[Topology][Flow] Nodes: 7
[Topology][Flow] Connections: 6
[Topology][Hub] Generating hub layout
[Topology][Hub] Hub: Improve Delivery Reliability
[Topology][Hub] Satellites: 6
[Topology][Hub] Connections: 6
[Topology][Flow] Generating flow layout
[Topology][Flow] Nodes: 7
[Topology][Flow] Connections: 6
[Topology][Hub] Generating hub layout
[Topology][Hub] Hub: Improve Delivery Reliability
[Topology][Hub] Satellites: 6
[Topology][Hub] Connections: 6
[Topology][Flow] Generating flow layout
[Topology][Flow] Nodes: 7
[Topology][Flow] Connections: 6
[Topology][Hub] Generating hub layout
[Topology][Hub] Hub: Improve Delivery Reliability
[Topology][Hub] Satellites: 6
[Topology][Hub] Connections: 6
[Topology][Flow] Generating flow layout
[Topology][Flow] Nodes: 7
[Topology][Flow] Connections: 6
[Topology][Hub] Generating hub layout
[Topology][Hub] Hub: Improve Delivery Reliability
[Topology][Hub] Satellites: 6
[Topology][Hub] Connections: 6
[Topology][Flow] Generating flow layout
[Topology][Flow] Nodes: 8
[Topology][Flow] Connections: 7
[Topology][Hub] Generating hub layout
[Topology][Hub] Hub: Improve Delivery Reliability
[Topology][Hub] Satellites: 7
[Topology][Hub] Connections: 7
[Topology][Flow] Generating flow layout
[Topology][Flow] Nodes: 9
[Topology][Flow] Connections: 8
[Topology][Hub] Generating hub layout
[Topology][Hub] Hub: Improve Delivery Reliability
[Topology][Hub] Satellites: 8
[Topology][Hub] Connections: 8
[Topology][Flow] Generating flow layout
[Topology][Flow] Nodes: 9
[Topology][Flow] Connections: 8
[Topology][Hub] Generating hub layout
[Topology][Hub] Hub: Improve Delivery Reliability
[Topology][Hub] Satellites: 8
[Topology][Hub] Connections: 8
[Topology][Flow] Generating flow layout
[Topology][Flow] Nodes: 9
[Topology][Flow] Connections: 8
[Topology][Hub] Generating hub layout
[Topology][Hub] Hub: Improve Delivery Reliability
[Topology][Hub] Satellites: 8
[Topology][Hub] Connections: 8
[Topology][Flow] Generating flow layout
[Topology][Flow] Nodes: 1
[Topology][Flow] Connections: 0
[Topology][Flow] Generating flow layout
[Topology][Flow] Nodes: 1
[Topology][Flow] Connections: 0
[Topology][Flow] Generating flow layout
[Topology][Flow] Nodes: 2
[Topology][Flow] Connections: 1
[Topology][Hub] Generating hub layout
[Topology][Hub] Hub: Improve Delivery Reliability
[Topology][Hub] Satellites: 1
[Topology][Hub] Connections: 1
[Topology][Flow] Generating flow layout
[Topology][Flow] Nodes: 2
[Topology][Flow] Connections: 1
[Topology][Hub] Generating hub layout
[Topology][Hub] Hub: Improve Delivery Reliability
[Topology][Hub] Satellites: 1
[Topology][Hub] Connections: 1
[Topology][Flow] Generating flow layout
[Topology][Flow] Nodes: 4
[Topology][Flow] Connections: 3
[Topology][Hub] Generating hub layout
[Topology][Hub] Hub: Improve Delivery Reliability
[Topology][Hub] Satellites: 3
[Topology][Hub] Connections: 3
[Topology][Flow] Generating flow layout
[Topology][Flow] Nodes: 5
[Topology][Flow] Connections: 4
[Topology][Hub] Generating hub layout
[Topology][Hub] Hub: Improve Delivery Reliability
[Topology][Hub] Satellites: 4
[Topology][Hub] Connections: 4
[Topology][Flow] Generating flow layout
[Topology][Flow] Nodes: 5
[Topology][Flow] Connections: 4
[Topology][Hub] Generating hub layout
[Topology][Hub] Hub: Improve Delivery Reliability
[Topology][Hub] Satellites: 4
[Topology][Hub] Connections: 4
[Topology][Flow] Generating flow layout
[Topology][Flow] Nodes: 6
[Topology][Flow] Connections: 5
[Topology][Hub] Generating hub layout
[Topology][Hub] Hub: Improve Delivery Reliability
[Topology][Hub] Satellites: 5
[Topology][Hub] Connections: 5
[Topology][Flow] Generating flow layout
[Topology][Flow] Nodes: 7
[Topology][Flow] Connections: 6
[Topology][Hub] Generating hub layout
[Topology][Hub] Hub: Improve Delivery Reliability
[Topology][Hub] Satellites: 6
[Topology][Hub] Connections: 6
[Topology][Flow] Generating flow layout
[Topology][Flow] Nodes: 7
[Topology][Flow] Connections: 6
[Topology][Hub] Generating hub layout
[Topology][Hub] Hub: Improve Delivery Reliability
[Topology][Hub] Satellites: 6
[Topology][Hub] Connections: 6
[Topology][Flow] Generating flow layout
[Topology][Flow] Nodes: 7
[Topology][Flow] Connections: 6
[Topology][Hub] Generating hub layout
[Topology][Hub] Hub: Improve Delivery Reliability
[Topology][Hub] Satellites: 6
[Topology][Hub] Connections: 6
[Topology][Flow] Generating flow layout
[Topology][Flow] Nodes: 7
[Topology][Flow] Connections: 6
[Topology][Hub] Generating hub layout
[Topology][Hub] Hub: Improve Delivery Reliability
[Topology][Hub] Satellites: 6
[Topology][Hub] Connections: 6
[Topology][Flow] Generating flow layout
[Topology][Flow] Nodes: 7
[Topology][Flow] Connections: 6
[Topology][Hub] Generating hub layout
[Topology][Hub] Hub: Improve Delivery Reliability
[Topology][Hub] Satellites: 6
[Topology][Hub] Connections: 6
[Topology][Flow] Generating flow layout
[Topology][Flow] Nodes: 8
[Topology][Flow] Connections: 7
[Topology][Hub] Generating hub layout
[Topology][Hub] Hub: Improve Delivery Reliability
[Topology][Hub] Satellites: 7
[Topology][Hub] Connections: 7
[Topology][Flow] Generating flow layout
[Topology][Flow] Nodes: 9
[Topology][Flow] Connections: 8
[Topology][Hub] Generating hub layout
[Topology][Hub] Hub: Improve Delivery Reliability
[Topology][Hub] Satellites: 8
[Topology][Hub] Connections: 8
[Topology][Flow] Generating flow layout
[Topology][Flow] Nodes: 9
[Topology][Flow] Connections: 8
[Topology][Hub] Generating hub layout
[Topology][Hub] Hub: Improve Delivery Reliability
[Topology][Hub] Satellites: 8
[Topology][Hub] Connections: 8
[Topology][Flow] Generating flow layout
[Topology][Flow] Nodes: 9
[Topology][Flow] Connections: 8
[Topology][Hub] Generating hub layout
[Topology][Hub] Hub: Improve Delivery Reliability
[Topology][Hub] Satellites: 8
[Topology][Hub] Connections: 8
[Topology][Flow] Generating flow layout
[Topology][Flow] Nodes: 1
[Topology][Flow] Connections: 0
[Topology][Flow] Generating flow layout
[Topology][Flow] Nodes: 1
[Topology][Flow] Connections: 0
[Topology][Flow] Generating flow layout
[Topology][Flow] Nodes: 2
[Topology][Flow] Connections: 1
[Topology][Hub] Generating hub layout
[Topology][Hub] Hub: Improve Delivery Reliability
[Topology][Hub] Satellites: 1
[Topology][Hub] Connections: 1
[Topology][Flow] Generating flow layout
[Topology][Flow] Nodes: 2
[Topology][Flow] Connections: 1
[Topology][Hub] Generating hub layout
[Topology][Hub] Hub: Improve Delivery Reliability
[Topology][Hub] Satellites: 1
[Topology][Hub] Connections: 1
[Topology][Flow] Generating flow layout
[Topology][Flow] Nodes: 4
[Topology][Flow] Connections: 3
[Topology][Hub] Generating hub layout
[Topology][Hub] Hub: Improve Delivery Reliability
[Topology][Hub] Satellites: 3
[Topology][Hub] Connections: 3
[Topology][Flow] Generating flow layout
[Topology][Flow] Nodes: 5
[Topology][Flow] Connections: 4
[Topology][Hub] Generating hub layout
[Topology][Hub] Hub: Improve Delivery Reliability
[Topology][Hub] Satellites: 4
[Topology][Hub] Connections: 4
[Topology][Flow] Generating flow layout
[Topology][Flow] Nodes: 5
[Topology][Flow] Connections: 4
[Topology][Hub] Generating hub layout
[Topology][Hub] Hub: Improve Delivery Reliability
[Topology][Hub] Satellites: 4
[Topology][Hub] Connections: 4
[Topology][Flow] Generating flow layout
[Topology][Flow] Nodes: 6
[Topology][Flow] Connections: 5
[Topology][Hub] Generating hub layout
[Topology][Hub] Hub: Improve Delivery Reliability
[Topology][Hub] Satellites: 5
[Topology][Hub] Connections: 5
[Topology][Flow] Generating flow layout
[Topology][Flow] Nodes: 7
[Topology][Flow] Connections: 6
[Topology][Hub] Generating hub layout
[Topology][Hub] Hub: Improve Delivery Reliability
[Topology][Hub] Satellites: 6
[Topology][Hub] Connections: 6
[Topology][Flow] Generating flow layout
[Topology][Flow] Nodes: 7
[Topology][Flow] Connections: 6
[Topology][Hub] Generating hub layout
[Topology][Hub] Hub: Improve Delivery Reliability
[Topology][Hub] Satellites: 6
[Topology][Hub] Connections: 6
[Topology][Flow] Generating flow layout
[Topology][Flow] Nodes: 7
[Topology][Flow] Connections: 6
[Topology][Hub] Generating hub layout
[Topology][Hub] Hub: Improve Delivery Reliability
[Topology][Hub] Satellites: 6
[Topology][Hub] Connections: 6
[Topology][Flow] Generating flow layout
[Topology][Flow] Nodes: 7
[Topology][Flow] Connections: 6
[Topology][Hub] Generating hub layout
[Topology][Hub] Hub: Improve Delivery Reliability
[Topology][Hub] Satellites: 6
[Topology][Hub] Connections: 6
[Topology][Flow] Generating flow layout
[Topology][Flow] Nodes: 7
[Topology][Flow] Connections: 6
[Topology][Hub] Generating hub layout
[Topology][Hub] Hub: Improve Delivery Reliability
[Topology][Hub] Satellites: 6
[Topology][Hub] Connections: 6
[Topology][Flow] Generating flow layout
[Topology][Flow] Nodes: 8
[Topology][Flow] Connections: 7
[Topology][Hub] Generating hub layout
[Topology][Hub] Hub: Improve Delivery Reliability
[Topology][Hub] Satellites: 7
[Topology][Hub] Connections: 7
[Topology][Flow] Generating flow layout
[Topology][Flow] Nodes: 9
[Topology][Flow] Connections: 8
[Topology][Hub] Generating hub layout
[Topology][Hub] Hub: Improve Delivery Reliability
[Topology][Hub] Satellites: 8
[Topology][Hub] Connections: 8
[Topology][Flow] Generating flow layout
[Topology][Flow] Nodes: 9
[Topology][Flow] Connections: 8
[Topology][Hub] Generating hub layout
[Topology][Hub] Hub: Improve Delivery Reliability
[Topology][Hub] Satellites: 8
[Topology][Hub] Connections: 8
[Topology][Flow] Generating flow layout
[Topology][Flow] Nodes: 9
[Topology][Flow] Connections: 8
[Topology][Hub] Generating hub layout
[Topology][Hub] Hub: Improve Delivery Reliability
[Topology][Hub] Satellites: 8
[Topology][Hub] Connections: 8
[Topology][Flow] Generating flow layout
[Topology][Flow] Nodes: 10
[Topology][Flow] Connections: 9
[Topology][Hub] Generating hub layout
[Topology][Hub] Hub: Improve Delivery Reliability
[Topology][Hub] Satellites: 9
[Topology][Hub] Connections: 9
[Topology][Flow] Generating flow layout
[Topology][Flow] Nodes: 10
[Topology][Flow] Connections: 9
[Topology][Hub] Generating hub layout
[Topology][Hub] Hub: Improve Delivery Reliability
[Topology][Hub] Satellites: 9
[Topology][Hub] Connections: 9
[Topology][Flow] Generating flow layout
[Topology][Flow] Nodes: 10
[Topology][Flow] Connections: 9
[Topology][Hub] Generating hub layout
[Topology][Hub] Hub: Improve Delivery Reliability
[Topology][Hub] Satellites: 9
[Topology][Hub] Connections: 9
[Topology][Flow] Generating flow layout
[Topology][Flow] Nodes: 10
[Topology][Flow] Connections: 9
[Topology][Hub] Generating hub layout
[Topology][Hub] Hub: Outcome
[Topology][Hub] Satellites: 5
[Topology][Hub] Connections: 5
[Topology][Flow] Generating flow layout
[Topology][Flow] Nodes: 1
[Topology][Flow] Connections: 0
[Topology][Flow] Generating flow layout
[Topology][Flow] Nodes: 1
[Topology][Flow] Connections: 0
[Topology][Flow] Generating flow layout
[Topology][Flow] Nodes: 2
[Topology][Flow] Connections: 1
[Topology][Hub] Generating hub layout
[Topology][Hub] Hub: Improve Delivery Reliability
[Topology][Hub] Satellites: 1
[Topology][Hub] Connections: 1
[Topology][Flow] Generating flow layout
[Topology][Flow] Nodes: 2
[Topology][Flow] Connections: 1
[Topology][Hub] Generating hub layout
[Topology][Hub] Hub: Improve Delivery Reliability
[Topology][Hub] Satellites: 1
[Topology][Hub] Connections: 1
[Topology][Flow] Generating flow layout
[Topology][Flow] Nodes: 4
[Topology][Flow] Connections: 3
[Topology][Hub] Generating hub layout
[Topology][Hub] Hub: Improve Delivery Reliability
[Topology][Hub] Satellites: 3
[Topology][Hub] Connections: 3
[Topology][Flow] Generating flow layout
[Topology][Flow] Nodes: 5
[Topology][Flow] Connections: 4
[Topology][Hub] Generating hub layout
[Topology][Hub] Hub: Improve Delivery Reliability
[Topology][Hub] Satellites: 4
[Topology][Hub] Connections: 4
[Topology][Flow] Generating flow layout
[Topology][Flow] Nodes: 5
[Topology][Flow] Connections: 4
[Topology][Hub] Generating hub layout
[Topology][Hub] Hub: Improve Delivery Reliability
[Topology][Hub] Satellites: 4
[Topology][Hub] Connections: 4
[Topology][Flow] Generating flow layout
[Topology][Flow] Nodes: 6
[Topology][Flow] Connections: 5
[Topology][Hub] Generating hub layout
[Topology][Hub] Hub: Improve Delivery Reliability
[Topology][Hub] Satellites: 5
[Topology][Hub] Connections: 5
[Topology][Flow] Generating flow layout
[Topology][Flow] Nodes: 7
[Topology][Flow] Connections: 6
[Topology][Hub] Generating hub layout
[Topology][Hub] Hub: Improve Delivery Reliability
[Topology][Hub] Satellites: 6
[Topology][Hub] Connections: 6
[Topology][Flow] Generating flow layout
[Topology][Flow] Nodes: 7
[Topology][Flow] Connections: 6
[Topology][Hub] Generating hub layout
[Topology][Hub] Hub: Improve Delivery Reliability
[Topology][Hub] Satellites: 6
[Topology][Hub] Connections: 6
[Topology][Flow] Generating flow layout
[Topology][Flow] Nodes: 7
[Topology][Flow] Connections: 6
[Topology][Hub] Generating hub layout
[Topology][Hub] Hub: Improve Delivery Reliability
[Topology][Hub] Satellites: 6
[Topology][Hub] Connections: 6
[Topology][Flow] Generating flow layout
[Topology][Flow] Nodes: 7
[Topology][Flow] Connections: 6
[Topology][Hub] Generating hub layout
[Topology][Hub] Hub: Improve Delivery Reliability
[Topology][Hub] Satellites: 6
[Topology][Hub] Connections: 6
[Topology][Flow] Generating flow layout
[Topology][Flow] Nodes: 7
[Topology][Flow] Connections: 6
[Topology][Hub] Generating hub layout
[Topology][Hub] Hub: Improve Delivery Reliability
[Topology][Hub] Satellites: 6
[Topology][Hub] Connections: 6
[Topology][Flow] Generating flow layout
[Topology][Flow] Nodes: 8
[Topology][Flow] Connections: 7
[Topology][Hub] Generating hub layout
[Topology][Hub] Hub: Improve Delivery Reliability
[Topology][Hub] Satellites: 7
[Topology][Hub] Connections: 7
[Topology][Flow] Generating flow layout
[Topology][Flow] Nodes: 9
[Topology][Flow] Connections: 8
[Topology][Hub] Generating hub layout
[Topology][Hub] Hub: Improve Delivery Reliability
[Topology][Hub] Satellites: 8
[Topology][Hub] Connections: 8
[Topology][Flow] Generating flow layout
[Topology][Flow] Nodes: 9
[Topology][Flow] Connections: 8
[Topology][Hub] Generating hub layout
[Topology][Hub] Hub: Improve Delivery Reliability
[Topology][Hub] Satellites: 8
[Topology][Hub] Connections: 8
[Topology][Flow] Generating flow layout
[Topology][Flow] Nodes: 9
[Topology][Flow] Connections: 8
[Topology][Hub] Generating hub layout
[Topology][Hub] Hub: Improve Delivery Reliability
[Topology][Hub] Satellites: 8
[Topology][Hub] Connections: 8
[Topology][Flow] Generating flow layout
[Topology][Flow] Nodes: 10
[Topology][Flow] Connections: 9
[Topology][Hub] Generating hub layout
[Topology][Hub] Hub: Improve Delivery Reliability
[Topology][Hub] Satellites: 9
[Topology][Hub] Connections: 9
[Topology][Flow] Generating flow layout
[Topology][Flow] Nodes: 1
[Topology][Flow] Connections: 0
[Topology][Flow] Generating flow layout
[Topology][Flow] Nodes: 1
[Topology][Flow] Connections: 0
[Topology][Flow] Generating flow layout
[Topology][Flow] Nodes: 2
[Topology][Flow] Connections: 1
[Topology][Hub] Generating hub layout
[Topology][Hub] Hub: Improve Delivery Reliability
[Topology][Hub] Satellites: 1
[Topology][Hub] Connections: 1
[Topology][Flow] Generating flow layout
[Topology][Flow] Nodes: 2
[Topology][Flow] Connections: 1
[Topology][Hub] Generating hub layout
[Topology][Hub] Hub: Improve Delivery Reliability
[Topology][Hub] Satellites: 1
[Topology][Hub] Connections: 1
[Topology][Flow] Generating flow layout
[Topology][Flow] Nodes: 4
[Topology][Flow] Connections: 3
[Topology][Hub] Generating hub layout
[Topology][Hub] Hub: Improve Delivery Reliability
[Topology][Hub] Satellites: 3
[Topology][Hub] Connections: 3
[Topology][Flow] Generating flow layout
[Topology][Flow] Nodes: 5
[Topology][Flow] Connections: 4
[Topology][Hub] Generating hub layout
[Topology][Hub] Hub: Improve Delivery Reliability
[Topology][Hub] Satellites: 4
[Topology][Hub] Connections: 4
[Topology][Flow] Generating flow layout
[Topology][Flow] Nodes: 5
[Topology][Flow] Connections: 4
[Topology][Hub] Generating hub layout
[Topology][Hub] Hub: Improve Delivery Reliability
[Topology][Hub] Satellites: 4
[Topology][Hub] Connections: 4
[Topology][Flow] Generating flow layout
[Topology][Flow] Nodes: 6
[Topology][Flow] Connections: 5
[Topology][Hub] Generating hub layout
[Topology][Hub] Hub: Improve Delivery Reliability
[Topology][Hub] Satellites: 5
[Topology][Hub] Connections: 5
[Topology][Flow] Generating flow layout
[Topology][Flow] Nodes: 7
[Topology][Flow] Connections: 6
[Topology][Hub] Generating hub layout
[Topology][Hub] Hub: Improve Delivery Reliability
[Topology][Hub] Satellites: 6
[Topology][Hub] Connections: 6
[Topology][Flow] Generating flow layout
[Topology][Flow] Nodes: 7
[Topology][Flow] Connections: 6
[Topology][Hub] Generating hub layout
[Topology][Hub] Hub: Improve Delivery Reliability
[Topology][Hub] Satellites: 6
[Topology][Hub] Connections: 6
[Topology][Flow] Generating flow layout
[Topology][Flow] Nodes: 7
[Topology][Flow] Connections: 6
[Topology][Hub] Generating hub layout
[Topology][Hub] Hub: Improve Delivery Reliability
[Topology][Hub] Satellites: 6
[Topology][Hub] Connections: 6
[Topology][Flow] Generating flow layout
[Topology][Flow] Nodes: 7
[Topology][Flow] Connections: 6
[Topology][Hub] Generating hub layout
[Topology][Hub] Hub: Improve Delivery Reliability
[Topology][Hub] Satellites: 6
[Topology][Hub] Connections: 6
[Topology][Flow] Generating flow layout
[Topology][Flow] Nodes: 7
[Topology][Flow] Connections: 6
[Topology][Hub] Generating hub layout
[Topology][Hub] Hub: Improve Delivery Reliability
[Topology][Hub] Satellites: 6
[Topology][Hub] Connections: 6
[Topology][Flow] Generating flow layout
[Topology][Flow] Nodes: 8
[Topology][Flow] Connections: 7
[Topology][Hub] Generating hub layout
[Topology][Hub] Hub: Improve Delivery Reliability
[Topology][Hub] Satellites: 7
[Topology][Hub] Connections: 7
[Topology][Flow] Generating flow layout
[Topology][Flow] Nodes: 9
[Topology][Flow] Connections: 8
[Topology][Hub] Generating hub layout
[Topology][Hub] Hub: Improve Delivery Reliability
[Topology][Hub] Satellites: 8
[Topology][Hub] Connections: 8
[Topology][Flow] Generating flow layout
[Topology][Flow] Nodes: 9
[Topology][Flow] Connections: 8
[Topology][Hub] Generating hub layout
[Topology][Hub] Hub: Improve Delivery Reliability
[Topology][Hub] Satellites: 8
[Topology][Hub] Connections: 8
[Topology][Flow] Generating flow layout
[Topology][Flow] Nodes: 9
[Topology][Flow] Connections: 8
[Topology][Hub] Generating hub layout
[Topology][Hub] Hub: Improve Delivery Reliability
[Topology][Hub] Satellites: 8
[Topology][Hub] Connections: 8
[Topology][Flow] Generating flow layout
[Topology][Flow] Nodes: 9
[Topology][Flow] Connections: 8
[Topology][Hub] Generating hub layout
[Topology][Hub] Hub: Improve Delivery Reliability
[Topology][Hub] Satellites: 8
[Topology][Hub] Connections: 8
[Topology][Flow] Generating flow layout
[Topology][Flow] Nodes: 10
[Topology][Flow] Connections: 9
[Topology][Hub] Generating hub layout
[Topology][Hub] Hub: Improve Delivery Reliability
[Topology][Hub] Satellites: 9
[Topology][Hub] Connections: 9
[Topology][Flow] Generating flow layout
[Topology][Flow] Nodes: 1
[Topology][Flow] Connections: 0
[Topology][Flow] Generating flow layout
[Topology][Flow] Nodes: 1
[Topology][Flow] Connections: 0
[Topology][Flow] Generating flow layout
[Topology][Flow] Nodes: 2
[Topology][Flow] Connections: 1
[Topology][Hub] Generating hub layout
[Topology][Hub] Hub: Improve Delivery Reliability
[Topology][Hub] Satellites: 1
[Topology][Hub] Connections: 1
[Topology][Flow] Generating flow layout
[Topology][Flow] Nodes: 2
[Topology][Flow] Connections: 1
[Topology][Hub] Generating hub layout
[Topology][Hub] Hub: Improve Delivery Reliability
[Topology][Hub] Satellites: 1
[Topology][Hub] Connections: 1
[Topology][Flow] Generating flow layout
[Topology][Flow] Nodes: 4
[Topology][Flow] Connections: 3
[Topology][Hub] Generating hub layout
[Topology][Hub] Hub: Improve Delivery Reliability
[Topology][Hub] Satellites: 3
[Topology][Hub] Connections: 3
[Topology][Flow] Generating flow layout
[Topology][Flow] Nodes: 5
[Topology][Flow] Connections: 4
[Topology][Hub] Generating hub layout
[Topology][Hub] Hub: Improve Delivery Reliability
[Topology][Hub] Satellites: 4
[Topology][Hub] Connections: 4
[Topology][Flow] Generating flow layout
[Topology][Flow] Nodes: 5
[Topology][Flow] Connections: 4
[Topology][Hub] Generating hub layout
[Topology][Hub] Hub: Improve Delivery Reliability
[Topology][Hub] Satellites: 4
[Topology][Hub] Connections: 4
[Topology][Flow] Generating flow layout
[Topology][Flow] Nodes: 6
[Topology][Flow] Connections: 5
[Topology][Hub] Generating hub layout
[Topology][Hub] Hub: Improve Delivery Reliability
[Topology][Hub] Satellites: 5
[Topology][Hub] Connections: 5
[Topology][Flow] Generating flow layout
[Topology][Flow] Nodes: 7
[Topology][Flow] Connections: 6
[Topology][Hub] Generating hub layout
[Topology][Hub] Hub: Improve Delivery Reliability
[Topology][Hub] Satellites: 6
[Topology][Hub] Connections: 6
[Topology][Flow] Generating flow layout
[Topology][Flow] Nodes: 7
[Topology][Flow] Connections: 6
[Topology][Hub] Generating hub layout
[Topology][Hub] Hub: Improve Delivery Reliability
[Topology][Hub] Satellites: 6
[Topology][Hub] Connections: 6
[Topology][Flow] Generating flow layout
[Topology][Flow] Nodes: 7
[Topology][Flow] Connections: 6
[Topology][Hub] Generating hub layout
[Topology][Hub] Hub: Improve Delivery Reliability
[Topology][Hub] Satellites: 6
[Topology][Hub] Connections: 6
[Topology][Flow] Generating flow layout
[Topology][Flow] Nodes: 7
[Topology][Flow] Connections: 6
[Topology][Hub] Generating hub layout
[Topology][Hub] Hub: Improve Delivery Reliability
[Topology][Hub] Satellites: 6
[Topology][Hub] Connections: 6
[Topology][Flow] Generating flow layout
[Topology][Flow] Nodes: 7
[Topology][Flow] Connections: 6
[Topology][Hub] Generating hub layout
[Topology][Hub] Hub: Improve Delivery Reliability
[Topology][Hub] Satellites: 6
[Topology][Hub] Connections: 6
[Topology][Flow] Generating flow layout
[Topology][Flow] Nodes: 8
[Topology][Flow] Connections: 7
[Topology][Hub] Generating hub layout
[Topology][Hub] Hub: Improve Delivery Reliability
[Topology][Hub] Satellites: 7
[Topology][Hub] Connections: 7
[Topology][Flow] Generating flow layout
[Topology][Flow] Nodes: 9
[Topology][Flow] Connections: 8
[Topology][Hub] Generating hub layout
[Topology][Hub] Hub: Improve Delivery Reliability
[Topology][Hub] Satellites: 8
[Topology][Hub] Connections: 8
[Topology][Flow] Generating flow layout
[Topology][Flow] Nodes: 9
[Topology][Flow] Connections: 8
[Topology][Hub] Generating hub layout
[Topology][Hub] Hub: Improve Delivery Reliability
[Topology][Hub] Satellites: 8
[Topology][Hub] Connections: 8
[Topology][Flow] Generating flow layout
[Topology][Flow] Nodes: 9
[Topology][Flow] Connections: 8
[Topology][Hub] Generating hub layout
[Topology][Hub] Hub: Improve Delivery Reliability
[Topology][Hub] Satellites: 8
[Topology][Hub] Connections: 8
[Topology][Flow] Generating flow layout
[Topology][Flow] Nodes: 1
[Topology][Flow] Connections: 0
[Topology][Flow] Generating flow layout
[Topology][Flow] Nodes: 1
[Topology][Flow] Connections: 0
[Topology][Flow] Generating flow layout
[Topology][Flow] Nodes: 2
[Topology][Flow] Connections: 1
[Topology][Hub] Generating hub layout
[Topology][Hub] Hub: Improve Delivery Reliability
[Topology][Hub] Satellites: 1
[Topology][Hub] Connections: 1
[Topology][Flow] Generating flow layout
[Topology][Flow] Nodes: 2
[Topology][Flow] Connections: 1
[Topology][Hub] Generating hub layout
[Topology][Hub] Hub: Improve Delivery Reliability
[Topology][Hub] Satellites: 1
[Topology][Hub] Connections: 1
[Topology][Flow] Generating flow layout
[Topology][Flow] Nodes: 4
[Topology][Flow] Connections: 3
[Topology][Hub] Generating hub layout
[Topology][Hub] Hub: Improve Delivery Reliability
[Topology][Hub] Satellites: 3
[Topology][Hub] Connections: 3
[Topology][Flow] Generating flow layout
[Topology][Flow] Nodes: 5
[Topology][Flow] Connections: 4
[Topology][Hub] Generating hub layout
[Topology][Hub] Hub: Improve Delivery Reliability
[Topology][Hub] Satellites: 4
[Topology][Hub] Connections: 4
[Topology][Flow] Generating flow layout
[Topology][Flow] Nodes: 5
[Topology][Flow] Connections: 4
[Topology][Hub] Generating hub layout
[Topology][Hub] Hub: Improve Delivery Reliability
[Topology][Hub] Satellites: 4
[Topology][Hub] Connections: 4
[Topology][Flow] Generating flow layout
[Topology][Flow] Nodes: 6
[Topology][Flow] Connections: 5
[Topology][Hub] Generating hub layout
[Topology][Hub] Hub: Improve Delivery Reliability
[Topology][Hub] Satellites: 5
[Topology][Hub] Connections: 5
[Topology][Flow] Generating flow layout
[Topology][Flow] Nodes: 7
[Topology][Flow] Connections: 6
[Topology][Hub] Generating hub layout
[Topology][Hub] Hub: Improve Delivery Reliability
[Topology][Hub] Satellites: 6
[Topology][Hub] Connections: 6
[Topology][Flow] Generating flow layout
[Topology][Flow] Nodes: 7
[Topology][Flow] Connections: 6
[Topology][Hub] Generating hub layout
[Topology][Hub] Hub: Improve Delivery Reliability
[Topology][Hub] Satellites: 6
[Topology][Hub] Connections: 6
[Topology][Flow] Generating flow layout
[Topology][Flow] Nodes: 7
[Topology][Flow] Connections: 6
[Topology][Hub] Generating hub layout
[Topology][Hub] Hub: Improve Delivery Reliability
[Topology][Hub] Satellites: 6
[Topology][Hub] Connections: 6
[Topology][Flow] Generating flow layout
[Topology][Flow] Nodes: 7
[Topology][Flow] Connections: 6
[Topology][Hub] Generating hub layout
[Topology][Hub] Hub: Improve Delivery Reliability
[Topology][Hub] Satellites: 6
[Topology][Hub] Connections: 6
[Topology][Flow] Generating flow layout
[Topology][Flow] Nodes: 7
[Topology][Flow] Connections: 6
[Topology][Hub] Generating hub layout
[Topology][Hub] Hub: Improve Delivery Reliability
[Topology][Hub] Satellites: 6
[Topology][Hub] Connections: 6
[Topology][Flow] Generating flow layout
[Topology][Flow] Nodes: 8
[Topology][Flow] Connections: 7
[Topology][Hub] Generating hub layout
[Topology][Hub] Hub: Improve Delivery Reliability
[Topology][Hub] Satellites: 7
[Topology][Hub] Connections: 7
[Topology][Flow] Generating flow layout
[Topology][Flow] Nodes: 9
[Topology][Flow] Connections: 8
[Topology][Hub] Generating hub layout
[Topology][Hub] Hub: Improve Delivery Reliability
[Topology][Hub] Satellites: 8
[Topology][Hub] Connections: 8
[Topology][Flow] Generating flow layout
[Topology][Flow] Nodes: 9
[Topology][Flow] Connections: 8
[Topology][Hub] Generating hub layout
[Topology][Hub] Hub: Improve Delivery Reliability
[Topology][Hub] Satellites: 8
[Topology][Hub] Connections: 8
[Topology][Flow] Generating flow layout
[Topology][Flow] Nodes: 9
[Topology][Flow] Connections: 8
[Topology][Hub] Generating hub layout
[Topology][Hub] Hub: Improve Delivery Reliability
[Topology][Hub] Satellites: 8
[Topology][Hub] Connections: 8
[Topology][Flow] Generating flow layout
[Topology][Flow] Nodes: 1
[Topology][Flow] Connections: 0
[Topology][Flow] Generating flow layout
[Topology][Flow] Nodes: 1
[Topology][Flow] Connections: 0
[Topology][Flow] Generating flow layout
[Topology][Flow] Nodes: 2
[Topology][Flow] Connections: 1
[Topology][Hub] Generating hub layout
[Topology][Hub] Hub: Improve Delivery Reliability
[Topology][Hub] Satellites: 1
[Topology][Hub] Connections: 1
[Topology][Flow] Generating flow layout
[Topology][Flow] Nodes: 2
[Topology][Flow] Connections: 1
[Topology][Hub] Generating hub layout
[Topology][Hub] Hub: Improve Delivery Reliability
[Topology][Hub] Satellites: 1
[Topology][Hub] Connections: 1
[Topology][Flow] Generating flow layout
[Topology][Flow] Nodes: 4
[Topology][Flow] Connections: 3
[Topology][Hub] Generating hub layout
[Topology][Hub] Hub: Improve Delivery Reliability
[Topology][Hub] Satellites: 3
[Topology][Hub] Connections: 3
[Topology][Flow] Generating flow layout
[Topology][Flow] Nodes: 5
[Topology][Flow] Connections: 4
[Topology][Hub] Generating hub layout
[Topology][Hub] Hub: Improve Delivery Reliability
[Topology][Hub] Satellites: 4
[Topology][Hub] Connections: 4
[Topology][Flow] Generating flow layout
[Topology][Flow] Nodes: 5
[Topology][Flow] Connections: 4
[Topology][Hub] Generating hub layout
[Topology][Hub] Hub: Improve Delivery Reliability
[Topology][Hub] Satellites: 4
[Topology][Hub] Connections: 4
[Topology][Flow] Generating flow layout
[Topology][Flow] Nodes: 6
[Topology][Flow] Connections: 5
[Topology][Hub] Generating hub layout
[Topology][Hub] Hub: Improve Delivery Reliability
[Topology][Hub] Satellites: 5
[Topology][Hub] Connections: 5
[Topology][Flow] Generating flow layout
[Topology][Flow] Nodes: 7
[Topology][Flow] Connections: 6
[Topology][Hub] Generating hub layout
[Topology][Hub] Hub: Improve Delivery Reliability
[Topology][Hub] Satellites: 6
[Topology][Hub] Connections: 6
[Topology][Flow] Generating flow layout
[Topology][Flow] Nodes: 7
[Topology][Flow] Connections: 6
[Topology][Hub] Generating hub layout
[Topology][Hub] Hub: Improve Delivery Reliability
[Topology][Hub] Satellites: 6
[Topology][Hub] Connections: 6
[Topology][Flow] Generating flow layout
[Topology][Flow] Nodes: 7
[Topology][Flow] Connections: 6
[Topology][Hub] Generating hub layout
[Topology][Hub] Hub: Improve Delivery Reliability
[Topology][Hub] Satellites: 6
[Topology][Hub] Connections: 6
[Topology][Flow] Generating flow layout
[Topology][Flow] Nodes: 7
[Topology][Flow] Connections: 6
[Topology][Hub] Generating hub layout
[Topology][Hub] Hub: Improve Delivery Reliability
[Topology][Hub] Satellites: 6
[Topology][Hub] Connections: 6
[Topology][Flow] Generating flow layout
[Topology][Flow] Nodes: 7
[Topology][Flow] Connections: 6
[Topology][Hub] Generating hub layout
[Topology][Hub] Hub: Improve Delivery Reliability
[Topology][Hub] Satellites: 6
[Topology][Hub] Connections: 6
[Topology][Flow] Generating flow layout
[Topology][Flow] Nodes: 8
[Topology][Flow] Connections: 7
[Topology][Hub] Generating hub layout
[Topology][Hub] Hub: Improve Delivery Reliability
[Topology][Hub] Satellites: 7
[Topology][Hub] Connections: 7
[Topology][Flow] Generating flow layout
[Topology][Flow] Nodes: 9
[Topology][Flow] Connections: 8
[Topology][Hub] Generating hub layout
[Topology][Hub] Hub: Improve Delivery Reliability
[Topology][Hub] Satellites: 8
[Topology][Hub] Connections: 8
[Topology][Flow] Generating flow layout
[Topology][Flow] Nodes: 9
[Topology][Flow] Connections: 8
[Topology][Hub] Generating hub layout
[Topology][Hub] Hub: Improve Delivery Reliability
[Topology][Hub] Satellites: 8
[Topology][Hub] Connections: 8
[Topology][Flow] Generating flow layout
[Topology][Flow] Nodes: 9
[Topology][Flow] Connections: 8
[Topology][Hub] Generating hub layout
[Topology][Hub] Hub: Improve Delivery Reliability
[Topology][Hub] Satellites: 8
[Topology][Hub] Connections: 8
[Topology][Flow] Generating flow layout
[Topology][Flow] Nodes: 9
[Topology][Flow] Connections: 8
[Topology][Hub] Generating hub layout
[Topology][Hub] Hub: Improve Delivery Reliability
[Topology][Hub] Satellites: 8
[Topology][Hub] Connections: 8
[Topology][Flow] Generating flow layout
[Topology][Flow] Nodes: 9
[Topology][Flow] Connections: 8
[Topology][Hub] Generating hub layout
[Topology][Hub] Hub: Improve Delivery Reliability
[Topology][Hub] Satellites: 8
[Topology][Hub] Connections: 8
[Topology][Flow] Generating flow layout
[Topology][Flow] Nodes: 1
[Topology][Flow] Connections: 0
[Topology][Flow] Generating flow layout
[Topology][Flow] Nodes: 1
[Topology][Flow] Connections: 0
[Topology][Flow] Generating flow layout
[Topology][Flow] Nodes: 2
[Topology][Flow] Connections: 1
[Topology][Hub] Generating hub layout
[Topology][Hub] Hub: Improve Delivery Reliability
[Topology][Hub] Satellites: 1
[Topology][Hub] Connections: 1
[Topology][Flow] Generating flow layout
[Topology][Flow] Nodes: 2
[Topology][Flow] Connections: 1
[Topology][Hub] Generating hub layout
[Topology][Hub] Hub: Improve Delivery Reliability
[Topology][Hub] Satellites: 1
[Topology][Hub] Connections: 1
[Topology][Flow] Generating flow layout
[Topology][Flow] Nodes: 4
[Topology][Flow] Connections: 3
[Topology][Hub] Generating hub layout
[Topology][Hub] Hub: Improve Delivery Reliability
[Topology][Hub] Satellites: 3
[Topology][Hub] Connections: 3
[Topology][Flow] Generating flow layout
[Topology][Flow] Nodes: 5
[Topology][Flow] Connections: 4
[Topology][Hub] Generating hub layout
[Topology][Hub] Hub: Improve Delivery Reliability
[Topology][Hub] Satellites: 4
[Topology][Hub] Connections: 4
[Topology][Flow] Generating flow layout
[Topology][Flow] Nodes: 5
[Topology][Flow] Connections: 4
[Topology][Hub] Generating hub layout
[Topology][Hub] Hub: Improve Delivery Reliability
[Topology][Hub] Satellites: 4
[Topology][Hub] Connections: 4
[Topology][Flow] Generating flow layout
[Topology][Flow] Nodes: 6
[Topology][Flow] Connections: 5
[Topology][Hub] Generating hub layout
[Topology][Hub] Hub: Improve Delivery Reliability
[Topology][Hub] Satellites: 5
[Topology][Hub] Connections: 5
[Topology][Flow] Generating flow layout
[Topology][Flow] Nodes: 7
[Topology][Flow] Connections: 6
[Topology][Hub] Generating hub layout
[Topology][Hub] Hub: Improve Delivery Reliability
[Topology][Hub] Satellites: 6
[Topology][Hub] Connections: 6
[Topology][Flow] Generating flow layout
[Topology][Flow] Nodes: 7
[Topology][Flow] Connections: 6
[Topology][Hub] Generating hub layout
[Topology][Hub] Hub: Improve Delivery Reliability
[Topology][Hub] Satellites: 6
[Topology][Hub] Connections: 6
[Topology][Flow] Generating flow layout
[Topology][Flow] Nodes: 7
[Topology][Flow] Connections: 6
[Topology][Hub] Generating hub layout
[Topology][Hub] Hub: Improve Delivery Reliability
[Topology][Hub] Satellites: 6
[Topology][Hub] Connections: 6
[Topology][Flow] Generating flow layout
[Topology][Flow] Nodes: 7
[Topology][Flow] Connections: 6
[Topology][Hub] Generating hub layout
[Topology][Hub] Hub: Improve Delivery Reliability
[Topology][Hub] Satellites: 6
[Topology][Hub] Connections: 6
[Topology][Flow] Generating flow layout
[Topology][Flow] Nodes: 7
[Topology][Flow] Connections: 6
[Topology][Hub] Generating hub layout
[Topology][Hub] Hub: Improve Delivery Reliability
[Topology][Hub] Satellites: 6
[Topology][Hub] Connections: 6
[Topology][Flow] Generating flow layout
[Topology][Flow] Nodes: 8
[Topology][Flow] Connections: 7
[Topology][Hub] Generating hub layout
[Topology][Hub] Hub: Improve Delivery Reliability
[Topology][Hub] Satellites: 7
[Topology][Hub] Connections: 7
[Topology][Flow] Generating flow layout
[Topology][Flow] Nodes: 9
[Topology][Flow] Connections: 8
[Topology][Hub] Generating hub layout
[Topology][Hub] Hub: Improve Delivery Reliability
[Topology][Hub] Satellites: 8
[Topology][Hub] Connections: 8
[Topology][Flow] Generating flow layout
[Topology][Flow] Nodes: 9
[Topology][Flow] Connections: 8
[Topology][Hub] Generating hub layout
[Topology][Hub] Hub: Improve Delivery Reliability
[Topology][Hub] Satellites: 8
[Topology][Hub] Connections: 8
[Topology][Flow] Generating flow layout
[Topology][Flow] Nodes: 9
[Topology][Flow] Connections: 8
[Topology][Hub] Generating hub layout
[Topology][Hub] Hub: Improve Delivery Reliability
[Topology][Hub] Satellites: 8
[Topology][Hub] Connections: 8
▶ NEX-EXP:9 Outcome Monitoring & Goal Impact
  ✔ identity, boundary, and reused authorities (1.437708ms)
  ✔ starts only from READY_FOR_OUTCOME_MONITORING (411.471666ms)
  ✔ no observation stays UNKNOWN and does not invent success (160.425083ms)
  ✔ manager-reported observation stays manager-reported and expected stays PREDICTED (103.90625ms)
  ✔ numeric Goal gap, improving, not achieved, and causality unconfirmed (129.488375ms)
  ✔ numeric comparison, qualitative comparison, and unit safety (108.19125ms)
  ✔ stale evidence, mixed signals, worsening, and achievement criteria (265.08975ms)
  ✔ execution complete is not Goal success; learning is not created (92.332875ms)
  ✔ generic proofs share the engine and avoid domain hardcoding (77.271916ms)
  ✔ existing workspace and default catalog stay unaffected (0.259709ms)
✔ NEX-EXP:9 Outcome Monitoring & Goal Impact (1351.564917ms)
[Topology][Flow] Generating flow layout
[Topology][Flow] Nodes: 1
[Topology][Flow] Connections: 0
[Topology][Flow] Generating flow layout
[Topology][Flow] Nodes: 1
[Topology][Flow] Connections: 0
[Topology][Flow] Generating flow layout
[Topology][Flow] Nodes: 2
[Topology][Flow] Connections: 1
[Topology][Hub] Generating hub layout
[Topology][Hub] Hub: Improve Delivery Reliability
[Topology][Hub] Satellites: 1
[Topology][Hub] Connections: 1
[Topology][Flow] Generating flow layout
[Topology][Flow] Nodes: 1
[Topology][Flow] Connections: 0
[Topology][Flow] Generating flow layout
[Topology][Flow] Nodes: 1
[Topology][Flow] Connections: 0
[Topology][Flow] Generating flow layout
[Topology][Flow] Nodes: 2
[Topology][Flow] Connections: 1
[Topology][Hub] Generating hub layout
[Topology][Hub] Hub: Improve Delivery Reliability
[Topology][Hub] Satellites: 1
[Topology][Hub] Connections: 1
[Topology][Flow] Generating flow layout
[Topology][Flow] Nodes: 2
[Topology][Flow] Connections: 1
[Topology][Hub] Generating hub layout
[Topology][Hub] Hub: Improve Delivery Reliability
[Topology][Hub] Satellites: 1
[Topology][Hub] Connections: 1
[Topology][Flow] Generating flow layout
[Topology][Flow] Nodes: 2
[Topology][Flow] Connections: 1
[Topology][Hub] Generating hub layout
[Topology][Hub] Hub: Improve Delivery Reliability
[Topology][Hub] Satellites: 1
[Topology][Hub] Connections: 1
[Topology][Flow] Generating flow layout
[Topology][Flow] Nodes: 1
[Topology][Flow] Connections: 0
[Topology][Flow] Generating flow layout
[Topology][Flow] Nodes: 1
[Topology][Flow] Connections: 0
[Topology][Flow] Generating flow layout
[Topology][Flow] Nodes: 2
[Topology][Flow] Connections: 1
[Topology][Hub] Generating hub layout
[Topology][Hub] Hub: Improve Delivery Reliability
[Topology][Hub] Satellites: 1
[Topology][Hub] Connections: 1
[Topology][Flow] Generating flow layout
[Topology][Flow] Nodes: 2
[Topology][Flow] Connections: 1
[Topology][Hub] Generating hub layout
[Topology][Hub] Hub: Improve Delivery Reliability
[Topology][Hub] Satellites: 1
[Topology][Hub] Connections: 1
[Topology][Flow] Generating flow layout
[Topology][Flow] Nodes: 1
[Topology][Flow] Connections: 0
[Topology][Flow] Generating flow layout
[Topology][Flow] Nodes: 1
[Topology][Flow] Connections: 0
[Topology][Flow] Generating flow layout
[Topology][Flow] Nodes: 2
[Topology][Flow] Connections: 1
[Topology][Hub] Generating hub layout
[Topology][Hub] Hub: Improve Delivery Reliability
[Topology][Hub] Satellites: 1
[Topology][Hub] Connections: 1
[Topology][Flow] Generating flow layout
[Topology][Flow] Nodes: 2
[Topology][Flow] Connections: 1
[Topology][Hub] Generating hub layout
[Topology][Hub] Hub: Improve Delivery Reliability
[Topology][Hub] Satellites: 1
[Topology][Hub] Connections: 1
[Topology][Flow] Generating flow layout
[Topology][Flow] Nodes: 4
[Topology][Flow] Connections: 3
[Topology][Hub] Generating hub layout
[Topology][Hub] Hub: Improve Delivery Reliability
[Topology][Hub] Satellites: 3
[Topology][Hub] Connections: 3
[Topology][Flow] Generating flow layout
[Topology][Flow] Nodes: 4
[Topology][Flow] Connections: 3
[Topology][Hub] Generating hub layout
[Topology][Hub] Hub: Improve Delivery Reliability
[Topology][Hub] Satellites: 3
[Topology][Hub] Connections: 3
[Topology][Flow] Generating flow layout
[Topology][Flow] Nodes: 4
[Topology][Flow] Connections: 3
[Topology][Hub] Generating hub layout
[Topology][Hub] Hub: Improve Delivery Reliability
[Topology][Hub] Satellites: 3
[Topology][Hub] Connections: 3
[Topology][Flow] Generating flow layout
[Topology][Flow] Nodes: 1
[Topology][Flow] Connections: 0
[Topology][Flow] Generating flow layout
[Topology][Flow] Nodes: 1
[Topology][Flow] Connections: 0
[Topology][Flow] Generating flow layout
[Topology][Flow] Nodes: 2
[Topology][Flow] Connections: 1
[Topology][Hub] Generating hub layout
[Topology][Hub] Hub: Improve Delivery Reliability
[Topology][Hub] Satellites: 1
[Topology][Hub] Connections: 1
[Topology][Flow] Generating flow layout
[Topology][Flow] Nodes: 2
[Topology][Flow] Connections: 1
[Topology][Hub] Generating hub layout
[Topology][Hub] Hub: Improve Delivery Reliability
[Topology][Hub] Satellites: 1
[Topology][Hub] Connections: 1
[Topology][Flow] Generating flow layout
[Topology][Flow] Nodes: 4
[Topology][Flow] Connections: 3
[Topology][Hub] Generating hub layout
[Topology][Hub] Hub: Improve Delivery Reliability
[Topology][Hub] Satellites: 3
[Topology][Hub] Connections: 3
[Topology][Flow] Generating flow layout
[Topology][Flow] Nodes: 8
[Topology][Flow] Connections: 7
[Topology][Flow] Generating flow layout
[Topology][Flow] Nodes: 2
[Topology][Flow] Connections: 1
[Topology][Flow] Generating flow layout
[Topology][Flow] Nodes: 1
[Topology][Flow] Connections: 0
[Topology][Flow] Generating flow layout
[Topology][Flow] Nodes: 1
[Topology][Flow] Connections: 0
[Topology][Flow] Generating flow layout
[Topology][Flow] Nodes: 2
[Topology][Flow] Connections: 1
[Topology][Hub] Generating hub layout
[Topology][Hub] Hub: Improve Delivery Reliability
[Topology][Hub] Satellites: 1
[Topology][Hub] Connections: 1
▶ NEX-EXP:3 Current Reality & Executive Context Discovery
  ✔ identity and boundary (1.055875ms)
  ✔ 1-2 existing data vs no data (3.468583ms)
  ✔ 3 manager provides reality conversationally after the Goal (168.929875ms)
  ✔ 4-6 validated source outranks presentation and manager does not silently win (0.398958ms)
  ✔ 7-8 early EXP:2 reality and issue signals are reused (43.756833ms)
  ✔ 9-13 gap math, missing target/current, and units (0.355625ms)
  ✔ 14-16 historical, stale, and conflicts (0.944792ms)
  ✔ 17-19 constraints, risks, and opportunities are captured not reasoned (0.277708ms)
  ✔ 20-23 objects emerge with support, raw fields do not, KPI can be reused, Goal stays center (31.412917ms)
  ✔ 24-29 navigation, causality, unknowns, no recommendation or root cause (46.784667ms)
  ✔ 30-33 business, project, operational, and software cases share one engine (0.291291ms)
  ✔ 34 returning sufficient reality does not restart discovery (23.21225ms)
  ✔ 35 existing workspace is unaffected (37.301875ms)
  ✔ generic engine has no hardcoded demo titles as special-case branches (2.630792ms)
  ✔ MO:4 keeps the active Goal while Reality is recorded (17.22825ms)
✔ NEX-EXP:3 Current Reality & Executive Context Discovery (380.277917ms)
[Topology][Flow] Generating flow layout
[Topology][Flow] Nodes: 1
[Topology][Flow] Connections: 0
[Topology][Flow] Generating flow layout
[Topology][Flow] Nodes: 1
[Topology][Flow] Connections: 0
[Topology][Flow] Generating flow layout
[Topology][Flow] Nodes: 2
[Topology][Flow] Connections: 1
[Topology][Hub] Generating hub layout
[Topology][Hub] Hub: Improve Delivery Reliability
[Topology][Hub] Satellites: 1
[Topology][Hub] Connections: 1
[Topology][Flow] Generating flow layout
[Topology][Flow] Nodes: 2
[Topology][Flow] Connections: 1
[Topology][Hub] Generating hub layout
[Topology][Hub] Hub: Improve Delivery Reliability
[Topology][Hub] Satellites: 1
[Topology][Hub] Connections: 1
[Topology][Flow] Generating flow layout
[Topology][Flow] Nodes: 4
[Topology][Flow] Connections: 3
[Topology][Hub] Generating hub layout
[Topology][Hub] Hub: Improve Delivery Reliability
[Topology][Hub] Satellites: 3
[Topology][Hub] Connections: 3
[Topology][Flow] Generating flow layout
[Topology][Flow] Nodes: 5
[Topology][Flow] Connections: 4
[Topology][Hub] Generating hub layout
[Topology][Hub] Hub: Improve Delivery Reliability
[Topology][Hub] Satellites: 4
[Topology][Hub] Connections: 4
[Topology][Flow] Generating flow layout
[Topology][Flow] Nodes: 5
[Topology][Flow] Connections: 4
[Topology][Hub] Generating hub layout
[Topology][Hub] Hub: Improve Delivery Reliability
[Topology][Hub] Satellites: 4
[Topology][Hub] Connections: 4
[Topology][Flow] Generating flow layout
[Topology][Flow] Nodes: 1
[Topology][Flow] Connections: 0
[Topology][Flow] Generating flow layout
[Topology][Flow] Nodes: 1
[Topology][Flow] Connections: 0
[Topology][Flow] Generating flow layout
[Topology][Flow] Nodes: 2
[Topology][Flow] Connections: 1
[Topology][Hub] Generating hub layout
[Topology][Hub] Hub: Improve Delivery Reliability
[Topology][Hub] Satellites: 1
[Topology][Hub] Connections: 1
[Topology][Flow] Generating flow layout
[Topology][Flow] Nodes: 2
[Topology][Flow] Connections: 1
[Topology][Hub] Generating hub layout
[Topology][Hub] Hub: Improve Delivery Reliability
[Topology][Hub] Satellites: 1
[Topology][Hub] Connections: 1
[Topology][Flow] Generating flow layout
[Topology][Flow] Nodes: 4
[Topology][Flow] Connections: 3
[Topology][Hub] Generating hub layout
[Topology][Hub] Hub: Improve Delivery Reliability
[Topology][Hub] Satellites: 3
[Topology][Hub] Connections: 3
[Topology][Flow] Generating flow layout
[Topology][Flow] Nodes: 5
[Topology][Flow] Connections: 4
[Topology][Hub] Generating hub layout
[Topology][Hub] Hub: Improve Delivery Reliability
[Topology][Hub] Satellites: 4
[Topology][Hub] Connections: 4
[Topology][Flow] Generating flow layout
[Topology][Flow] Nodes: 5
[Topology][Flow] Connections: 4
[Topology][Hub] Generating hub layout
[Topology][Hub] Hub: Improve Delivery Reliability
[Topology][Hub] Satellites: 4
[Topology][Hub] Connections: 4
[Topology][Flow] Generating flow layout
[Topology][Flow] Nodes: 6
[Topology][Flow] Connections: 5
[Topology][Hub] Generating hub layout
[Topology][Hub] Hub: Improve Delivery Reliability
[Topology][Hub] Satellites: 5
[Topology][Hub] Connections: 5
[Topology][Flow] Generating flow layout
[Topology][Flow] Nodes: 7
[Topology][Flow] Connections: 6
[Topology][Hub] Generating hub layout
[Topology][Hub] Hub: Improve Delivery Reliability
[Topology][Hub] Satellites: 6
[Topology][Hub] Connections: 6
[Topology][Flow] Generating flow layout
[Topology][Flow] Nodes: 1
[Topology][Flow] Connections: 0
[Topology][Flow] Generating flow layout
[Topology][Flow] Nodes: 1
[Topology][Flow] Connections: 0
[Topology][Flow] Generating flow layout
[Topology][Flow] Nodes: 2
[Topology][Flow] Connections: 1
[Topology][Hub] Generating hub layout
[Topology][Hub] Hub: Improve Delivery Reliability
[Topology][Hub] Satellites: 1
[Topology][Hub] Connections: 1
[Topology][Flow] Generating flow layout
[Topology][Flow] Nodes: 2
[Topology][Flow] Connections: 1
[Topology][Hub] Generating hub layout
[Topology][Hub] Hub: Improve Delivery Reliability
[Topology][Hub] Satellites: 1
[Topology][Hub] Connections: 1
[Topology][Flow] Generating flow layout
[Topology][Flow] Nodes: 4
[Topology][Flow] Connections: 3
[Topology][Hub] Generating hub layout
[Topology][Hub] Hub: Improve Delivery Reliability
[Topology][Hub] Satellites: 3
[Topology][Hub] Connections: 3
[Topology][Flow] Generating flow layout
[Topology][Flow] Nodes: 5
[Topology][Flow] Connections: 4
[Topology][Hub] Generating hub layout
[Topology][Hub] Hub: Improve Delivery Reliability
[Topology][Hub] Satellites: 4
[Topology][Hub] Connections: 4
[Topology][Flow] Generating flow layout
[Topology][Flow] Nodes: 5
[Topology][Flow] Connections: 4
[Topology][Hub] Generating hub layout
[Topology][Hub] Hub: Improve Delivery Reliability
[Topology][Hub] Satellites: 4
[Topology][Hub] Connections: 4
[Topology][Flow] Generating flow layout
[Topology][Flow] Nodes: 6
[Topology][Flow] Connections: 5
[Topology][Hub] Generating hub layout
[Topology][Hub] Hub: Improve Delivery Reliability
[Topology][Hub] Satellites: 5
[Topology][Hub] Connections: 5
[Topology][Flow] Generating flow layout
[Topology][Flow] Nodes: 7
[Topology][Flow] Connections: 6
[Topology][Hub] Generating hub layout
[Topology][Hub] Hub: Improve Delivery Reliability
[Topology][Hub] Satellites: 6
[Topology][Hub] Connections: 6
[Topology][Flow] Generating flow layout
[Topology][Flow] Nodes: 7
[Topology][Flow] Connections: 6
[Topology][Hub] Generating hub layout
[Topology][Hub] Hub: Improve Delivery Reliability
[Topology][Hub] Satellites: 6
[Topology][Hub] Connections: 6
[Topology][Flow] Generating flow layout
[Topology][Flow] Nodes: 7
[Topology][Flow] Connections: 6
[Topology][Hub] Generating hub layout
[Topology][Hub] Hub: Improve Delivery Reliability
[Topology][Hub] Satellites: 6
[Topology][Hub] Connections: 6
[Topology][Flow] Generating flow layout
[Topology][Flow] Nodes: 7
[Topology][Flow] Connections: 6
[Topology][Hub] Generating hub layout
[Topology][Hub] Hub: Improve Delivery Reliability
[Topology][Hub] Satellites: 6
[Topology][Hub] Connections: 6
[Topology][Flow] Generating flow layout
[Topology][Flow] Nodes: 7
[Topology][Flow] Connections: 6
[Topology][Hub] Generating hub layout
[Topology][Hub] Hub: Improve Delivery Reliability
[Topology][Hub] Satellites: 6
[Topology][Hub] Connections: 6
[Topology][Flow] Generating flow layout
[Topology][Flow] Nodes: 7
[Topology][Flow] Connections: 6
[Topology][Hub] Generating hub layout
[Topology][Hub] Hub: Improve Delivery Reliability
[Topology][Hub] Satellites: 6
[Topology][Hub] Connections: 6
[Topology][Flow] Generating flow layout
[Topology][Flow] Nodes: 7
[Topology][Flow] Connections: 6
[Topology][Hub] Generating hub layout
[Topology][Hub] Hub: Improve Delivery Reliability
[Topology][Hub] Satellites: 6
[Topology][Hub] Connections: 6
[Topology][Flow] Generating flow layout
[Topology][Flow] Nodes: 1
[Topology][Flow] Connections: 0
[Topology][Flow] Generating flow layout
[Topology][Flow] Nodes: 1
[Topology][Flow] Connections: 0
[Topology][Flow] Generating flow layout
[Topology][Flow] Nodes: 2
[Topology][Flow] Connections: 1
[Topology][Hub] Generating hub layout
[Topology][Hub] Hub: Improve Delivery Reliability
[Topology][Hub] Satellites: 1
[Topology][Hub] Connections: 1
[Topology][Flow] Generating flow layout
[Topology][Flow] Nodes: 2
[Topology][Flow] Connections: 1
[Topology][Hub] Generating hub layout
[Topology][Hub] Hub: Improve Delivery Reliability
[Topology][Hub] Satellites: 1
[Topology][Hub] Connections: 1
[Topology][Flow] Generating flow layout
[Topology][Flow] Nodes: 4
[Topology][Flow] Connections: 3
[Topology][Hub] Generating hub layout
[Topology][Hub] Hub: Improve Delivery Reliability
[Topology][Hub] Satellites: 3
[Topology][Hub] Connections: 3
[Topology][Flow] Generating flow layout
[Topology][Flow] Nodes: 5
[Topology][Flow] Connections: 4
[Topology][Hub] Generating hub layout
[Topology][Hub] Hub: Improve Delivery Reliability
[Topology][Hub] Satellites: 4
[Topology][Hub] Connections: 4
[Topology][Flow] Generating flow layout
[Topology][Flow] Nodes: 5
[Topology][Flow] Connections: 4
[Topology][Hub] Generating hub layout
[Topology][Hub] Hub: Improve Delivery Reliability
[Topology][Hub] Satellites: 4
[Topology][Hub] Connections: 4
[Topology][Flow] Generating flow layout
[Topology][Flow] Nodes: 6
[Topology][Flow] Connections: 5
[Topology][Hub] Generating hub layout
[Topology][Hub] Hub: Improve Delivery Reliability
[Topology][Hub] Satellites: 5
[Topology][Hub] Connections: 5
[Topology][Flow] Generating flow layout
[Topology][Flow] Nodes: 7
[Topology][Flow] Connections: 6
[Topology][Hub] Generating hub layout
[Topology][Hub] Hub: Improve Delivery Reliability
[Topology][Hub] Satellites: 6
[Topology][Hub] Connections: 6
[Topology][Flow] Generating flow layout
[Topology][Flow] Nodes: 7
[Topology][Flow] Connections: 6
[Topology][Hub] Generating hub layout
[Topology][Hub] Hub: Improve Delivery Reliability
[Topology][Hub] Satellites: 6
[Topology][Hub] Connections: 6
[Topology][Flow] Generating flow layout
[Topology][Flow] Nodes: 8
[Topology][Flow] Connections: 7
[Topology][Hub] Generating hub layout
[Topology][Hub] Hub: Improve Delivery Reliability
[Topology][Hub] Satellites: 7
[Topology][Hub] Connections: 7
[Topology][Flow] Generating flow layout
[Topology][Flow] Nodes: 8
[Topology][Flow] Connections: 7
[Topology][Hub] Generating hub layout
[Topology][Hub] Hub: Improve Delivery Reliability
[Topology][Hub] Satellites: 7
[Topology][Hub] Connections: 7
[Topology][Flow] Generating flow layout
[Topology][Flow] Nodes: 8
[Topology][Flow] Connections: 7
[Topology][Hub] Generating hub layout
[Topology][Hub] Hub: Improve Delivery Reliability
[Topology][Hub] Satellites: 7
[Topology][Hub] Connections: 7
[Topology][Flow] Generating flow layout
[Topology][Flow] Nodes: 8
[Topology][Flow] Connections: 7
[Topology][Hub] Generating hub layout
[Topology][Hub] Hub: Improve Delivery Reliability
[Topology][Hub] Satellites: 7
[Topology][Hub] Connections: 7
[Topology][Flow] Generating flow layout
[Topology][Flow] Nodes: 8
[Topology][Flow] Connections: 7
[Topology][Hub] Generating hub layout
[Topology][Hub] Hub: Improve Delivery Reliability
[Topology][Hub] Satellites: 7
[Topology][Hub] Connections: 7
[Topology][Flow] Generating flow layout
[Topology][Flow] Nodes: 8
[Topology][Flow] Connections: 7
[Topology][Hub] Generating hub layout
[Topology][Hub] Hub: Improve Delivery Reliability
[Topology][Hub] Satellites: 7
[Topology][Hub] Connections: 7
[Topology][Flow] Generating flow layout
[Topology][Flow] Nodes: 8
[Topology][Flow] Connections: 7
[Topology][Hub] Generating hub layout
[Topology][Hub] Hub: Improve Delivery Reliability
[Topology][Hub] Satellites: 7
[Topology][Hub] Connections: 7
[Topology][Flow] Generating flow layout
[Topology][Flow] Nodes: 1
[Topology][Flow] Connections: 0
[Topology][Flow] Generating flow layout
[Topology][Flow] Nodes: 1
[Topology][Flow] Connections: 0
[Topology][Flow] Generating flow layout
[Topology][Flow] Nodes: 2
[Topology][Flow] Connections: 1
[Topology][Hub] Generating hub layout
[Topology][Hub] Hub: Improve Delivery Reliability
[Topology][Hub] Satellites: 1
[Topology][Hub] Connections: 1
[Topology][Flow] Generating flow layout
[Topology][Flow] Nodes: 2
[Topology][Flow] Connections: 1
[Topology][Hub] Generating hub layout
[Topology][Hub] Hub: Improve Delivery Reliability
[Topology][Hub] Satellites: 1
[Topology][Hub] Connections: 1
[Topology][Flow] Generating flow layout
[Topology][Flow] Nodes: 4
[Topology][Flow] Connections: 3
[Topology][Hub] Generating hub layout
[Topology][Hub] Hub: Improve Delivery Reliability
[Topology][Hub] Satellites: 3
[Topology][Hub] Connections: 3
[Topology][Flow] Generating flow layout
[Topology][Flow] Nodes: 5
[Topology][Flow] Connections: 4
[Topology][Hub] Generating hub layout
[Topology][Hub] Hub: Improve Delivery Reliability
[Topology][Hub] Satellites: 4
[Topology][Hub] Connections: 4
[Topology][Flow] Generating flow layout
[Topology][Flow] Nodes: 5
[Topology][Flow] Connections: 4
[Topology][Hub] Generating hub layout
[Topology][Hub] Hub: Improve Delivery Reliability
[Topology][Hub] Satellites: 4
[Topology][Hub] Connections: 4
[Topology][Flow] Generating flow layout
[Topology][Flow] Nodes: 6
[Topology][Flow] Connections: 5
[Topology][Hub] Generating hub layout
[Topology][Hub] Hub: Improve Delivery Reliability
[Topology][Hub] Satellites: 5
[Topology][Hub] Connections: 5
[Topology][Flow] Generating flow layout
[Topology][Flow] Nodes: 7
[Topology][Flow] Connections: 6
[Topology][Hub] Generating hub layout
[Topology][Hub] Hub: Improve Delivery Reliability
[Topology][Hub] Satellites: 6
[Topology][Hub] Connections: 6
[Topology][Flow] Generating flow layout
[Topology][Flow] Nodes: 7
[Topology][Flow] Connections: 6
[Topology][Hub] Generating hub layout
[Topology][Hub] Hub: Improve Delivery Reliability
[Topology][Hub] Satellites: 6
[Topology][Hub] Connections: 6
[Topology][Flow] Generating flow layout
[Topology][Flow] Nodes: 7
[Topology][Flow] Connections: 6
[Topology][Hub] Generating hub layout
[Topology][Hub] Hub: Improve Delivery Reliability
[Topology][Hub] Satellites: 6
[Topology][Hub] Connections: 6
[Topology][Flow] Generating flow layout
[Topology][Flow] Nodes: 7
[Topology][Flow] Connections: 6
[Topology][Hub] Generating hub layout
[Topology][Hub] Hub: Improve Delivery Reliability
[Topology][Hub] Satellites: 6
[Topology][Hub] Connections: 6
[Topology][Flow] Generating flow layout
[Topology][Flow] Nodes: 7
[Topology][Flow] Connections: 6
[Topology][Hub] Generating hub layout
[Topology][Hub] Hub: Improve Delivery Reliability
[Topology][Hub] Satellites: 6
[Topology][Hub] Connections: 6
[Topology][Flow] Generating flow layout
[Topology][Flow] Nodes: 1
[Topology][Flow] Connections: 0
[Topology][Flow] Generating flow layout
[Topology][Flow] Nodes: 1
[Topology][Flow] Connections: 0
[Topology][Flow] Generating flow layout
[Topology][Flow] Nodes: 2
[Topology][Flow] Connections: 1
[Topology][Hub] Generating hub layout
[Topology][Hub] Hub: Improve Delivery Reliability
[Topology][Hub] Satellites: 1
[Topology][Hub] Connections: 1
[Topology][Flow] Generating flow layout
[Topology][Flow] Nodes: 2
[Topology][Flow] Connections: 1
[Topology][Hub] Generating hub layout
[Topology][Hub] Hub: Improve Delivery Reliability
[Topology][Hub] Satellites: 1
[Topology][Hub] Connections: 1
[Topology][Flow] Generating flow layout
[Topology][Flow] Nodes: 4
[Topology][Flow] Connections: 3
[Topology][Hub] Generating hub layout
[Topology][Hub] Hub: Improve Delivery Reliability
[Topology][Hub] Satellites: 3
[Topology][Hub] Connections: 3
[Topology][Flow] Generating flow layout
[Topology][Flow] Nodes: 5
[Topology][Flow] Connections: 4
[Topology][Hub] Generating hub layout
[Topology][Hub] Hub: Improve Delivery Reliability
[Topology][Hub] Satellites: 4
[Topology][Hub] Connections: 4
[Topology][Flow] Generating flow layout
[Topology][Flow] Nodes: 5
[Topology][Flow] Connections: 4
[Topology][Hub] Generating hub layout
[Topology][Hub] Hub: Improve Delivery Reliability
[Topology][Hub] Satellites: 4
[Topology][Hub] Connections: 4
[Topology][Flow] Generating flow layout
[Topology][Flow] Nodes: 6
[Topology][Flow] Connections: 5
[Topology][Hub] Generating hub layout
[Topology][Hub] Hub: Improve Delivery Reliability
[Topology][Hub] Satellites: 5
[Topology][Hub] Connections: 5
[Topology][Flow] Generating flow layout
[Topology][Flow] Nodes: 7
[Topology][Flow] Connections: 6
[Topology][Hub] Generating hub layout
[Topology][Hub] Hub: Improve Delivery Reliability
[Topology][Hub] Satellites: 6
[Topology][Hub] Connections: 6
[Topology][Flow] Generating flow layout
[Topology][Flow] Nodes: 1
[Topology][Flow] Connections: 0
[Topology][Flow] Generating flow layout
[Topology][Flow] Nodes: 1
[Topology][Flow] Connections: 0
[Topology][Flow] Generating flow layout
[Topology][Flow] Nodes: 2
[Topology][Flow] Connections: 1
[Topology][Hub] Generating hub layout
[Topology][Hub] Hub: Improve Delivery Reliability
[Topology][Hub] Satellites: 1
[Topology][Hub] Connections: 1
[Topology][Flow] Generating flow layout
[Topology][Flow] Nodes: 2
[Topology][Flow] Connections: 1
[Topology][Hub] Generating hub layout
[Topology][Hub] Hub: Improve Delivery Reliability
[Topology][Hub] Satellites: 1
[Topology][Hub] Connections: 1
[Topology][Flow] Generating flow layout
[Topology][Flow] Nodes: 4
[Topology][Flow] Connections: 3
[Topology][Hub] Generating hub layout
[Topology][Hub] Hub: Improve Delivery Reliability
[Topology][Hub] Satellites: 3
[Topology][Hub] Connections: 3
[Topology][Flow] Generating flow layout
[Topology][Flow] Nodes: 5
[Topology][Flow] Connections: 4
[Topology][Hub] Generating hub layout
[Topology][Hub] Hub: Improve Delivery Reliability
[Topology][Hub] Satellites: 4
[Topology][Hub] Connections: 4
[Topology][Flow] Generating flow layout
[Topology][Flow] Nodes: 5
[Topology][Flow] Connections: 4
[Topology][Hub] Generating hub layout
[Topology][Hub] Hub: Improve Delivery Reliability
[Topology][Hub] Satellites: 4
[Topology][Hub] Connections: 4
[Topology][Flow] Generating flow layout
[Topology][Flow] Nodes: 6
[Topology][Flow] Connections: 5
[Topology][Hub] Generating hub layout
[Topology][Hub] Hub: Improve Delivery Reliability
[Topology][Hub] Satellites: 5
[Topology][Hub] Connections: 5
[Topology][Flow] Generating flow layout
[Topology][Flow] Nodes: 7
[Topology][Flow] Connections: 6
[Topology][Hub] Generating hub layout
[Topology][Hub] Hub: Improve Delivery Reliability
[Topology][Hub] Satellites: 6
[Topology][Hub] Connections: 6
[Topology][Flow] Generating flow layout
[Topology][Flow] Nodes: 7
[Topology][Flow] Connections: 6
[Topology][Hub] Generating hub layout
[Topology][Hub] Hub: Improve Delivery Reliability
[Topology][Hub] Satellites: 6
[Topology][Hub] Connections: 6
[Topology][Flow] Generating flow layout
[Topology][Flow] Nodes: 7
[Topology][Flow] Connections: 6
[Topology][Hub] Generating hub layout
[Topology][Hub] Hub: Improve Delivery Reliability
[Topology][Hub] Satellites: 6
[Topology][Hub] Connections: 6
[Topology][Flow] Generating flow layout
[Topology][Flow] Nodes: 1
[Topology][Flow] Connections: 0
[Topology][Flow] Generating flow layout
[Topology][Flow] Nodes: 1
[Topology][Flow] Connections: 0
[Topology][Flow] Generating flow layout
[Topology][Flow] Nodes: 2
[Topology][Flow] Connections: 1
[Topology][Hub] Generating hub layout
[Topology][Hub] Hub: Improve Delivery Reliability
[Topology][Hub] Satellites: 1
[Topology][Hub] Connections: 1
[Topology][Flow] Generating flow layout
[Topology][Flow] Nodes: 2
[Topology][Flow] Connections: 1
[Topology][Hub] Generating hub layout
[Topology][Hub] Hub: Improve Delivery Reliability
[Topology][Hub] Satellites: 1
[Topology][Hub] Connections: 1
[Topology][Flow] Generating flow layout
[Topology][Flow] Nodes: 4
[Topology][Flow] Connections: 3
[Topology][Hub] Generating hub layout
[Topology][Hub] Hub: Improve Delivery Reliability
[Topology][Hub] Satellites: 3
[Topology][Hub] Connections: 3
[Topology][Flow] Generating flow layout
[Topology][Flow] Nodes: 5
[Topology][Flow] Connections: 4
[Topology][Hub] Generating hub layout
[Topology][Hub] Hub: Improve Delivery Reliability
[Topology][Hub] Satellites: 4
[Topology][Hub] Connections: 4
[Topology][Flow] Generating flow layout
[Topology][Flow] Nodes: 5
[Topology][Flow] Connections: 4
[Topology][Hub] Generating hub layout
[Topology][Hub] Hub: Improve Delivery Reliability
[Topology][Hub] Satellites: 4
[Topology][Hub] Connections: 4
[Topology][Flow] Generating flow layout
[Topology][Flow] Nodes: 6
[Topology][Flow] Connections: 5
[Topology][Hub] Generating hub layout
[Topology][Hub] Hub: Improve Delivery Reliability
[Topology][Hub] Satellites: 5
[Topology][Hub] Connections: 5
[Topology][Flow] Generating flow layout
[Topology][Flow] Nodes: 7
[Topology][Flow] Connections: 6
[Topology][Hub] Generating hub layout
[Topology][Hub] Hub: Improve Delivery Reliability
[Topology][Hub] Satellites: 6
[Topology][Hub] Connections: 6
[Topology][Flow] Generating flow layout
[Topology][Flow] Nodes: 7
[Topology][Flow] Connections: 6
[Topology][Hub] Generating hub layout
[Topology][Hub] Hub: Improve Delivery Reliability
[Topology][Hub] Satellites: 6
[Topology][Hub] Connections: 6
[Topology][Flow] Generating flow layout
[Topology][Flow] Nodes: 7
[Topology][Flow] Connections: 6
[Topology][Hub] Generating hub layout
[Topology][Hub] Hub: Improve Delivery Reliability
[Topology][Hub] Satellites: 6
[Topology][Hub] Connections: 6
[Topology][Flow] Generating flow layout
[Topology][Flow] Nodes: 8
[Topology][Flow] Connections: 7
[Topology][Flow] Generating flow layout
[Topology][Flow] Nodes: 2
[Topology][Flow] Connections: 1
▶ NEX-EXP:6 Scenario Comparison, Trade-off & Recommendation
  ✔ identity, boundary, and reused authorities (0.9655ms)
  ✔ starts only after READY_FOR_SCENARIO_COMPARISON and does not steal EXP:5 close (331.697708ms)
  ✔ two valid scenarios compare, trade off, recommend, and do not decide (157.624917ms)
  ✔ three scenarios, baseline, unknowns, confidence, and decision routing (112.54175ms)
  ✔ goal conflict withholds recommendation; priority shift recalculates (64.867875ms)
  ✔ comparability, invalid exclusion, numeric evidence, and no fake scores (34.891291ms)
  ✔ decision handoff is prepared without starting NEX-EXP:7 (47.707542ms)
  ✔ Stage overlay preserves Goal origin, cue is restrained, and focus is not stolen (49.562667ms)
  ✔ existing workspace and default catalog remain unaffected (25.665084ms)
  ✔ generic engine has no hardcoded domain branches (0.723292ms)
✔ NEX-EXP:6 Scenario Comparison, Trade-off & Recommendation (827.616666ms)
[Topology][Flow] Generating flow layout
[Topology][Flow] Nodes: 1
[Topology][Flow] Connections: 0
[Topology][Flow] Generating flow layout
[Topology][Flow] Nodes: 1
[Topology][Flow] Connections: 0
[Topology][Flow] Generating flow layout
[Topology][Flow] Nodes: 2
[Topology][Flow] Connections: 1
[Topology][Hub] Generating hub layout
[Topology][Hub] Hub: Improve Delivery Reliability
[Topology][Hub] Satellites: 1
[Topology][Hub] Connections: 1
[Topology][Flow] Generating flow layout
[Topology][Flow] Nodes: 2
[Topology][Flow] Connections: 1
[Topology][Hub] Generating hub layout
[Topology][Hub] Hub: Improve Delivery Reliability
[Topology][Hub] Satellites: 1
[Topology][Hub] Connections: 1
[Topology][Flow] Generating flow layout
[Topology][Flow] Nodes: 4
[Topology][Flow] Connections: 3
[Topology][Hub] Generating hub layout
[Topology][Hub] Hub: Improve Delivery Reliability
[Topology][Hub] Satellites: 3
[Topology][Hub] Connections: 3
[Topology][Flow] Generating flow layout
[Topology][Flow] Nodes: 5
[Topology][Flow] Connections: 4
[Topology][Hub] Generating hub layout
[Topology][Hub] Hub: Improve Delivery Reliability
[Topology][Hub] Satellites: 4
[Topology][Hub] Connections: 4
[Topology][Flow] Generating flow layout
[Topology][Flow] Nodes: 5
[Topology][Flow] Connections: 4
[Topology][Hub] Generating hub layout
[Topology][Hub] Hub: Improve Delivery Reliability
[Topology][Hub] Satellites: 4
[Topology][Hub] Connections: 4
[Topology][Flow] Generating flow layout
[Topology][Flow] Nodes: 6
[Topology][Flow] Connections: 5
[Topology][Hub] Generating hub layout
[Topology][Hub] Hub: Improve Delivery Reliability
[Topology][Hub] Satellites: 5
[Topology][Hub] Connections: 5
[Topology][Flow] Generating flow layout
[Topology][Flow] Nodes: 1
[Topology][Flow] Connections: 0
[Topology][Flow] Generating flow layout
[Topology][Flow] Nodes: 1
[Topology][Flow] Connections: 0
[Topology][Flow] Generating flow layout
[Topology][Flow] Nodes: 2
[Topology][Flow] Connections: 1
[Topology][Hub] Generating hub layout
[Topology][Hub] Hub: Improve Delivery Reliability
[Topology][Hub] Satellites: 1
[Topology][Hub] Connections: 1
[Topology][Flow] Generating flow layout
[Topology][Flow] Nodes: 2
[Topology][Flow] Connections: 1
[Topology][Hub] Generating hub layout
[Topology][Hub] Hub: Improve Delivery Reliability
[Topology][Hub] Satellites: 1
[Topology][Hub] Connections: 1
[Topology][Flow] Generating flow layout
[Topology][Flow] Nodes: 4
[Topology][Flow] Connections: 3
[Topology][Hub] Generating hub layout
[Topology][Hub] Hub: Improve Delivery Reliability
[Topology][Hub] Satellites: 3
[Topology][Hub] Connections: 3
[Topology][Flow] Generating flow layout
[Topology][Flow] Nodes: 5
[Topology][Flow] Connections: 4
[Topology][Hub] Generating hub layout
[Topology][Hub] Hub: Improve Delivery Reliability
[Topology][Hub] Satellites: 4
[Topology][Hub] Connections: 4
[Topology][Flow] Generating flow layout
[Topology][Flow] Nodes: 5
[Topology][Flow] Connections: 4
[Topology][Hub] Generating hub layout
[Topology][Hub] Hub: Improve Delivery Reliability
[Topology][Hub] Satellites: 4
[Topology][Hub] Connections: 4
[Topology][Flow] Generating flow layout
[Topology][Flow] Nodes: 6
[Topology][Flow] Connections: 5
[Topology][Hub] Generating hub layout
[Topology][Hub] Hub: Improve Delivery Reliability
[Topology][Hub] Satellites: 5
[Topology][Hub] Connections: 5
[Topology][Flow] Generating flow layout
[Topology][Flow] Nodes: 6
[Topology][Flow] Connections: 5
[Topology][Hub] Generating hub layout
[Topology][Hub] Hub: Improve Delivery Reliability
[Topology][Hub] Satellites: 5
[Topology][Hub] Connections: 5
[Topology][Flow] Generating flow layout
[Topology][Flow] Nodes: 6
[Topology][Flow] Connections: 5
[Topology][Hub] Generating hub layout
[Topology][Hub] Hub: Improve Delivery Reliability
[Topology][Hub] Satellites: 5
[Topology][Hub] Connections: 5
[Topology][Flow] Generating flow layout
[Topology][Flow] Nodes: 1
[Topology][Flow] Connections: 0
[Topology][Flow] Generating flow layout
[Topology][Flow] Nodes: 1
[Topology][Flow] Connections: 0
[Topology][Flow] Generating flow layout
[Topology][Flow] Nodes: 2
[Topology][Flow] Connections: 1
[Topology][Hub] Generating hub layout
[Topology][Hub] Hub: Improve Delivery Reliability
[Topology][Hub] Satellites: 1
[Topology][Hub] Connections: 1
[Topology][Flow] Generating flow layout
[Topology][Flow] Nodes: 2
[Topology][Flow] Connections: 1
[Topology][Hub] Generating hub layout
[Topology][Hub] Hub: Improve Delivery Reliability
[Topology][Hub] Satellites: 1
[Topology][Hub] Connections: 1
[Topology][Flow] Generating flow layout
[Topology][Flow] Nodes: 4
[Topology][Flow] Connections: 3
[Topology][Hub] Generating hub layout
[Topology][Hub] Hub: Improve Delivery Reliability
[Topology][Hub] Satellites: 3
[Topology][Hub] Connections: 3
[Topology][Flow] Generating flow layout
[Topology][Flow] Nodes: 5
[Topology][Flow] Connections: 4
[Topology][Hub] Generating hub layout
[Topology][Hub] Hub: Improve Delivery Reliability
[Topology][Hub] Satellites: 4
[Topology][Hub] Connections: 4
[Topology][Flow] Generating flow layout
[Topology][Flow] Nodes: 5
[Topology][Flow] Connections: 4
[Topology][Hub] Generating hub layout
[Topology][Hub] Hub: Improve Delivery Reliability
[Topology][Hub] Satellites: 4
[Topology][Hub] Connections: 4
[Topology][Flow] Generating flow layout
[Topology][Flow] Nodes: 6
[Topology][Flow] Connections: 5
[Topology][Hub] Generating hub layout
[Topology][Hub] Hub: Improve Delivery Reliability
[Topology][Hub] Satellites: 5
[Topology][Hub] Connections: 5
[Topology][Flow] Generating flow layout
[Topology][Flow] Nodes: 1
[Topology][Flow] Connections: 0
[Topology][Flow] Generating flow layout
[Topology][Flow] Nodes: 1
[Topology][Flow] Connections: 0
[Topology][Flow] Generating flow layout
[Topology][Flow] Nodes: 2
[Topology][Flow] Connections: 1
[Topology][Hub] Generating hub layout
[Topology][Hub] Hub: Improve Delivery Reliability
[Topology][Hub] Satellites: 1
[Topology][Hub] Connections: 1
[Topology][Flow] Generating flow layout
[Topology][Flow] Nodes: 2
[Topology][Flow] Connections: 1
[Topology][Hub] Generating hub layout
[Topology][Hub] Hub: Improve Delivery Reliability
[Topology][Hub] Satellites: 1
[Topology][Hub] Connections: 1
[Topology][Flow] Generating flow layout
[Topology][Flow] Nodes: 4
[Topology][Flow] Connections: 3
[Topology][Hub] Generating hub layout
[Topology][Hub] Hub: Improve Delivery Reliability
[Topology][Hub] Satellites: 3
[Topology][Hub] Connections: 3
[Topology][Flow] Generating flow layout
[Topology][Flow] Nodes: 5
[Topology][Flow] Connections: 4
[Topology][Hub] Generating hub layout
[Topology][Hub] Hub: Improve Delivery Reliability
[Topology][Hub] Satellites: 4
[Topology][Hub] Connections: 4
[Topology][Flow] Generating flow layout
[Topology][Flow] Nodes: 5
[Topology][Flow] Connections: 4
[Topology][Hub] Generating hub layout
[Topology][Hub] Hub: Improve Delivery Reliability
[Topology][Hub] Satellites: 4
[Topology][Hub] Connections: 4
[Topology][Flow] Generating flow layout
[Topology][Flow] Nodes: 6
[Topology][Flow] Connections: 5
[Topology][Hub] Generating hub layout
[Topology][Hub] Hub: Improve Delivery Reliability
[Topology][Hub] Satellites: 5
[Topology][Hub] Connections: 5
[Topology][Flow] Generating flow layout
[Topology][Flow] Nodes: 6
[Topology][Flow] Connections: 5
[Topology][Hub] Generating hub layout
[Topology][Hub] Hub: Improve Delivery Reliability
[Topology][Hub] Satellites: 5
[Topology][Hub] Connections: 5
[Topology][Flow] Generating flow layout
[Topology][Flow] Nodes: 1
[Topology][Flow] Connections: 0
[Topology][Flow] Generating flow layout
[Topology][Flow] Nodes: 1
[Topology][Flow] Connections: 0
[Topology][Flow] Generating flow layout
[Topology][Flow] Nodes: 2
[Topology][Flow] Connections: 1
[Topology][Hub] Generating hub layout
[Topology][Hub] Hub: Improve Delivery Reliability
[Topology][Hub] Satellites: 1
[Topology][Hub] Connections: 1
[Topology][Flow] Generating flow layout
[Topology][Flow] Nodes: 2
[Topology][Flow] Connections: 1
[Topology][Hub] Generating hub layout
[Topology][Hub] Hub: Improve Delivery Reliability
[Topology][Hub] Satellites: 1
[Topology][Hub] Connections: 1
[Topology][Flow] Generating flow layout
[Topology][Flow] Nodes: 4
[Topology][Flow] Connections: 3
[Topology][Hub] Generating hub layout
[Topology][Hub] Hub: Improve Delivery Reliability
[Topology][Hub] Satellites: 3
[Topology][Hub] Connections: 3
[Topology][Flow] Generating flow layout
[Topology][Flow] Nodes: 5
[Topology][Flow] Connections: 4
[Topology][Hub] Generating hub layout
[Topology][Hub] Hub: Improve Delivery Reliability
[Topology][Hub] Satellites: 4
[Topology][Hub] Connections: 4
[Topology][Flow] Generating flow layout
[Topology][Flow] Nodes: 5
[Topology][Flow] Connections: 4
[Topology][Hub] Generating hub layout
[Topology][Hub] Hub: Improve Delivery Reliability
[Topology][Hub] Satellites: 4
[Topology][Hub] Connections: 4
[Topology][Flow] Generating flow layout
[Topology][Flow] Nodes: 5
[Topology][Flow] Connections: 4
[Topology][Hub] Generating hub layout
[Topology][Hub] Hub: Improve Delivery Reliability
[Topology][Hub] Satellites: 4
[Topology][Hub] Connections: 4
[Topology][Flow] Generating flow layout
[Topology][Flow] Nodes: 6
[Topology][Flow] Connections: 5
[Topology][Hub] Generating hub layout
[Topology][Hub] Hub: Improve Delivery Reliability
[Topology][Hub] Satellites: 5
[Topology][Hub] Connections: 5
[Topology][Flow] Generating flow layout
[Topology][Flow] Nodes: 1
[Topology][Flow] Connections: 0
[Topology][Flow] Generating flow layout
[Topology][Flow] Nodes: 1
[Topology][Flow] Connections: 0
[Topology][Flow] Generating flow layout
[Topology][Flow] Nodes: 2
[Topology][Flow] Connections: 1
[Topology][Hub] Generating hub layout
[Topology][Hub] Hub: Improve Delivery Reliability
[Topology][Hub] Satellites: 1
[Topology][Hub] Connections: 1
[Topology][Flow] Generating flow layout
[Topology][Flow] Nodes: 2
[Topology][Flow] Connections: 1
[Topology][Hub] Generating hub layout
[Topology][Hub] Hub: Improve Delivery Reliability
[Topology][Hub] Satellites: 1
[Topology][Hub] Connections: 1
[Topology][Flow] Generating flow layout
[Topology][Flow] Nodes: 4
[Topology][Flow] Connections: 3
[Topology][Hub] Generating hub layout
[Topology][Hub] Hub: Improve Delivery Reliability
[Topology][Hub] Satellites: 3
[Topology][Hub] Connections: 3
[Topology][Flow] Generating flow layout
[Topology][Flow] Nodes: 5
[Topology][Flow] Connections: 4
[Topology][Hub] Generating hub layout
[Topology][Hub] Hub: Improve Delivery Reliability
[Topology][Hub] Satellites: 4
[Topology][Hub] Connections: 4
[Topology][Flow] Generating flow layout
[Topology][Flow] Nodes: 5
[Topology][Flow] Connections: 4
[Topology][Hub] Generating hub layout
[Topology][Hub] Hub: Improve Delivery Reliability
[Topology][Hub] Satellites: 4
[Topology][Hub] Connections: 4
[Topology][Flow] Generating flow layout
[Topology][Flow] Nodes: 6
[Topology][Flow] Connections: 5
[Topology][Hub] Generating hub layout
[Topology][Hub] Hub: Improve Delivery Reliability
[Topology][Hub] Satellites: 5
[Topology][Hub] Connections: 5
[Topology][Flow] Generating flow layout
[Topology][Flow] Nodes: 6
[Topology][Flow] Connections: 5
[Topology][Hub] Generating hub layout
[Topology][Hub] Hub: Improve Delivery Reliability
[Topology][Hub] Satellites: 5
[Topology][Hub] Connections: 5
[Topology][Flow] Generating flow layout
[Topology][Flow] Nodes: 1
[Topology][Flow] Connections: 0
[Topology][Flow] Generating flow layout
[Topology][Flow] Nodes: 1
[Topology][Flow] Connections: 0
[Topology][Flow] Generating flow layout
[Topology][Flow] Nodes: 2
[Topology][Flow] Connections: 1
[Topology][Hub] Generating hub layout
[Topology][Hub] Hub: Improve Delivery Reliability
[Topology][Hub] Satellites: 1
[Topology][Hub] Connections: 1
[Topology][Flow] Generating flow layout
[Topology][Flow] Nodes: 2
[Topology][Flow] Connections: 1
[Topology][Hub] Generating hub layout
[Topology][Hub] Hub: Improve Delivery Reliability
[Topology][Hub] Satellites: 1
[Topology][Hub] Connections: 1
[Topology][Flow] Generating flow layout
[Topology][Flow] Nodes: 4
[Topology][Flow] Connections: 3
[Topology][Hub] Generating hub layout
[Topology][Hub] Hub: Improve Delivery Reliability
[Topology][Hub] Satellites: 3
[Topology][Hub] Connections: 3
[Topology][Flow] Generating flow layout
[Topology][Flow] Nodes: 5
[Topology][Flow] Connections: 4
[Topology][Hub] Generating hub layout
[Topology][Hub] Hub: Improve Delivery Reliability
[Topology][Hub] Satellites: 4
[Topology][Hub] Connections: 4
[Topology][Flow] Generating flow layout
[Topology][Flow] Nodes: 5
[Topology][Flow] Connections: 4
[Topology][Hub] Generating hub layout
[Topology][Hub] Hub: Improve Delivery Reliability
[Topology][Hub] Satellites: 4
[Topology][Hub] Connections: 4
[Topology][Flow] Generating flow layout
[Topology][Flow] Nodes: 6
[Topology][Flow] Connections: 5
[Topology][Hub] Generating hub layout
[Topology][Hub] Hub: Improve Delivery Reliability
[Topology][Hub] Satellites: 5
[Topology][Hub] Connections: 5
[Topology][Flow] Generating flow layout
[Topology][Flow] Nodes: 6
[Topology][Flow] Connections: 5
[Topology][Hub] Generating hub layout
[Topology][Hub] Hub: Improve Delivery Reliability
[Topology][Hub] Satellites: 5
[Topology][Hub] Connections: 5
[Topology][Flow] Generating flow layout
[Topology][Flow] Nodes: 6
[Topology][Flow] Connections: 5
[Topology][Hub] Generating hub layout
[Topology][Hub] Hub: Improve Delivery Reliability
[Topology][Hub] Satellites: 5
[Topology][Hub] Connections: 5
[Topology][Flow] Generating flow layout
[Topology][Flow] Nodes: 1
[Topology][Flow] Connections: 0
[Topology][Flow] Generating flow layout
[Topology][Flow] Nodes: 1
[Topology][Flow] Connections: 0
[Topology][Flow] Generating flow layout
[Topology][Flow] Nodes: 2
[Topology][Flow] Connections: 1
[Topology][Hub] Generating hub layout
[Topology][Hub] Hub: Improve Delivery Reliability
[Topology][Hub] Satellites: 1
[Topology][Hub] Connections: 1
[Topology][Flow] Generating flow layout
[Topology][Flow] Nodes: 2
[Topology][Flow] Connections: 1
[Topology][Hub] Generating hub layout
[Topology][Hub] Hub: Improve Delivery Reliability
[Topology][Hub] Satellites: 1
[Topology][Hub] Connections: 1
[Topology][Flow] Generating flow layout
[Topology][Flow] Nodes: 4
[Topology][Flow] Connections: 3
[Topology][Hub] Generating hub layout
[Topology][Hub] Hub: Improve Delivery Reliability
[Topology][Hub] Satellites: 3
[Topology][Hub] Connections: 3
[Topology][Flow] Generating flow layout
[Topology][Flow] Nodes: 5
[Topology][Flow] Connections: 4
[Topology][Hub] Generating hub layout
[Topology][Hub] Hub: Improve Delivery Reliability
[Topology][Hub] Satellites: 4
[Topology][Hub] Connections: 4
[Topology][Flow] Generating flow layout
[Topology][Flow] Nodes: 5
[Topology][Flow] Connections: 4
[Topology][Hub] Generating hub layout
[Topology][Hub] Hub: Improve Delivery Reliability
[Topology][Hub] Satellites: 4
[Topology][Hub] Connections: 4
[Topology][Flow] Generating flow layout
[Topology][Flow] Nodes: 6
[Topology][Flow] Connections: 5
[Topology][Hub] Generating hub layout
[Topology][Hub] Hub: Improve Delivery Reliability
[Topology][Hub] Satellites: 5
[Topology][Hub] Connections: 5
[Topology][Flow] Generating flow layout
[Topology][Flow] Nodes: 6
[Topology][Flow] Connections: 5
[Topology][Hub] Generating hub layout
[Topology][Hub] Hub: Improve Delivery Reliability
[Topology][Hub] Satellites: 5
[Topology][Hub] Connections: 5
[Topology][Flow] Generating flow layout
[Topology][Flow] Nodes: 6
[Topology][Flow] Connections: 5
[Topology][Hub] Generating hub layout
[Topology][Hub] Hub: Improve Delivery Reliability
[Topology][Hub] Satellites: 5
[Topology][Hub] Connections: 5
[Topology][Flow] Generating flow layout
[Topology][Flow] Nodes: 7
[Topology][Flow] Connections: 6
[Topology][Hub] Generating hub layout
[Topology][Hub] Hub: Improve Delivery Reliability
[Topology][Hub] Satellites: 6
[Topology][Hub] Connections: 6
[Topology][Flow] Generating flow layout
[Topology][Flow] Nodes: 1
[Topology][Flow] Connections: 0
[Topology][Flow] Generating flow layout
[Topology][Flow] Nodes: 1
[Topology][Flow] Connections: 0
[Topology][Flow] Generating flow layout
[Topology][Flow] Nodes: 2
[Topology][Flow] Connections: 1
[Topology][Hub] Generating hub layout
[Topology][Hub] Hub: Improve Delivery Reliability
[Topology][Hub] Satellites: 1
[Topology][Hub] Connections: 1
[Topology][Flow] Generating flow layout
[Topology][Flow] Nodes: 2
[Topology][Flow] Connections: 1
[Topology][Hub] Generating hub layout
[Topology][Hub] Hub: Improve Delivery Reliability
[Topology][Hub] Satellites: 1
[Topology][Hub] Connections: 1
[Topology][Flow] Generating flow layout
[Topology][Flow] Nodes: 4
[Topology][Flow] Connections: 3
[Topology][Hub] Generating hub layout
[Topology][Hub] Hub: Improve Delivery Reliability
[Topology][Hub] Satellites: 3
[Topology][Hub] Connections: 3
[Topology][Flow] Generating flow layout
[Topology][Flow] Nodes: 5
[Topology][Flow] Connections: 4
[Topology][Hub] Generating hub layout
[Topology][Hub] Hub: Improve Delivery Reliability
[Topology][Hub] Satellites: 4
[Topology][Hub] Connections: 4
[Topology][Flow] Generating flow layout
[Topology][Flow] Nodes: 8
[Topology][Flow] Connections: 7
[Topology][Flow] Generating flow layout
[Topology][Flow] Nodes: 2
[Topology][Flow] Connections: 1
[Topology][Flow] Generating flow layout
[Topology][Flow] Nodes: 1
[Topology][Flow] Connections: 0
[Topology][Flow] Generating flow layout
[Topology][Flow] Nodes: 1
[Topology][Flow] Connections: 0
[Topology][Flow] Generating flow layout
[Topology][Flow] Nodes: 2
[Topology][Flow] Connections: 1
[Topology][Hub] Generating hub layout
[Topology][Hub] Hub: Improve Delivery Reliability
[Topology][Hub] Satellites: 1
[Topology][Hub] Connections: 1
[Topology][Flow] Generating flow layout
[Topology][Flow] Nodes: 2
[Topology][Flow] Connections: 1
[Topology][Hub] Generating hub layout
[Topology][Hub] Hub: Improve Delivery Reliability
[Topology][Hub] Satellites: 1
[Topology][Hub] Connections: 1
[Topology][Flow] Generating flow layout
[Topology][Flow] Nodes: 4
[Topology][Flow] Connections: 3
[Topology][Hub] Generating hub layout
[Topology][Hub] Hub: Improve Delivery Reliability
[Topology][Hub] Satellites: 3
[Topology][Hub] Connections: 3
[Topology][Flow] Generating flow layout
[Topology][Flow] Nodes: 5
[Topology][Flow] Connections: 4
[Topology][Hub] Generating hub layout
[Topology][Hub] Hub: Improve Delivery Reliability
[Topology][Hub] Satellites: 4
[Topology][Hub] Connections: 4
[Topology][Flow] Generating flow layout
[Topology][Flow] Nodes: 5
[Topology][Flow] Connections: 4
[Topology][Hub] Generating hub layout
[Topology][Hub] Hub: Improve Delivery Reliability
[Topology][Hub] Satellites: 4
[Topology][Hub] Connections: 4
▶ NEX-EXP:5 Scenario & Option Discovery
  ✔ identity and boundary (0.912917ms)
  ✔ 1-2 manager proposes one and multiple Options (292.659333ms)
  ✔ 3-4 canonical reuse and duplicate protection (2.08075ms)
  ✔ 5-12 option/scenario are not recommendation, decision, prediction, or execution (62.757458ms)
  ✔ 13-14 invalid and constrained Options (46.134041ms)
  ✔ 15-21 assumptions, unknowns, no invented numbers (40.627958ms)
  ✔ 22-26 do-nothing, evidence-gathering, no forced ABC, draft vs stage (38.670334ms)
  ✔ 27-32 center, click, Goal, Reality immutability (50.102ms)
  ✔ 33-35 correction, variant, removal/addition (47.986417ms)
  ✔ 36-42 scope, conflict, constraint, comparison threshold (49.577208ms)
  ✔ 43-46 generic cases (0.355916ms)
  ✔ 47-48 decision and execution commands are not owned (18.235416ms)
  ✔ 49 existing workspace unaffected (14.820209ms)
  ✔ overlay keeps Goal at origin and scenario z = 0 (22.504042ms)
  ✔ generic engine has no hardcoded domain branches (0.553833ms)
✔ NEX-EXP:5 Scenario & Option Discovery (689.956042ms)
ℹ tests 195
ℹ suites 12
ℹ pass 195
ℹ fail 0
ℹ cancelled 0
ℹ skipped 0
ℹ todo 0
ℹ duration_ms 4597.893084
EXIT:0
