[Topology][Flow] Generating flow layout
[Topology][Flow] Nodes: 8
[Topology][Flow] Connections: 7
[Topology][Flow] Generating flow layout
[Topology][Flow] Nodes: 2
[Topology][Flow] Connections: 1
[Topology][Flow] Generating flow layout
[Topology][Flow] Nodes: 8
[Topology][Flow] Connections: 7
[Topology][Flow] Generating flow layout
[Topology][Flow] Nodes: 2
[Topology][Flow] Connections: 1
[Topology][Flow] Generating flow layout
[Topology][Flow] Nodes: 8
[Topology][Flow] Connections: 7
[Topology][Flow] Generating flow layout
[Topology][Flow] Nodes: 2
[Topology][Flow] Connections: 1
[Topology][Flow] Generating flow layout
[Topology][Flow] Nodes: 8
[Topology][Flow] Connections: 7
[Topology][Flow] Generating flow layout
[Topology][Flow] Nodes: 2
[Topology][Flow] Connections: 1
[Topology][Flow] Generating flow layout
[Topology][Flow] Nodes: 8
[Topology][Flow] Connections: 7
[Topology][Flow] Generating flow layout
[Topology][Flow] Nodes: 2
[Topology][Flow] Connections: 1
[Topology][Flow] Generating flow layout
[Topology][Flow] Nodes: 8
[Topology][Flow] Connections: 7
[Topology][Flow] Generating flow layout
[Topology][Flow] Nodes: 2
[Topology][Flow] Connections: 1
[Topology][Flow] Generating flow layout
[Topology][Flow] Nodes: 8
[Topology][Flow] Connections: 7
[Topology][Flow] Generating flow layout
[Topology][Flow] Nodes: 2
[Topology][Flow] Connections: 1
[Topology][Flow] Generating flow layout
[Topology][Flow] Nodes: 8
[Topology][Flow] Connections: 7
[Topology][Flow] Generating flow layout
[Topology][Flow] Nodes: 2
[Topology][Flow] Connections: 1
▶ MO:6 Executive Attention & Intervention Intelligence
  ✔ identity and boundary (1.110917ms)
  ✔ generic engine has no object-specific attention hardcoding (1.90375ms)
  ✔ 1-3. severity is not attention; critical does not auto-URGENT (34.506792ms)
  ✔ 4-6. goal-blocking moderate can outrank unrelated critical; goal and journey affect rank (10.821666ms)
  ✔ 7-8. new change ranks above stable ongoing; stable does not re-escalate (11.033125ms)
  ✔ 9-10. manager authority vs owner-handled operational blocker (5.309292ms)
  ✔ 11-13. pending decision, committed decision, healthy execution (7.346208ms)
  ✔ 14-17. blocked execution, missing outcome UNKNOWN, deviation only with comparison, stale evidence (10.434709ms)
  ✔ 18-20. unknown goal, opportunity, goal conflict (11.382375ms)
  ✔ 21-25. no invented deadline/consequence; ranking is not causal; focus and queue safety (5.038958ms)
  ✔ escalated vs de-escalated risk and safe-to-continue (3.539ms)
  ✔ attention budget prefers one primary; comparable items stay undistinguished (5.669625ms)
  ✔ conversation: attention, why this, why not, intervene, continue, inaction (384.715167ms)
✔ MO:6 Executive Attention & Intervention Intelligence (494.674042ms)
[Topology][Flow] Generating flow layout
[Topology][Flow] Nodes: 8
[Topology][Flow] Connections: 7
[Topology][Flow] Generating flow layout
[Topology][Flow] Nodes: 2
[Topology][Flow] Connections: 1
[Topology][Flow] Generating flow layout
[Topology][Flow] Nodes: 8
[Topology][Flow] Connections: 7
[Topology][Flow] Generating flow layout
[Topology][Flow] Nodes: 2
[Topology][Flow] Connections: 1
[Topology][Flow] Generating flow layout
[Topology][Flow] Nodes: 8
[Topology][Flow] Connections: 7
[Topology][Flow] Generating flow layout
[Topology][Flow] Nodes: 2
[Topology][Flow] Connections: 1
[Topology][Flow] Generating flow layout
[Topology][Flow] Nodes: 8
[Topology][Flow] Connections: 7
[Topology][Flow] Generating flow layout
[Topology][Flow] Nodes: 2
[Topology][Flow] Connections: 1
[Topology][Flow] Generating flow layout
[Topology][Flow] Nodes: 8
[Topology][Flow] Connections: 7
[Topology][Flow] Generating flow layout
[Topology][Flow] Nodes: 2
[Topology][Flow] Connections: 1
[Topology][Flow] Generating flow layout
[Topology][Flow] Nodes: 8
[Topology][Flow] Connections: 7
[Topology][Flow] Generating flow layout
[Topology][Flow] Nodes: 2
[Topology][Flow] Connections: 1
[Topology][Flow] Generating flow layout
[Topology][Flow] Nodes: 8
[Topology][Flow] Connections: 7
[Topology][Flow] Generating flow layout
[Topology][Flow] Nodes: 2
[Topology][Flow] Connections: 1
[Topology][Flow] Generating flow layout
[Topology][Flow] Nodes: 8
[Topology][Flow] Connections: 7
[Topology][Flow] Generating flow layout
[Topology][Flow] Nodes: 2
[Topology][Flow] Connections: 1
[Topology][Flow] Generating flow layout
[Topology][Flow] Nodes: 8
[Topology][Flow] Connections: 7
[Topology][Flow] Generating flow layout
[Topology][Flow] Nodes: 2
[Topology][Flow] Connections: 1
[Topology][Flow] Generating flow layout
[Topology][Flow] Nodes: 8
[Topology][Flow] Connections: 7
[Topology][Hub] Generating hub layout
[Topology][Hub] Hub: Capacity
[Topology][Hub] Satellites: 5
[Topology][Hub] Connections: 5
[Topology][Flow] Generating flow layout
[Topology][Flow] Nodes: 8
[Topology][Flow] Connections: 7
[Topology][Hub] Generating hub layout
[Topology][Hub] Hub: Capacity
[Topology][Hub] Satellites: 5
[Topology][Hub] Connections: 5
[Topology][Flow] Generating flow layout
[Topology][Flow] Nodes: 8
[Topology][Flow] Connections: 7
[Topology][Hub] Generating hub layout
[Topology][Hub] Hub: Capacity
[Topology][Hub] Satellites: 5
[Topology][Hub] Connections: 5
[Topology][Flow] Generating flow layout
[Topology][Flow] Nodes: 8
[Topology][Flow] Connections: 7
[Topology][Hub] Generating hub layout
[Topology][Hub] Hub: Capacity
[Topology][Hub] Satellites: 5
[Topology][Hub] Connections: 5
[Topology][Flow] Generating flow layout
[Topology][Flow] Nodes: 8
[Topology][Flow] Connections: 7
[Topology][Hub] Generating hub layout
[Topology][Hub] Hub: Capacity
[Topology][Hub] Satellites: 5
[Topology][Hub] Connections: 5
[Topology][Flow] Generating flow layout
[Topology][Flow] Nodes: 8
[Topology][Flow] Connections: 7
[Topology][Flow] Generating flow layout
[Topology][Flow] Nodes: 2
[Topology][Flow] Connections: 1
[Topology][Flow] Generating flow layout
[Topology][Flow] Nodes: 8
[Topology][Flow] Connections: 7
[Topology][Flow] Generating flow layout
[Topology][Flow] Nodes: 2
[Topology][Flow] Connections: 1
[Topology][Flow] Generating flow layout
[Topology][Flow] Nodes: 8
[Topology][Flow] Connections: 7
[Topology][Flow] Generating flow layout
[Topology][Flow] Nodes: 2
[Topology][Flow] Connections: 1
[Topology][Flow] Generating flow layout
[Topology][Flow] Nodes: 8
[Topology][Flow] Connections: 7
[Topology][Flow] Generating flow layout
[Topology][Flow] Nodes: 2
[Topology][Flow] Connections: 1
[Topology][Flow] Generating flow layout
[Topology][Flow] Nodes: 8
[Topology][Flow] Connections: 7
[Topology][Flow] Generating flow layout
[Topology][Flow] Nodes: 2
[Topology][Flow] Connections: 1
[Topology][Flow] Generating flow layout
[Topology][Flow] Nodes: 8
[Topology][Flow] Connections: 7
[Topology][Flow] Generating flow layout
[Topology][Flow] Nodes: 2
[Topology][Flow] Connections: 1
[Topology][Flow] Generating flow layout
[Topology][Flow] Nodes: 8
[Topology][Flow] Connections: 7
[Topology][Flow] Generating flow layout
[Topology][Flow] Nodes: 2
[Topology][Flow] Connections: 1
[Topology][Flow] Generating flow layout
[Topology][Flow] Nodes: 8
[Topology][Flow] Connections: 7
[Topology][Flow] Generating flow layout
[Topology][Flow] Nodes: 2
[Topology][Flow] Connections: 1
[Topology][Flow] Generating flow layout
[Topology][Flow] Nodes: 8
[Topology][Flow] Connections: 7
[Topology][Flow] Generating flow layout
[Topology][Flow] Nodes: 2
[Topology][Flow] Connections: 1
[Topology][Flow] Generating flow layout
[Topology][Flow] Nodes: 8
[Topology][Flow] Connections: 7
[Topology][Flow] Generating flow layout
[Topology][Flow] Nodes: 2
[Topology][Flow] Connections: 1
[Topology][Flow] Generating flow layout
[Topology][Flow] Nodes: 8
[Topology][Flow] Connections: 7
[Topology][Hub] Generating hub layout
[Topology][Hub] Hub: Capacity
[Topology][Hub] Satellites: 5
[Topology][Hub] Connections: 5
[Topology][Flow] Generating flow layout
[Topology][Flow] Nodes: 8
[Topology][Flow] Connections: 7
[Topology][Flow] Generating flow layout
[Topology][Flow] Nodes: 2
[Topology][Flow] Connections: 1
▶ MO-INT:1 Manager–Object Executive Experience Integration
  ✔ identity and boundary — not MO:7 (0.906791ms)
  ✔ generic composer has no object-identity routing (1.0065ms)
  ✔ manager-facing copy does not expose engine ids (325.322083ms)
  ✔ duplicate guidance is collapsed to one next step on journey questions (52.491ms)
  ✔ full conversation remains one experience (540.331125ms)
  ✔ what about compares without stealing focus (54.37475ms)
  ✔ generic object types stay on one engine (19.762959ms)
  ✔ click activation matches show navigation for active object (18.73225ms)
  ✔ explain named object does not require a new Stage writer (22.477042ms)
✔ MO-INT:1 Manager–Object Executive Experience Integration (1039.377916ms)
[Topology][Flow] Generating flow layout
[Topology][Flow] Nodes: 8
[Topology][Flow] Connections: 7
[Topology][Flow] Generating flow layout
[Topology][Flow] Nodes: 2
[Topology][Flow] Connections: 1
[Topology][Flow] Generating flow layout
[Topology][Flow] Nodes: 8
[Topology][Flow] Connections: 7
[Topology][Flow] Generating flow layout
[Topology][Flow] Nodes: 2
[Topology][Flow] Connections: 1
[Topology][Flow] Generating flow layout
[Topology][Flow] Nodes: 8
[Topology][Flow] Connections: 7
[Topology][Flow] Generating flow layout
[Topology][Flow] Nodes: 2
[Topology][Flow] Connections: 1
[Topology][Flow] Generating flow layout
[Topology][Flow] Nodes: 8
[Topology][Flow] Connections: 7
[Topology][Flow] Generating flow layout
[Topology][Flow] Nodes: 2
[Topology][Flow] Connections: 1
[Topology][Flow] Generating flow layout
[Topology][Flow] Nodes: 8
[Topology][Flow] Connections: 7
[Topology][Flow] Generating flow layout
[Topology][Flow] Nodes: 2
[Topology][Flow] Connections: 1
[Topology][Flow] Generating flow layout
[Topology][Flow] Nodes: 8
[Topology][Flow] Connections: 7
[Topology][Flow] Generating flow layout
[Topology][Flow] Nodes: 2
[Topology][Flow] Connections: 1
[Topology][Flow] Generating flow layout
[Topology][Flow] Nodes: 8
[Topology][Flow] Connections: 7
[Topology][Flow] Generating flow layout
[Topology][Flow] Nodes: 2
[Topology][Flow] Connections: 1
[Topology][Flow] Generating flow layout
[Topology][Flow] Nodes: 8
[Topology][Flow] Connections: 7
[Topology][Flow] Generating flow layout
[Topology][Flow] Nodes: 2
[Topology][Flow] Connections: 1
[Topology][Flow] Generating flow layout
[Topology][Flow] Nodes: 8
[Topology][Flow] Connections: 7
[Topology][Flow] Generating flow layout
[Topology][Flow] Nodes: 2
[Topology][Flow] Connections: 1
[Topology][Flow] Generating flow layout
[Topology][Flow] Nodes: 8
[Topology][Flow] Connections: 7
[Topology][Flow] Generating flow layout
[Topology][Flow] Nodes: 2
[Topology][Flow] Connections: 1
▶ MO:2 Generic Explain Engine
  ✔ identity and boundary (0.808167ms)
  ✔ one engine source has no per-object explanation branches (0.914667ms)
  ✔ 1-7. Generic engine explains Capacity, Delivery, Goal, Risk, Scenario, Decision, Execution (55.922333ms)
  ✔ also explains Revenue through the same engine (2.563542ms)
  ✔ 8. Why is this important uses significance without inventing cause (4.956834ms)
  ✔ 9. Why is this happening keeps relationship ≠ confirmed cause (8.107125ms)
  ✔ 10. What is connected explains relationship meaning, not raw ids (21.4965ms)
  ✔ 11. What evidence do we have stays traceable (2.558084ms)
  ✔ 12. What don't we know remains UNKNOWN (1.903833ms)
  ✔ 13. What happens if this continues is PREDICTED or UNKNOWN, never fact (5.143ms)
  ✔ 14. What should I do does not invent a decision (8.522291ms)
  ✔ 15-17. Explain this, named switching, and deictic continuity (276.953625ms)
  ✔ 18. UNKNOWN evidence is not filled with generic advice (0.421667ms)
  ✔ 19. INFERRED is not promoted to KNOWN (0.469167ms)
  ✔ 20. Relationship ≠ causality protection (2.498042ms)
  ✔ 21-22. Explanation does not commit a decision or start execution (63.561167ms)
  ✔ depth only exposes existing intelligence (0.536792ms)
  ✔ available actions are capability gated (3.315375ms)
  ✔ conversation overlay presents relationship explanation without Advisor duplication (41.659375ms)
✔ MO:2 Generic Explain Engine (504.215375ms)
[Topology][Flow] Generating flow layout
[Topology][Flow] Nodes: 8
[Topology][Flow] Connections: 7
[Topology][Flow] Generating flow layout
[Topology][Flow] Nodes: 2
[Topology][Flow] Connections: 1
[Topology][Flow] Generating flow layout
[Topology][Flow] Nodes: 8
[Topology][Flow] Connections: 7
[Topology][Flow] Generating flow layout
[Topology][Flow] Nodes: 2
[Topology][Flow] Connections: 1
[Topology][Flow] Generating flow layout
[Topology][Flow] Nodes: 8
[Topology][Flow] Connections: 7
[Topology][Flow] Generating flow layout
[Topology][Flow] Nodes: 2
[Topology][Flow] Connections: 1
[Topology][Flow] Generating flow layout
[Topology][Flow] Nodes: 8
[Topology][Flow] Connections: 7
[Topology][Flow] Generating flow layout
[Topology][Flow] Nodes: 2
[Topology][Flow] Connections: 1
[Topology][Flow] Generating flow layout
[Topology][Flow] Nodes: 8
[Topology][Flow] Connections: 7
[Topology][Flow] Generating flow layout
[Topology][Flow] Nodes: 2
[Topology][Flow] Connections: 1
[Topology][Flow] Generating flow layout
[Topology][Flow] Nodes: 8
[Topology][Flow] Connections: 7
[Topology][Flow] Generating flow layout
[Topology][Flow] Nodes: 2
[Topology][Flow] Connections: 1
[Topology][Flow] Generating flow layout
[Topology][Flow] Nodes: 8
[Topology][Flow] Connections: 7
[Topology][Flow] Generating flow layout
[Topology][Flow] Nodes: 2
[Topology][Flow] Connections: 1
[Topology][Flow] Generating flow layout
[Topology][Flow] Nodes: 8
[Topology][Flow] Connections: 7
[Topology][Flow] Generating flow layout
[Topology][Flow] Nodes: 2
[Topology][Flow] Connections: 1
▶ MO:3 Object-Guided Executive Exploration
  ✔ identity and boundary (0.890708ms)
  ✔ one engine has no per-object exploration branches (0.824625ms)
  ✔ 1. Capacity → related Problem (32.182667ms)
  ✔ 2. Capacity → Delivery (8.334042ms)
  ✔ 3. Problem → evidence (2.632792ms)
  ✔ 4. Problem → Risk where available (2.359ms)
  ✔ 5. Problem → Scenario where available (7.099584ms)
  ✔ 6. Scenario → comparison (2.2505ms)
  ✔ 7. Scenario → recommendation (4.387167ms)
  ✔ 8. Scenario → Decision (3.245875ms)
  ✔ 9. Decision → evidence/rationale (1.803042ms)
  ✔ 10. Decision → Execution (1.640542ms)
  ✔ 11. Execution → Decision (2.686708ms)
  ✔ 12. Execution → Outcome remains UNKNOWN when missing (1.727792ms)
  ✔ 13. Goal → relevant executive object (4.263042ms)
  ✔ 14. Goal relevance influences ranking (15.266ms)
  ✔ 15. UNKNOWN outcome remains UNKNOWN (5.011791ms)
  ✔ 16. Unrelated object is not recommended without support (4.512458ms)
  ✔ 17. Relationship does not become causality (2.709125ms)
  ✔ 18. Inferred path stays INFERRED (2.515667ms)
  ✔ 19. No accidental decision commitment (196.711125ms)
  ✔ 20. No accidental execution start (53.311125ms)
  ✔ generic engine derives Revenue paths from Revenue context (2.164042ms)
  ✔ conversation loop: understand → explore → why → select problem (109.188708ms)
  ✔ requires manager choice and never uses graph-score copy (2.987417ms)
✔ MO:3 Object-Guided Executive Exploration (472.588334ms)
[Topology][Flow] Generating flow layout
[Topology][Flow] Nodes: 8
[Topology][Flow] Connections: 7
[Topology][Flow] Generating flow layout
[Topology][Flow] Nodes: 2
[Topology][Flow] Connections: 1
[Topology][Flow] Generating flow layout
[Topology][Flow] Nodes: 8
[Topology][Flow] Connections: 7
[Topology][Flow] Generating flow layout
[Topology][Flow] Nodes: 2
[Topology][Flow] Connections: 1
[Topology][Flow] Generating flow layout
[Topology][Flow] Nodes: 8
[Topology][Flow] Connections: 7
[Topology][Flow] Generating flow layout
[Topology][Flow] Nodes: 2
[Topology][Flow] Connections: 1
[Topology][Flow] Generating flow layout
[Topology][Flow] Nodes: 8
[Topology][Flow] Connections: 7
[Topology][Flow] Generating flow layout
[Topology][Flow] Nodes: 2
[Topology][Flow] Connections: 1
[Topology][Flow] Generating flow layout
[Topology][Flow] Nodes: 8
[Topology][Flow] Connections: 7
[Topology][Flow] Generating flow layout
[Topology][Flow] Nodes: 2
[Topology][Flow] Connections: 1
[Topology][Flow] Generating flow layout
[Topology][Flow] Nodes: 8
[Topology][Flow] Connections: 7
[Topology][Flow] Generating flow layout
[Topology][Flow] Nodes: 2
[Topology][Flow] Connections: 1
[Topology][Flow] Generating flow layout
[Topology][Flow] Nodes: 8
[Topology][Flow] Connections: 7
[Topology][Flow] Generating flow layout
[Topology][Flow] Nodes: 2
[Topology][Flow] Connections: 1
▶ MO:4 Goal-Directed Executive Navigation
  ✔ identity and boundary (1.232042ms)
  ✔ generic engine has no hardcoded goal-to-object branches (0.667958ms)
  ✔ parses explicit goals without confirming inferred ones (0.494959ms)
  ✔ 1. Goal → KPI / Reality when a related measured signal exists (35.837125ms)
  ✔ 2. Goal → relevant business object (6.643292ms)
  ✔ 3. Goal → Problem (7.415666ms)
  ✔ 4. Goal → Risk when a risk path exists (3.014625ms)
  ✔ 5. Problem → Scenario (2.840583ms)
  ✔ 6. Scenario → Decision (5.130792ms)
  ✔ 7. Decision → Execution (4.100958ms)
  ✔ 8. Execution → Outcome (1.7785ms)
  ✔ 9. Outcome → Goal comparison stays UNKNOWN without recorded outcome (4.262625ms)
  ✔ 10. Active goal influences ranking of valid MO:3 paths (20.373208ms)
  ✔ 11. Changing goal changes ranking (7.064ms)
  ✔ 12. Multiple goals do not collapse into one (7.665208ms)
  ✔ 13. Goal conflict is exposed rather than auto-resolved (8.56475ms)
  ✔ 14. Missing success signal stays UNKNOWN (1.781417ms)
  ✔ 15. Missing outcome stays UNKNOWN (3.419417ms)
  ✔ 16. Unrelated object is not recommended from semantic similarity alone (4.325167ms)
  ✔ 17. Inferred relevance stays INFERRED (3.71575ms)
  ✔ 18. Path relevance is not converted into causal certainty (7.606667ms)
  ✔ 19. No accidental decision commitment (2.034042ms)
  ✔ 20. No accidental execution start (8.030959ms)
  ✔ explicit vs inferred vs unknown goal behavior (8.402291ms)
  ✔ conversation: goal continuity, guidance, and goal change (393.047792ms)
  ✔ does not write Stage coordinates (13.524833ms)
✔ MO:4 Goal-Directed Executive Navigation (564.911125ms)
[Topology][Flow] Generating flow layout
[Topology][Flow] Nodes: 8
[Topology][Flow] Connections: 7
[Topology][Hub] Generating hub layout
[Topology][Hub] Hub: Capacity
[Topology][Hub] Satellites: 5
[Topology][Hub] Connections: 5
[Topology][Flow] Generating flow layout
[Topology][Flow] Nodes: 8
[Topology][Flow] Connections: 7
[Topology][Hub] Generating hub layout
[Topology][Hub] Hub: Delivery
[Topology][Hub] Satellites: 5
[Topology][Hub] Connections: 5
[Topology][Flow] Generating flow layout
[Topology][Flow] Nodes: 8
[Topology][Flow] Connections: 7
[Topology][Flow] Generating flow layout
[Topology][Flow] Nodes: 2
[Topology][Flow] Connections: 1
[Topology][Flow] Generating flow layout
[Topology][Flow] Nodes: 8
[Topology][Flow] Connections: 7
[Topology][Flow] Generating flow layout
[Topology][Flow] Nodes: 2
[Topology][Flow] Connections: 1
[Topology][Flow] Generating flow layout
[Topology][Flow] Nodes: 8
[Topology][Flow] Connections: 7
[Topology][Hub] Generating hub layout
[Topology][Hub] Hub: Risk
[Topology][Hub] Satellites: 3
[Topology][Hub] Connections: 3
[Topology][Flow] Generating flow layout
[Topology][Flow] Nodes: 8
[Topology][Flow] Connections: 7
[Topology][Flow] Generating flow layout
[Topology][Flow] Nodes: 2
[Topology][Flow] Connections: 1
[Topology][Flow] Generating flow layout
[Topology][Flow] Nodes: 8
[Topology][Flow] Connections: 7
[Topology][Flow] Generating flow layout
[Topology][Flow] Nodes: 2
[Topology][Flow] Connections: 1
[Topology][Flow] Generating flow layout
[Topology][Flow] Nodes: 8
[Topology][Flow] Connections: 7
[Topology][Flow] Generating flow layout
[Topology][Flow] Nodes: 2
[Topology][Flow] Connections: 1
[Topology][Flow] Generating flow layout
[Topology][Flow] Nodes: 8
[Topology][Flow] Connections: 7
[Topology][Flow] Generating flow layout
[Topology][Flow] Nodes: 2
[Topology][Flow] Connections: 1
[Topology][Flow] Generating flow layout
[Topology][Flow] Nodes: 8
[Topology][Flow] Connections: 7
[Topology][Flow] Generating flow layout
[Topology][Flow] Nodes: 2
[Topology][Flow] Connections: 1
[Topology][Flow] Generating flow layout
[Topology][Flow] Nodes: 8
[Topology][Flow] Connections: 7
[Topology][Hub] Generating hub layout
[Topology][Hub] Hub: Capacity
[Topology][Hub] Satellites: 5
[Topology][Hub] Connections: 5
[Topology][Flow] Generating flow layout
[Topology][Flow] Nodes: 8
[Topology][Flow] Connections: 7
[Topology][Hub] Generating hub layout
[Topology][Hub] Hub: Capacity
[Topology][Hub] Satellites: 5
[Topology][Hub] Connections: 5
[Topology][Flow] Generating flow layout
[Topology][Flow] Nodes: 8
[Topology][Flow] Connections: 7
[Topology][Hub] Generating hub layout
[Topology][Hub] Hub: Capacity
[Topology][Hub] Satellites: 5
[Topology][Hub] Connections: 5
[Topology][Flow] Generating flow layout
[Topology][Flow] Nodes: 8
[Topology][Flow] Connections: 7
[Topology][Hub] Generating hub layout
[Topology][Hub] Hub: Capacity
[Topology][Hub] Satellites: 5
[Topology][Hub] Connections: 5
[Topology][Flow] Generating flow layout
[Topology][Flow] Nodes: 8
[Topology][Flow] Connections: 7
[Topology][Hub] Generating hub layout
[Topology][Hub] Hub: Capacity
[Topology][Hub] Satellites: 5
[Topology][Hub] Connections: 5
[Topology][Flow] Generating flow layout
[Topology][Flow] Nodes: 8
[Topology][Flow] Connections: 7
[Topology][Hub] Generating hub layout
[Topology][Hub] Hub: Capacity
[Topology][Hub] Satellites: 5
[Topology][Hub] Connections: 5
[Topology][Flow] Generating flow layout
[Topology][Flow] Nodes: 8
[Topology][Flow] Connections: 7
[Topology][Hub] Generating hub layout
[Topology][Hub] Hub: Capacity
[Topology][Hub] Satellites: 5
[Topology][Hub] Connections: 5
[Topology][Flow] Generating flow layout
[Topology][Flow] Nodes: 8
[Topology][Flow] Connections: 7
[Topology][Hub] Generating hub layout
[Topology][Hub] Hub: Delivery
[Topology][Hub] Satellites: 5
[Topology][Hub] Connections: 5
▶ MO:1 Manager–Object Interaction Foundation
  ✔ identity, boundary, and verify gate (0.933291ms)
  ✔ 1. Capacity can become active (233.599375ms)
  ✔ 2. Delivery can become active (52.612542ms)
  ✔ 3. Goal can become active (36.3545ms)
  ✔ 4. Problem/Risk can become active (46.609042ms)
  ✔ 5. Scenario can become active (56.89075ms)
  ✔ 6. Decision can become active (21.29425ms)
  ✔ 7. Execution can become active (13.7575ms)
  ✔ 8. Explain X resolves the requested object rather than a hard-coded default (74.534292ms)
  ✔ 9. Explain this uses the current active object (129.063625ms)
  ✔ 10. Follow-up questions preserve object context (152.878708ms)
  ✔ 11. Switching objects replaces active context correctly (31.278125ms)
  ✔ 12. Related objects are discoverable through the generic relationship contract (0.304ms)
  ✔ 13. Missing evidence is reported as unknown rather than fabricated (1.170875ms)
  ✔ 14. Existing Stage click-to-center behavior remains intact (55.251375ms)
  ✔ 15. UX:1–UX:6 certified identities remain imported by live tests (0.467ms)
  ✔ generic intents work across object types without per-object branches (3.478125ms)
✔ MO:1 Manager–Object Interaction Foundation (912.143833ms)
[Topology][Flow] Generating flow layout
[Topology][Flow] Nodes: 8
[Topology][Flow] Connections: 7
[Topology][Flow] Generating flow layout
[Topology][Flow] Nodes: 2
[Topology][Flow] Connections: 1
[Topology][Flow] Generating flow layout
[Topology][Flow] Nodes: 8
[Topology][Flow] Connections: 7
[Topology][Flow] Generating flow layout
[Topology][Flow] Nodes: 2
[Topology][Flow] Connections: 1
[Topology][Flow] Generating flow layout
[Topology][Flow] Nodes: 8
[Topology][Flow] Connections: 7
[Topology][Flow] Generating flow layout
[Topology][Flow] Nodes: 2
[Topology][Flow] Connections: 1
[Topology][Flow] Generating flow layout
[Topology][Flow] Nodes: 8
[Topology][Flow] Connections: 7
[Topology][Flow] Generating flow layout
[Topology][Flow] Nodes: 2
[Topology][Flow] Connections: 1
[Topology][Flow] Generating flow layout
[Topology][Flow] Nodes: 8
[Topology][Flow] Connections: 7
[Topology][Flow] Generating flow layout
[Topology][Flow] Nodes: 2
[Topology][Flow] Connections: 1
[Topology][Flow] Generating flow layout
[Topology][Flow] Nodes: 8
[Topology][Flow] Connections: 7
[Topology][Flow] Generating flow layout
[Topology][Flow] Nodes: 2
[Topology][Flow] Connections: 1
[Topology][Flow] Generating flow layout
[Topology][Flow] Nodes: 8
[Topology][Flow] Connections: 7
[Topology][Flow] Generating flow layout
[Topology][Flow] Nodes: 2
[Topology][Flow] Connections: 1
[Topology][Flow] Generating flow layout
[Topology][Flow] Nodes: 8
[Topology][Flow] Connections: 7
[Topology][Flow] Generating flow layout
[Topology][Flow] Nodes: 2
[Topology][Flow] Connections: 1
▶ MO:5 Executive Journey & Progress Intelligence
  ✔ identity and boundary (0.867208ms)
  ✔ 30. generic engine has no object-specific journey hardcoding (0.650292ms)
  ✔ 1-2. Goal confirmed begins a journey; missing goal is MISSING_GOAL (46.549625ms)
  ✔ 3. Reality known is recognized (4.496167ms)
  ✔ 4-6. Problem / risk / scenario phases (12.89ms)
  ✔ 7-8. Viewed scenario/decision is not resolved or committed (4.527334ms)
  ✔ 9-12. Committed decision, execution states, blocked execution (17.052083ms)
  ✔ 13-16. Completed execution without outcome; observed outcome; no fabricated learning (4.51425ms)
  ✔ 17-19. Visited is not resolved; unrelated click does not advance; back keeps truth (10.726584ms)
  ✔ 20-22. Goal change recalculates; history retained; multiple goals stay separate (8.131666ms)
  ✔ 23-24. Scenario branches remain alternatives; revisited decision supported (5.059042ms)
  ✔ 25-29. Blocker is not a business cause; no fake percent; no commit/start/close (4.192083ms)
  ✔ conversation: where we are, remains, blocker, next, fit, continuity (399.918083ms)
✔ MO:5 Executive Journey & Progress Intelligence (520.993041ms)
[Topology][Flow] Generating flow layout
[Topology][Flow] Nodes: 8
[Topology][Flow] Connections: 7
[Topology][Hub] Generating hub layout
[Topology][Hub] Hub: Inventory
[Topology][Hub] Satellites: 3
[Topology][Hub] Connections: 3
[Topology][Flow] Generating flow layout
[Topology][Flow] Nodes: 8
[Topology][Flow] Connections: 7
[Topology][Hub] Generating hub layout
[Topology][Hub] Hub: Inventory
[Topology][Hub] Satellites: 3
[Topology][Hub] Connections: 3
[Topology][Flow] Generating flow layout
[Topology][Flow] Nodes: 8
[Topology][Flow] Connections: 7
[Topology][Hub] Generating hub layout
[Topology][Hub] Hub: Capacity
[Topology][Hub] Satellites: 5
[Topology][Hub] Connections: 5
[Topology][Flow] Generating flow layout
[Topology][Flow] Nodes: 8
[Topology][Flow] Connections: 7
[Topology][Hub] Generating hub layout
[Topology][Hub] Hub: Capacity
[Topology][Hub] Satellites: 5
[Topology][Hub] Connections: 5
[Topology][Flow] Generating flow layout
[Topology][Flow] Nodes: 8
[Topology][Flow] Connections: 7
[Topology][Hub] Generating hub layout
[Topology][Hub] Hub: Delivery
[Topology][Hub] Satellites: 5
[Topology][Hub] Connections: 5
[Topology][Flow] Generating flow layout
[Topology][Flow] Nodes: 8
[Topology][Flow] Connections: 7
[Topology][Hub] Generating hub layout
[Topology][Hub] Hub: Delivery
[Topology][Hub] Satellites: 5
[Topology][Hub] Connections: 5
[Topology][Flow] Generating flow layout
[Topology][Flow] Nodes: 8
[Topology][Flow] Connections: 7
[Topology][Flow] Generating flow layout
[Topology][Flow] Nodes: 2
[Topology][Flow] Connections: 1
[Topology][Flow] Generating flow layout
[Topology][Flow] Nodes: 8
[Topology][Flow] Connections: 7
[Topology][Flow] Generating flow layout
[Topology][Flow] Nodes: 2
[Topology][Flow] Connections: 1
[Topology][Flow] Generating flow layout
[Topology][Flow] Nodes: 8
[Topology][Flow] Connections: 7
[Topology][Hub] Generating hub layout
[Topology][Hub] Hub: Inventory
[Topology][Hub] Satellites: 3
[Topology][Hub] Connections: 3
[Topology][Flow] Generating flow layout
[Topology][Flow] Nodes: 8
[Topology][Flow] Connections: 7
[Topology][Hub] Generating hub layout
[Topology][Hub] Hub: Capacity
[Topology][Hub] Satellites: 5
[Topology][Hub] Connections: 5
[Topology][Flow] Generating flow layout
[Topology][Flow] Nodes: 8
[Topology][Flow] Connections: 7
[Topology][Hub] Generating hub layout
[Topology][Hub] Hub: Capacity
[Topology][Hub] Satellites: 5
[Topology][Hub] Connections: 5
[Topology][Flow] Generating flow layout
[Topology][Flow] Nodes: 8
[Topology][Flow] Connections: 7
[Topology][Hub] Generating hub layout
[Topology][Hub] Hub: Risk
[Topology][Hub] Satellites: 3
[Topology][Hub] Connections: 3
[Topology][Flow] Generating flow layout
[Topology][Flow] Nodes: 8
[Topology][Flow] Connections: 7
[Topology][Flow] Generating flow layout
[Topology][Flow] Nodes: 2
[Topology][Flow] Connections: 1
▶ NEX-MVP-FINAL:2 Manager Object Explain Quality
  ✔ does not classify Explain as EXI change (4.75375ms)
  ✔ show inventory then explain it explains Inventory, not prior-state comparison (230.361417ms)
  ✔ named Explain uses the same engine path for representative objects (147.663292ms)
  ✔ deictic it follows the latest focused object (78.183333ms)
  ✔ show risk problem does not silently pick Margin Pressure (30.238958ms)
  ✔ show Margin Pressure still focuses that problem (32.2405ms)
  ✔ generic explain engine has no Inventory branch (0.536375ms)
✔ NEX-MVP-FINAL:2 Manager Object Explain Quality (525.424417ms)
[Topology][Flow] Generating flow layout
[Topology][Flow] Nodes: 8
[Topology][Flow] Connections: 7
[Topology][Flow] Generating flow layout
[Topology][Flow] Nodes: 2
[Topology][Flow] Connections: 1
[Topology][Flow] Generating flow layout
[Topology][Flow] Nodes: 8
[Topology][Flow] Connections: 7
[Topology][Flow] Generating flow layout
[Topology][Flow] Nodes: 2
[Topology][Flow] Connections: 1
[Topology][Flow] Generating flow layout
[Topology][Flow] Nodes: 8
[Topology][Flow] Connections: 7
[Topology][Flow] Generating flow layout
[Topology][Flow] Nodes: 2
[Topology][Flow] Connections: 1
[Topology][Flow] Generating flow layout
[Topology][Flow] Nodes: 8
[Topology][Flow] Connections: 7
[Topology][Hub] Generating hub layout
[Topology][Hub] Hub: Risk
[Topology][Hub] Satellites: 3
[Topology][Hub] Connections: 3
[Topology][Flow] Generating flow layout
[Topology][Flow] Nodes: 8
[Topology][Flow] Connections: 7
[Topology][Hub] Generating hub layout
[Topology][Hub] Hub: Risk
[Topology][Hub] Satellites: 3
[Topology][Hub] Connections: 3
[Topology][Flow] Generating flow layout
[Topology][Flow] Nodes: 8
[Topology][Flow] Connections: 7
[Topology][Flow] Generating flow layout
[Topology][Flow] Nodes: 2
[Topology][Flow] Connections: 1
[Topology][Flow] Generating flow layout
[Topology][Flow] Nodes: 8
[Topology][Flow] Connections: 7
[Topology][Hub] Generating hub layout
[Topology][Hub] Hub: Risk
[Topology][Hub] Satellites: 3
[Topology][Hub] Connections: 3
[Topology][Flow] Generating flow layout
[Topology][Flow] Nodes: 8
[Topology][Flow] Connections: 7
[Topology][Hub] Generating hub layout
[Topology][Hub] Hub: Risk
[Topology][Hub] Satellites: 3
[Topology][Hub] Connections: 3
[Topology][Flow] Generating flow layout
[Topology][Flow] Nodes: 8
[Topology][Flow] Connections: 7
[Topology][Hub] Generating hub layout
[Topology][Hub] Hub: Risk
[Topology][Hub] Satellites: 3
[Topology][Hub] Connections: 3
[Topology][Flow] Generating flow layout
[Topology][Flow] Nodes: 8
[Topology][Flow] Connections: 7
[Topology][Hub] Generating hub layout
[Topology][Hub] Hub: Delivery
[Topology][Hub] Satellites: 5
[Topology][Hub] Connections: 5
[Topology][Flow] Generating flow layout
[Topology][Flow] Nodes: 8
[Topology][Flow] Connections: 7
[Topology][Hub] Generating hub layout
[Topology][Hub] Hub: Delivery
[Topology][Hub] Satellites: 5
[Topology][Hub] Connections: 5
[Topology][Flow] Generating flow layout
[Topology][Flow] Nodes: 8
[Topology][Flow] Connections: 7
[Topology][Hub] Generating hub layout
[Topology][Hub] Hub: Delivery
[Topology][Hub] Satellites: 5
[Topology][Hub] Connections: 5
[Topology][Flow] Generating flow layout
[Topology][Flow] Nodes: 8
[Topology][Flow] Connections: 7
[Topology][Hub] Generating hub layout
[Topology][Hub] Hub: Delivery
[Topology][Hub] Satellites: 5
[Topology][Hub] Connections: 5
[Topology][Flow] Generating flow layout
[Topology][Flow] Nodes: 8
[Topology][Flow] Connections: 7
[Topology][Hub] Generating hub layout
[Topology][Hub] Hub: Delivery
[Topology][Hub] Satellites: 5
[Topology][Hub] Connections: 5
[Topology][Flow] Generating flow layout
[Topology][Flow] Nodes: 8
[Topology][Flow] Connections: 7
[Topology][Hub] Generating hub layout
[Topology][Hub] Hub: Delivery
[Topology][Hub] Satellites: 5
[Topology][Hub] Connections: 5
[Topology][Flow] Generating flow layout
[Topology][Flow] Nodes: 8
[Topology][Flow] Connections: 7
[Topology][Hub] Generating hub layout
[Topology][Hub] Hub: Delivery
[Topology][Hub] Satellites: 5
[Topology][Hub] Connections: 5
[Topology][Flow] Generating flow layout
[Topology][Flow] Nodes: 8
[Topology][Flow] Connections: 7
[Topology][Hub] Generating hub layout
[Topology][Hub] Hub: Risk
[Topology][Hub] Satellites: 3
[Topology][Hub] Connections: 3
[Topology][Flow] Generating flow layout
[Topology][Flow] Nodes: 8
[Topology][Flow] Connections: 7
[Topology][Hub] Generating hub layout
[Topology][Hub] Hub: Risk
[Topology][Hub] Satellites: 3
[Topology][Hub] Connections: 3
[Topology][Flow] Generating flow layout
[Topology][Flow] Nodes: 8
[Topology][Flow] Connections: 7
[Topology][Hub] Generating hub layout
[Topology][Hub] Hub: Risk
[Topology][Hub] Satellites: 3
[Topology][Hub] Connections: 3
[Topology][Flow] Generating flow layout
[Topology][Flow] Nodes: 8
[Topology][Flow] Connections: 7
[Topology][Hub] Generating hub layout
[Topology][Hub] Hub: Risk
[Topology][Hub] Satellites: 3
[Topology][Hub] Connections: 3
[Topology][Flow] Generating flow layout
[Topology][Flow] Nodes: 8
[Topology][Flow] Connections: 7
[Topology][Hub] Generating hub layout
[Topology][Hub] Hub: Risk
[Topology][Hub] Satellites: 3
[Topology][Hub] Connections: 3
[Topology][Flow] Generating flow layout
[Topology][Flow] Nodes: 8
[Topology][Flow] Connections: 7
[Topology][Hub] Generating hub layout
[Topology][Hub] Hub: Risk
[Topology][Hub] Satellites: 3
[Topology][Hub] Connections: 3
[Topology][Flow] Generating flow layout
[Topology][Flow] Nodes: 8
[Topology][Flow] Connections: 7
[Topology][Hub] Generating hub layout
[Topology][Hub] Hub: Risk
[Topology][Hub] Satellites: 3
[Topology][Hub] Connections: 3
[Topology][Flow] Generating flow layout
[Topology][Flow] Nodes: 8
[Topology][Flow] Connections: 7
[Topology][Hub] Generating hub layout
[Topology][Hub] Hub: Risk
[Topology][Hub] Satellites: 3
[Topology][Hub] Connections: 3
[Topology][Flow] Generating flow layout
[Topology][Flow] Nodes: 8
[Topology][Flow] Connections: 7
[Topology][Hub] Generating hub layout
[Topology][Hub] Hub: Capacity
[Topology][Hub] Satellites: 5
[Topology][Hub] Connections: 5
[Topology][Flow] Generating flow layout
[Topology][Flow] Nodes: 8
[Topology][Flow] Connections: 7
[Topology][Hub] Generating hub layout
[Topology][Hub] Hub: Capacity
[Topology][Hub] Satellites: 5
[Topology][Hub] Connections: 5
[Topology][Flow] Generating flow layout
[Topology][Flow] Nodes: 8
[Topology][Flow] Connections: 7
[Topology][Hub] Generating hub layout
[Topology][Hub] Hub: Inventory
[Topology][Hub] Satellites: 3
[Topology][Hub] Connections: 3
[Topology][Flow] Generating flow layout
[Topology][Flow] Nodes: 8
[Topology][Flow] Connections: 7
[Topology][Hub] Generating hub layout
[Topology][Hub] Hub: Inventory
[Topology][Hub] Satellites: 3
[Topology][Hub] Connections: 3
[Topology][Flow] Generating flow layout
[Topology][Flow] Nodes: 8
[Topology][Flow] Connections: 7
[Topology][Flow] Generating flow layout
[Topology][Flow] Nodes: 2
[Topology][Flow] Connections: 1
[Topology][Flow] Generating flow layout
[Topology][Flow] Nodes: 8
[Topology][Flow] Connections: 7
[Topology][Flow] Generating flow layout
[Topology][Flow] Nodes: 2
[Topology][Flow] Connections: 1
[Topology][Flow] Generating flow layout
[Topology][Flow] Nodes: 8
[Topology][Flow] Connections: 7
[Topology][Flow] Generating flow layout
[Topology][Flow] Nodes: 2
[Topology][Flow] Connections: 1
[Topology][Flow] Generating flow layout
[Topology][Flow] Nodes: 8
[Topology][Flow] Connections: 7
[Topology][Flow] Generating flow layout
[Topology][Flow] Nodes: 2
[Topology][Flow] Connections: 1
[Topology][Flow] Generating flow layout
[Topology][Flow] Nodes: 8
[Topology][Flow] Connections: 7
[Topology][Flow] Generating flow layout
[Topology][Flow] Nodes: 2
[Topology][Flow] Connections: 1
[Topology][Flow] Generating flow layout
[Topology][Flow] Nodes: 8
[Topology][Flow] Connections: 7
[Topology][Flow] Generating flow layout
[Topology][Flow] Nodes: 2
[Topology][Flow] Connections: 1
[Topology][Flow] Generating flow layout
[Topology][Flow] Nodes: 8
[Topology][Flow] Connections: 7
[Topology][Flow] Generating flow layout
[Topology][Flow] Nodes: 2
[Topology][Flow] Connections: 1
[Topology][Flow] Generating flow layout
[Topology][Flow] Nodes: 8
[Topology][Flow] Connections: 7
[Topology][Flow] Generating flow layout
[Topology][Flow] Nodes: 2
[Topology][Flow] Connections: 1
[Topology][Flow] Generating flow layout
[Topology][Flow] Nodes: 8
[Topology][Flow] Connections: 7
[Topology][Hub] Generating hub layout
[Topology][Hub] Hub: Inventory
[Topology][Hub] Satellites: 3
[Topology][Hub] Connections: 3
[Topology][Flow] Generating flow layout
[Topology][Flow] Nodes: 8
[Topology][Flow] Connections: 7
[Topology][Hub] Generating hub layout
[Topology][Hub] Hub: Capacity
[Topology][Hub] Satellites: 5
[Topology][Hub] Connections: 5
[Topology][Flow] Generating flow layout
[Topology][Flow] Nodes: 8
[Topology][Flow] Connections: 7
[Topology][Hub] Generating hub layout
[Topology][Hub] Hub: Capacity
[Topology][Hub] Satellites: 5
[Topology][Hub] Connections: 5
[Topology][Flow] Generating flow layout
[Topology][Flow] Nodes: 8
[Topology][Flow] Connections: 7
[Topology][Hub] Generating hub layout
[Topology][Hub] Hub: Risk
[Topology][Hub] Satellites: 3
[Topology][Hub] Connections: 3
[Topology][Flow] Generating flow layout
[Topology][Flow] Nodes: 8
[Topology][Flow] Connections: 7
[Topology][Hub] Generating hub layout
[Topology][Hub] Hub: Risk
[Topology][Hub] Satellites: 3
[Topology][Hub] Connections: 3
[Topology][Flow] Generating flow layout
[Topology][Flow] Nodes: 8
[Topology][Flow] Connections: 7
[Topology][Hub] Generating hub layout
[Topology][Hub] Hub: Risk
[Topology][Hub] Satellites: 3
[Topology][Hub] Connections: 3
[Topology][Flow] Generating flow layout
[Topology][Flow] Nodes: 8
[Topology][Flow] Connections: 7
[Topology][Hub] Generating hub layout
[Topology][Hub] Hub: Risk
[Topology][Hub] Satellites: 3
[Topology][Hub] Connections: 3
[Topology][Flow] Generating flow layout
[Topology][Flow] Nodes: 8
[Topology][Flow] Connections: 7
[Topology][Hub] Generating hub layout
[Topology][Hub] Hub: Risk
[Topology][Hub] Satellites: 3
[Topology][Hub] Connections: 3
[Topology][Flow] Generating flow layout
[Topology][Flow] Nodes: 8
[Topology][Flow] Connections: 7
[Topology][Hub] Generating hub layout
[Topology][Hub] Hub: Risk
[Topology][Hub] Satellites: 3
[Topology][Hub] Connections: 3
[Topology][Flow] Generating flow layout
[Topology][Flow] Nodes: 8
[Topology][Flow] Connections: 7
[Topology][Hub] Generating hub layout
[Topology][Hub] Hub: Risk
[Topology][Hub] Satellites: 3
[Topology][Hub] Connections: 3
[Topology][Flow] Generating flow layout
[Topology][Flow] Nodes: 8
[Topology][Flow] Connections: 7
[Topology][Hub] Generating hub layout
[Topology][Hub] Hub: Risk
[Topology][Hub] Satellites: 3
[Topology][Hub] Connections: 3
[Topology][Flow] Generating flow layout
[Topology][Flow] Nodes: 8
[Topology][Flow] Connections: 7
[Topology][Hub] Generating hub layout
[Topology][Hub] Hub: Risk
[Topology][Hub] Satellites: 3
[Topology][Hub] Connections: 3
[Topology][Flow] Generating flow layout
[Topology][Flow] Nodes: 8
[Topology][Flow] Connections: 7
[Topology][Hub] Generating hub layout
[Topology][Hub] Hub: Risk
[Topology][Hub] Satellites: 3
[Topology][Hub] Connections: 3
[Topology][Flow] Generating flow layout
[Topology][Flow] Nodes: 8
[Topology][Flow] Connections: 7
[Topology][Hub] Generating hub layout
[Topology][Hub] Hub: Risk
[Topology][Hub] Satellites: 3
[Topology][Hub] Connections: 3
[Topology][Flow] Generating flow layout
[Topology][Flow] Nodes: 8
[Topology][Flow] Connections: 7
[Topology][Flow] Generating flow layout
[Topology][Flow] Nodes: 2
[Topology][Flow] Connections: 1
▶ NEX-MVP-FINAL:3 Natural Object Reference & Executive Explanation
  ✔ exact-first matching preserves a real name that contains object (2.734041ms)
  ✔ natural phrase variations resolve to the same Risk subject (393.8815ms)
  ✔ delivery object phrases resolve to canonical Delivery (205.098917ms)
  ✔ deliver object uses controlled er→ery manager language, not a Delivery branch (47.948709ms)
  ✔ explain variants stay on Risk after natural focus (231.300833ms)
  ✔ representative types resolve through object filler when unambiguous (180.156959ms)
  ✔ Goal natural-reference resolves the registered Goal when unambiguous (27.705125ms)
  ✔ does not fabricate a unique Scenario from show the Scenario object (18.658791ms)
  ✔ keeps deictic continuity across Inventory then Capacity (52.512791ms)
  ✔ Stage click and Chat natural reference share the same Risk subject (14.372917ms)
  ✔ Explain vs Change remains separated (56.151833ms)
  ✔ Risk explain is concise, executive, and evidence-honest (27.696875ms)
  ✔ progressive follow-up keeps Risk and deepens without dumping (54.894542ms)
  ✔ show risk problem stays ambiguous (8.942958ms)
  ✔ contains no object-specific canned explanation branches (1.152208ms)
✔ NEX-MVP-FINAL:3 Natural Object Reference & Executive Explanation (1324.922542ms)
▶ NEX-MVP-FINAL:3R runtime parity invariants
  ✔ exposes FINAL:3 runtime identities for browser proof (2.226416ms)
  ✔ er→ery is general and does not hard-code Delivery (3.337292ms)
  ✔ browser cert harness cannot pass on couldn't-find Risk Object (0.864583ms)
✔ NEX-MVP-FINAL:3R runtime parity invariants (7.304792ms)
[Topology][Flow] Generating flow layout
[Topology][Flow] Nodes: 8
[Topology][Flow] Connections: 7
[Topology][Flow] Generating flow layout
[Topology][Flow] Nodes: 2
[Topology][Flow] Connections: 1
[Topology][Flow] Generating flow layout
[Topology][Flow] Nodes: 8
[Topology][Flow] Connections: 7
[Topology][Flow] Generating flow layout
[Topology][Flow] Nodes: 2
[Topology][Flow] Connections: 1
[Topology][Flow] Generating flow layout
[Topology][Flow] Nodes: 8
[Topology][Flow] Connections: 7
[Topology][Flow] Generating flow layout
[Topology][Flow] Nodes: 2
[Topology][Flow] Connections: 1
[Topology][Flow] Generating flow layout
[Topology][Flow] Nodes: 8
[Topology][Flow] Connections: 7
[Topology][Flow] Generating flow layout
[Topology][Flow] Nodes: 2
[Topology][Flow] Connections: 1
[Topology][Flow] Generating flow layout
[Topology][Flow] Nodes: 8
[Topology][Flow] Connections: 7
[Topology][Flow] Generating flow layout
[Topology][Flow] Nodes: 2
[Topology][Flow] Connections: 1
[Topology][Flow] Generating flow layout
[Topology][Flow] Nodes: 8
[Topology][Flow] Connections: 7
[Topology][Flow] Generating flow layout
[Topology][Flow] Nodes: 2
[Topology][Flow] Connections: 1
[Topology][Flow] Generating flow layout
[Topology][Flow] Nodes: 8
[Topology][Flow] Connections: 7
[Topology][Flow] Generating flow layout
[Topology][Flow] Nodes: 2
[Topology][Flow] Connections: 1
[Topology][Flow] Generating flow layout
[Topology][Flow] Nodes: 8
[Topology][Flow] Connections: 7
[Topology][Flow] Generating flow layout
[Topology][Flow] Nodes: 2
[Topology][Flow] Connections: 1
[Topology][Flow] Generating flow layout
[Topology][Flow] Nodes: 8
[Topology][Flow] Connections: 7
[Topology][Flow] Generating flow layout
[Topology][Flow] Nodes: 2
[Topology][Flow] Connections: 1
[Topology][Flow] Generating flow layout
[Topology][Flow] Nodes: 8
[Topology][Flow] Connections: 7
[Topology][Flow] Generating flow layout
[Topology][Flow] Nodes: 2
[Topology][Flow] Connections: 1
[Topology][Flow] Generating flow layout
[Topology][Flow] Nodes: 8
[Topology][Flow] Connections: 7
[Topology][Flow] Generating flow layout
[Topology][Flow] Nodes: 2
[Topology][Flow] Connections: 1
[Topology][Flow] Generating flow layout
[Topology][Flow] Nodes: 8
[Topology][Flow] Connections: 7
[Topology][Hub] Generating hub layout
[Topology][Hub] Hub: Delivery
[Topology][Hub] Satellites: 5
[Topology][Hub] Connections: 5
[Topology][Flow] Generating flow layout
[Topology][Flow] Nodes: 8
[Topology][Flow] Connections: 7
[Topology][Hub] Generating hub layout
[Topology][Hub] Hub: Delivery
[Topology][Hub] Satellites: 5
[Topology][Hub] Connections: 5
[Topology][Flow] Generating flow layout
[Topology][Flow] Nodes: 8
[Topology][Flow] Connections: 7
[Topology][Hub] Generating hub layout
[Topology][Hub] Hub: Capacity
[Topology][Hub] Satellites: 5
[Topology][Hub] Connections: 5
[Topology][Flow] Generating flow layout
[Topology][Flow] Nodes: 8
[Topology][Flow] Connections: 7
[Topology][Hub] Generating hub layout
[Topology][Hub] Hub: Capacity
[Topology][Hub] Satellites: 5
[Topology][Hub] Connections: 5
[Topology][Flow] Generating flow layout
[Topology][Flow] Nodes: 8
[Topology][Flow] Connections: 7
[Topology][Flow] Generating flow layout
[Topology][Flow] Nodes: 2
[Topology][Flow] Connections: 1
[Topology][Flow] Generating flow layout
[Topology][Flow] Nodes: 8
[Topology][Flow] Connections: 7
[Topology][Flow] Generating flow layout
[Topology][Flow] Nodes: 2
[Topology][Flow] Connections: 1
[Topology][Flow] Generating flow layout
[Topology][Flow] Nodes: 8
[Topology][Flow] Connections: 7
[Topology][Flow] Generating flow layout
[Topology][Flow] Nodes: 2
[Topology][Flow] Connections: 1
[Topology][Flow] Generating flow layout
[Topology][Flow] Nodes: 8
[Topology][Flow] Connections: 7
[Topology][Flow] Generating flow layout
[Topology][Flow] Nodes: 2
[Topology][Flow] Connections: 1
▶ NEX-MVP-FINAL:4 Executive Investigation Continuity
  ✔ assigns no-action family to explore-scenario, not unknown (88.990375ms)
  ✔ Risk investigation continues through ignore, options, compare, recommend (1509.507708ms)
  ✔ does not hard-code a Risk ignore branch (9.775333ms)
  ✔ works for Delivery, Capacity, and Margin Pressure (449.819834ms)
  ✔ keeps architecture leaks out of manager copy (89.049875ms)
✔ NEX-MVP-FINAL:4 Executive Investigation Continuity (2148.269291ms)
[Topology][Flow] Generating flow layout
[Topology][Flow] Nodes: 8
[Topology][Flow] Connections: 7
[Topology][Hub] Generating hub layout
[Topology][Hub] Hub: Delivery
[Topology][Hub] Satellites: 5
[Topology][Hub] Connections: 5
[Topology][Flow] Generating flow layout
[Topology][Flow] Nodes: 8
[Topology][Flow] Connections: 7
[Topology][Hub] Generating hub layout
[Topology][Hub] Hub: Delivery
[Topology][Hub] Satellites: 5
[Topology][Hub] Connections: 5
[Topology][Flow] Generating flow layout
[Topology][Flow] Nodes: 8
[Topology][Flow] Connections: 7
[Topology][Hub] Generating hub layout
[Topology][Hub] Hub: Delivery
[Topology][Hub] Satellites: 5
[Topology][Hub] Connections: 5
[Topology][Flow] Generating flow layout
[Topology][Flow] Nodes: 8
[Topology][Flow] Connections: 7
[Topology][Hub] Generating hub layout
[Topology][Hub] Hub: Delivery
[Topology][Hub] Satellites: 5
[Topology][Hub] Connections: 5
[Topology][Flow] Generating flow layout
[Topology][Flow] Nodes: 8
[Topology][Flow] Connections: 7
[Topology][Hub] Generating hub layout
[Topology][Hub] Hub: Capacity
[Topology][Hub] Satellites: 5
[Topology][Hub] Connections: 5
[Topology][Flow] Generating flow layout
[Topology][Flow] Nodes: 8
[Topology][Flow] Connections: 7
[Topology][Hub] Generating hub layout
[Topology][Hub] Hub: Capacity
[Topology][Hub] Satellites: 5
[Topology][Hub] Connections: 5
[Topology][Flow] Generating flow layout
[Topology][Flow] Nodes: 8
[Topology][Flow] Connections: 7
[Topology][Hub] Generating hub layout
[Topology][Hub] Hub: Delivery
[Topology][Hub] Satellites: 5
[Topology][Hub] Connections: 5
[Topology][Flow] Generating flow layout
[Topology][Flow] Nodes: 8
[Topology][Flow] Connections: 7
[Topology][Hub] Generating hub layout
[Topology][Hub] Hub: Delivery
[Topology][Hub] Satellites: 5
[Topology][Hub] Connections: 5
[Topology][Flow] Generating flow layout
[Topology][Flow] Nodes: 8
[Topology][Flow] Connections: 7
[Topology][Hub] Generating hub layout
[Topology][Hub] Hub: Delivery
[Topology][Hub] Satellites: 5
[Topology][Hub] Connections: 5
[Topology][Flow] Generating flow layout
[Topology][Flow] Nodes: 8
[Topology][Flow] Connections: 7
[Topology][Hub] Generating hub layout
[Topology][Hub] Hub: Delivery
[Topology][Hub] Satellites: 5
[Topology][Hub] Connections: 5
[Topology][Flow] Generating flow layout
[Topology][Flow] Nodes: 8
[Topology][Flow] Connections: 7
[Topology][Hub] Generating hub layout
[Topology][Hub] Hub: Delivery
[Topology][Hub] Satellites: 5
[Topology][Hub] Connections: 5
[Topology][Flow] Generating flow layout
[Topology][Flow] Nodes: 8
[Topology][Flow] Connections: 7
[Topology][Hub] Generating hub layout
[Topology][Hub] Hub: Delivery
[Topology][Hub] Satellites: 5
[Topology][Hub] Connections: 5
[Topology][Flow] Generating flow layout
[Topology][Flow] Nodes: 8
[Topology][Flow] Connections: 7
[Topology][Hub] Generating hub layout
[Topology][Hub] Hub: Delivery
[Topology][Hub] Satellites: 5
[Topology][Hub] Connections: 5
[Topology][Flow] Generating flow layout
[Topology][Flow] Nodes: 8
[Topology][Flow] Connections: 7
[Topology][Hub] Generating hub layout
[Topology][Hub] Hub: Delivery
[Topology][Hub] Satellites: 5
[Topology][Hub] Connections: 5
[Topology][Flow] Generating flow layout
[Topology][Flow] Nodes: 8
[Topology][Flow] Connections: 7
[Topology][Hub] Generating hub layout
[Topology][Hub] Hub: Delivery
[Topology][Hub] Satellites: 5
[Topology][Hub] Connections: 5
[Topology][Flow] Generating flow layout
[Topology][Flow] Nodes: 8
[Topology][Flow] Connections: 7
[Topology][Hub] Generating hub layout
[Topology][Hub] Hub: Delivery
[Topology][Hub] Satellites: 5
[Topology][Hub] Connections: 5
[Topology][Flow] Generating flow layout
[Topology][Flow] Nodes: 8
[Topology][Flow] Connections: 7
[Topology][Flow] Generating flow layout
[Topology][Flow] Nodes: 2
[Topology][Flow] Connections: 1
[Topology][Flow] Generating flow layout
[Topology][Flow] Nodes: 8
[Topology][Flow] Connections: 7
[Topology][Flow] Generating flow layout
[Topology][Flow] Nodes: 2
[Topology][Flow] Connections: 1
[Topology][Flow] Generating flow layout
[Topology][Flow] Nodes: 8
[Topology][Flow] Connections: 7
[Topology][Flow] Generating flow layout
[Topology][Flow] Nodes: 2
[Topology][Flow] Connections: 1
[Topology][Flow] Generating flow layout
[Topology][Flow] Nodes: 8
[Topology][Flow] Connections: 7
[Topology][Flow] Generating flow layout
[Topology][Flow] Nodes: 2
[Topology][Flow] Connections: 1
[Topology][Flow] Generating flow layout
[Topology][Flow] Nodes: 8
[Topology][Flow] Connections: 7
[Topology][Flow] Generating flow layout
[Topology][Flow] Nodes: 2
[Topology][Flow] Connections: 1
▶ NEX-MVP-FINAL:5 Executive Investigation Intelligence
  ✔ does not collapse Delivery why to a single confirmed cause (968.903084ms)
  ✔ keeps the Delivery investigation after focusing Capacity (252.098458ms)
  ✔ separates evidence, strength, manager-reported provenance, and recommendation uncertainty (840.507ms)
  ✔ reopens a new investigation when the manager asks why on another object (181.4945ms)
  ✔ generalizes to Risk without Delivery-specific conclusions (92.369ms)
  ✔ contains no object-name investigation branches (6.809459ms)
  ✔ resolves why-is-below-target to Delivery (1.124291ms)
✔ NEX-MVP-FINAL:5 Executive Investigation Intelligence (2369.315708ms)
[Topology][Flow] Generating flow layout
[Topology][Flow] Nodes: 8
[Topology][Flow] Connections: 7
[Topology][Flow] Generating flow layout
[Topology][Flow] Nodes: 2
[Topology][Flow] Connections: 1
[Topology][Flow] Generating flow layout
[Topology][Flow] Nodes: 8
[Topology][Flow] Connections: 7
[Topology][Hub] Generating hub layout
[Topology][Hub] Hub: Delivery
[Topology][Hub] Satellites: 5
[Topology][Hub] Connections: 5
[Topology][Flow] Generating flow layout
[Topology][Flow] Nodes: 8
[Topology][Flow] Connections: 7
[Topology][Hub] Generating hub layout
[Topology][Hub] Hub: Delivery
[Topology][Hub] Satellites: 5
[Topology][Hub] Connections: 5
[Topology][Flow] Generating flow layout
[Topology][Flow] Nodes: 8
[Topology][Flow] Connections: 7
[Topology][Hub] Generating hub layout
[Topology][Hub] Hub: Delivery
[Topology][Hub] Satellites: 5
[Topology][Hub] Connections: 5
[Topology][Flow] Generating flow layout
[Topology][Flow] Nodes: 8
[Topology][Flow] Connections: 7
[Topology][Hub] Generating hub layout
[Topology][Hub] Hub: Risk
[Topology][Hub] Satellites: 3
[Topology][Hub] Connections: 3
[Topology][Flow] Generating flow layout
[Topology][Flow] Nodes: 8
[Topology][Flow] Connections: 7
[Topology][Hub] Generating hub layout
[Topology][Hub] Hub: Risk
[Topology][Hub] Satellites: 3
[Topology][Hub] Connections: 3
[Topology][Flow] Generating flow layout
[Topology][Flow] Nodes: 8
[Topology][Flow] Connections: 7
[Topology][Hub] Generating hub layout
[Topology][Hub] Hub: Risk
[Topology][Hub] Satellites: 3
[Topology][Hub] Connections: 3
[Topology][Flow] Generating flow layout
[Topology][Flow] Nodes: 8
[Topology][Flow] Connections: 7
[Topology][Hub] Generating hub layout
[Topology][Hub] Hub: Risk
[Topology][Hub] Satellites: 3
[Topology][Hub] Connections: 3
[Topology][Flow] Generating flow layout
[Topology][Flow] Nodes: 8
[Topology][Flow] Connections: 7
[Topology][Hub] Generating hub layout
[Topology][Hub] Hub: Risk
[Topology][Hub] Satellites: 3
[Topology][Hub] Connections: 3
[Topology][Flow] Generating flow layout
[Topology][Flow] Nodes: 8
[Topology][Flow] Connections: 7
[Topology][Hub] Generating hub layout
[Topology][Hub] Hub: Risk
[Topology][Hub] Satellites: 3
[Topology][Hub] Connections: 3
[Topology][Flow] Generating flow layout
[Topology][Flow] Nodes: 8
[Topology][Flow] Connections: 7
[Topology][Hub] Generating hub layout
[Topology][Hub] Hub: Risk
[Topology][Hub] Satellites: 3
[Topology][Hub] Connections: 3
▶ NEX-MVP-FINAL:6.1 Natural Language Understanding
  ✔ has FINAL:6.1 identity and does not create a second engine (6.169667ms)
  ✔ does not encode unseen certification paraphrases in production NLU (4.225959ms)
  ✔ certifies the NLU corpus without hiding failures (1086.387042ms)
  ✔ generalizes paraphrase groups to compatible operations (245.168459ms)
  ✔ keeps mutated wording stable for Delivery focus (6.152584ms)
  ✔ does not fabricate objects or commitments for negative cases (173.196875ms)
  ✔ distinguishes observations from focus commands (4.365416ms)
  ✔ does not manufacture Focus from an unknown action plus a resolved entity (2.400833ms)
  ✔ retains explicit and entity-only navigation evidence (3.09625ms)
  ✔ classifies challenges without starting trusted-communication 6.4 (3.083375ms)
  ✔ classifies Nexora meta questions without binding KPI as the business object (1.886209ms)
  ✔ resolves future synthetic registered objects (20.266709ms)
  ✔ never overlays suggestion into decision or execution (385.801291ms)
  ✔ routes unseen Delivery focus through existing conversation authorities (134.2525ms)
  ✔ preserves certified regression phrases (601.544875ms)
✔ NEX-MVP-FINAL:6.1 Natural Language Understanding (2680.559125ms)
[Topology][Flow] Generating flow layout
[Topology][Flow] Nodes: 8
[Topology][Flow] Connections: 7
[Topology][Hub] Generating hub layout
[Topology][Hub] Hub: Delivery
[Topology][Hub] Satellites: 5
[Topology][Hub] Connections: 5
[Topology][Flow] Generating flow layout
[Topology][Flow] Nodes: 8
[Topology][Flow] Connections: 7
[Topology][Hub] Generating hub layout
[Topology][Hub] Hub: Delivery
[Topology][Hub] Satellites: 5
[Topology][Hub] Connections: 5
[Topology][Flow] Generating flow layout
[Topology][Flow] Nodes: 8
[Topology][Flow] Connections: 7
[Topology][Hub] Generating hub layout
[Topology][Hub] Hub: Capacity
[Topology][Hub] Satellites: 5
[Topology][Hub] Connections: 5
[Topology][Flow] Generating flow layout
[Topology][Flow] Nodes: 8
[Topology][Flow] Connections: 7
[Topology][Hub] Generating hub layout
[Topology][Hub] Hub: Capacity
[Topology][Hub] Satellites: 5
[Topology][Hub] Connections: 5
[Topology][Flow] Generating flow layout
[Topology][Flow] Nodes: 8
[Topology][Flow] Connections: 7
[Topology][Flow] Generating flow layout
[Topology][Flow] Nodes: 2
[Topology][Flow] Connections: 1
[Topology][Flow] Generating flow layout
[Topology][Flow] Nodes: 8
[Topology][Flow] Connections: 7
[Topology][Flow] Generating flow layout
[Topology][Flow] Nodes: 2
[Topology][Flow] Connections: 1
[Topology][Flow] Generating flow layout
[Topology][Flow] Nodes: 8
[Topology][Flow] Connections: 7
[Topology][Hub] Generating hub layout
[Topology][Hub] Hub: Delivery
[Topology][Hub] Satellites: 5
[Topology][Hub] Connections: 5
[Topology][Flow] Generating flow layout
[Topology][Flow] Nodes: 8
[Topology][Flow] Connections: 7
[Topology][Hub] Generating hub layout
[Topology][Hub] Hub: Delivery
[Topology][Hub] Satellites: 5
[Topology][Hub] Connections: 5
[Topology][Flow] Generating flow layout
[Topology][Flow] Nodes: 8
[Topology][Flow] Connections: 7
[Topology][Hub] Generating hub layout
[Topology][Hub] Hub: Delivery
[Topology][Hub] Satellites: 5
[Topology][Hub] Connections: 5
[Topology][Flow] Generating flow layout
[Topology][Flow] Nodes: 8
[Topology][Flow] Connections: 7
[Topology][Flow] Generating flow layout
[Topology][Flow] Nodes: 2
[Topology][Flow] Connections: 1
[Topology][Flow] Generating flow layout
[Topology][Flow] Nodes: 8
[Topology][Flow] Connections: 7
[Topology][Flow] Generating flow layout
[Topology][Flow] Nodes: 2
[Topology][Flow] Connections: 1
[Topology][Flow] Generating flow layout
[Topology][Flow] Nodes: 8
[Topology][Flow] Connections: 7
[Topology][Flow] Generating flow layout
[Topology][Flow] Nodes: 2
[Topology][Flow] Connections: 1
[Topology][Flow] Generating flow layout
[Topology][Flow] Nodes: 8
[Topology][Flow] Connections: 7
[Topology][Hub] Generating hub layout
[Topology][Hub] Hub: Delivery
[Topology][Hub] Satellites: 5
[Topology][Hub] Connections: 5
[Topology][Flow] Generating flow layout
[Topology][Flow] Nodes: 8
[Topology][Flow] Connections: 7
[Topology][Hub] Generating hub layout
[Topology][Hub] Hub: Delivery
[Topology][Hub] Satellites: 5
[Topology][Hub] Connections: 5
[Topology][Flow] Generating flow layout
[Topology][Flow] Nodes: 8
[Topology][Flow] Connections: 7
[Topology][Hub] Generating hub layout
[Topology][Hub] Hub: Delivery
[Topology][Hub] Satellites: 5
[Topology][Hub] Connections: 5
[Topology][Flow] Generating flow layout
[Topology][Flow] Nodes: 8
[Topology][Flow] Connections: 7
[Topology][Hub] Generating hub layout
[Topology][Hub] Hub: Delivery
[Topology][Hub] Satellites: 5
[Topology][Hub] Connections: 5
[Topology][Flow] Generating flow layout
[Topology][Flow] Nodes: 8
[Topology][Flow] Connections: 7
[Topology][Hub] Generating hub layout
[Topology][Hub] Hub: Delivery
[Topology][Hub] Satellites: 5
[Topology][Hub] Connections: 5
[Topology][Flow] Generating flow layout
[Topology][Flow] Nodes: 8
[Topology][Flow] Connections: 7
[Topology][Hub] Generating hub layout
[Topology][Hub] Hub: Delivery
[Topology][Hub] Satellites: 5
[Topology][Hub] Connections: 5
[Topology][Flow] Generating flow layout
[Topology][Flow] Nodes: 8
[Topology][Flow] Connections: 7
[Topology][Hub] Generating hub layout
[Topology][Hub] Hub: Delivery
[Topology][Hub] Satellites: 5
[Topology][Hub] Connections: 5
[Topology][Flow] Generating flow layout
[Topology][Flow] Nodes: 8
[Topology][Flow] Connections: 7
[Topology][Hub] Generating hub layout
[Topology][Hub] Hub: Delivery
[Topology][Hub] Satellites: 5
[Topology][Hub] Connections: 5
[Topology][Flow] Generating flow layout
[Topology][Flow] Nodes: 8
[Topology][Flow] Connections: 7
[Topology][Hub] Generating hub layout
[Topology][Hub] Hub: Delivery
[Topology][Hub] Satellites: 5
[Topology][Hub] Connections: 5
[Topology][Flow] Generating flow layout
[Topology][Flow] Nodes: 8
[Topology][Flow] Connections: 7
[Topology][Hub] Generating hub layout
[Topology][Hub] Hub: Delivery
[Topology][Hub] Satellites: 5
[Topology][Hub] Connections: 5
[Topology][Flow] Generating flow layout
[Topology][Flow] Nodes: 8
[Topology][Flow] Connections: 7
[Topology][Hub] Generating hub layout
[Topology][Hub] Hub: Delivery
[Topology][Hub] Satellites: 5
[Topology][Hub] Connections: 5
[Topology][Flow] Generating flow layout
[Topology][Flow] Nodes: 8
[Topology][Flow] Connections: 7
[Topology][Flow] Generating flow layout
[Topology][Flow] Nodes: 2
[Topology][Flow] Connections: 1
[Topology][Flow] Generating flow layout
[Topology][Flow] Nodes: 8
[Topology][Flow] Connections: 7
[Topology][Flow] Generating flow layout
[Topology][Flow] Nodes: 2
[Topology][Flow] Connections: 1
[Topology][Flow] Generating flow layout
[Topology][Flow] Nodes: 8
[Topology][Flow] Connections: 7
[Topology][Flow] Generating flow layout
[Topology][Flow] Nodes: 2
[Topology][Flow] Connections: 1
[Topology][Flow] Generating flow layout
[Topology][Flow] Nodes: 8
[Topology][Flow] Connections: 7
[Topology][Flow] Generating flow layout
[Topology][Flow] Nodes: 2
[Topology][Flow] Connections: 1
[Topology][Flow] Generating flow layout
[Topology][Flow] Nodes: 8
[Topology][Flow] Connections: 7
[Topology][Hub] Generating hub layout
[Topology][Hub] Hub: Capacity
[Topology][Hub] Satellites: 5
[Topology][Hub] Connections: 5
[Topology][Flow] Generating flow layout
[Topology][Flow] Nodes: 8
[Topology][Flow] Connections: 7
[Topology][Hub] Generating hub layout
[Topology][Hub] Hub: Capacity
[Topology][Hub] Satellites: 5
[Topology][Hub] Connections: 5
[Topology][Flow] Generating flow layout
[Topology][Flow] Nodes: 8
[Topology][Flow] Connections: 7
[Topology][Hub] Generating hub layout
[Topology][Hub] Hub: Delivery
[Topology][Hub] Satellites: 5
[Topology][Hub] Connections: 5
[Topology][Flow] Generating flow layout
[Topology][Flow] Nodes: 8
[Topology][Flow] Connections: 7
[Topology][Hub] Generating hub layout
[Topology][Hub] Hub: Capacity
[Topology][Hub] Satellites: 5
[Topology][Hub] Connections: 5
[Topology][Flow] Generating flow layout
[Topology][Flow] Nodes: 8
[Topology][Flow] Connections: 7
[Topology][Hub] Generating hub layout
[Topology][Hub] Hub: Delivery
[Topology][Hub] Satellites: 5
[Topology][Hub] Connections: 5
[Topology][Flow] Generating flow layout
[Topology][Flow] Nodes: 8
[Topology][Flow] Connections: 7
[Topology][Hub] Generating hub layout
[Topology][Hub] Hub: Delivery
[Topology][Hub] Satellites: 5
[Topology][Hub] Connections: 5
[Topology][Flow] Generating flow layout
[Topology][Flow] Nodes: 8
[Topology][Flow] Connections: 7
[Topology][Hub] Generating hub layout
[Topology][Hub] Hub: Delivery
[Topology][Hub] Satellites: 5
[Topology][Hub] Connections: 5
[Topology][Flow] Generating flow layout
[Topology][Flow] Nodes: 8
[Topology][Flow] Connections: 7
[Topology][Flow] Generating flow layout
[Topology][Flow] Nodes: 2
[Topology][Flow] Connections: 1
[Topology][Flow] Generating flow layout
[Topology][Flow] Nodes: 8
[Topology][Flow] Connections: 7
[Topology][Flow] Generating flow layout
[Topology][Flow] Nodes: 2
[Topology][Flow] Connections: 1
[Topology][Flow] Generating flow layout
[Topology][Flow] Nodes: 8
[Topology][Flow] Connections: 7
[Topology][Hub] Generating hub layout
[Topology][Hub] Hub: Risk
[Topology][Hub] Satellites: 3
[Topology][Hub] Connections: 3
[Topology][Flow] Generating flow layout
[Topology][Flow] Nodes: 8
[Topology][Flow] Connections: 7
[Topology][Hub] Generating hub layout
[Topology][Hub] Hub: Risk
[Topology][Hub] Satellites: 3
[Topology][Hub] Connections: 3
[Topology][Flow] Generating flow layout
[Topology][Flow] Nodes: 8
[Topology][Flow] Connections: 7
[Topology][Flow] Generating flow layout
[Topology][Flow] Nodes: 2
[Topology][Flow] Connections: 1
[Topology][Flow] Generating flow layout
[Topology][Flow] Nodes: 8
[Topology][Flow] Connections: 7
[Topology][Flow] Generating flow layout
[Topology][Flow] Nodes: 2
[Topology][Flow] Connections: 1
[Topology][Flow] Generating flow layout
[Topology][Flow] Nodes: 8
[Topology][Flow] Connections: 7
[Topology][Hub] Generating hub layout
[Topology][Hub] Hub: Delivery
[Topology][Hub] Satellites: 5
[Topology][Hub] Connections: 5
[Topology][Flow] Generating flow layout
[Topology][Flow] Nodes: 8
[Topology][Flow] Connections: 7
[Topology][Hub] Generating hub layout
[Topology][Hub] Hub: Delivery
[Topology][Hub] Satellites: 5
[Topology][Hub] Connections: 5
[Topology][Flow] Generating flow layout
[Topology][Flow] Nodes: 8
[Topology][Flow] Connections: 7
[Topology][Hub] Generating hub layout
[Topology][Hub] Hub: Delivery
[Topology][Hub] Satellites: 5
[Topology][Hub] Connections: 5
[Topology][Flow] Generating flow layout
[Topology][Flow] Nodes: 8
[Topology][Flow] Connections: 7
[Topology][Flow] Generating flow layout
[Topology][Flow] Nodes: 2
[Topology][Flow] Connections: 1
[Topology][Flow] Generating flow layout
[Topology][Flow] Nodes: 8
[Topology][Flow] Connections: 7
[Topology][Flow] Generating flow layout
[Topology][Flow] Nodes: 2
[Topology][Flow] Connections: 1
[Topology][Flow] Generating flow layout
[Topology][Flow] Nodes: 8
[Topology][Flow] Connections: 7
[Topology][Flow] Generating flow layout
[Topology][Flow] Nodes: 2
[Topology][Flow] Connections: 1
[Topology][Flow] Generating flow layout
[Topology][Flow] Nodes: 8
[Topology][Flow] Connections: 7
[Topology][Flow] Generating flow layout
[Topology][Flow] Nodes: 2
[Topology][Flow] Connections: 1
[Topology][Flow] Generating flow layout
[Topology][Flow] Nodes: 8
[Topology][Flow] Connections: 7
[Topology][Flow] Generating flow layout
[Topology][Flow] Nodes: 2
[Topology][Flow] Connections: 1
[Topology][Flow] Generating flow layout
[Topology][Flow] Nodes: 8
[Topology][Flow] Connections: 7
[Topology][Flow] Generating flow layout
[Topology][Flow] Nodes: 2
[Topology][Flow] Connections: 1
[Topology][Flow] Generating flow layout
[Topology][Flow] Nodes: 8
[Topology][Flow] Connections: 7
[Topology][Flow] Generating flow layout
[Topology][Flow] Nodes: 2
[Topology][Flow] Connections: 1
[Topology][Flow] Generating flow layout
[Topology][Flow] Nodes: 8
[Topology][Flow] Connections: 7
[Topology][Flow] Generating flow layout
[Topology][Flow] Nodes: 2
[Topology][Flow] Connections: 1
[Topology][Flow] Generating flow layout
[Topology][Flow] Nodes: 8
[Topology][Flow] Connections: 7
[Topology][Flow] Generating flow layout
[Topology][Flow] Nodes: 2
[Topology][Flow] Connections: 1
[Topology][Flow] Generating flow layout
[Topology][Flow] Nodes: 8
[Topology][Flow] Connections: 7
[Topology][Flow] Generating flow layout
[Topology][Flow] Nodes: 2
[Topology][Flow] Connections: 1
[Topology][Flow] Generating flow layout
[Topology][Flow] Nodes: 8
[Topology][Flow] Connections: 7
[Topology][Flow] Generating flow layout
[Topology][Flow] Nodes: 2
[Topology][Flow] Connections: 1
[Topology][Flow] Generating flow layout
[Topology][Flow] Nodes: 8
[Topology][Flow] Connections: 7
[Topology][Flow] Generating flow layout
[Topology][Flow] Nodes: 2
[Topology][Flow] Connections: 1
[Topology][Flow] Generating flow layout
[Topology][Flow] Nodes: 8
[Topology][Flow] Connections: 7
[Topology][Flow] Generating flow layout
[Topology][Flow] Nodes: 2
[Topology][Flow] Connections: 1
[Topology][Flow] Generating flow layout
[Topology][Flow] Nodes: 8
[Topology][Flow] Connections: 7
[Topology][Hub] Generating hub layout
[Topology][Hub] Hub: Delivery
[Topology][Hub] Satellites: 5
[Topology][Hub] Connections: 5
[Topology][Flow] Generating flow layout
[Topology][Flow] Nodes: 8
[Topology][Flow] Connections: 7
[Topology][Hub] Generating hub layout
[Topology][Hub] Hub: Delivery
[Topology][Hub] Satellites: 5
[Topology][Hub] Connections: 5
[Topology][Flow] Generating flow layout
[Topology][Flow] Nodes: 8
[Topology][Flow] Connections: 7
[Topology][Hub] Generating hub layout
[Topology][Hub] Hub: Delivery
[Topology][Hub] Satellites: 5
[Topology][Hub] Connections: 5
[Topology][Flow] Generating flow layout
[Topology][Flow] Nodes: 8
[Topology][Flow] Connections: 7
[Topology][Flow] Generating flow layout
[Topology][Flow] Nodes: 2
[Topology][Flow] Connections: 1
[Topology][Flow] Generating flow layout
[Topology][Flow] Nodes: 8
[Topology][Flow] Connections: 7
[Topology][Flow] Generating flow layout
[Topology][Flow] Nodes: 2
[Topology][Flow] Connections: 1
[Topology][Flow] Generating flow layout
[Topology][Flow] Nodes: 8
[Topology][Flow] Connections: 7
[Topology][Flow] Generating flow layout
[Topology][Flow] Nodes: 2
[Topology][Flow] Connections: 1
[Topology][Flow] Generating flow layout
[Topology][Flow] Nodes: 8
[Topology][Flow] Connections: 7
[Topology][Flow] Generating flow layout
[Topology][Flow] Nodes: 2
[Topology][Flow] Connections: 1
[Topology][Flow] Generating flow layout
[Topology][Flow] Nodes: 8
[Topology][Flow] Connections: 7
[Topology][Hub] Generating hub layout
[Topology][Hub] Hub: Delivery
[Topology][Hub] Satellites: 5
[Topology][Hub] Connections: 5
[Topology][Flow] Generating flow layout
[Topology][Flow] Nodes: 8
[Topology][Flow] Connections: 7
[Topology][Hub] Generating hub layout
[Topology][Hub] Hub: Delivery
[Topology][Hub] Satellites: 5
[Topology][Hub] Connections: 5
[Topology][Flow] Generating flow layout
[Topology][Flow] Nodes: 8
[Topology][Flow] Connections: 7
[Topology][Hub] Generating hub layout
[Topology][Hub] Hub: Delivery
[Topology][Hub] Satellites: 5
[Topology][Hub] Connections: 5
[Topology][Flow] Generating flow layout
[Topology][Flow] Nodes: 8
[Topology][Flow] Connections: 7
[Topology][Flow] Generating flow layout
[Topology][Flow] Nodes: 2
[Topology][Flow] Connections: 1
[Topology][Flow] Generating flow layout
[Topology][Flow] Nodes: 8
[Topology][Flow] Connections: 7
[Topology][Flow] Generating flow layout
[Topology][Flow] Nodes: 2
[Topology][Flow] Connections: 1
[Topology][Flow] Generating flow layout
[Topology][Flow] Nodes: 8
[Topology][Flow] Connections: 7
[Topology][Flow] Generating flow layout
[Topology][Flow] Nodes: 2
[Topology][Flow] Connections: 1
[Topology][Flow] Generating flow layout
[Topology][Flow] Nodes: 8
[Topology][Flow] Connections: 7
[Topology][Hub] Generating hub layout
[Topology][Hub] Hub: Delivery
[Topology][Hub] Satellites: 5
[Topology][Hub] Connections: 5
[Topology][Flow] Generating flow layout
[Topology][Flow] Nodes: 8
[Topology][Flow] Connections: 7
[Topology][Hub] Generating hub layout
[Topology][Hub] Hub: Capacity
[Topology][Hub] Satellites: 5
[Topology][Hub] Connections: 5
[Topology][Flow] Generating flow layout
[Topology][Flow] Nodes: 8
[Topology][Flow] Connections: 7
[Topology][Hub] Generating hub layout
[Topology][Hub] Hub: Capacity
[Topology][Hub] Satellites: 5
[Topology][Hub] Connections: 5
[Topology][Flow] Generating flow layout
[Topology][Flow] Nodes: 8
[Topology][Flow] Connections: 7
[Topology][Flow] Generating flow layout
[Topology][Flow] Nodes: 2
[Topology][Flow] Connections: 1
[Topology][Flow] Generating flow layout
[Topology][Flow] Nodes: 8
[Topology][Flow] Connections: 7
[Topology][Flow] Generating flow layout
[Topology][Flow] Nodes: 2
[Topology][Flow] Connections: 1
[Topology][Flow] Generating flow layout
[Topology][Flow] Nodes: 8
[Topology][Flow] Connections: 7
[Topology][Flow] Generating flow layout
[Topology][Flow] Nodes: 2
[Topology][Flow] Connections: 1
[Topology][Flow] Generating flow layout
[Topology][Flow] Nodes: 8
[Topology][Flow] Connections: 7
[Topology][Flow] Generating flow layout
[Topology][Flow] Nodes: 2
[Topology][Flow] Connections: 1
[Topology][Flow] Generating flow layout
[Topology][Flow] Nodes: 8
[Topology][Flow] Connections: 7
[Topology][Flow] Generating flow layout
[Topology][Flow] Nodes: 2
[Topology][Flow] Connections: 1
[Topology][Flow] Generating flow layout
[Topology][Flow] Nodes: 8
[Topology][Flow] Connections: 7
[Topology][Hub] Generating hub layout
[Topology][Hub] Hub: Capacity
[Topology][Hub] Satellites: 5
[Topology][Hub] Connections: 5
[Topology][Flow] Generating flow layout
[Topology][Flow] Nodes: 8
[Topology][Flow] Connections: 7
[Topology][Hub] Generating hub layout
[Topology][Hub] Hub: Capacity
[Topology][Hub] Satellites: 5
[Topology][Hub] Connections: 5
[Topology][Flow] Generating flow layout
[Topology][Flow] Nodes: 8
[Topology][Flow] Connections: 7
[Topology][Hub] Generating hub layout
[Topology][Hub] Hub: Capacity
[Topology][Hub] Satellites: 5
[Topology][Hub] Connections: 5
[Topology][Flow] Generating flow layout
[Topology][Flow] Nodes: 8
[Topology][Flow] Connections: 7
[Topology][Flow] Generating flow layout
[Topology][Flow] Nodes: 2
[Topology][Flow] Connections: 1
[Topology][Flow] Generating flow layout
[Topology][Flow] Nodes: 8
[Topology][Flow] Connections: 7
[Topology][Flow] Generating flow layout
[Topology][Flow] Nodes: 2
[Topology][Flow] Connections: 1
[Topology][Flow] Generating flow layout
[Topology][Flow] Nodes: 8
[Topology][Flow] Connections: 7
[Topology][Flow] Generating flow layout
[Topology][Flow] Nodes: 2
[Topology][Flow] Connections: 1
[Topology][Flow] Generating flow layout
[Topology][Flow] Nodes: 8
[Topology][Flow] Connections: 7
[Topology][Flow] Generating flow layout
[Topology][Flow] Nodes: 2
[Topology][Flow] Connections: 1
[Topology][Flow] Generating flow layout
[Topology][Flow] Nodes: 8
[Topology][Flow] Connections: 7
[Topology][Flow] Generating flow layout
[Topology][Flow] Nodes: 2
[Topology][Flow] Connections: 1
[Topology][Flow] Generating flow layout
[Topology][Flow] Nodes: 8
[Topology][Flow] Connections: 7
[Topology][Flow] Generating flow layout
[Topology][Flow] Nodes: 2
[Topology][Flow] Connections: 1
[Topology][Flow] Generating flow layout
[Topology][Flow] Nodes: 8
[Topology][Flow] Connections: 7
[Topology][Flow] Generating flow layout
[Topology][Flow] Nodes: 2
[Topology][Flow] Connections: 1
[Topology][Flow] Generating flow layout
[Topology][Flow] Nodes: 8
[Topology][Flow] Connections: 7
[Topology][Flow] Generating flow layout
[Topology][Flow] Nodes: 2
[Topology][Flow] Connections: 1
[Topology][Flow] Generating flow layout
[Topology][Flow] Nodes: 8
[Topology][Flow] Connections: 7
[Topology][Hub] Generating hub layout
[Topology][Hub] Hub: Delivery
[Topology][Hub] Satellites: 5
[Topology][Hub] Connections: 5
[Topology][Flow] Generating flow layout
[Topology][Flow] Nodes: 8
[Topology][Flow] Connections: 7
[Topology][Hub] Generating hub layout
[Topology][Hub] Hub: Delivery
[Topology][Hub] Satellites: 5
[Topology][Hub] Connections: 5
[Topology][Flow] Generating flow layout
[Topology][Flow] Nodes: 8
[Topology][Flow] Connections: 7
[Topology][Hub] Generating hub layout
[Topology][Hub] Hub: Delivery
[Topology][Hub] Satellites: 5
[Topology][Hub] Connections: 5
[Topology][Flow] Generating flow layout
[Topology][Flow] Nodes: 8
[Topology][Flow] Connections: 7
[Topology][Hub] Generating hub layout
[Topology][Hub] Hub: Delivery
[Topology][Hub] Satellites: 5
[Topology][Hub] Connections: 5
[Topology][Flow] Generating flow layout
[Topology][Flow] Nodes: 8
[Topology][Flow] Connections: 7
[Topology][Hub] Generating hub layout
[Topology][Hub] Hub: Delivery
[Topology][Hub] Satellites: 5
[Topology][Hub] Connections: 5
[Topology][Flow] Generating flow layout
[Topology][Flow] Nodes: 8
[Topology][Flow] Connections: 7
[Topology][Hub] Generating hub layout
[Topology][Hub] Hub: Delivery
[Topology][Hub] Satellites: 5
[Topology][Hub] Connections: 5
[Topology][Flow] Generating flow layout
[Topology][Flow] Nodes: 8
[Topology][Flow] Connections: 7
[Topology][Hub] Generating hub layout
[Topology][Hub] Hub: Capacity
[Topology][Hub] Satellites: 5
[Topology][Hub] Connections: 5
[Topology][Flow] Generating flow layout
[Topology][Flow] Nodes: 8
[Topology][Flow] Connections: 7
[Topology][Hub] Generating hub layout
[Topology][Hub] Hub: Capacity
[Topology][Hub] Satellites: 5
[Topology][Hub] Connections: 5
[Topology][Flow] Generating flow layout
[Topology][Flow] Nodes: 8
[Topology][Flow] Connections: 7
[Topology][Hub] Generating hub layout
[Topology][Hub] Hub: Capacity
[Topology][Hub] Satellites: 5
[Topology][Hub] Connections: 5
[Topology][Flow] Generating flow layout
[Topology][Flow] Nodes: 8
[Topology][Flow] Connections: 7
[Topology][Flow] Generating flow layout
[Topology][Flow] Nodes: 2
[Topology][Flow] Connections: 1
[Topology][Flow] Generating flow layout
[Topology][Flow] Nodes: 8
[Topology][Flow] Connections: 7
[Topology][Flow] Generating flow layout
[Topology][Flow] Nodes: 2
[Topology][Flow] Connections: 1
[Topology][Flow] Generating flow layout
[Topology][Flow] Nodes: 8
[Topology][Flow] Connections: 7
[Topology][Flow] Generating flow layout
[Topology][Flow] Nodes: 2
[Topology][Flow] Connections: 1
[Topology][Flow] Generating flow layout
[Topology][Flow] Nodes: 8
[Topology][Flow] Connections: 7
[Topology][Hub] Generating hub layout
[Topology][Hub] Hub: Delivery
[Topology][Hub] Satellites: 5
[Topology][Hub] Connections: 5
[Topology][Flow] Generating flow layout
[Topology][Flow] Nodes: 8
[Topology][Flow] Connections: 7
[Topology][Hub] Generating hub layout
[Topology][Hub] Hub: Delivery
[Topology][Hub] Satellites: 5
[Topology][Hub] Connections: 5
[Topology][Flow] Generating flow layout
[Topology][Flow] Nodes: 8
[Topology][Flow] Connections: 7
[Topology][Hub] Generating hub layout
[Topology][Hub] Hub: Delivery
[Topology][Hub] Satellites: 5
[Topology][Hub] Connections: 5
[Topology][Flow] Generating flow layout
[Topology][Flow] Nodes: 8
[Topology][Flow] Connections: 7
[Topology][Hub] Generating hub layout
[Topology][Hub] Hub: Delivery
[Topology][Hub] Satellites: 5
[Topology][Hub] Connections: 5
[Topology][Flow] Generating flow layout
[Topology][Flow] Nodes: 8
[Topology][Flow] Connections: 7
[Topology][Flow] Generating flow layout
[Topology][Flow] Nodes: 2
[Topology][Flow] Connections: 1
[Topology][Flow] Generating flow layout
[Topology][Flow] Nodes: 8
[Topology][Flow] Connections: 7
[Topology][Flow] Generating flow layout
[Topology][Flow] Nodes: 2
[Topology][Flow] Connections: 1
[Topology][Flow] Generating flow layout
[Topology][Flow] Nodes: 8
[Topology][Flow] Connections: 7
[Topology][Flow] Generating flow layout
[Topology][Flow] Nodes: 2
[Topology][Flow] Connections: 1
[Topology][Flow] Generating flow layout
[Topology][Flow] Nodes: 8
[Topology][Flow] Connections: 7
[Topology][Flow] Generating flow layout
[Topology][Flow] Nodes: 2
[Topology][Flow] Connections: 1
[Topology][Flow] Generating flow layout
[Topology][Flow] Nodes: 8
[Topology][Flow] Connections: 7
[Topology][Flow] Generating flow layout
[Topology][Flow] Nodes: 2
[Topology][Flow] Connections: 1
[Topology][Flow] Generating flow layout
[Topology][Flow] Nodes: 8
[Topology][Flow] Connections: 7
[Topology][Flow] Generating flow layout
[Topology][Flow] Nodes: 2
[Topology][Flow] Connections: 1
[Topology][Flow] Generating flow layout
[Topology][Flow] Nodes: 8
[Topology][Flow] Connections: 7
[Topology][Flow] Generating flow layout
[Topology][Flow] Nodes: 2
[Topology][Flow] Connections: 1
[Topology][Flow] Generating flow layout
[Topology][Flow] Nodes: 8
[Topology][Flow] Connections: 7
[Topology][Flow] Generating flow layout
[Topology][Flow] Nodes: 2
[Topology][Flow] Connections: 1
[Topology][Flow] Generating flow layout
[Topology][Flow] Nodes: 8
[Topology][Flow] Connections: 7
[Topology][Hub] Generating hub layout
[Topology][Hub] Hub: Delivery
[Topology][Hub] Satellites: 5
[Topology][Hub] Connections: 5
[Topology][Flow] Generating flow layout
[Topology][Flow] Nodes: 8
[Topology][Flow] Connections: 7
[Topology][Hub] Generating hub layout
[Topology][Hub] Hub: Delivery
[Topology][Hub] Satellites: 5
[Topology][Hub] Connections: 5
[Topology][Flow] Generating flow layout
[Topology][Flow] Nodes: 8
[Topology][Flow] Connections: 7
[Topology][Hub] Generating hub layout
[Topology][Hub] Hub: Delivery
[Topology][Hub] Satellites: 5
[Topology][Hub] Connections: 5
[Topology][Flow] Generating flow layout
[Topology][Flow] Nodes: 8
[Topology][Flow] Connections: 7
[Topology][Hub] Generating hub layout
[Topology][Hub] Hub: Delivery
[Topology][Hub] Satellites: 5
[Topology][Hub] Connections: 5
[Topology][Flow] Generating flow layout
[Topology][Flow] Nodes: 8
[Topology][Flow] Connections: 7
[Topology][Hub] Generating hub layout
[Topology][Hub] Hub: Delivery
[Topology][Hub] Satellites: 5
[Topology][Hub] Connections: 5
[Topology][Flow] Generating flow layout
[Topology][Flow] Nodes: 8
[Topology][Flow] Connections: 7
[Topology][Hub] Generating hub layout
[Topology][Hub] Hub: Delivery
[Topology][Hub] Satellites: 5
[Topology][Hub] Connections: 5
[Topology][Flow] Generating flow layout
[Topology][Flow] Nodes: 8
[Topology][Flow] Connections: 7
[Topology][Hub] Generating hub layout
[Topology][Hub] Hub: Delivery
[Topology][Hub] Satellites: 5
[Topology][Hub] Connections: 5
[Topology][Flow] Generating flow layout
[Topology][Flow] Nodes: 8
[Topology][Flow] Connections: 7
[Topology][Hub] Generating hub layout
[Topology][Hub] Hub: Delivery
[Topology][Hub] Satellites: 5
[Topology][Hub] Connections: 5
[Topology][Flow] Generating flow layout
[Topology][Flow] Nodes: 8
[Topology][Flow] Connections: 7
[Topology][Hub] Generating hub layout
[Topology][Hub] Hub: Delivery
[Topology][Hub] Satellites: 5
[Topology][Hub] Connections: 5
[Topology][Flow] Generating flow layout
[Topology][Flow] Nodes: 8
[Topology][Flow] Connections: 7
[Topology][Hub] Generating hub layout
[Topology][Hub] Hub: Delivery
[Topology][Hub] Satellites: 5
[Topology][Hub] Connections: 5
[Topology][Flow] Generating flow layout
[Topology][Flow] Nodes: 8
[Topology][Flow] Connections: 7
[Topology][Hub] Generating hub layout
[Topology][Hub] Hub: Delivery
[Topology][Hub] Satellites: 5
[Topology][Hub] Connections: 5
[Topology][Flow] Generating flow layout
[Topology][Flow] Nodes: 8
[Topology][Flow] Connections: 7
[Topology][Hub] Generating hub layout
[Topology][Hub] Hub: Delivery
[Topology][Hub] Satellites: 5
[Topology][Hub] Connections: 5
[Topology][Flow] Generating flow layout
[Topology][Flow] Nodes: 8
[Topology][Flow] Connections: 7
[Topology][Hub] Generating hub layout
[Topology][Hub] Hub: Delivery
[Topology][Hub] Satellites: 5
[Topology][Hub] Connections: 5
[Topology][Flow] Generating flow layout
[Topology][Flow] Nodes: 8
[Topology][Flow] Connections: 7
[Topology][Hub] Generating hub layout
[Topology][Hub] Hub: Delivery
[Topology][Hub] Satellites: 5
[Topology][Hub] Connections: 5
[Topology][Flow] Generating flow layout
[Topology][Flow] Nodes: 8
[Topology][Flow] Connections: 7
[Topology][Hub] Generating hub layout
[Topology][Hub] Hub: Delivery
[Topology][Hub] Satellites: 5
[Topology][Hub] Connections: 5
[Topology][Flow] Generating flow layout
[Topology][Flow] Nodes: 8
[Topology][Flow] Connections: 7
[Topology][Hub] Generating hub layout
[Topology][Hub] Hub: Delivery
[Topology][Hub] Satellites: 5
[Topology][Hub] Connections: 5
[Topology][Flow] Generating flow layout
[Topology][Flow] Nodes: 8
[Topology][Flow] Connections: 7
[Topology][Hub] Generating hub layout
[Topology][Hub] Hub: Delivery
[Topology][Hub] Satellites: 5
[Topology][Hub] Connections: 5
[Topology][Flow] Generating flow layout
[Topology][Flow] Nodes: 8
[Topology][Flow] Connections: 7
[Topology][Hub] Generating hub layout
[Topology][Hub] Hub: Delivery
[Topology][Hub] Satellites: 5
[Topology][Hub] Connections: 5
[Topology][Flow] Generating flow layout
[Topology][Flow] Nodes: 8
[Topology][Flow] Connections: 7
[Topology][Hub] Generating hub layout
[Topology][Hub] Hub: Delivery
[Topology][Hub] Satellites: 5
[Topology][Hub] Connections: 5
[Topology][Flow] Generating flow layout
[Topology][Flow] Nodes: 8
[Topology][Flow] Connections: 7
[Topology][Flow] Generating flow layout
[Topology][Flow] Nodes: 2
[Topology][Flow] Connections: 1
[Topology][Flow] Generating flow layout
[Topology][Flow] Nodes: 8
[Topology][Flow] Connections: 7
[Topology][Flow] Generating flow layout
[Topology][Flow] Nodes: 2
[Topology][Flow] Connections: 1
[Topology][Flow] Generating flow layout
[Topology][Flow] Nodes: 8
[Topology][Flow] Connections: 7
[Topology][Flow] Generating flow layout
[Topology][Flow] Nodes: 2
[Topology][Flow] Connections: 1
[Topology][Flow] Generating flow layout
[Topology][Flow] Nodes: 8
[Topology][Flow] Connections: 7
[Topology][Hub] Generating hub layout
[Topology][Hub] Hub: Risk
[Topology][Hub] Satellites: 3
[Topology][Hub] Connections: 3
[Topology][Flow] Generating flow layout
[Topology][Flow] Nodes: 8
[Topology][Flow] Connections: 7
[Topology][Hub] Generating hub layout
[Topology][Hub] Hub: Risk
[Topology][Hub] Satellites: 3
[Topology][Hub] Connections: 3
[Topology][Flow] Generating flow layout
[Topology][Flow] Nodes: 8
[Topology][Flow] Connections: 7
[Topology][Hub] Generating hub layout
[Topology][Hub] Hub: Risk
[Topology][Hub] Satellites: 3
[Topology][Hub] Connections: 3
[Topology][Flow] Generating flow layout
[Topology][Flow] Nodes: 8
[Topology][Flow] Connections: 7
[Topology][Hub] Generating hub layout
[Topology][Hub] Hub: Risk
[Topology][Hub] Satellites: 3
[Topology][Hub] Connections: 3
[Topology][Flow] Generating flow layout
[Topology][Flow] Nodes: 8
[Topology][Flow] Connections: 7
[Topology][Hub] Generating hub layout
[Topology][Hub] Hub: Delivery
[Topology][Hub] Satellites: 5
[Topology][Hub] Connections: 5
[Topology][Flow] Generating flow layout
[Topology][Flow] Nodes: 8
[Topology][Flow] Connections: 7
[Topology][Hub] Generating hub layout
[Topology][Hub] Hub: Delivery
[Topology][Hub] Satellites: 5
[Topology][Hub] Connections: 5
[Topology][Flow] Generating flow layout
[Topology][Flow] Nodes: 8
[Topology][Flow] Connections: 7
[Topology][Hub] Generating hub layout
[Topology][Hub] Hub: Delivery
[Topology][Hub] Satellites: 5
[Topology][Hub] Connections: 5
[Topology][Flow] Generating flow layout
[Topology][Flow] Nodes: 8
[Topology][Flow] Connections: 7
[Topology][Hub] Generating hub layout
[Topology][Hub] Hub: Delivery
[Topology][Hub] Satellites: 5
[Topology][Hub] Connections: 5
[Topology][Flow] Generating flow layout
[Topology][Flow] Nodes: 8
[Topology][Flow] Connections: 7
[Topology][Flow] Generating flow layout
[Topology][Flow] Nodes: 2
[Topology][Flow] Connections: 1
[Topology][Flow] Generating flow layout
[Topology][Flow] Nodes: 8
[Topology][Flow] Connections: 7
[Topology][Flow] Generating flow layout
[Topology][Flow] Nodes: 2
[Topology][Flow] Connections: 1
[Topology][Flow] Generating flow layout
[Topology][Flow] Nodes: 8
[Topology][Flow] Connections: 7
[Topology][Hub] Generating hub layout
[Topology][Hub] Hub: Delivery
[Topology][Hub] Satellites: 5
[Topology][Hub] Connections: 5
[Topology][Flow] Generating flow layout
[Topology][Flow] Nodes: 8
[Topology][Flow] Connections: 7
[Topology][Hub] Generating hub layout
[Topology][Hub] Hub: Delivery
[Topology][Hub] Satellites: 5
[Topology][Hub] Connections: 5
[Topology][Flow] Generating flow layout
[Topology][Flow] Nodes: 8
[Topology][Flow] Connections: 7
[Topology][Hub] Generating hub layout
[Topology][Hub] Hub: Delivery
[Topology][Hub] Satellites: 5
[Topology][Hub] Connections: 5
[Topology][Flow] Generating flow layout
[Topology][Flow] Nodes: 8
[Topology][Flow] Connections: 7
[Topology][Hub] Generating hub layout
[Topology][Hub] Hub: Delivery
[Topology][Hub] Satellites: 5
[Topology][Hub] Connections: 5
[Topology][Flow] Generating flow layout
[Topology][Flow] Nodes: 8
[Topology][Flow] Connections: 7
[Topology][Hub] Generating hub layout
[Topology][Hub] Hub: Delivery
[Topology][Hub] Satellites: 5
[Topology][Hub] Connections: 5
[Topology][Flow] Generating flow layout
[Topology][Flow] Nodes: 8
[Topology][Flow] Connections: 7
[Topology][Hub] Generating hub layout
[Topology][Hub] Hub: Delivery
[Topology][Hub] Satellites: 5
[Topology][Hub] Connections: 5
[Topology][Flow] Generating flow layout
[Topology][Flow] Nodes: 8
[Topology][Flow] Connections: 7
[Topology][Flow] Generating flow layout
[Topology][Flow] Nodes: 2
[Topology][Flow] Connections: 1
[Topology][Flow] Generating flow layout
[Topology][Flow] Nodes: 8
[Topology][Flow] Connections: 7
[Topology][Flow] Generating flow layout
[Topology][Flow] Nodes: 2
[Topology][Flow] Connections: 1
[Topology][Flow] Generating flow layout
[Topology][Flow] Nodes: 8
[Topology][Flow] Connections: 7
[Topology][Flow] Generating flow layout
[Topology][Flow] Nodes: 2
[Topology][Flow] Connections: 1
[Topology][Flow] Generating flow layout
[Topology][Flow] Nodes: 8
[Topology][Flow] Connections: 7
[Topology][Hub] Generating hub layout
[Topology][Hub] Hub: Delivery
[Topology][Hub] Satellites: 5
[Topology][Hub] Connections: 5
[Topology][Flow] Generating flow layout
[Topology][Flow] Nodes: 8
[Topology][Flow] Connections: 7
[Topology][Hub] Generating hub layout
[Topology][Hub] Hub: Delivery
[Topology][Hub] Satellites: 5
[Topology][Hub] Connections: 5
[Topology][Flow] Generating flow layout
[Topology][Flow] Nodes: 8
[Topology][Flow] Connections: 7
[Topology][Hub] Generating hub layout
[Topology][Hub] Hub: Delivery
[Topology][Hub] Satellites: 5
[Topology][Hub] Connections: 5
[Topology][Flow] Generating flow layout
[Topology][Flow] Nodes: 8
[Topology][Flow] Connections: 7
[Topology][Flow] Generating flow layout
[Topology][Flow] Nodes: 2
[Topology][Flow] Connections: 1
[Topology][Flow] Generating flow layout
[Topology][Flow] Nodes: 8
[Topology][Flow] Connections: 7
[Topology][Flow] Generating flow layout
[Topology][Flow] Nodes: 2
[Topology][Flow] Connections: 1
[Topology][Flow] Generating flow layout
[Topology][Flow] Nodes: 8
[Topology][Flow] Connections: 7
[Topology][Flow] Generating flow layout
[Topology][Flow] Nodes: 2
[Topology][Flow] Connections: 1
[Topology][Flow] Generating flow layout
[Topology][Flow] Nodes: 8
[Topology][Flow] Connections: 7
[Topology][Hub] Generating hub layout
[Topology][Hub] Hub: Delivery
[Topology][Hub] Satellites: 5
[Topology][Hub] Connections: 5
[Topology][Flow] Generating flow layout
[Topology][Flow] Nodes: 8
[Topology][Flow] Connections: 7
[Topology][Hub] Generating hub layout
[Topology][Hub] Hub: Delivery
[Topology][Hub] Satellites: 5
[Topology][Hub] Connections: 5
[Topology][Flow] Generating flow layout
[Topology][Flow] Nodes: 8
[Topology][Flow] Connections: 7
[Topology][Hub] Generating hub layout
[Topology][Hub] Hub: Delivery
[Topology][Hub] Satellites: 5
[Topology][Hub] Connections: 5
[Topology][Flow] Generating flow layout
[Topology][Flow] Nodes: 8
[Topology][Flow] Connections: 7
[Topology][Hub] Generating hub layout
[Topology][Hub] Hub: Capacity
[Topology][Hub] Satellites: 5
[Topology][Hub] Connections: 5
[Topology][Flow] Generating flow layout
[Topology][Flow] Nodes: 8
[Topology][Flow] Connections: 7
[Topology][Hub] Generating hub layout
[Topology][Hub] Hub: Capacity
[Topology][Hub] Satellites: 5
[Topology][Hub] Connections: 5
[Topology][Flow] Generating flow layout
[Topology][Flow] Nodes: 8
[Topology][Flow] Connections: 7
[Topology][Hub] Generating hub layout
[Topology][Hub] Hub: Capacity
[Topology][Hub] Satellites: 5
[Topology][Hub] Connections: 5
[Topology][Flow] Generating flow layout
[Topology][Flow] Nodes: 8
[Topology][Flow] Connections: 7
[Topology][Hub] Generating hub layout
[Topology][Hub] Hub: Delivery
[Topology][Hub] Satellites: 5
[Topology][Hub] Connections: 5
[Topology][Flow] Generating flow layout
[Topology][Flow] Nodes: 8
[Topology][Flow] Connections: 7
[Topology][Hub] Generating hub layout
[Topology][Hub] Hub: Delivery
[Topology][Hub] Satellites: 5
[Topology][Hub] Connections: 5
[Topology][Flow] Generating flow layout
[Topology][Flow] Nodes: 8
[Topology][Flow] Connections: 7
[Topology][Hub] Generating hub layout
[Topology][Hub] Hub: Delivery
[Topology][Hub] Satellites: 5
[Topology][Hub] Connections: 5
[Topology][Flow] Generating flow layout
[Topology][Flow] Nodes: 8
[Topology][Flow] Connections: 7
[Topology][Hub] Generating hub layout
[Topology][Hub] Hub: Delivery
[Topology][Hub] Satellites: 5
[Topology][Hub] Connections: 5
[Topology][Flow] Generating flow layout
[Topology][Flow] Nodes: 8
[Topology][Flow] Connections: 7
[Topology][Hub] Generating hub layout
[Topology][Hub] Hub: Delivery
[Topology][Hub] Satellites: 5
[Topology][Hub] Connections: 5
[Topology][Flow] Generating flow layout
[Topology][Flow] Nodes: 8
[Topology][Flow] Connections: 7
[Topology][Hub] Generating hub layout
[Topology][Hub] Hub: Inventory
[Topology][Hub] Satellites: 3
[Topology][Hub] Connections: 3
[Topology][Flow] Generating flow layout
[Topology][Flow] Nodes: 8
[Topology][Flow] Connections: 7
[Topology][Hub] Generating hub layout
[Topology][Hub] Hub: Inventory
[Topology][Hub] Satellites: 3
[Topology][Hub] Connections: 3
[Topology][Flow] Generating flow layout
[Topology][Flow] Nodes: 8
[Topology][Flow] Connections: 7
[Topology][Hub] Generating hub layout
[Topology][Hub] Hub: Inventory
[Topology][Hub] Satellites: 3
[Topology][Hub] Connections: 3
[Topology][Flow] Generating flow layout
[Topology][Flow] Nodes: 8
[Topology][Flow] Connections: 7
[Topology][Hub] Generating hub layout
[Topology][Hub] Hub: Inventory
[Topology][Hub] Satellites: 3
[Topology][Hub] Connections: 3
[Topology][Flow] Generating flow layout
[Topology][Flow] Nodes: 8
[Topology][Flow] Connections: 7
[Topology][Hub] Generating hub layout
[Topology][Hub] Hub: Inventory
[Topology][Hub] Satellites: 3
[Topology][Hub] Connections: 3
[Topology][Flow] Generating flow layout
[Topology][Flow] Nodes: 8
[Topology][Flow] Connections: 7
[Topology][Hub] Generating hub layout
[Topology][Hub] Hub: Risk
[Topology][Hub] Satellites: 3
[Topology][Hub] Connections: 3
[Topology][Flow] Generating flow layout
[Topology][Flow] Nodes: 8
[Topology][Flow] Connections: 7
[Topology][Hub] Generating hub layout
[Topology][Hub] Hub: Risk
[Topology][Hub] Satellites: 3
[Topology][Hub] Connections: 3
[Topology][Flow] Generating flow layout
[Topology][Flow] Nodes: 8
[Topology][Flow] Connections: 7
[Topology][Hub] Generating hub layout
[Topology][Hub] Hub: Delivery
[Topology][Hub] Satellites: 5
[Topology][Hub] Connections: 5
[Topology][Flow] Generating flow layout
[Topology][Flow] Nodes: 8
[Topology][Flow] Connections: 7
[Topology][Hub] Generating hub layout
[Topology][Hub] Hub: Delivery
[Topology][Hub] Satellites: 5
[Topology][Hub] Connections: 5
[Topology][Flow] Generating flow layout
[Topology][Flow] Nodes: 8
[Topology][Flow] Connections: 7
[Topology][Hub] Generating hub layout
[Topology][Hub] Hub: Delivery
[Topology][Hub] Satellites: 5
[Topology][Hub] Connections: 5
[Topology][Flow] Generating flow layout
[Topology][Flow] Nodes: 8
[Topology][Flow] Connections: 7
[Topology][Hub] Generating hub layout
[Topology][Hub] Hub: Delivery
[Topology][Hub] Satellites: 5
[Topology][Hub] Connections: 5
[Topology][Flow] Generating flow layout
[Topology][Flow] Nodes: 8
[Topology][Flow] Connections: 7
[Topology][Hub] Generating hub layout
[Topology][Hub] Hub: Delivery
[Topology][Hub] Satellites: 5
[Topology][Hub] Connections: 5
[Topology][Flow] Generating flow layout
[Topology][Flow] Nodes: 8
[Topology][Flow] Connections: 7
[Topology][Hub] Generating hub layout
[Topology][Hub] Hub: Delivery
[Topology][Hub] Satellites: 5
[Topology][Hub] Connections: 5
[Topology][Flow] Generating flow layout
[Topology][Flow] Nodes: 8
[Topology][Flow] Connections: 7
[Topology][Hub] Generating hub layout
[Topology][Hub] Hub: Delivery
[Topology][Hub] Satellites: 5
[Topology][Hub] Connections: 5
[Topology][Flow] Generating flow layout
[Topology][Flow] Nodes: 8
[Topology][Flow] Connections: 7
[Topology][Hub] Generating hub layout
[Topology][Hub] Hub: Delivery
[Topology][Hub] Satellites: 5
[Topology][Hub] Connections: 5
[Topology][Flow] Generating flow layout
[Topology][Flow] Nodes: 8
[Topology][Flow] Connections: 7
[Topology][Hub] Generating hub layout
[Topology][Hub] Hub: Delivery
[Topology][Hub] Satellites: 5
[Topology][Hub] Connections: 5
[Topology][Flow] Generating flow layout
[Topology][Flow] Nodes: 8
[Topology][Flow] Connections: 7
[Topology][Hub] Generating hub layout
[Topology][Hub] Hub: Delivery
[Topology][Hub] Satellites: 5
[Topology][Hub] Connections: 5
[Topology][Flow] Generating flow layout
[Topology][Flow] Nodes: 8
[Topology][Flow] Connections: 7
[Topology][Hub] Generating hub layout
[Topology][Hub] Hub: Capacity
[Topology][Hub] Satellites: 5
[Topology][Hub] Connections: 5
[Topology][Flow] Generating flow layout
[Topology][Flow] Nodes: 8
[Topology][Flow] Connections: 7
[Topology][Hub] Generating hub layout
[Topology][Hub] Hub: Capacity
[Topology][Hub] Satellites: 5
[Topology][Hub] Connections: 5
[Topology][Flow] Generating flow layout
[Topology][Flow] Nodes: 8
[Topology][Flow] Connections: 7
[Topology][Hub] Generating hub layout
[Topology][Hub] Hub: Capacity
[Topology][Hub] Satellites: 5
[Topology][Hub] Connections: 5
[Topology][Flow] Generating flow layout
[Topology][Flow] Nodes: 8
[Topology][Flow] Connections: 7
[Topology][Hub] Generating hub layout
[Topology][Hub] Hub: Capacity
[Topology][Hub] Satellites: 5
[Topology][Hub] Connections: 5
[Topology][Flow] Generating flow layout
[Topology][Flow] Nodes: 8
[Topology][Flow] Connections: 7
[Topology][Hub] Generating hub layout
[Topology][Hub] Hub: Capacity
[Topology][Hub] Satellites: 5
[Topology][Hub] Connections: 5
[Topology][Flow] Generating flow layout
[Topology][Flow] Nodes: 8
[Topology][Flow] Connections: 7
[Topology][Hub] Generating hub layout
[Topology][Hub] Hub: Capacity
[Topology][Hub] Satellites: 5
[Topology][Hub] Connections: 5
[Topology][Flow] Generating flow layout
[Topology][Flow] Nodes: 8
[Topology][Flow] Connections: 7
[Topology][Hub] Generating hub layout
[Topology][Hub] Hub: Capacity
[Topology][Hub] Satellites: 5
[Topology][Hub] Connections: 5
[Topology][Flow] Generating flow layout
[Topology][Flow] Nodes: 8
[Topology][Flow] Connections: 7
[Topology][Flow] Generating flow layout
[Topology][Flow] Nodes: 2
[Topology][Flow] Connections: 1
[Topology][Flow] Generating flow layout
[Topology][Flow] Nodes: 8
[Topology][Flow] Connections: 7
[Topology][Flow] Generating flow layout
[Topology][Flow] Nodes: 2
[Topology][Flow] Connections: 1
[Topology][Flow] Generating flow layout
[Topology][Flow] Nodes: 8
[Topology][Flow] Connections: 7
[Topology][Flow] Generating flow layout
[Topology][Flow] Nodes: 2
[Topology][Flow] Connections: 1
[Topology][Flow] Generating flow layout
[Topology][Flow] Nodes: 8
[Topology][Flow] Connections: 7
[Topology][Flow] Generating flow layout
[Topology][Flow] Nodes: 2
[Topology][Flow] Connections: 1
[Topology][Flow] Generating flow layout
[Topology][Flow] Nodes: 8
[Topology][Flow] Connections: 7
[Topology][Hub] Generating hub layout
[Topology][Hub] Hub: Risk
[Topology][Hub] Satellites: 3
[Topology][Hub] Connections: 3
[Topology][Flow] Generating flow layout
[Topology][Flow] Nodes: 8
[Topology][Flow] Connections: 7
[Topology][Hub] Generating hub layout
[Topology][Hub] Hub: Risk
[Topology][Hub] Satellites: 3
[Topology][Hub] Connections: 3
[Topology][Flow] Generating flow layout
[Topology][Flow] Nodes: 8
[Topology][Flow] Connections: 7
[Topology][Hub] Generating hub layout
[Topology][Hub] Hub: Risk
[Topology][Hub] Satellites: 3
[Topology][Hub] Connections: 3
[Topology][Flow] Generating flow layout
[Topology][Flow] Nodes: 8
[Topology][Flow] Connections: 7
[Topology][Hub] Generating hub layout
[Topology][Hub] Hub: Inventory
[Topology][Hub] Satellites: 3
[Topology][Hub] Connections: 3
[Topology][Flow] Generating flow layout
[Topology][Flow] Nodes: 8
[Topology][Flow] Connections: 7
[Topology][Hub] Generating hub layout
[Topology][Hub] Hub: Inventory
[Topology][Hub] Satellites: 3
[Topology][Hub] Connections: 3
[Topology][Flow] Generating flow layout
[Topology][Flow] Nodes: 8
[Topology][Flow] Connections: 7
[Topology][Hub] Generating hub layout
[Topology][Hub] Hub: Inventory
[Topology][Hub] Satellites: 3
[Topology][Hub] Connections: 3
[Topology][Flow] Generating flow layout
[Topology][Flow] Nodes: 8
[Topology][Flow] Connections: 7
[Topology][Hub] Generating hub layout
[Topology][Hub] Hub: Inventory
[Topology][Hub] Satellites: 3
[Topology][Hub] Connections: 3
[Topology][Flow] Generating flow layout
[Topology][Flow] Nodes: 8
[Topology][Flow] Connections: 7
[Topology][Hub] Generating hub layout
[Topology][Hub] Hub: Inventory
[Topology][Hub] Satellites: 3
[Topology][Hub] Connections: 3
[Topology][Flow] Generating flow layout
[Topology][Flow] Nodes: 8
[Topology][Flow] Connections: 7
[Topology][Hub] Generating hub layout
[Topology][Hub] Hub: Inventory
[Topology][Hub] Satellites: 3
[Topology][Hub] Connections: 3
[Topology][Flow] Generating flow layout
[Topology][Flow] Nodes: 8
[Topology][Flow] Connections: 7
[Topology][Hub] Generating hub layout
[Topology][Hub] Hub: Inventory
[Topology][Hub] Satellites: 3
[Topology][Hub] Connections: 3
[Topology][Flow] Generating flow layout
[Topology][Flow] Nodes: 8
[Topology][Flow] Connections: 7
[Topology][Flow] Generating flow layout
[Topology][Flow] Nodes: 2
[Topology][Flow] Connections: 1
[Topology][Flow] Generating flow layout
[Topology][Flow] Nodes: 8
[Topology][Flow] Connections: 7
[Topology][Flow] Generating flow layout
[Topology][Flow] Nodes: 2
[Topology][Flow] Connections: 1
[Topology][Flow] Generating flow layout
[Topology][Flow] Nodes: 8
[Topology][Flow] Connections: 7
[Topology][Flow] Generating flow layout
[Topology][Flow] Nodes: 2
[Topology][Flow] Connections: 1
[Topology][Flow] Generating flow layout
[Topology][Flow] Nodes: 8
[Topology][Flow] Connections: 7
[Topology][Flow] Generating flow layout
[Topology][Flow] Nodes: 2
[Topology][Flow] Connections: 1
[Topology][Flow] Generating flow layout
[Topology][Flow] Nodes: 8
[Topology][Flow] Connections: 7
[Topology][Flow] Generating flow layout
[Topology][Flow] Nodes: 2
[Topology][Flow] Connections: 1
[Topology][Flow] Generating flow layout
[Topology][Flow] Nodes: 8
[Topology][Flow] Connections: 7
[Topology][Flow] Generating flow layout
[Topology][Flow] Nodes: 2
[Topology][Flow] Connections: 1
[Topology][Flow] Generating flow layout
[Topology][Flow] Nodes: 8
[Topology][Flow] Connections: 7
[Topology][Flow] Generating flow layout
[Topology][Flow] Nodes: 2
[Topology][Flow] Connections: 1
[Topology][Flow] Generating flow layout
[Topology][Flow] Nodes: 8
[Topology][Flow] Connections: 7
[Topology][Flow] Generating flow layout
[Topology][Flow] Nodes: 2
[Topology][Flow] Connections: 1
[Topology][Flow] Generating flow layout
[Topology][Flow] Nodes: 8
[Topology][Flow] Connections: 7
[Topology][Flow] Generating flow layout
[Topology][Flow] Nodes: 2
[Topology][Flow] Connections: 1
[Topology][Flow] Generating flow layout
[Topology][Flow] Nodes: 8
[Topology][Flow] Connections: 7
[Topology][Flow] Generating flow layout
[Topology][Flow] Nodes: 2
[Topology][Flow] Connections: 1
[Topology][Flow] Generating flow layout
[Topology][Flow] Nodes: 8
[Topology][Flow] Connections: 7
[Topology][Flow] Generating flow layout
[Topology][Flow] Nodes: 2
[Topology][Flow] Connections: 1
[Topology][Flow] Generating flow layout
[Topology][Flow] Nodes: 8
[Topology][Flow] Connections: 7
[Topology][Flow] Generating flow layout
[Topology][Flow] Nodes: 2
[Topology][Flow] Connections: 1
[Topology][Flow] Generating flow layout
[Topology][Flow] Nodes: 8
[Topology][Flow] Connections: 7
[Topology][Flow] Generating flow layout
[Topology][Flow] Nodes: 2
[Topology][Flow] Connections: 1
[Topology][Flow] Generating flow layout
[Topology][Flow] Nodes: 8
[Topology][Flow] Connections: 7
[Topology][Flow] Generating flow layout
[Topology][Flow] Nodes: 2
[Topology][Flow] Connections: 1
[Topology][Flow] Generating flow layout
[Topology][Flow] Nodes: 8
[Topology][Flow] Connections: 7
[Topology][Flow] Generating flow layout
[Topology][Flow] Nodes: 2
[Topology][Flow] Connections: 1
[Topology][Flow] Generating flow layout
[Topology][Flow] Nodes: 8
[Topology][Flow] Connections: 7
[Topology][Flow] Generating flow layout
[Topology][Flow] Nodes: 2
[Topology][Flow] Connections: 1
[Topology][Flow] Generating flow layout
[Topology][Flow] Nodes: 8
[Topology][Flow] Connections: 7
[Topology][Flow] Generating flow layout
[Topology][Flow] Nodes: 2
[Topology][Flow] Connections: 1
[Topology][Flow] Generating flow layout
[Topology][Flow] Nodes: 8
[Topology][Flow] Connections: 7
[Topology][Flow] Generating flow layout
[Topology][Flow] Nodes: 2
[Topology][Flow] Connections: 1
[Topology][Flow] Generating flow layout
[Topology][Flow] Nodes: 8
[Topology][Flow] Connections: 7
[Topology][Flow] Generating flow layout
[Topology][Flow] Nodes: 2
[Topology][Flow] Connections: 1
[Topology][Flow] Generating flow layout
[Topology][Flow] Nodes: 8
[Topology][Flow] Connections: 7
[Topology][Flow] Generating flow layout
[Topology][Flow] Nodes: 2
[Topology][Flow] Connections: 1
[Topology][Flow] Generating flow layout
[Topology][Flow] Nodes: 8
[Topology][Flow] Connections: 7
[Topology][Flow] Generating flow layout
[Topology][Flow] Nodes: 2
[Topology][Flow] Connections: 1
[Topology][Flow] Generating flow layout
[Topology][Flow] Nodes: 8
[Topology][Flow] Connections: 7
[Topology][Flow] Generating flow layout
[Topology][Flow] Nodes: 2
[Topology][Flow] Connections: 1
[Topology][Flow] Generating flow layout
[Topology][Flow] Nodes: 8
[Topology][Flow] Connections: 7
[Topology][Flow] Generating flow layout
[Topology][Flow] Nodes: 2
[Topology][Flow] Connections: 1
[Topology][Flow] Generating flow layout
[Topology][Flow] Nodes: 8
[Topology][Flow] Connections: 7
[Topology][Flow] Generating flow layout
[Topology][Flow] Nodes: 2
[Topology][Flow] Connections: 1
[Topology][Flow] Generating flow layout
[Topology][Flow] Nodes: 8
[Topology][Flow] Connections: 7
[Topology][Flow] Generating flow layout
[Topology][Flow] Nodes: 2
[Topology][Flow] Connections: 1
[Topology][Flow] Generating flow layout
[Topology][Flow] Nodes: 8
[Topology][Flow] Connections: 7
[Topology][Flow] Generating flow layout
[Topology][Flow] Nodes: 2
[Topology][Flow] Connections: 1
[Topology][Flow] Generating flow layout
[Topology][Flow] Nodes: 8
[Topology][Flow] Connections: 7
[Topology][Flow] Generating flow layout
[Topology][Flow] Nodes: 2
[Topology][Flow] Connections: 1
[Topology][Flow] Generating flow layout
[Topology][Flow] Nodes: 8
[Topology][Flow] Connections: 7
[Topology][Flow] Generating flow layout
[Topology][Flow] Nodes: 2
[Topology][Flow] Connections: 1
[Topology][Flow] Generating flow layout
[Topology][Flow] Nodes: 8
[Topology][Flow] Connections: 7
[Topology][Hub] Generating hub layout
[Topology][Hub] Hub: Delivery
[Topology][Hub] Satellites: 5
[Topology][Hub] Connections: 5
[Topology][Flow] Generating flow layout
[Topology][Flow] Nodes: 8
[Topology][Flow] Connections: 7
[Topology][Flow] Generating flow layout
[Topology][Flow] Nodes: 2
[Topology][Flow] Connections: 1
[Topology][Flow] Generating flow layout
[Topology][Flow] Nodes: 8
[Topology][Flow] Connections: 7
[Topology][Flow] Generating flow layout
[Topology][Flow] Nodes: 2
[Topology][Flow] Connections: 1
[Topology][Flow] Generating flow layout
[Topology][Flow] Nodes: 8
[Topology][Flow] Connections: 7
[Topology][Hub] Generating hub layout
[Topology][Hub] Hub: Delivery
[Topology][Hub] Satellites: 5
[Topology][Hub] Connections: 5
[Topology][Flow] Generating flow layout
[Topology][Flow] Nodes: 8
[Topology][Flow] Connections: 7
[Topology][Hub] Generating hub layout
[Topology][Hub] Hub: Delivery
[Topology][Hub] Satellites: 5
[Topology][Hub] Connections: 5
[Topology][Flow] Generating flow layout
[Topology][Flow] Nodes: 8
[Topology][Flow] Connections: 7
[Topology][Flow] Generating flow layout
[Topology][Flow] Nodes: 2
[Topology][Flow] Connections: 1
[Topology][Flow] Generating flow layout
[Topology][Flow] Nodes: 8
[Topology][Flow] Connections: 7
[Topology][Flow] Generating flow layout
[Topology][Flow] Nodes: 2
[Topology][Flow] Connections: 1
[Topology][Flow] Generating flow layout
[Topology][Flow] Nodes: 8
[Topology][Flow] Connections: 7
[Topology][Hub] Generating hub layout
[Topology][Hub] Hub: Delivery
[Topology][Hub] Satellites: 5
[Topology][Hub] Connections: 5
[Topology][Flow] Generating flow layout
[Topology][Flow] Nodes: 8
[Topology][Flow] Connections: 7
[Topology][Hub] Generating hub layout
[Topology][Hub] Hub: Delivery
[Topology][Hub] Satellites: 5
[Topology][Hub] Connections: 5
[Topology][Flow] Generating flow layout
[Topology][Flow] Nodes: 8
[Topology][Flow] Connections: 7
[Topology][Hub] Generating hub layout
[Topology][Hub] Hub: Delivery
[Topology][Hub] Satellites: 5
[Topology][Hub] Connections: 5
[Topology][Flow] Generating flow layout
[Topology][Flow] Nodes: 8
[Topology][Flow] Connections: 7
[Topology][Hub] Generating hub layout
[Topology][Hub] Hub: Delivery
[Topology][Hub] Satellites: 5
[Topology][Hub] Connections: 5
[Topology][Flow] Generating flow layout
[Topology][Flow] Nodes: 8
[Topology][Flow] Connections: 7
[Topology][Flow] Generating flow layout
[Topology][Flow] Nodes: 2
[Topology][Flow] Connections: 1
[Topology][Flow] Generating flow layout
[Topology][Flow] Nodes: 8
[Topology][Flow] Connections: 7
[Topology][Hub] Generating hub layout
[Topology][Hub] Hub: Capacity
[Topology][Hub] Satellites: 5
[Topology][Hub] Connections: 5
[Topology][Flow] Generating flow layout
[Topology][Flow] Nodes: 8
[Topology][Flow] Connections: 7
[Topology][Flow] Generating flow layout
[Topology][Flow] Nodes: 2
[Topology][Flow] Connections: 1
[Topology][Flow] Generating flow layout
[Topology][Flow] Nodes: 8
[Topology][Flow] Connections: 7
[Topology][Flow] Generating flow layout
[Topology][Flow] Nodes: 2
[Topology][Flow] Connections: 1
[Topology][Flow] Generating flow layout
[Topology][Flow] Nodes: 8
[Topology][Flow] Connections: 7
[Topology][Flow] Generating flow layout
[Topology][Flow] Nodes: 2
[Topology][Flow] Connections: 1
[Topology][Flow] Generating flow layout
[Topology][Flow] Nodes: 8
[Topology][Flow] Connections: 7
[Topology][Flow] Generating flow layout
[Topology][Flow] Nodes: 2
[Topology][Flow] Connections: 1
[Topology][Flow] Generating flow layout
[Topology][Flow] Nodes: 8
[Topology][Flow] Connections: 7
[Topology][Hub] Generating hub layout
[Topology][Hub] Hub: Delivery
[Topology][Hub] Satellites: 5
[Topology][Hub] Connections: 5
[Topology][Flow] Generating flow layout
[Topology][Flow] Nodes: 8
[Topology][Flow] Connections: 7
[Topology][Hub] Generating hub layout
[Topology][Hub] Hub: Delivery
[Topology][Hub] Satellites: 5
[Topology][Hub] Connections: 5
▶ NEX-MVP-FINAL:6.2 Conversation Context & Continuity
  ✔ has FINAL:6.2 identity and does not create competing authorities (0.913875ms)
  ✔ does not encode certification dialogues as production routes (0.497917ms)
  ✔ meets corpus size (0.396708ms)
  ✔ certifies multi-turn dialogues without hiding failures (9143.329333ms)
  ✔ preserves FINAL:6.1 single-turn NLU corpus operations (327.877ms)
  ✔ resolves typed problem references over recency (51.488959ms)
  ✔ lets explicit subjects outrank inherited context (73.527875ms)
  ✔ supports correction-ready subject replacement (59.681916ms)
  ✔ clears continuity on session reset (33.821833ms)
  ✔ resolves click-driven Stage context (14.926042ms)
  ✔ never promotes continue into decision or execution (51.274083ms)
  ✔ keeps 6.1 meaning inspectable after context enrichment (25.362125ms)
  ✔ does not use a pronoun dictionary as the architecture (0.584542ms)
  ✔ updateConversationContinuity is session-scoped and bounded (2.28025ms)
  ✔ preserves overlay safety for commitment phrasing (3.952875ms)
✔ NEX-MVP-FINAL:6.2 Conversation Context & Continuity (9816.982417ms)
[Topology][Flow] Generating flow layout
[Topology][Flow] Nodes: 8
[Topology][Flow] Connections: 7
[Topology][Hub] Generating hub layout
[Topology][Hub] Hub: Delivery
[Topology][Hub] Satellites: 5
[Topology][Hub] Connections: 5
[Topology][Flow] Generating flow layout
[Topology][Flow] Nodes: 8
[Topology][Flow] Connections: 7
[Topology][Flow] Generating flow layout
[Topology][Flow] Nodes: 2
[Topology][Flow] Connections: 1
[Topology][Flow] Generating flow layout
[Topology][Flow] Nodes: 8
[Topology][Flow] Connections: 7
[Topology][Flow] Generating flow layout
[Topology][Flow] Nodes: 2
[Topology][Flow] Connections: 1
[Topology][Flow] Generating flow layout
[Topology][Flow] Nodes: 8
[Topology][Flow] Connections: 7
[Topology][Flow] Generating flow layout
[Topology][Flow] Nodes: 2
[Topology][Flow] Connections: 1
[Topology][Flow] Generating flow layout
[Topology][Flow] Nodes: 8
[Topology][Flow] Connections: 7
[Topology][Flow] Generating flow layout
[Topology][Flow] Nodes: 2
[Topology][Flow] Connections: 1
[Topology][Flow] Generating flow layout
[Topology][Flow] Nodes: 8
[Topology][Flow] Connections: 7
[Topology][Flow] Generating flow layout
[Topology][Flow] Nodes: 2
[Topology][Flow] Connections: 1
[Topology][Flow] Generating flow layout
[Topology][Flow] Nodes: 8
[Topology][Flow] Connections: 7
[Topology][Flow] Generating flow layout
[Topology][Flow] Nodes: 2
[Topology][Flow] Connections: 1
[Topology][Flow] Generating flow layout
[Topology][Flow] Nodes: 8
[Topology][Flow] Connections: 7
[Topology][Hub] Generating hub layout
[Topology][Hub] Hub: Delivery
[Topology][Hub] Satellites: 5
[Topology][Hub] Connections: 5
[Topology][Flow] Generating flow layout
[Topology][Flow] Nodes: 8
[Topology][Flow] Connections: 7
[Topology][Flow] Generating flow layout
[Topology][Flow] Nodes: 2
[Topology][Flow] Connections: 1
[Topology][Flow] Generating flow layout
[Topology][Flow] Nodes: 8
[Topology][Flow] Connections: 7
[Topology][Flow] Generating flow layout
[Topology][Flow] Nodes: 2
[Topology][Flow] Connections: 1
[Topology][Flow] Generating flow layout
[Topology][Flow] Nodes: 8
[Topology][Flow] Connections: 7
[Topology][Flow] Generating flow layout
[Topology][Flow] Nodes: 2
[Topology][Flow] Connections: 1
[Topology][Flow] Generating flow layout
[Topology][Flow] Nodes: 8
[Topology][Flow] Connections: 7
[Topology][Flow] Generating flow layout
[Topology][Flow] Nodes: 2
[Topology][Flow] Connections: 1
[Topology][Flow] Generating flow layout
[Topology][Flow] Nodes: 8
[Topology][Flow] Connections: 7
[Topology][Flow] Generating flow layout
[Topology][Flow] Nodes: 2
[Topology][Flow] Connections: 1
[Topology][Flow] Generating flow layout
[Topology][Flow] Nodes: 8
[Topology][Flow] Connections: 7
[Topology][Hub] Generating hub layout
[Topology][Hub] Hub: Delivery
[Topology][Hub] Satellites: 5
[Topology][Hub] Connections: 5
[Topology][Flow] Generating flow layout
[Topology][Flow] Nodes: 8
[Topology][Flow] Connections: 7
[Topology][Hub] Generating hub layout
[Topology][Hub] Hub: Delivery
[Topology][Hub] Satellites: 5
[Topology][Hub] Connections: 5
[Topology][Flow] Generating flow layout
[Topology][Flow] Nodes: 8
[Topology][Flow] Connections: 7
[Topology][Flow] Generating flow layout
[Topology][Flow] Nodes: 2
[Topology][Flow] Connections: 1
[Topology][Flow] Generating flow layout
[Topology][Flow] Nodes: 8
[Topology][Flow] Connections: 7
[Topology][Hub] Generating hub layout
[Topology][Hub] Hub: Delivery
[Topology][Hub] Satellites: 5
[Topology][Hub] Connections: 5
[Topology][Flow] Generating flow layout
[Topology][Flow] Nodes: 8
[Topology][Flow] Connections: 7
[Topology][Hub] Generating hub layout
[Topology][Hub] Hub: Capacity
[Topology][Hub] Satellites: 5
[Topology][Hub] Connections: 5
[Topology][Flow] Generating flow layout
[Topology][Flow] Nodes: 8
[Topology][Flow] Connections: 7
[Topology][Hub] Generating hub layout
[Topology][Hub] Hub: Capacity
[Topology][Hub] Satellites: 5
[Topology][Hub] Connections: 5
[Topology][Flow] Generating flow layout
[Topology][Flow] Nodes: 8
[Topology][Flow] Connections: 7
[Topology][Hub] Generating hub layout
[Topology][Hub] Hub: Capacity
[Topology][Hub] Satellites: 5
[Topology][Hub] Connections: 5
[Topology][Flow] Generating flow layout
[Topology][Flow] Nodes: 8
[Topology][Flow] Connections: 7
[Topology][Hub] Generating hub layout
[Topology][Hub] Hub: Delivery
[Topology][Hub] Satellites: 5
[Topology][Hub] Connections: 5
[Topology][Flow] Generating flow layout
[Topology][Flow] Nodes: 8
[Topology][Flow] Connections: 7
[Topology][Hub] Generating hub layout
[Topology][Hub] Hub: Capacity
[Topology][Hub] Satellites: 5
[Topology][Hub] Connections: 5
[Topology][Flow] Generating flow layout
[Topology][Flow] Nodes: 8
[Topology][Flow] Connections: 7
[Topology][Hub] Generating hub layout
[Topology][Hub] Hub: Capacity
[Topology][Hub] Satellites: 5
[Topology][Hub] Connections: 5
[Topology][Flow] Generating flow layout
[Topology][Flow] Nodes: 8
[Topology][Flow] Connections: 7
[Topology][Hub] Generating hub layout
[Topology][Hub] Hub: Capacity
[Topology][Hub] Satellites: 5
[Topology][Hub] Connections: 5
[Topology][Flow] Generating flow layout
[Topology][Flow] Nodes: 8
[Topology][Flow] Connections: 7
[Topology][Hub] Generating hub layout
[Topology][Hub] Hub: Delivery
[Topology][Hub] Satellites: 5
[Topology][Hub] Connections: 5
[Topology][Flow] Generating flow layout
[Topology][Flow] Nodes: 8
[Topology][Flow] Connections: 7
[Topology][Hub] Generating hub layout
[Topology][Hub] Hub: Capacity
[Topology][Hub] Satellites: 5
[Topology][Hub] Connections: 5
[Topology][Flow] Generating flow layout
[Topology][Flow] Nodes: 8
[Topology][Flow] Connections: 7
[Topology][Hub] Generating hub layout
[Topology][Hub] Hub: Capacity
[Topology][Hub] Satellites: 5
[Topology][Hub] Connections: 5
[Topology][Flow] Generating flow layout
[Topology][Flow] Nodes: 8
[Topology][Flow] Connections: 7
[Topology][Hub] Generating hub layout
[Topology][Hub] Hub: Capacity
[Topology][Hub] Satellites: 5
[Topology][Hub] Connections: 5
[Topology][Flow] Generating flow layout
[Topology][Flow] Nodes: 8
[Topology][Flow] Connections: 7
[Topology][Hub] Generating hub layout
[Topology][Hub] Hub: Delivery
[Topology][Hub] Satellites: 5
[Topology][Hub] Connections: 5
[Topology][Flow] Generating flow layout
[Topology][Flow] Nodes: 8
[Topology][Flow] Connections: 7
[Topology][Hub] Generating hub layout
[Topology][Hub] Hub: Capacity
[Topology][Hub] Satellites: 5
[Topology][Hub] Connections: 5
[Topology][Flow] Generating flow layout
[Topology][Flow] Nodes: 8
[Topology][Flow] Connections: 7
[Topology][Hub] Generating hub layout
[Topology][Hub] Hub: Capacity
[Topology][Hub] Satellites: 5
[Topology][Hub] Connections: 5
[Topology][Flow] Generating flow layout
[Topology][Flow] Nodes: 8
[Topology][Flow] Connections: 7
[Topology][Hub] Generating hub layout
[Topology][Hub] Hub: Capacity
[Topology][Hub] Satellites: 5
[Topology][Hub] Connections: 5
[Topology][Flow] Generating flow layout
[Topology][Flow] Nodes: 8
[Topology][Flow] Connections: 7
[Topology][Hub] Generating hub layout
[Topology][Hub] Hub: Delivery
[Topology][Hub] Satellites: 5
[Topology][Hub] Connections: 5
[Topology][Flow] Generating flow layout
[Topology][Flow] Nodes: 8
[Topology][Flow] Connections: 7
[Topology][Hub] Generating hub layout
[Topology][Hub] Hub: Capacity
[Topology][Hub] Satellites: 5
[Topology][Hub] Connections: 5
[Topology][Flow] Generating flow layout
[Topology][Flow] Nodes: 8
[Topology][Flow] Connections: 7
[Topology][Hub] Generating hub layout
[Topology][Hub] Hub: Capacity
[Topology][Hub] Satellites: 5
[Topology][Hub] Connections: 5
[Topology][Flow] Generating flow layout
[Topology][Flow] Nodes: 8
[Topology][Flow] Connections: 7
[Topology][Hub] Generating hub layout
[Topology][Hub] Hub: Risk
[Topology][Hub] Satellites: 3
[Topology][Hub] Connections: 3
[Topology][Flow] Generating flow layout
[Topology][Flow] Nodes: 8
[Topology][Flow] Connections: 7
[Topology][Hub] Generating hub layout
[Topology][Hub] Hub: Delivery
[Topology][Hub] Satellites: 5
[Topology][Hub] Connections: 5
[Topology][Flow] Generating flow layout
[Topology][Flow] Nodes: 8
[Topology][Flow] Connections: 7
[Topology][Hub] Generating hub layout
[Topology][Hub] Hub: Delivery
[Topology][Hub] Satellites: 5
[Topology][Hub] Connections: 5
[Topology][Flow] Generating flow layout
[Topology][Flow] Nodes: 8
[Topology][Flow] Connections: 7
[Topology][Hub] Generating hub layout
[Topology][Hub] Hub: Delivery
[Topology][Hub] Satellites: 5
[Topology][Hub] Connections: 5
[Topology][Flow] Generating flow layout
[Topology][Flow] Nodes: 8
[Topology][Flow] Connections: 7
[Topology][Flow] Generating flow layout
[Topology][Flow] Nodes: 2
[Topology][Flow] Connections: 1
[Topology][Flow] Generating flow layout
[Topology][Flow] Nodes: 8
[Topology][Flow] Connections: 7
[Topology][Flow] Generating flow layout
[Topology][Flow] Nodes: 2
[Topology][Flow] Connections: 1
[Topology][Flow] Generating flow layout
[Topology][Flow] Nodes: 8
[Topology][Flow] Connections: 7
[Topology][Flow] Generating flow layout
[Topology][Flow] Nodes: 2
[Topology][Flow] Connections: 1
[Topology][Flow] Generating flow layout
[Topology][Flow] Nodes: 8
[Topology][Flow] Connections: 7
[Topology][Hub] Generating hub layout
[Topology][Hub] Hub: Delivery
[Topology][Hub] Satellites: 5
[Topology][Hub] Connections: 5
[Topology][Flow] Generating flow layout
[Topology][Flow] Nodes: 8
[Topology][Flow] Connections: 7
[Topology][Hub] Generating hub layout
[Topology][Hub] Hub: Delivery
[Topology][Hub] Satellites: 5
[Topology][Hub] Connections: 5
[Topology][Flow] Generating flow layout
[Topology][Flow] Nodes: 8
[Topology][Flow] Connections: 7
[Topology][Hub] Generating hub layout
[Topology][Hub] Hub: Delivery
[Topology][Hub] Satellites: 5
[Topology][Hub] Connections: 5
[Topology][Flow] Generating flow layout
[Topology][Flow] Nodes: 8
[Topology][Flow] Connections: 7
[Topology][Hub] Generating hub layout
[Topology][Hub] Hub: Delivery
[Topology][Hub] Satellites: 5
[Topology][Hub] Connections: 5
[Topology][Flow] Generating flow layout
[Topology][Flow] Nodes: 8
[Topology][Flow] Connections: 7
[Topology][Flow] Generating flow layout
[Topology][Flow] Nodes: 2
[Topology][Flow] Connections: 1
[Topology][Flow] Generating flow layout
[Topology][Flow] Nodes: 8
[Topology][Flow] Connections: 7
[Topology][Hub] Generating hub layout
[Topology][Hub] Hub: Capacity
[Topology][Hub] Satellites: 5
[Topology][Hub] Connections: 5
[Topology][Flow] Generating flow layout
[Topology][Flow] Nodes: 8
[Topology][Flow] Connections: 7
[Topology][Flow] Generating flow layout
[Topology][Flow] Nodes: 2
[Topology][Flow] Connections: 1
[Topology][Flow] Generating flow layout
[Topology][Flow] Nodes: 8
[Topology][Flow] Connections: 7
[Topology][Flow] Generating flow layout
[Topology][Flow] Nodes: 2
[Topology][Flow] Connections: 1
[Topology][Flow] Generating flow layout
[Topology][Flow] Nodes: 8
[Topology][Flow] Connections: 7
[Topology][Hub] Generating hub layout
[Topology][Hub] Hub: Delivery
[Topology][Hub] Satellites: 5
[Topology][Hub] Connections: 5
[Topology][Flow] Generating flow layout
[Topology][Flow] Nodes: 8
[Topology][Flow] Connections: 7
[Topology][Hub] Generating hub layout
[Topology][Hub] Hub: Delivery
[Topology][Hub] Satellites: 5
[Topology][Hub] Connections: 5
[Topology][Flow] Generating flow layout
[Topology][Flow] Nodes: 8
[Topology][Flow] Connections: 7
[Topology][Hub] Generating hub layout
[Topology][Hub] Hub: Delivery
[Topology][Hub] Satellites: 5
[Topology][Hub] Connections: 5
[Topology][Flow] Generating flow layout
[Topology][Flow] Nodes: 8
[Topology][Flow] Connections: 7
[Topology][Hub] Generating hub layout
[Topology][Hub] Hub: Capacity
[Topology][Hub] Satellites: 5
[Topology][Hub] Connections: 5
[Topology][Flow] Generating flow layout
[Topology][Flow] Nodes: 8
[Topology][Flow] Connections: 7
[Topology][Hub] Generating hub layout
[Topology][Hub] Hub: Capacity
[Topology][Hub] Satellites: 5
[Topology][Hub] Connections: 5
[Topology][Flow] Generating flow layout
[Topology][Flow] Nodes: 8
[Topology][Flow] Connections: 7
[Topology][Hub] Generating hub layout
[Topology][Hub] Hub: Capacity
[Topology][Hub] Satellites: 5
[Topology][Hub] Connections: 5
[Topology][Flow] Generating flow layout
[Topology][Flow] Nodes: 8
[Topology][Flow] Connections: 7
[Topology][Hub] Generating hub layout
[Topology][Hub] Hub: Delivery
[Topology][Hub] Satellites: 5
[Topology][Hub] Connections: 5
[Topology][Flow] Generating flow layout
[Topology][Flow] Nodes: 8
[Topology][Flow] Connections: 7
[Topology][Hub] Generating hub layout
[Topology][Hub] Hub: Capacity
[Topology][Hub] Satellites: 5
[Topology][Hub] Connections: 5
[Topology][Flow] Generating flow layout
[Topology][Flow] Nodes: 8
[Topology][Flow] Connections: 7
[Topology][Hub] Generating hub layout
[Topology][Hub] Hub: Capacity
[Topology][Hub] Satellites: 5
[Topology][Hub] Connections: 5
[Topology][Flow] Generating flow layout
[Topology][Flow] Nodes: 8
[Topology][Flow] Connections: 7
[Topology][Hub] Generating hub layout
[Topology][Hub] Hub: Capacity
[Topology][Hub] Satellites: 5
[Topology][Hub] Connections: 5
[Topology][Flow] Generating flow layout
[Topology][Flow] Nodes: 8
[Topology][Flow] Connections: 7
[Topology][Flow] Generating flow layout
[Topology][Flow] Nodes: 2
[Topology][Flow] Connections: 1
[Topology][Flow] Generating flow layout
[Topology][Flow] Nodes: 8
[Topology][Flow] Connections: 7
[Topology][Flow] Generating flow layout
[Topology][Flow] Nodes: 2
[Topology][Flow] Connections: 1
[Topology][Flow] Generating flow layout
[Topology][Flow] Nodes: 8
[Topology][Flow] Connections: 7
[Topology][Flow] Generating flow layout
[Topology][Flow] Nodes: 2
[Topology][Flow] Connections: 1
[Topology][Flow] Generating flow layout
[Topology][Flow] Nodes: 8
[Topology][Flow] Connections: 7
[Topology][Flow] Generating flow layout
[Topology][Flow] Nodes: 2
[Topology][Flow] Connections: 1
[Topology][Flow] Generating flow layout
[Topology][Flow] Nodes: 8
[Topology][Flow] Connections: 7
[Topology][Flow] Generating flow layout
[Topology][Flow] Nodes: 2
[Topology][Flow] Connections: 1
[Topology][Flow] Generating flow layout
[Topology][Flow] Nodes: 8
[Topology][Flow] Connections: 7
[Topology][Flow] Generating flow layout
[Topology][Flow] Nodes: 2
[Topology][Flow] Connections: 1
[Topology][Flow] Generating flow layout
[Topology][Flow] Nodes: 8
[Topology][Flow] Connections: 7
[Topology][Flow] Generating flow layout
[Topology][Flow] Nodes: 2
[Topology][Flow] Connections: 1
[Topology][Flow] Generating flow layout
[Topology][Flow] Nodes: 8
[Topology][Flow] Connections: 7
[Topology][Hub] Generating hub layout
[Topology][Hub] Hub: Delivery
[Topology][Hub] Satellites: 5
[Topology][Hub] Connections: 5
[Topology][Flow] Generating flow layout
[Topology][Flow] Nodes: 8
[Topology][Flow] Connections: 7
[Topology][Hub] Generating hub layout
[Topology][Hub] Hub: Delivery
[Topology][Hub] Satellites: 5
[Topology][Hub] Connections: 5
[Topology][Flow] Generating flow layout
[Topology][Flow] Nodes: 8
[Topology][Flow] Connections: 7
[Topology][Hub] Generating hub layout
[Topology][Hub] Hub: Delivery
[Topology][Hub] Satellites: 5
[Topology][Hub] Connections: 5
[Topology][Flow] Generating flow layout
[Topology][Flow] Nodes: 8
[Topology][Flow] Connections: 7
[Topology][Hub] Generating hub layout
[Topology][Hub] Hub: Delivery
[Topology][Hub] Satellites: 5
[Topology][Hub] Connections: 5
[Topology][Flow] Generating flow layout
[Topology][Flow] Nodes: 8
[Topology][Flow] Connections: 7
[Topology][Hub] Generating hub layout
[Topology][Hub] Hub: Delivery
[Topology][Hub] Satellites: 5
[Topology][Hub] Connections: 5
[Topology][Flow] Generating flow layout
[Topology][Flow] Nodes: 8
[Topology][Flow] Connections: 7
[Topology][Hub] Generating hub layout
[Topology][Hub] Hub: Delivery
[Topology][Hub] Satellites: 5
[Topology][Hub] Connections: 5
[Topology][Flow] Generating flow layout
[Topology][Flow] Nodes: 8
[Topology][Flow] Connections: 7
[Topology][Hub] Generating hub layout
[Topology][Hub] Hub: Delivery
[Topology][Hub] Satellites: 5
[Topology][Hub] Connections: 5
[Topology][Flow] Generating flow layout
[Topology][Flow] Nodes: 8
[Topology][Flow] Connections: 7
[Topology][Hub] Generating hub layout
[Topology][Hub] Hub: Delivery
[Topology][Hub] Satellites: 5
[Topology][Hub] Connections: 5
[Topology][Flow] Generating flow layout
[Topology][Flow] Nodes: 8
[Topology][Flow] Connections: 7
[Topology][Flow] Generating flow layout
[Topology][Flow] Nodes: 2
[Topology][Flow] Connections: 1
[Topology][Flow] Generating flow layout
[Topology][Flow] Nodes: 8
[Topology][Flow] Connections: 7
[Topology][Flow] Generating flow layout
[Topology][Flow] Nodes: 2
[Topology][Flow] Connections: 1
[Topology][Flow] Generating flow layout
[Topology][Flow] Nodes: 8
[Topology][Flow] Connections: 7
[Topology][Flow] Generating flow layout
[Topology][Flow] Nodes: 2
[Topology][Flow] Connections: 1
[Topology][Flow] Generating flow layout
[Topology][Flow] Nodes: 8
[Topology][Flow] Connections: 7
[Topology][Hub] Generating hub layout
[Topology][Hub] Hub: Delivery
[Topology][Hub] Satellites: 5
[Topology][Hub] Connections: 5
[Topology][Flow] Generating flow layout
[Topology][Flow] Nodes: 8
[Topology][Flow] Connections: 7
[Topology][Hub] Generating hub layout
[Topology][Hub] Hub: Delivery
[Topology][Hub] Satellites: 5
[Topology][Hub] Connections: 5
[Topology][Flow] Generating flow layout
[Topology][Flow] Nodes: 8
[Topology][Flow] Connections: 7
[Topology][Hub] Generating hub layout
[Topology][Hub] Hub: Delivery
[Topology][Hub] Satellites: 5
[Topology][Hub] Connections: 5
[Topology][Flow] Generating flow layout
[Topology][Flow] Nodes: 8
[Topology][Flow] Connections: 7
[Topology][Hub] Generating hub layout
[Topology][Hub] Hub: Delivery
[Topology][Hub] Satellites: 5
[Topology][Hub] Connections: 5
[Topology][Flow] Generating flow layout
[Topology][Flow] Nodes: 8
[Topology][Flow] Connections: 7
[Topology][Hub] Generating hub layout
[Topology][Hub] Hub: Capacity
[Topology][Hub] Satellites: 5
[Topology][Hub] Connections: 5
[Topology][Flow] Generating flow layout
[Topology][Flow] Nodes: 8
[Topology][Flow] Connections: 7
[Topology][Hub] Generating hub layout
[Topology][Hub] Hub: Capacity
[Topology][Hub] Satellites: 5
[Topology][Hub] Connections: 5
[Topology][Flow] Generating flow layout
[Topology][Flow] Nodes: 8
[Topology][Flow] Connections: 7
[Topology][Hub] Generating hub layout
[Topology][Hub] Hub: Capacity
[Topology][Hub] Satellites: 5
[Topology][Hub] Connections: 5
[Topology][Flow] Generating flow layout
[Topology][Flow] Nodes: 8
[Topology][Flow] Connections: 7
[Topology][Hub] Generating hub layout
[Topology][Hub] Hub: Capacity
[Topology][Hub] Satellites: 5
[Topology][Hub] Connections: 5
[Topology][Flow] Generating flow layout
[Topology][Flow] Nodes: 8
[Topology][Flow] Connections: 7
[Topology][Hub] Generating hub layout
[Topology][Hub] Hub: Capacity
[Topology][Hub] Satellites: 5
[Topology][Hub] Connections: 5
[Topology][Flow] Generating flow layout
[Topology][Flow] Nodes: 8
[Topology][Flow] Connections: 7
[Topology][Hub] Generating hub layout
[Topology][Hub] Hub: Capacity
[Topology][Hub] Satellites: 5
[Topology][Hub] Connections: 5
[Topology][Flow] Generating flow layout
[Topology][Flow] Nodes: 8
[Topology][Flow] Connections: 7
[Topology][Hub] Generating hub layout
[Topology][Hub] Hub: Capacity
[Topology][Hub] Satellites: 5
[Topology][Hub] Connections: 5
[Topology][Flow] Generating flow layout
[Topology][Flow] Nodes: 8
[Topology][Flow] Connections: 7
[Topology][Hub] Generating hub layout
[Topology][Hub] Hub: Capacity
[Topology][Hub] Satellites: 5
[Topology][Hub] Connections: 5
[Topology][Flow] Generating flow layout
[Topology][Flow] Nodes: 8
[Topology][Flow] Connections: 7
[Topology][Flow] Generating flow layout
[Topology][Flow] Nodes: 2
[Topology][Flow] Connections: 1
[Topology][Flow] Generating flow layout
[Topology][Flow] Nodes: 8
[Topology][Flow] Connections: 7
[Topology][Flow] Generating flow layout
[Topology][Flow] Nodes: 2
[Topology][Flow] Connections: 1
[Topology][Flow] Generating flow layout
[Topology][Flow] Nodes: 8
[Topology][Flow] Connections: 7
[Topology][Flow] Generating flow layout
[Topology][Flow] Nodes: 2
[Topology][Flow] Connections: 1
[Topology][Flow] Generating flow layout
[Topology][Flow] Nodes: 8
[Topology][Flow] Connections: 7
[Topology][Hub] Generating hub layout
[Topology][Hub] Hub: Capacity
[Topology][Hub] Satellites: 5
[Topology][Hub] Connections: 5
[Topology][Flow] Generating flow layout
[Topology][Flow] Nodes: 8
[Topology][Flow] Connections: 7
[Topology][Hub] Generating hub layout
[Topology][Hub] Hub: Capacity
[Topology][Hub] Satellites: 5
[Topology][Hub] Connections: 5
[Topology][Flow] Generating flow layout
[Topology][Flow] Nodes: 8
[Topology][Flow] Connections: 7
[Topology][Hub] Generating hub layout
[Topology][Hub] Hub: Capacity
[Topology][Hub] Satellites: 5
[Topology][Hub] Connections: 5
[Topology][Flow] Generating flow layout
[Topology][Flow] Nodes: 8
[Topology][Flow] Connections: 7
[Topology][Hub] Generating hub layout
[Topology][Hub] Hub: Capacity
[Topology][Hub] Satellites: 5
[Topology][Hub] Connections: 5
[Topology][Flow] Generating flow layout
[Topology][Flow] Nodes: 8
[Topology][Flow] Connections: 7
[Topology][Flow] Generating flow layout
[Topology][Flow] Nodes: 2
[Topology][Flow] Connections: 1
[Topology][Flow] Generating flow layout
[Topology][Flow] Nodes: 8
[Topology][Flow] Connections: 7
[Topology][Flow] Generating flow layout
[Topology][Flow] Nodes: 2
[Topology][Flow] Connections: 1
[Topology][Flow] Generating flow layout
[Topology][Flow] Nodes: 8
[Topology][Flow] Connections: 7
[Topology][Flow] Generating flow layout
[Topology][Flow] Nodes: 2
[Topology][Flow] Connections: 1
[Topology][Flow] Generating flow layout
[Topology][Flow] Nodes: 8
[Topology][Flow] Connections: 7
[Topology][Flow] Generating flow layout
[Topology][Flow] Nodes: 2
[Topology][Flow] Connections: 1
[Topology][Flow] Generating flow layout
[Topology][Flow] Nodes: 8
[Topology][Flow] Connections: 7
[Topology][Flow] Generating flow layout
[Topology][Flow] Nodes: 2
[Topology][Flow] Connections: 1
[Topology][Flow] Generating flow layout
[Topology][Flow] Nodes: 8
[Topology][Flow] Connections: 7
[Topology][Flow] Generating flow layout
[Topology][Flow] Nodes: 2
[Topology][Flow] Connections: 1
[Topology][Flow] Generating flow layout
[Topology][Flow] Nodes: 8
[Topology][Flow] Connections: 7
[Topology][Flow] Generating flow layout
[Topology][Flow] Nodes: 2
[Topology][Flow] Connections: 1
[Topology][Flow] Generating flow layout
[Topology][Flow] Nodes: 8
[Topology][Flow] Connections: 7
[Topology][Flow] Generating flow layout
[Topology][Flow] Nodes: 2
[Topology][Flow] Connections: 1
[Topology][Flow] Generating flow layout
[Topology][Flow] Nodes: 8
[Topology][Flow] Connections: 7
[Topology][Hub] Generating hub layout
[Topology][Hub] Hub: Delivery
[Topology][Hub] Satellites: 5
[Topology][Hub] Connections: 5
[Topology][Flow] Generating flow layout
[Topology][Flow] Nodes: 8
[Topology][Flow] Connections: 7
[Topology][Hub] Generating hub layout
[Topology][Hub] Hub: Delivery
[Topology][Hub] Satellites: 5
[Topology][Hub] Connections: 5
[Topology][Flow] Generating flow layout
[Topology][Flow] Nodes: 8
[Topology][Flow] Connections: 7
[Topology][Hub] Generating hub layout
[Topology][Hub] Hub: Delivery
[Topology][Hub] Satellites: 5
[Topology][Hub] Connections: 5
[Topology][Flow] Generating flow layout
[Topology][Flow] Nodes: 8
[Topology][Flow] Connections: 7
[Topology][Hub] Generating hub layout
[Topology][Hub] Hub: Risk
[Topology][Hub] Satellites: 3
[Topology][Hub] Connections: 3
[Topology][Flow] Generating flow layout
[Topology][Flow] Nodes: 8
[Topology][Flow] Connections: 7
[Topology][Hub] Generating hub layout
[Topology][Hub] Hub: Risk
[Topology][Hub] Satellites: 3
[Topology][Hub] Connections: 3
[Topology][Flow] Generating flow layout
[Topology][Flow] Nodes: 8
[Topology][Flow] Connections: 7
[Topology][Hub] Generating hub layout
[Topology][Hub] Hub: Risk
[Topology][Hub] Satellites: 3
[Topology][Hub] Connections: 3
[Topology][Flow] Generating flow layout
[Topology][Flow] Nodes: 8
[Topology][Flow] Connections: 7
[Topology][Hub] Generating hub layout
[Topology][Hub] Hub: Risk
[Topology][Hub] Satellites: 3
[Topology][Hub] Connections: 3
[Topology][Flow] Generating flow layout
[Topology][Flow] Nodes: 8
[Topology][Flow] Connections: 7
[Topology][Hub] Generating hub layout
[Topology][Hub] Hub: Inventory
[Topology][Hub] Satellites: 3
[Topology][Hub] Connections: 3
[Topology][Flow] Generating flow layout
[Topology][Flow] Nodes: 8
[Topology][Flow] Connections: 7
[Topology][Hub] Generating hub layout
[Topology][Hub] Hub: Inventory
[Topology][Hub] Satellites: 3
[Topology][Hub] Connections: 3
[Topology][Flow] Generating flow layout
[Topology][Flow] Nodes: 8
[Topology][Flow] Connections: 7
[Topology][Hub] Generating hub layout
[Topology][Hub] Hub: Inventory
[Topology][Hub] Satellites: 3
[Topology][Hub] Connections: 3
[Topology][Flow] Generating flow layout
[Topology][Flow] Nodes: 8
[Topology][Flow] Connections: 7
[Topology][Hub] Generating hub layout
[Topology][Hub] Hub: Inventory
[Topology][Hub] Satellites: 3
[Topology][Hub] Connections: 3
[Topology][Flow] Generating flow layout
[Topology][Flow] Nodes: 8
[Topology][Flow] Connections: 7
[Topology][Hub] Generating hub layout
[Topology][Hub] Hub: Inventory
[Topology][Hub] Satellites: 3
[Topology][Hub] Connections: 3
[Topology][Flow] Generating flow layout
[Topology][Flow] Nodes: 8
[Topology][Flow] Connections: 7
[Topology][Hub] Generating hub layout
[Topology][Hub] Hub: Inventory
[Topology][Hub] Satellites: 3
[Topology][Hub] Connections: 3
[Topology][Flow] Generating flow layout
[Topology][Flow] Nodes: 8
[Topology][Flow] Connections: 7
[Topology][Hub] Generating hub layout
[Topology][Hub] Hub: Inventory
[Topology][Hub] Satellites: 3
[Topology][Hub] Connections: 3
[Topology][Flow] Generating flow layout
[Topology][Flow] Nodes: 8
[Topology][Flow] Connections: 7
[Topology][Hub] Generating hub layout
[Topology][Hub] Hub: Inventory
[Topology][Hub] Satellites: 3
[Topology][Hub] Connections: 3
[Topology][Flow] Generating flow layout
[Topology][Flow] Nodes: 8
[Topology][Flow] Connections: 7
[Topology][Flow] Generating flow layout
[Topology][Flow] Nodes: 2
[Topology][Flow] Connections: 1
[Topology][Flow] Generating flow layout
[Topology][Flow] Nodes: 8
[Topology][Flow] Connections: 7
[Topology][Flow] Generating flow layout
[Topology][Flow] Nodes: 2
[Topology][Flow] Connections: 1
[Topology][Flow] Generating flow layout
[Topology][Flow] Nodes: 8
[Topology][Flow] Connections: 7
[Topology][Flow] Generating flow layout
[Topology][Flow] Nodes: 2
[Topology][Flow] Connections: 1
[Topology][Flow] Generating flow layout
[Topology][Flow] Nodes: 8
[Topology][Flow] Connections: 7
[Topology][Hub] Generating hub layout
[Topology][Hub] Hub: Inventory
[Topology][Hub] Satellites: 3
[Topology][Hub] Connections: 3
[Topology][Flow] Generating flow layout
[Topology][Flow] Nodes: 8
[Topology][Flow] Connections: 7
[Topology][Hub] Generating hub layout
[Topology][Hub] Hub: Inventory
[Topology][Hub] Satellites: 3
[Topology][Hub] Connections: 3
[Topology][Flow] Generating flow layout
[Topology][Flow] Nodes: 8
[Topology][Flow] Connections: 7
[Topology][Hub] Generating hub layout
[Topology][Hub] Hub: Inventory
[Topology][Hub] Satellites: 3
[Topology][Hub] Connections: 3
[Topology][Flow] Generating flow layout
[Topology][Flow] Nodes: 8
[Topology][Flow] Connections: 7
[Topology][Hub] Generating hub layout
[Topology][Hub] Hub: Inventory
[Topology][Hub] Satellites: 3
[Topology][Hub] Connections: 3
[Topology][Flow] Generating flow layout
[Topology][Flow] Nodes: 8
[Topology][Flow] Connections: 7
[Topology][Flow] Generating flow layout
[Topology][Flow] Nodes: 2
[Topology][Flow] Connections: 1
[Topology][Flow] Generating flow layout
[Topology][Flow] Nodes: 8
[Topology][Flow] Connections: 7
[Topology][Flow] Generating flow layout
[Topology][Flow] Nodes: 2
[Topology][Flow] Connections: 1
[Topology][Flow] Generating flow layout
[Topology][Flow] Nodes: 8
[Topology][Flow] Connections: 7
[Topology][Flow] Generating flow layout
[Topology][Flow] Nodes: 2
[Topology][Flow] Connections: 1
[Topology][Flow] Generating flow layout
[Topology][Flow] Nodes: 8
[Topology][Flow] Connections: 7
[Topology][Flow] Generating flow layout
[Topology][Flow] Nodes: 2
[Topology][Flow] Connections: 1
[Topology][Flow] Generating flow layout
[Topology][Flow] Nodes: 8
[Topology][Flow] Connections: 7
[Topology][Flow] Generating flow layout
[Topology][Flow] Nodes: 2
[Topology][Flow] Connections: 1
[Topology][Flow] Generating flow layout
[Topology][Flow] Nodes: 8
[Topology][Flow] Connections: 7
[Topology][Flow] Generating flow layout
[Topology][Flow] Nodes: 2
[Topology][Flow] Connections: 1
[Topology][Flow] Generating flow layout
[Topology][Flow] Nodes: 8
[Topology][Flow] Connections: 7
[Topology][Flow] Generating flow layout
[Topology][Flow] Nodes: 2
[Topology][Flow] Connections: 1
[Topology][Flow] Generating flow layout
[Topology][Flow] Nodes: 8
[Topology][Flow] Connections: 7
[Topology][Flow] Generating flow layout
[Topology][Flow] Nodes: 2
[Topology][Flow] Connections: 1
[Topology][Flow] Generating flow layout
[Topology][Flow] Nodes: 8
[Topology][Flow] Connections: 7
[Topology][Flow] Generating flow layout
[Topology][Flow] Nodes: 2
[Topology][Flow] Connections: 1
[Topology][Flow] Generating flow layout
[Topology][Flow] Nodes: 8
[Topology][Flow] Connections: 7
[Topology][Flow] Generating flow layout
[Topology][Flow] Nodes: 2
[Topology][Flow] Connections: 1
[Topology][Flow] Generating flow layout
[Topology][Flow] Nodes: 8
[Topology][Flow] Connections: 7
[Topology][Flow] Generating flow layout
[Topology][Flow] Nodes: 2
[Topology][Flow] Connections: 1
[Topology][Flow] Generating flow layout
[Topology][Flow] Nodes: 8
[Topology][Flow] Connections: 7
[Topology][Flow] Generating flow layout
[Topology][Flow] Nodes: 2
[Topology][Flow] Connections: 1
[Topology][Flow] Generating flow layout
[Topology][Flow] Nodes: 8
[Topology][Flow] Connections: 7
[Topology][Flow] Generating flow layout
[Topology][Flow] Nodes: 2
[Topology][Flow] Connections: 1
[Topology][Flow] Generating flow layout
[Topology][Flow] Nodes: 8
[Topology][Flow] Connections: 7
[Topology][Flow] Generating flow layout
[Topology][Flow] Nodes: 2
[Topology][Flow] Connections: 1
[Topology][Flow] Generating flow layout
[Topology][Flow] Nodes: 8
[Topology][Flow] Connections: 7
[Topology][Flow] Generating flow layout
[Topology][Flow] Nodes: 2
[Topology][Flow] Connections: 1
[Topology][Flow] Generating flow layout
[Topology][Flow] Nodes: 8
[Topology][Flow] Connections: 7
[Topology][Flow] Generating flow layout
[Topology][Flow] Nodes: 2
[Topology][Flow] Connections: 1
[Topology][Flow] Generating flow layout
[Topology][Flow] Nodes: 8
[Topology][Flow] Connections: 7
[Topology][Flow] Generating flow layout
[Topology][Flow] Nodes: 2
[Topology][Flow] Connections: 1
[Topology][Flow] Generating flow layout
[Topology][Flow] Nodes: 8
[Topology][Flow] Connections: 7
[Topology][Flow] Generating flow layout
[Topology][Flow] Nodes: 2
[Topology][Flow] Connections: 1
[Topology][Flow] Generating flow layout
[Topology][Flow] Nodes: 8
[Topology][Flow] Connections: 7
[Topology][Flow] Generating flow layout
[Topology][Flow] Nodes: 2
[Topology][Flow] Connections: 1
[Topology][Flow] Generating flow layout
[Topology][Flow] Nodes: 8
[Topology][Flow] Connections: 7
[Topology][Flow] Generating flow layout
[Topology][Flow] Nodes: 2
[Topology][Flow] Connections: 1
[Topology][Flow] Generating flow layout
[Topology][Flow] Nodes: 8
[Topology][Flow] Connections: 7
[Topology][Flow] Generating flow layout
[Topology][Flow] Nodes: 2
[Topology][Flow] Connections: 1
[Topology][Flow] Generating flow layout
[Topology][Flow] Nodes: 8
[Topology][Flow] Connections: 7
[Topology][Flow] Generating flow layout
[Topology][Flow] Nodes: 2
[Topology][Flow] Connections: 1
[Topology][Flow] Generating flow layout
[Topology][Flow] Nodes: 8
[Topology][Flow] Connections: 7
[Topology][Flow] Generating flow layout
[Topology][Flow] Nodes: 2
[Topology][Flow] Connections: 1
[Topology][Flow] Generating flow layout
[Topology][Flow] Nodes: 8
[Topology][Flow] Connections: 7
[Topology][Flow] Generating flow layout
[Topology][Flow] Nodes: 2
[Topology][Flow] Connections: 1
[Topology][Flow] Generating flow layout
[Topology][Flow] Nodes: 8
[Topology][Flow] Connections: 7
[Topology][Flow] Generating flow layout
[Topology][Flow] Nodes: 2
[Topology][Flow] Connections: 1
[Topology][Flow] Generating flow layout
[Topology][Flow] Nodes: 8
[Topology][Flow] Connections: 7
[Topology][Flow] Generating flow layout
[Topology][Flow] Nodes: 2
[Topology][Flow] Connections: 1
[Topology][Flow] Generating flow layout
[Topology][Flow] Nodes: 8
[Topology][Flow] Connections: 7
[Topology][Flow] Generating flow layout
[Topology][Flow] Nodes: 2
[Topology][Flow] Connections: 1
[Topology][Flow] Generating flow layout
[Topology][Flow] Nodes: 8
[Topology][Flow] Connections: 7
[Topology][Flow] Generating flow layout
[Topology][Flow] Nodes: 2
[Topology][Flow] Connections: 1
[Topology][Flow] Generating flow layout
[Topology][Flow] Nodes: 8
[Topology][Flow] Connections: 7
[Topology][Flow] Generating flow layout
[Topology][Flow] Nodes: 2
[Topology][Flow] Connections: 1
[Topology][Flow] Generating flow layout
[Topology][Flow] Nodes: 8
[Topology][Flow] Connections: 7
[Topology][Flow] Generating flow layout
[Topology][Flow] Nodes: 2
[Topology][Flow] Connections: 1
[Topology][Flow] Generating flow layout
[Topology][Flow] Nodes: 8
[Topology][Flow] Connections: 7
[Topology][Flow] Generating flow layout
[Topology][Flow] Nodes: 2
[Topology][Flow] Connections: 1
[Topology][Flow] Generating flow layout
[Topology][Flow] Nodes: 8
[Topology][Flow] Connections: 7
[Topology][Flow] Generating flow layout
[Topology][Flow] Nodes: 2
[Topology][Flow] Connections: 1
[Topology][Flow] Generating flow layout
[Topology][Flow] Nodes: 8
[Topology][Flow] Connections: 7
[Topology][Flow] Generating flow layout
[Topology][Flow] Nodes: 2
[Topology][Flow] Connections: 1
[Topology][Flow] Generating flow layout
[Topology][Flow] Nodes: 8
[Topology][Flow] Connections: 7
[Topology][Flow] Generating flow layout
[Topology][Flow] Nodes: 2
[Topology][Flow] Connections: 1
[Topology][Flow] Generating flow layout
[Topology][Flow] Nodes: 8
[Topology][Flow] Connections: 7
[Topology][Flow] Generating flow layout
[Topology][Flow] Nodes: 2
[Topology][Flow] Connections: 1
[Topology][Flow] Generating flow layout
[Topology][Flow] Nodes: 8
[Topology][Flow] Connections: 7
[Topology][Flow] Generating flow layout
[Topology][Flow] Nodes: 2
[Topology][Flow] Connections: 1
[Topology][Flow] Generating flow layout
[Topology][Flow] Nodes: 8
[Topology][Flow] Connections: 7
[Topology][Flow] Generating flow layout
[Topology][Flow] Nodes: 2
[Topology][Flow] Connections: 1
[Topology][Flow] Generating flow layout
[Topology][Flow] Nodes: 8
[Topology][Flow] Connections: 7
[Topology][Flow] Generating flow layout
[Topology][Flow] Nodes: 2
[Topology][Flow] Connections: 1
[Topology][Flow] Generating flow layout
[Topology][Flow] Nodes: 8
[Topology][Flow] Connections: 7
[Topology][Flow] Generating flow layout
[Topology][Flow] Nodes: 2
[Topology][Flow] Connections: 1
[Topology][Flow] Generating flow layout
[Topology][Flow] Nodes: 8
[Topology][Flow] Connections: 7
[Topology][Flow] Generating flow layout
[Topology][Flow] Nodes: 2
[Topology][Flow] Connections: 1
[Topology][Flow] Generating flow layout
[Topology][Flow] Nodes: 8
[Topology][Flow] Connections: 7
[Topology][Flow] Generating flow layout
[Topology][Flow] Nodes: 2
[Topology][Flow] Connections: 1
[Topology][Flow] Generating flow layout
[Topology][Flow] Nodes: 8
[Topology][Flow] Connections: 7
[Topology][Flow] Generating flow layout
[Topology][Flow] Nodes: 2
[Topology][Flow] Connections: 1
[Topology][Flow] Generating flow layout
[Topology][Flow] Nodes: 8
[Topology][Flow] Connections: 7
[Topology][Flow] Generating flow layout
[Topology][Flow] Nodes: 2
[Topology][Flow] Connections: 1
[Topology][Flow] Generating flow layout
[Topology][Flow] Nodes: 8
[Topology][Flow] Connections: 7
[Topology][Flow] Generating flow layout
[Topology][Flow] Nodes: 2
[Topology][Flow] Connections: 1
[Topology][Flow] Generating flow layout
[Topology][Flow] Nodes: 8
[Topology][Flow] Connections: 7
[Topology][Flow] Generating flow layout
[Topology][Flow] Nodes: 2
[Topology][Flow] Connections: 1
[Topology][Flow] Generating flow layout
[Topology][Flow] Nodes: 8
[Topology][Flow] Connections: 7
[Topology][Flow] Generating flow layout
[Topology][Flow] Nodes: 2
[Topology][Flow] Connections: 1
[Topology][Flow] Generating flow layout
[Topology][Flow] Nodes: 8
[Topology][Flow] Connections: 7
[Topology][Flow] Generating flow layout
[Topology][Flow] Nodes: 2
[Topology][Flow] Connections: 1
[Topology][Flow] Generating flow layout
[Topology][Flow] Nodes: 8
[Topology][Flow] Connections: 7
[Topology][Flow] Generating flow layout
[Topology][Flow] Nodes: 2
[Topology][Flow] Connections: 1
[Topology][Flow] Generating flow layout
[Topology][Flow] Nodes: 8
[Topology][Flow] Connections: 7
[Topology][Flow] Generating flow layout
[Topology][Flow] Nodes: 2
[Topology][Flow] Connections: 1
[Topology][Flow] Generating flow layout
[Topology][Flow] Nodes: 8
[Topology][Flow] Connections: 7
[Topology][Flow] Generating flow layout
[Topology][Flow] Nodes: 2
[Topology][Flow] Connections: 1
[Topology][Flow] Generating flow layout
[Topology][Flow] Nodes: 8
[Topology][Flow] Connections: 7
[Topology][Flow] Generating flow layout
[Topology][Flow] Nodes: 2
[Topology][Flow] Connections: 1
[Topology][Flow] Generating flow layout
[Topology][Flow] Nodes: 8
[Topology][Flow] Connections: 7
[Topology][Flow] Generating flow layout
[Topology][Flow] Nodes: 2
[Topology][Flow] Connections: 1
[Topology][Flow] Generating flow layout
[Topology][Flow] Nodes: 8
[Topology][Flow] Connections: 7
[Topology][Flow] Generating flow layout
[Topology][Flow] Nodes: 2
[Topology][Flow] Connections: 1
[Topology][Flow] Generating flow layout
[Topology][Flow] Nodes: 8
[Topology][Flow] Connections: 7
[Topology][Flow] Generating flow layout
[Topology][Flow] Nodes: 2
[Topology][Flow] Connections: 1
[Topology][Flow] Generating flow layout
[Topology][Flow] Nodes: 8
[Topology][Flow] Connections: 7
[Topology][Flow] Generating flow layout
[Topology][Flow] Nodes: 2
[Topology][Flow] Connections: 1
[Topology][Flow] Generating flow layout
[Topology][Flow] Nodes: 8
[Topology][Flow] Connections: 7
[Topology][Flow] Generating flow layout
[Topology][Flow] Nodes: 2
[Topology][Flow] Connections: 1
[Topology][Flow] Generating flow layout
[Topology][Flow] Nodes: 8
[Topology][Flow] Connections: 7
[Topology][Flow] Generating flow layout
[Topology][Flow] Nodes: 2
[Topology][Flow] Connections: 1
[Topology][Flow] Generating flow layout
[Topology][Flow] Nodes: 8
[Topology][Flow] Connections: 7
[Topology][Flow] Generating flow layout
[Topology][Flow] Nodes: 2
[Topology][Flow] Connections: 1
[Topology][Flow] Generating flow layout
[Topology][Flow] Nodes: 8
[Topology][Flow] Connections: 7
[Topology][Flow] Generating flow layout
[Topology][Flow] Nodes: 2
[Topology][Flow] Connections: 1
[Topology][Flow] Generating flow layout
[Topology][Flow] Nodes: 8
[Topology][Flow] Connections: 7
[Topology][Flow] Generating flow layout
[Topology][Flow] Nodes: 2
[Topology][Flow] Connections: 1
[Topology][Flow] Generating flow layout
[Topology][Flow] Nodes: 8
[Topology][Flow] Connections: 7
[Topology][Hub] Generating hub layout
[Topology][Hub] Hub: Delivery
[Topology][Hub] Satellites: 5
[Topology][Hub] Connections: 5
[Topology][Flow] Generating flow layout
[Topology][Flow] Nodes: 8
[Topology][Flow] Connections: 7
[Topology][Hub] Generating hub layout
[Topology][Hub] Hub: Delivery
[Topology][Hub] Satellites: 5
[Topology][Hub] Connections: 5
[Topology][Flow] Generating flow layout
[Topology][Flow] Nodes: 8
[Topology][Flow] Connections: 7
[Topology][Flow] Generating flow layout
[Topology][Flow] Nodes: 2
[Topology][Flow] Connections: 1
[Topology][Flow] Generating flow layout
[Topology][Flow] Nodes: 8
[Topology][Flow] Connections: 7
[Topology][Flow] Generating flow layout
[Topology][Flow] Nodes: 2
[Topology][Flow] Connections: 1
[Topology][Flow] Generating flow layout
[Topology][Flow] Nodes: 8
[Topology][Flow] Connections: 7
[Topology][Hub] Generating hub layout
[Topology][Hub] Hub: Delivery
[Topology][Hub] Satellites: 5
[Topology][Hub] Connections: 5
[Topology][Flow] Generating flow layout
[Topology][Flow] Nodes: 8
[Topology][Flow] Connections: 7
[Topology][Hub] Generating hub layout
[Topology][Hub] Hub: Capacity
[Topology][Hub] Satellites: 5
[Topology][Hub] Connections: 5
[Topology][Flow] Generating flow layout
[Topology][Flow] Nodes: 8
[Topology][Flow] Connections: 7
[Topology][Hub] Generating hub layout
[Topology][Hub] Hub: Capacity
[Topology][Hub] Satellites: 5
[Topology][Hub] Connections: 5
[Topology][Flow] Generating flow layout
[Topology][Flow] Nodes: 8
[Topology][Flow] Connections: 7
[Topology][Hub] Generating hub layout
[Topology][Hub] Hub: Capacity
[Topology][Hub] Satellites: 5
[Topology][Hub] Connections: 5
[Topology][Flow] Generating flow layout
[Topology][Flow] Nodes: 8
[Topology][Flow] Connections: 7
[Topology][Hub] Generating hub layout
[Topology][Hub] Hub: Delivery
[Topology][Hub] Satellites: 5
[Topology][Hub] Connections: 5
[Topology][Flow] Generating flow layout
[Topology][Flow] Nodes: 8
[Topology][Flow] Connections: 7
[Topology][Hub] Generating hub layout
[Topology][Hub] Hub: Delivery
[Topology][Hub] Satellites: 5
[Topology][Hub] Connections: 5
[Topology][Flow] Generating flow layout
[Topology][Flow] Nodes: 8
[Topology][Flow] Connections: 7
[Topology][Hub] Generating hub layout
[Topology][Hub] Hub: Delivery
[Topology][Hub] Satellites: 5
[Topology][Hub] Connections: 5
[Topology][Flow] Generating flow layout
[Topology][Flow] Nodes: 8
[Topology][Flow] Connections: 7
[Topology][Hub] Generating hub layout
[Topology][Hub] Hub: Delivery
[Topology][Hub] Satellites: 5
[Topology][Hub] Connections: 5
[Topology][Flow] Generating flow layout
[Topology][Flow] Nodes: 8
[Topology][Flow] Connections: 7
[Topology][Hub] Generating hub layout
[Topology][Hub] Hub: Capacity
[Topology][Hub] Satellites: 5
[Topology][Hub] Connections: 5
[Topology][Flow] Generating flow layout
[Topology][Flow] Nodes: 8
[Topology][Flow] Connections: 7
[Topology][Hub] Generating hub layout
[Topology][Hub] Hub: Capacity
[Topology][Hub] Satellites: 5
[Topology][Hub] Connections: 5
[Topology][Flow] Generating flow layout
[Topology][Flow] Nodes: 8
[Topology][Flow] Connections: 7
[Topology][Hub] Generating hub layout
[Topology][Hub] Hub: Capacity
[Topology][Hub] Satellites: 5
[Topology][Hub] Connections: 5
[Topology][Flow] Generating flow layout
[Topology][Flow] Nodes: 8
[Topology][Flow] Connections: 7
[Topology][Hub] Generating hub layout
[Topology][Hub] Hub: Delivery
[Topology][Hub] Satellites: 5
[Topology][Hub] Connections: 5
[Topology][Flow] Generating flow layout
[Topology][Flow] Nodes: 8
[Topology][Flow] Connections: 7
[Topology][Hub] Generating hub layout
[Topology][Hub] Hub: Capacity
[Topology][Hub] Satellites: 5
[Topology][Hub] Connections: 5
[Topology][Flow] Generating flow layout
[Topology][Flow] Nodes: 8
[Topology][Flow] Connections: 7
[Topology][Hub] Generating hub layout
[Topology][Hub] Hub: Capacity
[Topology][Hub] Satellites: 5
[Topology][Hub] Connections: 5
[Topology][Flow] Generating flow layout
[Topology][Flow] Nodes: 8
[Topology][Flow] Connections: 7
[Topology][Hub] Generating hub layout
[Topology][Hub] Hub: Capacity
[Topology][Hub] Satellites: 5
[Topology][Hub] Connections: 5
▶ NEX-MVP-FINAL:6.3 Smart Clarification & Correction
  ✔ has FINAL:6.3 identity and does not create competing engines (1.357084ms)
  ✔ does not encode unseen correction sentences in production (0.364959ms)
  ✔ meets corpus size (6.676709ms)
  ✔ does not ask unnecessary clarification (1332.811666ms)
  ✔ certifies clarification/correction dialogues (6623.690708ms)
  ✔ classifies correction speech acts in 6.1 (1.406084ms)
  ✔ resumes EXPLAIN after a short clarification answer (133.88675ms)
  ✔ repairs context so later it refers to the correction (68.348667ms)
  ✔ clears pending clarification on session reset (117.679792ms)
  ✔ does not treat yes as decision authorization during clarification (76.76025ms)
✔ NEX-MVP-FINAL:6.3 Smart Clarification & Correction (8390.6345ms)
[Topology][Flow] Generating flow layout
[Topology][Flow] Nodes: 8
[Topology][Flow] Connections: 7
[Topology][Hub] Generating hub layout
[Topology][Hub] Hub: Delivery
[Topology][Hub] Satellites: 5
[Topology][Hub] Connections: 5
[Topology][Flow] Generating flow layout
[Topology][Flow] Nodes: 8
[Topology][Flow] Connections: 7
[Topology][Hub] Generating hub layout
[Topology][Hub] Hub: Delivery
[Topology][Hub] Satellites: 5
[Topology][Hub] Connections: 5
[Topology][Flow] Generating flow layout
[Topology][Flow] Nodes: 8
[Topology][Flow] Connections: 7
[Topology][Hub] Generating hub layout
[Topology][Hub] Hub: Delivery
[Topology][Hub] Satellites: 5
[Topology][Hub] Connections: 5
[Topology][Flow] Generating flow layout
[Topology][Flow] Nodes: 8
[Topology][Flow] Connections: 7
[Topology][Hub] Generating hub layout
[Topology][Hub] Hub: Delivery
[Topology][Hub] Satellites: 5
[Topology][Hub] Connections: 5
[Topology][Flow] Generating flow layout
[Topology][Flow] Nodes: 8
[Topology][Flow] Connections: 7
[Topology][Hub] Generating hub layout
[Topology][Hub] Hub: Delivery
[Topology][Hub] Satellites: 5
[Topology][Hub] Connections: 5
[Topology][Flow] Generating flow layout
[Topology][Flow] Nodes: 8
[Topology][Flow] Connections: 7
[Topology][Hub] Generating hub layout
[Topology][Hub] Hub: Delivery
[Topology][Hub] Satellites: 5
[Topology][Hub] Connections: 5
[Topology][Flow] Generating flow layout
[Topology][Flow] Nodes: 8
[Topology][Flow] Connections: 7
[Topology][Hub] Generating hub layout
[Topology][Hub] Hub: Delivery
[Topology][Hub] Satellites: 5
[Topology][Hub] Connections: 5
[Topology][Flow] Generating flow layout
[Topology][Flow] Nodes: 8
[Topology][Flow] Connections: 7
[Topology][Hub] Generating hub layout
[Topology][Hub] Hub: Delivery
[Topology][Hub] Satellites: 5
[Topology][Hub] Connections: 5
[Topology][Flow] Generating flow layout
[Topology][Flow] Nodes: 8
[Topology][Flow] Connections: 7
[Topology][Hub] Generating hub layout
[Topology][Hub] Hub: Delivery
[Topology][Hub] Satellites: 5
[Topology][Hub] Connections: 5
[Topology][Flow] Generating flow layout
[Topology][Flow] Nodes: 8
[Topology][Flow] Connections: 7
[Topology][Hub] Generating hub layout
[Topology][Hub] Hub: Delivery
[Topology][Hub] Satellites: 5
[Topology][Hub] Connections: 5
[Topology][Flow] Generating flow layout
[Topology][Flow] Nodes: 8
[Topology][Flow] Connections: 7
[Topology][Hub] Generating hub layout
[Topology][Hub] Hub: Capacity
[Topology][Hub] Satellites: 5
[Topology][Hub] Connections: 5
[Topology][Flow] Generating flow layout
[Topology][Flow] Nodes: 8
[Topology][Flow] Connections: 7
[Topology][Hub] Generating hub layout
[Topology][Hub] Hub: Capacity
[Topology][Hub] Satellites: 5
[Topology][Hub] Connections: 5
[Topology][Flow] Generating flow layout
[Topology][Flow] Nodes: 8
[Topology][Flow] Connections: 7
[Topology][Hub] Generating hub layout
[Topology][Hub] Hub: Delivery
[Topology][Hub] Satellites: 5
[Topology][Hub] Connections: 5
[Topology][Flow] Generating flow layout
[Topology][Flow] Nodes: 8
[Topology][Flow] Connections: 7
[Topology][Hub] Generating hub layout
[Topology][Hub] Hub: Delivery
[Topology][Hub] Satellites: 5
[Topology][Hub] Connections: 5
[Topology][Flow] Generating flow layout
[Topology][Flow] Nodes: 8
[Topology][Flow] Connections: 7
[Topology][Hub] Generating hub layout
[Topology][Hub] Hub: Delivery
[Topology][Hub] Satellites: 5
[Topology][Hub] Connections: 5
[Topology][Flow] Generating flow layout
[Topology][Flow] Nodes: 8
[Topology][Flow] Connections: 7
[Topology][Hub] Generating hub layout
[Topology][Hub] Hub: Delivery
[Topology][Hub] Satellites: 5
[Topology][Hub] Connections: 5
[Topology][Flow] Generating flow layout
[Topology][Flow] Nodes: 8
[Topology][Flow] Connections: 7
[Topology][Hub] Generating hub layout
[Topology][Hub] Hub: Delivery
[Topology][Hub] Satellites: 5
[Topology][Hub] Connections: 5
[Topology][Flow] Generating flow layout
[Topology][Flow] Nodes: 8
[Topology][Flow] Connections: 7
[Topology][Hub] Generating hub layout
[Topology][Hub] Hub: Delivery
[Topology][Hub] Satellites: 5
[Topology][Hub] Connections: 5
[Topology][Flow] Generating flow layout
[Topology][Flow] Nodes: 8
[Topology][Flow] Connections: 7
[Topology][Flow] Generating flow layout
[Topology][Flow] Nodes: 2
[Topology][Flow] Connections: 1
[Topology][Flow] Generating flow layout
[Topology][Flow] Nodes: 8
[Topology][Flow] Connections: 7
[Topology][Flow] Generating flow layout
[Topology][Flow] Nodes: 2
[Topology][Flow] Connections: 1
[Topology][Flow] Generating flow layout
[Topology][Flow] Nodes: 8
[Topology][Flow] Connections: 7
[Topology][Hub] Generating hub layout
[Topology][Hub] Hub: Delivery
[Topology][Hub] Satellites: 5
[Topology][Hub] Connections: 5
[Topology][Flow] Generating flow layout
[Topology][Flow] Nodes: 8
[Topology][Flow] Connections: 7
[Topology][Hub] Generating hub layout
[Topology][Hub] Hub: Capacity
[Topology][Hub] Satellites: 5
[Topology][Hub] Connections: 5
[Topology][Flow] Generating flow layout
[Topology][Flow] Nodes: 8
[Topology][Flow] Connections: 7
[Topology][Hub] Generating hub layout
[Topology][Hub] Hub: Capacity
[Topology][Hub] Satellites: 5
[Topology][Hub] Connections: 5
[Topology][Flow] Generating flow layout
[Topology][Flow] Nodes: 8
[Topology][Flow] Connections: 7
[Topology][Hub] Generating hub layout
[Topology][Hub] Hub: Delivery
[Topology][Hub] Satellites: 5
[Topology][Hub] Connections: 5
[Topology][Flow] Generating flow layout
[Topology][Flow] Nodes: 8
[Topology][Flow] Connections: 7
[Topology][Hub] Generating hub layout
[Topology][Hub] Hub: Delivery
[Topology][Hub] Satellites: 5
[Topology][Hub] Connections: 5
[Topology][Flow] Generating flow layout
[Topology][Flow] Nodes: 8
[Topology][Flow] Connections: 7
[Topology][Flow] Generating flow layout
[Topology][Flow] Nodes: 2
[Topology][Flow] Connections: 1
[Topology][Flow] Generating flow layout
[Topology][Flow] Nodes: 8
[Topology][Flow] Connections: 7
[Topology][Flow] Generating flow layout
[Topology][Flow] Nodes: 2
[Topology][Flow] Connections: 1
[Topology][Flow] Generating flow layout
[Topology][Flow] Nodes: 8
[Topology][Flow] Connections: 7
[Topology][Flow] Generating flow layout
[Topology][Flow] Nodes: 2
[Topology][Flow] Connections: 1
[Topology][Flow] Generating flow layout
[Topology][Flow] Nodes: 8
[Topology][Flow] Connections: 7
[Topology][Flow] Generating flow layout
[Topology][Flow] Nodes: 2
[Topology][Flow] Connections: 1
[Topology][Flow] Generating flow layout
[Topology][Flow] Nodes: 8
[Topology][Flow] Connections: 7
[Topology][Flow] Generating flow layout
[Topology][Flow] Nodes: 2
[Topology][Flow] Connections: 1
[Topology][Flow] Generating flow layout
[Topology][Flow] Nodes: 8
[Topology][Flow] Connections: 7
[Topology][Flow] Generating flow layout
[Topology][Flow] Nodes: 2
[Topology][Flow] Connections: 1
[Topology][Flow] Generating flow layout
[Topology][Flow] Nodes: 8
[Topology][Flow] Connections: 7
[Topology][Hub] Generating hub layout
[Topology][Hub] Hub: Delivery
[Topology][Hub] Satellites: 5
[Topology][Hub] Connections: 5
[Topology][Flow] Generating flow layout
[Topology][Flow] Nodes: 8
[Topology][Flow] Connections: 7
[Topology][Hub] Generating hub layout
[Topology][Hub] Hub: Delivery
[Topology][Hub] Satellites: 5
[Topology][Hub] Connections: 5
[Topology][Flow] Generating flow layout
[Topology][Flow] Nodes: 8
[Topology][Flow] Connections: 7
[Topology][Hub] Generating hub layout
[Topology][Hub] Hub: Delivery
[Topology][Hub] Satellites: 5
[Topology][Hub] Connections: 5
[Topology][Flow] Generating flow layout
[Topology][Flow] Nodes: 8
[Topology][Flow] Connections: 7
[Topology][Flow] Generating flow layout
[Topology][Flow] Nodes: 2
[Topology][Flow] Connections: 1
[Topology][Flow] Generating flow layout
[Topology][Flow] Nodes: 8
[Topology][Flow] Connections: 7
[Topology][Flow] Generating flow layout
[Topology][Flow] Nodes: 2
[Topology][Flow] Connections: 1
[Topology][Flow] Generating flow layout
[Topology][Flow] Nodes: 8
[Topology][Flow] Connections: 7
[Topology][Hub] Generating hub layout
[Topology][Hub] Hub: Delivery
[Topology][Hub] Satellites: 5
[Topology][Hub] Connections: 5
[Topology][Flow] Generating flow layout
[Topology][Flow] Nodes: 8
[Topology][Flow] Connections: 7
[Topology][Hub] Generating hub layout
[Topology][Hub] Hub: Delivery
[Topology][Hub] Satellites: 5
[Topology][Hub] Connections: 5
[Topology][Flow] Generating flow layout
[Topology][Flow] Nodes: 8
[Topology][Flow] Connections: 7
[Topology][Hub] Generating hub layout
[Topology][Hub] Hub: Delivery
[Topology][Hub] Satellites: 5
[Topology][Hub] Connections: 5
[Topology][Flow] Generating flow layout
[Topology][Flow] Nodes: 8
[Topology][Flow] Connections: 7
[Topology][Hub] Generating hub layout
[Topology][Hub] Hub: Delivery
[Topology][Hub] Satellites: 5
[Topology][Hub] Connections: 5
[Topology][Flow] Generating flow layout
[Topology][Flow] Nodes: 8
[Topology][Flow] Connections: 7
[Topology][Hub] Generating hub layout
[Topology][Hub] Hub: Delivery
[Topology][Hub] Satellites: 5
[Topology][Hub] Connections: 5
[Topology][Flow] Generating flow layout
[Topology][Flow] Nodes: 8
[Topology][Flow] Connections: 7
[Topology][Hub] Generating hub layout
[Topology][Hub] Hub: Delivery
[Topology][Hub] Satellites: 5
[Topology][Hub] Connections: 5
[Topology][Flow] Generating flow layout
[Topology][Flow] Nodes: 8
[Topology][Flow] Connections: 7
[Topology][Hub] Generating hub layout
[Topology][Hub] Hub: Delivery
[Topology][Hub] Satellites: 5
[Topology][Hub] Connections: 5
[Topology][Flow] Generating flow layout
[Topology][Flow] Nodes: 8
[Topology][Flow] Connections: 7
[Topology][Hub] Generating hub layout
[Topology][Hub] Hub: Delivery
[Topology][Hub] Satellites: 5
[Topology][Hub] Connections: 5
[Topology][Flow] Generating flow layout
[Topology][Flow] Nodes: 8
[Topology][Flow] Connections: 7
[Topology][Hub] Generating hub layout
[Topology][Hub] Hub: Delivery
[Topology][Hub] Satellites: 5
[Topology][Hub] Connections: 5
[Topology][Flow] Generating flow layout
[Topology][Flow] Nodes: 8
[Topology][Flow] Connections: 7
[Topology][Hub] Generating hub layout
[Topology][Hub] Hub: Delivery
[Topology][Hub] Satellites: 5
[Topology][Hub] Connections: 5
[Topology][Flow] Generating flow layout
[Topology][Flow] Nodes: 8
[Topology][Flow] Connections: 7
[Topology][Hub] Generating hub layout
[Topology][Hub] Hub: Delivery
[Topology][Hub] Satellites: 5
[Topology][Hub] Connections: 5
[Topology][Flow] Generating flow layout
[Topology][Flow] Nodes: 8
[Topology][Flow] Connections: 7
[Topology][Hub] Generating hub layout
[Topology][Hub] Hub: Delivery
[Topology][Hub] Satellites: 5
[Topology][Hub] Connections: 5
[Topology][Flow] Generating flow layout
[Topology][Flow] Nodes: 8
[Topology][Flow] Connections: 7
[Topology][Hub] Generating hub layout
[Topology][Hub] Hub: Delivery
[Topology][Hub] Satellites: 5
[Topology][Hub] Connections: 5
[Topology][Flow] Generating flow layout
[Topology][Flow] Nodes: 8
[Topology][Flow] Connections: 7
[Topology][Hub] Generating hub layout
[Topology][Hub] Hub: Delivery
[Topology][Hub] Satellites: 5
[Topology][Hub] Connections: 5
[Topology][Flow] Generating flow layout
[Topology][Flow] Nodes: 8
[Topology][Flow] Connections: 7
[Topology][Hub] Generating hub layout
[Topology][Hub] Hub: Delivery
[Topology][Hub] Satellites: 5
[Topology][Hub] Connections: 5
[Topology][Flow] Generating flow layout
[Topology][Flow] Nodes: 8
[Topology][Flow] Connections: 7
[Topology][Hub] Generating hub layout
[Topology][Hub] Hub: Delivery
[Topology][Hub] Satellites: 5
[Topology][Hub] Connections: 5
[Topology][Flow] Generating flow layout
[Topology][Flow] Nodes: 8
[Topology][Flow] Connections: 7
[Topology][Hub] Generating hub layout
[Topology][Hub] Hub: Delivery
[Topology][Hub] Satellites: 5
[Topology][Hub] Connections: 5
[Topology][Flow] Generating flow layout
[Topology][Flow] Nodes: 8
[Topology][Flow] Connections: 7
[Topology][Hub] Generating hub layout
[Topology][Hub] Hub: Delivery
[Topology][Hub] Satellites: 5
[Topology][Hub] Connections: 5
[Topology][Flow] Generating flow layout
[Topology][Flow] Nodes: 8
[Topology][Flow] Connections: 7
[Topology][Hub] Generating hub layout
[Topology][Hub] Hub: Delivery
[Topology][Hub] Satellites: 5
[Topology][Hub] Connections: 5
[Topology][Flow] Generating flow layout
[Topology][Flow] Nodes: 8
[Topology][Flow] Connections: 7
[Topology][Hub] Generating hub layout
[Topology][Hub] Hub: Delivery
[Topology][Hub] Satellites: 5
[Topology][Hub] Connections: 5
[Topology][Flow] Generating flow layout
[Topology][Flow] Nodes: 8
[Topology][Flow] Connections: 7
[Topology][Hub] Generating hub layout
[Topology][Hub] Hub: Delivery
[Topology][Hub] Satellites: 5
[Topology][Hub] Connections: 5
[Topology][Flow] Generating flow layout
[Topology][Flow] Nodes: 8
[Topology][Flow] Connections: 7
[Topology][Hub] Generating hub layout
[Topology][Hub] Hub: Delivery
[Topology][Hub] Satellites: 5
[Topology][Hub] Connections: 5
[Topology][Flow] Generating flow layout
[Topology][Flow] Nodes: 8
[Topology][Flow] Connections: 7
[Topology][Flow] Generating flow layout
[Topology][Flow] Nodes: 2
[Topology][Flow] Connections: 1
[Topology][Flow] Generating flow layout
[Topology][Flow] Nodes: 8
[Topology][Flow] Connections: 7
[Topology][Flow] Generating flow layout
[Topology][Flow] Nodes: 2
[Topology][Flow] Connections: 1
[Topology][Flow] Generating flow layout
[Topology][Flow] Nodes: 8
[Topology][Flow] Connections: 7
[Topology][Flow] Generating flow layout
[Topology][Flow] Nodes: 2
[Topology][Flow] Connections: 1
[Topology][Flow] Generating flow layout
[Topology][Flow] Nodes: 8
[Topology][Flow] Connections: 7
[Topology][Flow] Generating flow layout
[Topology][Flow] Nodes: 2
[Topology][Flow] Connections: 1
[Topology][Flow] Generating flow layout
[Topology][Flow] Nodes: 8
[Topology][Flow] Connections: 7
[Topology][Hub] Generating hub layout
[Topology][Hub] Hub: Capacity
[Topology][Hub] Satellites: 5
[Topology][Hub] Connections: 5
[Topology][Flow] Generating flow layout
[Topology][Flow] Nodes: 8
[Topology][Flow] Connections: 7
[Topology][Hub] Generating hub layout
[Topology][Hub] Hub: Capacity
[Topology][Hub] Satellites: 5
[Topology][Hub] Connections: 5
[Topology][Flow] Generating flow layout
[Topology][Flow] Nodes: 8
[Topology][Flow] Connections: 7
[Topology][Hub] Generating hub layout
[Topology][Hub] Hub: Capacity
[Topology][Hub] Satellites: 5
[Topology][Hub] Connections: 5
[Topology][Flow] Generating flow layout
[Topology][Flow] Nodes: 8
[Topology][Flow] Connections: 7
[Topology][Hub] Generating hub layout
[Topology][Hub] Hub: Capacity
[Topology][Hub] Satellites: 5
[Topology][Hub] Connections: 5
[Topology][Flow] Generating flow layout
[Topology][Flow] Nodes: 8
[Topology][Flow] Connections: 7
[Topology][Hub] Generating hub layout
[Topology][Hub] Hub: Capacity
[Topology][Hub] Satellites: 5
[Topology][Hub] Connections: 5
[Topology][Flow] Generating flow layout
[Topology][Flow] Nodes: 8
[Topology][Flow] Connections: 7
[Topology][Hub] Generating hub layout
[Topology][Hub] Hub: Capacity
[Topology][Hub] Satellites: 5
[Topology][Hub] Connections: 5
[Topology][Flow] Generating flow layout
[Topology][Flow] Nodes: 8
[Topology][Flow] Connections: 7
[Topology][Hub] Generating hub layout
[Topology][Hub] Hub: Capacity
[Topology][Hub] Satellites: 5
[Topology][Hub] Connections: 5
[Topology][Flow] Generating flow layout
[Topology][Flow] Nodes: 8
[Topology][Flow] Connections: 7
[Topology][Hub] Generating hub layout
[Topology][Hub] Hub: Capacity
[Topology][Hub] Satellites: 5
[Topology][Hub] Connections: 5
[Topology][Flow] Generating flow layout
[Topology][Flow] Nodes: 8
[Topology][Flow] Connections: 7
[Topology][Hub] Generating hub layout
[Topology][Hub] Hub: Capacity
[Topology][Hub] Satellites: 5
[Topology][Hub] Connections: 5
[Topology][Flow] Generating flow layout
[Topology][Flow] Nodes: 8
[Topology][Flow] Connections: 7
[Topology][Hub] Generating hub layout
[Topology][Hub] Hub: Capacity
[Topology][Hub] Satellites: 5
[Topology][Hub] Connections: 5
[Topology][Flow] Generating flow layout
[Topology][Flow] Nodes: 8
[Topology][Flow] Connections: 7
[Topology][Hub] Generating hub layout
[Topology][Hub] Hub: Capacity
[Topology][Hub] Satellites: 5
[Topology][Hub] Connections: 5
[Topology][Flow] Generating flow layout
[Topology][Flow] Nodes: 8
[Topology][Flow] Connections: 7
[Topology][Hub] Generating hub layout
[Topology][Hub] Hub: Capacity
[Topology][Hub] Satellites: 5
[Topology][Hub] Connections: 5
[Topology][Flow] Generating flow layout
[Topology][Flow] Nodes: 8
[Topology][Flow] Connections: 7
[Topology][Hub] Generating hub layout
[Topology][Hub] Hub: Capacity
[Topology][Hub] Satellites: 5
[Topology][Hub] Connections: 5
[Topology][Flow] Generating flow layout
[Topology][Flow] Nodes: 8
[Topology][Flow] Connections: 7
[Topology][Hub] Generating hub layout
[Topology][Hub] Hub: Capacity
[Topology][Hub] Satellites: 5
[Topology][Hub] Connections: 5
[Topology][Flow] Generating flow layout
[Topology][Flow] Nodes: 8
[Topology][Flow] Connections: 7
[Topology][Hub] Generating hub layout
[Topology][Hub] Hub: Capacity
[Topology][Hub] Satellites: 5
[Topology][Hub] Connections: 5
[Topology][Flow] Generating flow layout
[Topology][Flow] Nodes: 8
[Topology][Flow] Connections: 7
[Topology][Hub] Generating hub layout
[Topology][Hub] Hub: Capacity
[Topology][Hub] Satellites: 5
[Topology][Hub] Connections: 5
[Topology][Flow] Generating flow layout
[Topology][Flow] Nodes: 8
[Topology][Flow] Connections: 7
[Topology][Hub] Generating hub layout
[Topology][Hub] Hub: Capacity
[Topology][Hub] Satellites: 5
[Topology][Hub] Connections: 5
[Topology][Flow] Generating flow layout
[Topology][Flow] Nodes: 8
[Topology][Flow] Connections: 7
[Topology][Hub] Generating hub layout
[Topology][Hub] Hub: Capacity
[Topology][Hub] Satellites: 5
[Topology][Hub] Connections: 5
[Topology][Flow] Generating flow layout
[Topology][Flow] Nodes: 8
[Topology][Flow] Connections: 7
[Topology][Hub] Generating hub layout
[Topology][Hub] Hub: Capacity
[Topology][Hub] Satellites: 5
[Topology][Hub] Connections: 5
[Topology][Flow] Generating flow layout
[Topology][Flow] Nodes: 8
[Topology][Flow] Connections: 7
[Topology][Hub] Generating hub layout
[Topology][Hub] Hub: Capacity
[Topology][Hub] Satellites: 5
[Topology][Hub] Connections: 5
[Topology][Flow] Generating flow layout
[Topology][Flow] Nodes: 8
[Topology][Flow] Connections: 7
[Topology][Flow] Generating flow layout
[Topology][Flow] Nodes: 2
[Topology][Flow] Connections: 1
[Topology][Flow] Generating flow layout
[Topology][Flow] Nodes: 8
[Topology][Flow] Connections: 7
[Topology][Flow] Generating flow layout
[Topology][Flow] Nodes: 2
[Topology][Flow] Connections: 1
[Topology][Flow] Generating flow layout
[Topology][Flow] Nodes: 8
[Topology][Flow] Connections: 7
[Topology][Flow] Generating flow layout
[Topology][Flow] Nodes: 2
[Topology][Flow] Connections: 1
[Topology][Flow] Generating flow layout
[Topology][Flow] Nodes: 8
[Topology][Flow] Connections: 7
[Topology][Flow] Generating flow layout
[Topology][Flow] Nodes: 2
[Topology][Flow] Connections: 1
[Topology][Flow] Generating flow layout
[Topology][Flow] Nodes: 8
[Topology][Flow] Connections: 7
[Topology][Flow] Generating flow layout
[Topology][Flow] Nodes: 2
[Topology][Flow] Connections: 1
[Topology][Flow] Generating flow layout
[Topology][Flow] Nodes: 8
[Topology][Flow] Connections: 7
[Topology][Flow] Generating flow layout
[Topology][Flow] Nodes: 2
[Topology][Flow] Connections: 1
[Topology][Flow] Generating flow layout
[Topology][Flow] Nodes: 8
[Topology][Flow] Connections: 7
[Topology][Flow] Generating flow layout
[Topology][Flow] Nodes: 2
[Topology][Flow] Connections: 1
[Topology][Flow] Generating flow layout
[Topology][Flow] Nodes: 8
[Topology][Flow] Connections: 7
[Topology][Flow] Generating flow layout
[Topology][Flow] Nodes: 2
[Topology][Flow] Connections: 1
[Topology][Flow] Generating flow layout
[Topology][Flow] Nodes: 8
[Topology][Flow] Connections: 7
[Topology][Flow] Generating flow layout
[Topology][Flow] Nodes: 2
[Topology][Flow] Connections: 1
[Topology][Flow] Generating flow layout
[Topology][Flow] Nodes: 8
[Topology][Flow] Connections: 7
[Topology][Flow] Generating flow layout
[Topology][Flow] Nodes: 2
[Topology][Flow] Connections: 1
[Topology][Flow] Generating flow layout
[Topology][Flow] Nodes: 8
[Topology][Flow] Connections: 7
[Topology][Flow] Generating flow layout
[Topology][Flow] Nodes: 2
[Topology][Flow] Connections: 1
[Topology][Flow] Generating flow layout
[Topology][Flow] Nodes: 8
[Topology][Flow] Connections: 7
[Topology][Flow] Generating flow layout
[Topology][Flow] Nodes: 2
[Topology][Flow] Connections: 1
[Topology][Flow] Generating flow layout
[Topology][Flow] Nodes: 8
[Topology][Flow] Connections: 7
[Topology][Hub] Generating hub layout
[Topology][Hub] Hub: Risk
[Topology][Hub] Satellites: 3
[Topology][Hub] Connections: 3
[Topology][Flow] Generating flow layout
[Topology][Flow] Nodes: 8
[Topology][Flow] Connections: 7
[Topology][Hub] Generating hub layout
[Topology][Hub] Hub: Risk
[Topology][Hub] Satellites: 3
[Topology][Hub] Connections: 3
[Topology][Flow] Generating flow layout
[Topology][Flow] Nodes: 8
[Topology][Flow] Connections: 7
[Topology][Hub] Generating hub layout
[Topology][Hub] Hub: Risk
[Topology][Hub] Satellites: 3
[Topology][Hub] Connections: 3
[Topology][Flow] Generating flow layout
[Topology][Flow] Nodes: 8
[Topology][Flow] Connections: 7
[Topology][Hub] Generating hub layout
[Topology][Hub] Hub: Risk
[Topology][Hub] Satellites: 3
[Topology][Hub] Connections: 3
[Topology][Flow] Generating flow layout
[Topology][Flow] Nodes: 8
[Topology][Flow] Connections: 7
[Topology][Flow] Generating flow layout
[Topology][Flow] Nodes: 2
[Topology][Flow] Connections: 1
[Topology][Flow] Generating flow layout
[Topology][Flow] Nodes: 8
[Topology][Flow] Connections: 7
[Topology][Flow] Generating flow layout
[Topology][Flow] Nodes: 2
[Topology][Flow] Connections: 1
[Topology][Flow] Generating flow layout
[Topology][Flow] Nodes: 8
[Topology][Flow] Connections: 7
[Topology][Flow] Generating flow layout
[Topology][Flow] Nodes: 2
[Topology][Flow] Connections: 1
[Topology][Flow] Generating flow layout
[Topology][Flow] Nodes: 8
[Topology][Flow] Connections: 7
[Topology][Flow] Generating flow layout
[Topology][Flow] Nodes: 2
[Topology][Flow] Connections: 1
[Topology][Flow] Generating flow layout
[Topology][Flow] Nodes: 8
[Topology][Flow] Connections: 7
[Topology][Flow] Generating flow layout
[Topology][Flow] Nodes: 2
[Topology][Flow] Connections: 1
[Topology][Flow] Generating flow layout
[Topology][Flow] Nodes: 8
[Topology][Flow] Connections: 7
[Topology][Flow] Generating flow layout
[Topology][Flow] Nodes: 2
[Topology][Flow] Connections: 1
[Topology][Flow] Generating flow layout
[Topology][Flow] Nodes: 8
[Topology][Flow] Connections: 7
[Topology][Flow] Generating flow layout
[Topology][Flow] Nodes: 2
[Topology][Flow] Connections: 1
[Topology][Flow] Generating flow layout
[Topology][Flow] Nodes: 8
[Topology][Flow] Connections: 7
[Topology][Flow] Generating flow layout
[Topology][Flow] Nodes: 2
[Topology][Flow] Connections: 1
[Topology][Flow] Generating flow layout
[Topology][Flow] Nodes: 8
[Topology][Flow] Connections: 7
[Topology][Flow] Generating flow layout
[Topology][Flow] Nodes: 2
[Topology][Flow] Connections: 1
[Topology][Flow] Generating flow layout
[Topology][Flow] Nodes: 8
[Topology][Flow] Connections: 7
[Topology][Flow] Generating flow layout
[Topology][Flow] Nodes: 2
[Topology][Flow] Connections: 1
[Topology][Flow] Generating flow layout
[Topology][Flow] Nodes: 8
[Topology][Flow] Connections: 7
[Topology][Flow] Generating flow layout
[Topology][Flow] Nodes: 2
[Topology][Flow] Connections: 1
[Topology][Flow] Generating flow layout
[Topology][Flow] Nodes: 8
[Topology][Flow] Connections: 7
[Topology][Flow] Generating flow layout
[Topology][Flow] Nodes: 2
[Topology][Flow] Connections: 1
[Topology][Flow] Generating flow layout
[Topology][Flow] Nodes: 8
[Topology][Flow] Connections: 7
[Topology][Hub] Generating hub layout
[Topology][Hub] Hub: Inventory
[Topology][Hub] Satellites: 3
[Topology][Hub] Connections: 3
[Topology][Flow] Generating flow layout
[Topology][Flow] Nodes: 8
[Topology][Flow] Connections: 7
[Topology][Hub] Generating hub layout
[Topology][Hub] Hub: Inventory
[Topology][Hub] Satellites: 3
[Topology][Hub] Connections: 3
[Topology][Flow] Generating flow layout
[Topology][Flow] Nodes: 8
[Topology][Flow] Connections: 7
[Topology][Hub] Generating hub layout
[Topology][Hub] Hub: Inventory
[Topology][Hub] Satellites: 3
[Topology][Hub] Connections: 3
[Topology][Flow] Generating flow layout
[Topology][Flow] Nodes: 8
[Topology][Flow] Connections: 7
[Topology][Hub] Generating hub layout
[Topology][Hub] Hub: Inventory
[Topology][Hub] Satellites: 3
[Topology][Hub] Connections: 3
[Topology][Flow] Generating flow layout
[Topology][Flow] Nodes: 8
[Topology][Flow] Connections: 7
[Topology][Hub] Generating hub layout
[Topology][Hub] Hub: Inventory
[Topology][Hub] Satellites: 3
[Topology][Hub] Connections: 3
[Topology][Flow] Generating flow layout
[Topology][Flow] Nodes: 8
[Topology][Flow] Connections: 7
[Topology][Hub] Generating hub layout
[Topology][Hub] Hub: Inventory
[Topology][Hub] Satellites: 3
[Topology][Hub] Connections: 3
[Topology][Flow] Generating flow layout
[Topology][Flow] Nodes: 8
[Topology][Flow] Connections: 7
[Topology][Hub] Generating hub layout
[Topology][Hub] Hub: Inventory
[Topology][Hub] Satellites: 3
[Topology][Hub] Connections: 3
[Topology][Flow] Generating flow layout
[Topology][Flow] Nodes: 8
[Topology][Flow] Connections: 7
[Topology][Hub] Generating hub layout
[Topology][Hub] Hub: Inventory
[Topology][Hub] Satellites: 3
[Topology][Hub] Connections: 3
[Topology][Flow] Generating flow layout
[Topology][Flow] Nodes: 8
[Topology][Flow] Connections: 7
[Topology][Hub] Generating hub layout
[Topology][Hub] Hub: Inventory
[Topology][Hub] Satellites: 3
[Topology][Hub] Connections: 3
[Topology][Flow] Generating flow layout
[Topology][Flow] Nodes: 8
[Topology][Flow] Connections: 7
[Topology][Hub] Generating hub layout
[Topology][Hub] Hub: Inventory
[Topology][Hub] Satellites: 3
[Topology][Hub] Connections: 3
[Topology][Flow] Generating flow layout
[Topology][Flow] Nodes: 8
[Topology][Flow] Connections: 7
[Topology][Hub] Generating hub layout
[Topology][Hub] Hub: Inventory
[Topology][Hub] Satellites: 3
[Topology][Hub] Connections: 3
[Topology][Flow] Generating flow layout
[Topology][Flow] Nodes: 8
[Topology][Flow] Connections: 7
[Topology][Hub] Generating hub layout
[Topology][Hub] Hub: Inventory
[Topology][Hub] Satellites: 3
[Topology][Hub] Connections: 3
[Topology][Flow] Generating flow layout
[Topology][Flow] Nodes: 8
[Topology][Flow] Connections: 7
[Topology][Hub] Generating hub layout
[Topology][Hub] Hub: Inventory
[Topology][Hub] Satellites: 3
[Topology][Hub] Connections: 3
[Topology][Flow] Generating flow layout
[Topology][Flow] Nodes: 8
[Topology][Flow] Connections: 7
[Topology][Hub] Generating hub layout
[Topology][Hub] Hub: Inventory
[Topology][Hub] Satellites: 3
[Topology][Hub] Connections: 3
[Topology][Flow] Generating flow layout
[Topology][Flow] Nodes: 8
[Topology][Flow] Connections: 7
[Topology][Hub] Generating hub layout
[Topology][Hub] Hub: Inventory
[Topology][Hub] Satellites: 3
[Topology][Hub] Connections: 3
[Topology][Flow] Generating flow layout
[Topology][Flow] Nodes: 8
[Topology][Flow] Connections: 7
[Topology][Hub] Generating hub layout
[Topology][Hub] Hub: Inventory
[Topology][Hub] Satellites: 3
[Topology][Hub] Connections: 3
[Topology][Flow] Generating flow layout
[Topology][Flow] Nodes: 8
[Topology][Flow] Connections: 7
[Topology][Hub] Generating hub layout
[Topology][Hub] Hub: Inventory
[Topology][Hub] Satellites: 3
[Topology][Hub] Connections: 3
[Topology][Flow] Generating flow layout
[Topology][Flow] Nodes: 8
[Topology][Flow] Connections: 7
[Topology][Hub] Generating hub layout
[Topology][Hub] Hub: Inventory
[Topology][Hub] Satellites: 3
[Topology][Hub] Connections: 3
[Topology][Flow] Generating flow layout
[Topology][Flow] Nodes: 8
[Topology][Flow] Connections: 7
[Topology][Hub] Generating hub layout
[Topology][Hub] Hub: Inventory
[Topology][Hub] Satellites: 3
[Topology][Hub] Connections: 3
[Topology][Flow] Generating flow layout
[Topology][Flow] Nodes: 8
[Topology][Flow] Connections: 7
[Topology][Hub] Generating hub layout
[Topology][Hub] Hub: Inventory
[Topology][Hub] Satellites: 3
[Topology][Hub] Connections: 3
[Topology][Flow] Generating flow layout
[Topology][Flow] Nodes: 8
[Topology][Flow] Connections: 7
[Topology][Flow] Generating flow layout
[Topology][Flow] Nodes: 2
[Topology][Flow] Connections: 1
[Topology][Flow] Generating flow layout
[Topology][Flow] Nodes: 8
[Topology][Flow] Connections: 7
[Topology][Flow] Generating flow layout
[Topology][Flow] Nodes: 2
[Topology][Flow] Connections: 1
[Topology][Flow] Generating flow layout
[Topology][Flow] Nodes: 8
[Topology][Flow] Connections: 7
[Topology][Flow] Generating flow layout
[Topology][Flow] Nodes: 2
[Topology][Flow] Connections: 1
[Topology][Flow] Generating flow layout
[Topology][Flow] Nodes: 8
[Topology][Flow] Connections: 7
[Topology][Flow] Generating flow layout
[Topology][Flow] Nodes: 2
[Topology][Flow] Connections: 1
[Topology][Flow] Generating flow layout
[Topology][Flow] Nodes: 8
[Topology][Flow] Connections: 7
[Topology][Flow] Generating flow layout
[Topology][Flow] Nodes: 2
[Topology][Flow] Connections: 1
[Topology][Flow] Generating flow layout
[Topology][Flow] Nodes: 8
[Topology][Flow] Connections: 7
[Topology][Flow] Generating flow layout
[Topology][Flow] Nodes: 2
[Topology][Flow] Connections: 1
[Topology][Flow] Generating flow layout
[Topology][Flow] Nodes: 8
[Topology][Flow] Connections: 7
[Topology][Flow] Generating flow layout
[Topology][Flow] Nodes: 2
[Topology][Flow] Connections: 1
[Topology][Flow] Generating flow layout
[Topology][Flow] Nodes: 8
[Topology][Flow] Connections: 7
[Topology][Flow] Generating flow layout
[Topology][Flow] Nodes: 2
[Topology][Flow] Connections: 1
[Topology][Flow] Generating flow layout
[Topology][Flow] Nodes: 8
[Topology][Flow] Connections: 7
[Topology][Flow] Generating flow layout
[Topology][Flow] Nodes: 2
[Topology][Flow] Connections: 1
[Topology][Flow] Generating flow layout
[Topology][Flow] Nodes: 8
[Topology][Flow] Connections: 7
[Topology][Flow] Generating flow layout
[Topology][Flow] Nodes: 2
[Topology][Flow] Connections: 1
[Topology][Flow] Generating flow layout
[Topology][Flow] Nodes: 8
[Topology][Flow] Connections: 7
[Topology][Flow] Generating flow layout
[Topology][Flow] Nodes: 2
[Topology][Flow] Connections: 1
[Topology][Flow] Generating flow layout
[Topology][Flow] Nodes: 8
[Topology][Flow] Connections: 7
[Topology][Flow] Generating flow layout
[Topology][Flow] Nodes: 2
[Topology][Flow] Connections: 1
[Topology][Flow] Generating flow layout
[Topology][Flow] Nodes: 8
[Topology][Flow] Connections: 7
[Topology][Flow] Generating flow layout
[Topology][Flow] Nodes: 2
[Topology][Flow] Connections: 1
[Topology][Flow] Generating flow layout
[Topology][Flow] Nodes: 8
[Topology][Flow] Connections: 7
[Topology][Flow] Generating flow layout
[Topology][Flow] Nodes: 2
[Topology][Flow] Connections: 1
[Topology][Flow] Generating flow layout
[Topology][Flow] Nodes: 8
[Topology][Flow] Connections: 7
[Topology][Flow] Generating flow layout
[Topology][Flow] Nodes: 2
[Topology][Flow] Connections: 1
[Topology][Flow] Generating flow layout
[Topology][Flow] Nodes: 8
[Topology][Flow] Connections: 7
[Topology][Flow] Generating flow layout
[Topology][Flow] Nodes: 2
[Topology][Flow] Connections: 1
[Topology][Flow] Generating flow layout
[Topology][Flow] Nodes: 8
[Topology][Flow] Connections: 7
[Topology][Flow] Generating flow layout
[Topology][Flow] Nodes: 2
[Topology][Flow] Connections: 1
[Topology][Flow] Generating flow layout
[Topology][Flow] Nodes: 8
[Topology][Flow] Connections: 7
[Topology][Flow] Generating flow layout
[Topology][Flow] Nodes: 2
[Topology][Flow] Connections: 1
[Topology][Flow] Generating flow layout
[Topology][Flow] Nodes: 8
[Topology][Flow] Connections: 7
[Topology][Flow] Generating flow layout
[Topology][Flow] Nodes: 2
[Topology][Flow] Connections: 1
[Topology][Flow] Generating flow layout
[Topology][Flow] Nodes: 8
[Topology][Flow] Connections: 7
[Topology][Flow] Generating flow layout
[Topology][Flow] Nodes: 2
[Topology][Flow] Connections: 1
[Topology][Flow] Generating flow layout
[Topology][Flow] Nodes: 8
[Topology][Flow] Connections: 7
[Topology][Flow] Generating flow layout
[Topology][Flow] Nodes: 2
[Topology][Flow] Connections: 1
[Topology][Flow] Generating flow layout
[Topology][Flow] Nodes: 8
[Topology][Flow] Connections: 7
[Topology][Flow] Generating flow layout
[Topology][Flow] Nodes: 2
[Topology][Flow] Connections: 1
[Topology][Flow] Generating flow layout
[Topology][Flow] Nodes: 8
[Topology][Flow] Connections: 7
[Topology][Flow] Generating flow layout
[Topology][Flow] Nodes: 2
[Topology][Flow] Connections: 1
[Topology][Flow] Generating flow layout
[Topology][Flow] Nodes: 8
[Topology][Flow] Connections: 7
[Topology][Flow] Generating flow layout
[Topology][Flow] Nodes: 2
[Topology][Flow] Connections: 1
[Topology][Flow] Generating flow layout
[Topology][Flow] Nodes: 8
[Topology][Flow] Connections: 7
[Topology][Flow] Generating flow layout
[Topology][Flow] Nodes: 2
[Topology][Flow] Connections: 1
[Topology][Flow] Generating flow layout
[Topology][Flow] Nodes: 8
[Topology][Flow] Connections: 7
[Topology][Flow] Generating flow layout
[Topology][Flow] Nodes: 2
[Topology][Flow] Connections: 1
[Topology][Flow] Generating flow layout
[Topology][Flow] Nodes: 8
[Topology][Flow] Connections: 7
[Topology][Flow] Generating flow layout
[Topology][Flow] Nodes: 2
[Topology][Flow] Connections: 1
[Topology][Flow] Generating flow layout
[Topology][Flow] Nodes: 8
[Topology][Flow] Connections: 7
[Topology][Flow] Generating flow layout
[Topology][Flow] Nodes: 2
[Topology][Flow] Connections: 1
[Topology][Flow] Generating flow layout
[Topology][Flow] Nodes: 8
[Topology][Flow] Connections: 7
[Topology][Flow] Generating flow layout
[Topology][Flow] Nodes: 2
[Topology][Flow] Connections: 1
[Topology][Flow] Generating flow layout
[Topology][Flow] Nodes: 8
[Topology][Flow] Connections: 7
[Topology][Flow] Generating flow layout
[Topology][Flow] Nodes: 2
[Topology][Flow] Connections: 1
[Topology][Flow] Generating flow layout
[Topology][Flow] Nodes: 8
[Topology][Flow] Connections: 7
[Topology][Flow] Generating flow layout
[Topology][Flow] Nodes: 2
[Topology][Flow] Connections: 1
[Topology][Flow] Generating flow layout
[Topology][Flow] Nodes: 8
[Topology][Flow] Connections: 7
[Topology][Flow] Generating flow layout
[Topology][Flow] Nodes: 2
[Topology][Flow] Connections: 1
[Topology][Flow] Generating flow layout
[Topology][Flow] Nodes: 8
[Topology][Flow] Connections: 7
[Topology][Flow] Generating flow layout
[Topology][Flow] Nodes: 2
[Topology][Flow] Connections: 1
[Topology][Flow] Generating flow layout
[Topology][Flow] Nodes: 8
[Topology][Flow] Connections: 7
[Topology][Flow] Generating flow layout
[Topology][Flow] Nodes: 2
[Topology][Flow] Connections: 1
[Topology][Flow] Generating flow layout
[Topology][Flow] Nodes: 8
[Topology][Flow] Connections: 7
[Topology][Flow] Generating flow layout
[Topology][Flow] Nodes: 2
[Topology][Flow] Connections: 1
[Topology][Flow] Generating flow layout
[Topology][Flow] Nodes: 8
[Topology][Flow] Connections: 7
[Topology][Flow] Generating flow layout
[Topology][Flow] Nodes: 2
[Topology][Flow] Connections: 1
[Topology][Flow] Generating flow layout
[Topology][Flow] Nodes: 8
[Topology][Flow] Connections: 7
[Topology][Flow] Generating flow layout
[Topology][Flow] Nodes: 2
[Topology][Flow] Connections: 1
[Topology][Flow] Generating flow layout
[Topology][Flow] Nodes: 8
[Topology][Flow] Connections: 7
[Topology][Flow] Generating flow layout
[Topology][Flow] Nodes: 2
[Topology][Flow] Connections: 1
[Topology][Flow] Generating flow layout
[Topology][Flow] Nodes: 8
[Topology][Flow] Connections: 7
[Topology][Flow] Generating flow layout
[Topology][Flow] Nodes: 2
[Topology][Flow] Connections: 1
[Topology][Flow] Generating flow layout
[Topology][Flow] Nodes: 8
[Topology][Flow] Connections: 7
[Topology][Flow] Generating flow layout
[Topology][Flow] Nodes: 2
[Topology][Flow] Connections: 1
[Topology][Flow] Generating flow layout
[Topology][Flow] Nodes: 8
[Topology][Flow] Connections: 7
[Topology][Flow] Generating flow layout
[Topology][Flow] Nodes: 2
[Topology][Flow] Connections: 1
[Topology][Flow] Generating flow layout
[Topology][Flow] Nodes: 8
[Topology][Flow] Connections: 7
[Topology][Flow] Generating flow layout
[Topology][Flow] Nodes: 2
[Topology][Flow] Connections: 1
[Topology][Flow] Generating flow layout
[Topology][Flow] Nodes: 8
[Topology][Flow] Connections: 7
[Topology][Flow] Generating flow layout
[Topology][Flow] Nodes: 2
[Topology][Flow] Connections: 1
[Topology][Flow] Generating flow layout
[Topology][Flow] Nodes: 8
[Topology][Flow] Connections: 7
[Topology][Flow] Generating flow layout
[Topology][Flow] Nodes: 2
[Topology][Flow] Connections: 1
[Topology][Flow] Generating flow layout
[Topology][Flow] Nodes: 8
[Topology][Flow] Connections: 7
[Topology][Flow] Generating flow layout
[Topology][Flow] Nodes: 2
[Topology][Flow] Connections: 1
[Topology][Flow] Generating flow layout
[Topology][Flow] Nodes: 8
[Topology][Flow] Connections: 7
[Topology][Flow] Generating flow layout
[Topology][Flow] Nodes: 2
[Topology][Flow] Connections: 1
[Topology][Flow] Generating flow layout
[Topology][Flow] Nodes: 8
[Topology][Flow] Connections: 7
[Topology][Flow] Generating flow layout
[Topology][Flow] Nodes: 2
[Topology][Flow] Connections: 1
[Topology][Flow] Generating flow layout
[Topology][Flow] Nodes: 8
[Topology][Flow] Connections: 7
[Topology][Flow] Generating flow layout
[Topology][Flow] Nodes: 2
[Topology][Flow] Connections: 1
[Topology][Flow] Generating flow layout
[Topology][Flow] Nodes: 8
[Topology][Flow] Connections: 7
[Topology][Flow] Generating flow layout
[Topology][Flow] Nodes: 2
[Topology][Flow] Connections: 1
[Topology][Flow] Generating flow layout
[Topology][Flow] Nodes: 8
[Topology][Flow] Connections: 7
[Topology][Flow] Generating flow layout
[Topology][Flow] Nodes: 2
[Topology][Flow] Connections: 1
[Topology][Flow] Generating flow layout
[Topology][Flow] Nodes: 8
[Topology][Flow] Connections: 7
[Topology][Flow] Generating flow layout
[Topology][Flow] Nodes: 2
[Topology][Flow] Connections: 1
[Topology][Flow] Generating flow layout
[Topology][Flow] Nodes: 8
[Topology][Flow] Connections: 7
[Topology][Flow] Generating flow layout
[Topology][Flow] Nodes: 2
[Topology][Flow] Connections: 1
[Topology][Flow] Generating flow layout
[Topology][Flow] Nodes: 8
[Topology][Flow] Connections: 7
[Topology][Flow] Generating flow layout
[Topology][Flow] Nodes: 2
[Topology][Flow] Connections: 1
[Topology][Flow] Generating flow layout
[Topology][Flow] Nodes: 8
[Topology][Flow] Connections: 7
[Topology][Flow] Generating flow layout
[Topology][Flow] Nodes: 2
[Topology][Flow] Connections: 1
[Topology][Flow] Generating flow layout
[Topology][Flow] Nodes: 8
[Topology][Flow] Connections: 7
[Topology][Flow] Generating flow layout
[Topology][Flow] Nodes: 2
[Topology][Flow] Connections: 1
[Topology][Flow] Generating flow layout
[Topology][Flow] Nodes: 8
[Topology][Flow] Connections: 7
[Topology][Flow] Generating flow layout
[Topology][Flow] Nodes: 2
[Topology][Flow] Connections: 1
[Topology][Flow] Generating flow layout
[Topology][Flow] Nodes: 8
[Topology][Flow] Connections: 7
[Topology][Flow] Generating flow layout
[Topology][Flow] Nodes: 2
[Topology][Flow] Connections: 1
[Topology][Flow] Generating flow layout
[Topology][Flow] Nodes: 8
[Topology][Flow] Connections: 7
[Topology][Flow] Generating flow layout
[Topology][Flow] Nodes: 2
[Topology][Flow] Connections: 1
[Topology][Flow] Generating flow layout
[Topology][Flow] Nodes: 8
[Topology][Flow] Connections: 7
[Topology][Flow] Generating flow layout
[Topology][Flow] Nodes: 2
[Topology][Flow] Connections: 1
[Topology][Flow] Generating flow layout
[Topology][Flow] Nodes: 8
[Topology][Flow] Connections: 7
[Topology][Flow] Generating flow layout
[Topology][Flow] Nodes: 2
[Topology][Flow] Connections: 1
[Topology][Flow] Generating flow layout
[Topology][Flow] Nodes: 8
[Topology][Flow] Connections: 7
[Topology][Flow] Generating flow layout
[Topology][Flow] Nodes: 2
[Topology][Flow] Connections: 1
[Topology][Flow] Generating flow layout
[Topology][Flow] Nodes: 8
[Topology][Flow] Connections: 7
[Topology][Flow] Generating flow layout
[Topology][Flow] Nodes: 2
[Topology][Flow] Connections: 1
[Topology][Flow] Generating flow layout
[Topology][Flow] Nodes: 8
[Topology][Flow] Connections: 7
[Topology][Flow] Generating flow layout
[Topology][Flow] Nodes: 2
[Topology][Flow] Connections: 1
[Topology][Flow] Generating flow layout
[Topology][Flow] Nodes: 8
[Topology][Flow] Connections: 7
[Topology][Flow] Generating flow layout
[Topology][Flow] Nodes: 2
[Topology][Flow] Connections: 1
[Topology][Flow] Generating flow layout
[Topology][Flow] Nodes: 8
[Topology][Flow] Connections: 7
[Topology][Flow] Generating flow layout
[Topology][Flow] Nodes: 2
[Topology][Flow] Connections: 1
[Topology][Flow] Generating flow layout
[Topology][Flow] Nodes: 8
[Topology][Flow] Connections: 7
[Topology][Flow] Generating flow layout
[Topology][Flow] Nodes: 2
[Topology][Flow] Connections: 1
[Topology][Flow] Generating flow layout
[Topology][Flow] Nodes: 8
[Topology][Flow] Connections: 7
[Topology][Flow] Generating flow layout
[Topology][Flow] Nodes: 2
[Topology][Flow] Connections: 1
[Topology][Flow] Generating flow layout
[Topology][Flow] Nodes: 8
[Topology][Flow] Connections: 7
[Topology][Flow] Generating flow layout
[Topology][Flow] Nodes: 2
[Topology][Flow] Connections: 1
[Topology][Flow] Generating flow layout
[Topology][Flow] Nodes: 8
[Topology][Flow] Connections: 7
[Topology][Flow] Generating flow layout
[Topology][Flow] Nodes: 2
[Topology][Flow] Connections: 1
[Topology][Flow] Generating flow layout
[Topology][Flow] Nodes: 8
[Topology][Flow] Connections: 7
[Topology][Flow] Generating flow layout
[Topology][Flow] Nodes: 2
[Topology][Flow] Connections: 1
[Topology][Flow] Generating flow layout
[Topology][Flow] Nodes: 8
[Topology][Flow] Connections: 7
[Topology][Flow] Generating flow layout
[Topology][Flow] Nodes: 2
[Topology][Flow] Connections: 1
[Topology][Flow] Generating flow layout
[Topology][Flow] Nodes: 8
[Topology][Flow] Connections: 7
[Topology][Flow] Generating flow layout
[Topology][Flow] Nodes: 2
[Topology][Flow] Connections: 1
[Topology][Flow] Generating flow layout
[Topology][Flow] Nodes: 8
[Topology][Flow] Connections: 7
[Topology][Flow] Generating flow layout
[Topology][Flow] Nodes: 2
[Topology][Flow] Connections: 1
[Topology][Flow] Generating flow layout
[Topology][Flow] Nodes: 8
[Topology][Flow] Connections: 7
[Topology][Flow] Generating flow layout
[Topology][Flow] Nodes: 2
[Topology][Flow] Connections: 1
[Topology][Flow] Generating flow layout
[Topology][Flow] Nodes: 8
[Topology][Flow] Connections: 7
[Topology][Flow] Generating flow layout
[Topology][Flow] Nodes: 2
[Topology][Flow] Connections: 1
[Topology][Flow] Generating flow layout
[Topology][Flow] Nodes: 8
[Topology][Flow] Connections: 7
[Topology][Flow] Generating flow layout
[Topology][Flow] Nodes: 2
[Topology][Flow] Connections: 1
[Topology][Flow] Generating flow layout
[Topology][Flow] Nodes: 8
[Topology][Flow] Connections: 7
[Topology][Flow] Generating flow layout
[Topology][Flow] Nodes: 2
[Topology][Flow] Connections: 1
[Topology][Flow] Generating flow layout
[Topology][Flow] Nodes: 8
[Topology][Flow] Connections: 7
[Topology][Flow] Generating flow layout
[Topology][Flow] Nodes: 2
[Topology][Flow] Connections: 1
[Topology][Flow] Generating flow layout
[Topology][Flow] Nodes: 8
[Topology][Flow] Connections: 7
[Topology][Flow] Generating flow layout
[Topology][Flow] Nodes: 2
[Topology][Flow] Connections: 1
[Topology][Flow] Generating flow layout
[Topology][Flow] Nodes: 8
[Topology][Flow] Connections: 7
[Topology][Flow] Generating flow layout
[Topology][Flow] Nodes: 2
[Topology][Flow] Connections: 1
[Topology][Flow] Generating flow layout
[Topology][Flow] Nodes: 8
[Topology][Flow] Connections: 7
[Topology][Flow] Generating flow layout
[Topology][Flow] Nodes: 2
[Topology][Flow] Connections: 1
[Topology][Flow] Generating flow layout
[Topology][Flow] Nodes: 8
[Topology][Flow] Connections: 7
[Topology][Flow] Generating flow layout
[Topology][Flow] Nodes: 2
[Topology][Flow] Connections: 1
[Topology][Flow] Generating flow layout
[Topology][Flow] Nodes: 8
[Topology][Flow] Connections: 7
[Topology][Flow] Generating flow layout
[Topology][Flow] Nodes: 2
[Topology][Flow] Connections: 1
[Topology][Flow] Generating flow layout
[Topology][Flow] Nodes: 8
[Topology][Flow] Connections: 7
[Topology][Flow] Generating flow layout
[Topology][Flow] Nodes: 2
[Topology][Flow] Connections: 1
[Topology][Flow] Generating flow layout
[Topology][Flow] Nodes: 8
[Topology][Flow] Connections: 7
[Topology][Flow] Generating flow layout
[Topology][Flow] Nodes: 2
[Topology][Flow] Connections: 1
[Topology][Flow] Generating flow layout
[Topology][Flow] Nodes: 8
[Topology][Flow] Connections: 7
[Topology][Flow] Generating flow layout
[Topology][Flow] Nodes: 2
[Topology][Flow] Connections: 1
[Topology][Flow] Generating flow layout
[Topology][Flow] Nodes: 8
[Topology][Flow] Connections: 7
[Topology][Flow] Generating flow layout
[Topology][Flow] Nodes: 2
[Topology][Flow] Connections: 1
[Topology][Flow] Generating flow layout
[Topology][Flow] Nodes: 8
[Topology][Flow] Connections: 7
[Topology][Flow] Generating flow layout
[Topology][Flow] Nodes: 2
[Topology][Flow] Connections: 1
[Topology][Flow] Generating flow layout
[Topology][Flow] Nodes: 8
[Topology][Flow] Connections: 7
[Topology][Flow] Generating flow layout
[Topology][Flow] Nodes: 2
[Topology][Flow] Connections: 1
[Topology][Flow] Generating flow layout
[Topology][Flow] Nodes: 8
[Topology][Flow] Connections: 7
[Topology][Flow] Generating flow layout
[Topology][Flow] Nodes: 2
[Topology][Flow] Connections: 1
[Topology][Flow] Generating flow layout
[Topology][Flow] Nodes: 8
[Topology][Flow] Connections: 7
[Topology][Flow] Generating flow layout
[Topology][Flow] Nodes: 2
[Topology][Flow] Connections: 1
[Topology][Flow] Generating flow layout
[Topology][Flow] Nodes: 8
[Topology][Flow] Connections: 7
[Topology][Flow] Generating flow layout
[Topology][Flow] Nodes: 2
[Topology][Flow] Connections: 1
[Topology][Flow] Generating flow layout
[Topology][Flow] Nodes: 8
[Topology][Flow] Connections: 7
[Topology][Flow] Generating flow layout
[Topology][Flow] Nodes: 2
[Topology][Flow] Connections: 1
[Topology][Flow] Generating flow layout
[Topology][Flow] Nodes: 8
[Topology][Flow] Connections: 7
[Topology][Flow] Generating flow layout
[Topology][Flow] Nodes: 2
[Topology][Flow] Connections: 1
[Topology][Flow] Generating flow layout
[Topology][Flow] Nodes: 8
[Topology][Flow] Connections: 7
[Topology][Flow] Generating flow layout
[Topology][Flow] Nodes: 2
[Topology][Flow] Connections: 1
[Topology][Flow] Generating flow layout
[Topology][Flow] Nodes: 8
[Topology][Flow] Connections: 7
[Topology][Flow] Generating flow layout
[Topology][Flow] Nodes: 2
[Topology][Flow] Connections: 1
[Topology][Flow] Generating flow layout
[Topology][Flow] Nodes: 8
[Topology][Flow] Connections: 7
[Topology][Flow] Generating flow layout
[Topology][Flow] Nodes: 2
[Topology][Flow] Connections: 1
[Topology][Flow] Generating flow layout
[Topology][Flow] Nodes: 8
[Topology][Flow] Connections: 7
[Topology][Flow] Generating flow layout
[Topology][Flow] Nodes: 2
[Topology][Flow] Connections: 1
[Topology][Flow] Generating flow layout
[Topology][Flow] Nodes: 8
[Topology][Flow] Connections: 7
[Topology][Flow] Generating flow layout
[Topology][Flow] Nodes: 2
[Topology][Flow] Connections: 1
[Topology][Flow] Generating flow layout
[Topology][Flow] Nodes: 8
[Topology][Flow] Connections: 7
[Topology][Flow] Generating flow layout
[Topology][Flow] Nodes: 2
[Topology][Flow] Connections: 1
[Topology][Flow] Generating flow layout
[Topology][Flow] Nodes: 8
[Topology][Flow] Connections: 7
[Topology][Flow] Generating flow layout
[Topology][Flow] Nodes: 2
[Topology][Flow] Connections: 1
[Topology][Flow] Generating flow layout
[Topology][Flow] Nodes: 8
[Topology][Flow] Connections: 7
[Topology][Flow] Generating flow layout
[Topology][Flow] Nodes: 2
[Topology][Flow] Connections: 1
[Topology][Flow] Generating flow layout
[Topology][Flow] Nodes: 8
[Topology][Flow] Connections: 7
[Topology][Flow] Generating flow layout
[Topology][Flow] Nodes: 2
[Topology][Flow] Connections: 1
[Topology][Flow] Generating flow layout
[Topology][Flow] Nodes: 8
[Topology][Flow] Connections: 7
[Topology][Hub] Generating hub layout
[Topology][Hub] Hub: Delivery
[Topology][Hub] Satellites: 5
[Topology][Hub] Connections: 5
[Topology][Flow] Generating flow layout
[Topology][Flow] Nodes: 8
[Topology][Flow] Connections: 7
[Topology][Hub] Generating hub layout
[Topology][Hub] Hub: Delivery
[Topology][Hub] Satellites: 5
[Topology][Hub] Connections: 5
[Topology][Flow] Generating flow layout
[Topology][Flow] Nodes: 8
[Topology][Flow] Connections: 7
[Topology][Flow] Generating flow layout
[Topology][Flow] Nodes: 2
[Topology][Flow] Connections: 1
[Topology][Flow] Generating flow layout
[Topology][Flow] Nodes: 8
[Topology][Flow] Connections: 7
[Topology][Flow] Generating flow layout
[Topology][Flow] Nodes: 2
[Topology][Flow] Connections: 1
[Topology][Flow] Generating flow layout
[Topology][Flow] Nodes: 8
[Topology][Flow] Connections: 7
[Topology][Hub] Generating hub layout
[Topology][Hub] Hub: Delivery
[Topology][Hub] Satellites: 5
[Topology][Hub] Connections: 5
[Topology][Flow] Generating flow layout
[Topology][Flow] Nodes: 8
[Topology][Flow] Connections: 7
[Topology][Hub] Generating hub layout
[Topology][Hub] Hub: Delivery
[Topology][Hub] Satellites: 5
[Topology][Hub] Connections: 5
[Topology][Flow] Generating flow layout
[Topology][Flow] Nodes: 8
[Topology][Flow] Connections: 7
[Topology][Hub] Generating hub layout
[Topology][Hub] Hub: Capacity
[Topology][Hub] Satellites: 5
[Topology][Hub] Connections: 5
[Topology][Flow] Generating flow layout
[Topology][Flow] Nodes: 8
[Topology][Flow] Connections: 7
[Topology][Hub] Generating hub layout
[Topology][Hub] Hub: Capacity
[Topology][Hub] Satellites: 5
[Topology][Hub] Connections: 5
[Topology][Flow] Generating flow layout
[Topology][Flow] Nodes: 8
[Topology][Flow] Connections: 7
[Topology][Flow] Generating flow layout
[Topology][Flow] Nodes: 2
[Topology][Flow] Connections: 1
[Topology][Flow] Generating flow layout
[Topology][Flow] Nodes: 8
[Topology][Flow] Connections: 7
[Topology][Flow] Generating flow layout
[Topology][Flow] Nodes: 2
[Topology][Flow] Connections: 1
[Topology][Flow] Generating flow layout
[Topology][Flow] Nodes: 8
[Topology][Flow] Connections: 7
[Topology][Hub] Generating hub layout
[Topology][Hub] Hub: Delivery
[Topology][Hub] Satellites: 5
[Topology][Hub] Connections: 5
[Topology][Flow] Generating flow layout
[Topology][Flow] Nodes: 8
[Topology][Flow] Connections: 7
[Topology][Hub] Generating hub layout
[Topology][Hub] Hub: Delivery
[Topology][Hub] Satellites: 5
[Topology][Hub] Connections: 5
[Topology][Flow] Generating flow layout
[Topology][Flow] Nodes: 8
[Topology][Flow] Connections: 7
[Topology][Hub] Generating hub layout
[Topology][Hub] Hub: Capacity
[Topology][Hub] Satellites: 5
[Topology][Hub] Connections: 5
[Topology][Flow] Generating flow layout
[Topology][Flow] Nodes: 8
[Topology][Flow] Connections: 7
[Topology][Hub] Generating hub layout
[Topology][Hub] Hub: Capacity
[Topology][Hub] Satellites: 5
[Topology][Hub] Connections: 5
[Topology][Flow] Generating flow layout
[Topology][Flow] Nodes: 8
[Topology][Flow] Connections: 7
[Topology][Flow] Generating flow layout
[Topology][Flow] Nodes: 2
[Topology][Flow] Connections: 1
[Topology][Flow] Generating flow layout
[Topology][Flow] Nodes: 8
[Topology][Flow] Connections: 7
[Topology][Flow] Generating flow layout
[Topology][Flow] Nodes: 2
[Topology][Flow] Connections: 1
[Topology][Flow] Generating flow layout
[Topology][Flow] Nodes: 8
[Topology][Flow] Connections: 7
[Topology][Flow] Generating flow layout
[Topology][Flow] Nodes: 2
[Topology][Flow] Connections: 1
▶ NEX-MVP-FINAL:6.4 Trusted Executive Communication
  ✔ has FINAL:6.4 identity and does not create competing engines (4.237417ms)
  ✔ meets corpus size (8.824916ms)
  ✔ keeps facts direct and hypotheses qualified (138.257542ms)
  ✔ does not hedge authoritative facts (36.413541ms)
  ✔ answers mixed certainty without exposing enums (24.464917ms)
  ✔ challenges unsupported causal certainty (36.789125ms)
  ✔ keeps clarification short (24.172583ms)
  ✔ does not encode certification sentences in production (0.882375ms)
  ✔ certifies trusted-communication dialogues (8533.562417ms)
✔ NEX-MVP-FINAL:6.4 Trusted Executive Communication (8809.487875ms)
[Topology][Flow] Generating flow layout
[Topology][Flow] Nodes: 8
[Topology][Flow] Connections: 7
[Topology][Flow] Generating flow layout
[Topology][Flow] Nodes: 2
[Topology][Flow] Connections: 1
[Topology][Flow] Generating flow layout
[Topology][Flow] Nodes: 8
[Topology][Flow] Connections: 7
[Topology][Hub] Generating hub layout
[Topology][Hub] Hub: Delivery
[Topology][Hub] Satellites: 5
[Topology][Hub] Connections: 5
[Topology][Flow] Generating flow layout
[Topology][Flow] Nodes: 8
[Topology][Flow] Connections: 7
[Topology][Hub] Generating hub layout
[Topology][Hub] Hub: Delivery
[Topology][Hub] Satellites: 5
[Topology][Hub] Connections: 5
[Topology][Flow] Generating flow layout
[Topology][Flow] Nodes: 8
[Topology][Flow] Connections: 7
[Topology][Flow] Generating flow layout
[Topology][Flow] Nodes: 2
[Topology][Flow] Connections: 1
[Topology][Flow] Generating flow layout
[Topology][Flow] Nodes: 8
[Topology][Flow] Connections: 7
[Topology][Flow] Generating flow layout
[Topology][Flow] Nodes: 2
[Topology][Flow] Connections: 1
[Topology][Flow] Generating flow layout
[Topology][Flow] Nodes: 8
[Topology][Flow] Connections: 7
[Topology][Flow] Generating flow layout
[Topology][Flow] Nodes: 2
[Topology][Flow] Connections: 1
[Topology][Flow] Generating flow layout
[Topology][Flow] Nodes: 8
[Topology][Flow] Connections: 7
[Topology][Flow] Generating flow layout
[Topology][Flow] Nodes: 2
[Topology][Flow] Connections: 1
[Topology][Flow] Generating flow layout
[Topology][Flow] Nodes: 8
[Topology][Flow] Connections: 7
[Topology][Hub] Generating hub layout
[Topology][Hub] Hub: Delivery
[Topology][Hub] Satellites: 5
[Topology][Hub] Connections: 5
[Topology][Flow] Generating flow layout
[Topology][Flow] Nodes: 8
[Topology][Flow] Connections: 7
[Topology][Hub] Generating hub layout
[Topology][Hub] Hub: Delivery
[Topology][Hub] Satellites: 5
[Topology][Hub] Connections: 5
[Topology][Flow] Generating flow layout
[Topology][Flow] Nodes: 8
[Topology][Flow] Connections: 7
[Topology][Flow] Generating flow layout
[Topology][Flow] Nodes: 2
[Topology][Flow] Connections: 1
[Topology][Flow] Generating flow layout
[Topology][Flow] Nodes: 8
[Topology][Flow] Connections: 7
[Topology][Flow] Generating flow layout
[Topology][Flow] Nodes: 2
[Topology][Flow] Connections: 1
[Topology][Flow] Generating flow layout
[Topology][Flow] Nodes: 8
[Topology][Flow] Connections: 7
[Topology][Flow] Generating flow layout
[Topology][Flow] Nodes: 2
[Topology][Flow] Connections: 1
[Topology][Flow] Generating flow layout
[Topology][Flow] Nodes: 8
[Topology][Flow] Connections: 7
[Topology][Flow] Generating flow layout
[Topology][Flow] Nodes: 2
[Topology][Flow] Connections: 1
[Topology][Flow] Generating flow layout
[Topology][Flow] Nodes: 8
[Topology][Flow] Connections: 7
[Topology][Flow] Generating flow layout
[Topology][Flow] Nodes: 2
[Topology][Flow] Connections: 1
[Topology][Flow] Generating flow layout
[Topology][Flow] Nodes: 8
[Topology][Flow] Connections: 7
[Topology][Flow] Generating flow layout
[Topology][Flow] Nodes: 2
[Topology][Flow] Connections: 1
[Topology][Flow] Generating flow layout
[Topology][Flow] Nodes: 8
[Topology][Flow] Connections: 7
[Topology][Flow] Generating flow layout
[Topology][Flow] Nodes: 2
[Topology][Flow] Connections: 1
[Topology][Flow] Generating flow layout
[Topology][Flow] Nodes: 8
[Topology][Flow] Connections: 7
[Topology][Flow] Generating flow layout
[Topology][Flow] Nodes: 2
[Topology][Flow] Connections: 1
[Topology][Flow] Generating flow layout
[Topology][Flow] Nodes: 8
[Topology][Flow] Connections: 7
[Topology][Flow] Generating flow layout
[Topology][Flow] Nodes: 2
[Topology][Flow] Connections: 1
[Topology][Flow] Generating flow layout
[Topology][Flow] Nodes: 8
[Topology][Flow] Connections: 7
[Topology][Flow] Generating flow layout
[Topology][Flow] Nodes: 2
[Topology][Flow] Connections: 1
[Topology][Flow] Generating flow layout
[Topology][Flow] Nodes: 8
[Topology][Flow] Connections: 7
[Topology][Flow] Generating flow layout
[Topology][Flow] Nodes: 2
[Topology][Flow] Connections: 1
[Topology][Flow] Generating flow layout
[Topology][Flow] Nodes: 8
[Topology][Flow] Connections: 7
[Topology][Hub] Generating hub layout
[Topology][Hub] Hub: Delivery
[Topology][Hub] Satellites: 5
[Topology][Hub] Connections: 5
[Topology][Flow] Generating flow layout
[Topology][Flow] Nodes: 8
[Topology][Flow] Connections: 7
[Topology][Hub] Generating hub layout
[Topology][Hub] Hub: Delivery
[Topology][Hub] Satellites: 5
[Topology][Hub] Connections: 5
[Topology][Flow] Generating flow layout
[Topology][Flow] Nodes: 8
[Topology][Flow] Connections: 7
[Topology][Hub] Generating hub layout
[Topology][Hub] Hub: Delivery
[Topology][Hub] Satellites: 5
[Topology][Hub] Connections: 5
[Topology][Flow] Generating flow layout
[Topology][Flow] Nodes: 8
[Topology][Flow] Connections: 7
[Topology][Hub] Generating hub layout
[Topology][Hub] Hub: Delivery
[Topology][Hub] Satellites: 5
[Topology][Hub] Connections: 5
[Topology][Flow] Generating flow layout
[Topology][Flow] Nodes: 8
[Topology][Flow] Connections: 7
[Topology][Hub] Generating hub layout
[Topology][Hub] Hub: Delivery
[Topology][Hub] Satellites: 5
[Topology][Hub] Connections: 5
[Topology][Flow] Generating flow layout
[Topology][Flow] Nodes: 8
[Topology][Flow] Connections: 7
[Topology][Flow] Generating flow layout
[Topology][Flow] Nodes: 2
[Topology][Flow] Connections: 1
[Topology][Flow] Generating flow layout
[Topology][Flow] Nodes: 8
[Topology][Flow] Connections: 7
[Topology][Hub] Generating hub layout
[Topology][Hub] Hub: Delivery
[Topology][Hub] Satellites: 5
[Topology][Hub] Connections: 5
[Topology][Flow] Generating flow layout
[Topology][Flow] Nodes: 8
[Topology][Flow] Connections: 7
[Topology][Hub] Generating hub layout
[Topology][Hub] Hub: Delivery
[Topology][Hub] Satellites: 5
[Topology][Hub] Connections: 5
[Topology][Flow] Generating flow layout
[Topology][Flow] Nodes: 8
[Topology][Flow] Connections: 7
[Topology][Flow] Generating flow layout
[Topology][Flow] Nodes: 2
[Topology][Flow] Connections: 1
[Topology][Flow] Generating flow layout
[Topology][Flow] Nodes: 8
[Topology][Flow] Connections: 7
[Topology][Hub] Generating hub layout
[Topology][Hub] Hub: Delivery
[Topology][Hub] Satellites: 5
[Topology][Hub] Connections: 5
[Topology][Flow] Generating flow layout
[Topology][Flow] Nodes: 8
[Topology][Flow] Connections: 7
[Topology][Hub] Generating hub layout
[Topology][Hub] Hub: Delivery
[Topology][Hub] Satellites: 5
[Topology][Hub] Connections: 5
[Topology][Flow] Generating flow layout
[Topology][Flow] Nodes: 8
[Topology][Flow] Connections: 7
[Topology][Flow] Generating flow layout
[Topology][Flow] Nodes: 2
[Topology][Flow] Connections: 1
[Topology][Flow] Generating flow layout
[Topology][Flow] Nodes: 8
[Topology][Flow] Connections: 7
[Topology][Hub] Generating hub layout
[Topology][Hub] Hub: Delivery
[Topology][Hub] Satellites: 5
[Topology][Hub] Connections: 5
[Topology][Flow] Generating flow layout
[Topology][Flow] Nodes: 8
[Topology][Flow] Connections: 7
[Topology][Hub] Generating hub layout
[Topology][Hub] Hub: Delivery
[Topology][Hub] Satellites: 5
[Topology][Hub] Connections: 5
[Topology][Flow] Generating flow layout
[Topology][Flow] Nodes: 8
[Topology][Flow] Connections: 7
[Topology][Hub] Generating hub layout
[Topology][Hub] Hub: Delivery
[Topology][Hub] Satellites: 5
[Topology][Hub] Connections: 5
[Topology][Flow] Generating flow layout
[Topology][Flow] Nodes: 8
[Topology][Flow] Connections: 7
[Topology][Hub] Generating hub layout
[Topology][Hub] Hub: Delivery
[Topology][Hub] Satellites: 5
[Topology][Hub] Connections: 5
[Topology][Flow] Generating flow layout
[Topology][Flow] Nodes: 8
[Topology][Flow] Connections: 7
[Topology][Hub] Generating hub layout
[Topology][Hub] Hub: Delivery
[Topology][Hub] Satellites: 5
[Topology][Hub] Connections: 5
[Topology][Flow] Generating flow layout
[Topology][Flow] Nodes: 8
[Topology][Flow] Connections: 7
[Topology][Hub] Generating hub layout
[Topology][Hub] Hub: Delivery
[Topology][Hub] Satellites: 5
[Topology][Hub] Connections: 5
[Topology][Flow] Generating flow layout
[Topology][Flow] Nodes: 8
[Topology][Flow] Connections: 7
[Topology][Hub] Generating hub layout
[Topology][Hub] Hub: Delivery
[Topology][Hub] Satellites: 5
[Topology][Hub] Connections: 5
[Topology][Flow] Generating flow layout
[Topology][Flow] Nodes: 8
[Topology][Flow] Connections: 7
[Topology][Hub] Generating hub layout
[Topology][Hub] Hub: Delivery
[Topology][Hub] Satellites: 5
[Topology][Hub] Connections: 5
[Topology][Flow] Generating flow layout
[Topology][Flow] Nodes: 8
[Topology][Flow] Connections: 7
[Topology][Hub] Generating hub layout
[Topology][Hub] Hub: Delivery
[Topology][Hub] Satellites: 5
[Topology][Hub] Connections: 5
[Topology][Flow] Generating flow layout
[Topology][Flow] Nodes: 8
[Topology][Flow] Connections: 7
[Topology][Hub] Generating hub layout
[Topology][Hub] Hub: Delivery
[Topology][Hub] Satellites: 5
[Topology][Hub] Connections: 5
[Topology][Flow] Generating flow layout
[Topology][Flow] Nodes: 8
[Topology][Flow] Connections: 7
[Topology][Flow] Generating flow layout
[Topology][Flow] Nodes: 2
[Topology][Flow] Connections: 1
[Topology][Flow] Generating flow layout
[Topology][Flow] Nodes: 8
[Topology][Flow] Connections: 7
[Topology][Hub] Generating hub layout
[Topology][Hub] Hub: Delivery
[Topology][Hub] Satellites: 5
[Topology][Hub] Connections: 5
[Topology][Flow] Generating flow layout
[Topology][Flow] Nodes: 8
[Topology][Flow] Connections: 7
[Topology][Hub] Generating hub layout
[Topology][Hub] Hub: Delivery
[Topology][Hub] Satellites: 5
[Topology][Hub] Connections: 5
[Topology][Flow] Generating flow layout
[Topology][Flow] Nodes: 8
[Topology][Flow] Connections: 7
[Topology][Hub] Generating hub layout
[Topology][Hub] Hub: Delivery
[Topology][Hub] Satellites: 5
[Topology][Hub] Connections: 5
[Topology][Flow] Generating flow layout
[Topology][Flow] Nodes: 8
[Topology][Flow] Connections: 7
[Topology][Hub] Generating hub layout
[Topology][Hub] Hub: Delivery
[Topology][Hub] Satellites: 5
[Topology][Hub] Connections: 5
[Topology][Flow] Generating flow layout
[Topology][Flow] Nodes: 8
[Topology][Flow] Connections: 7
[Topology][Hub] Generating hub layout
[Topology][Hub] Hub: Delivery
[Topology][Hub] Satellites: 5
[Topology][Hub] Connections: 5
[Topology][Flow] Generating flow layout
[Topology][Flow] Nodes: 8
[Topology][Flow] Connections: 7
[Topology][Hub] Generating hub layout
[Topology][Hub] Hub: Delivery
[Topology][Hub] Satellites: 5
[Topology][Hub] Connections: 5
[Topology][Flow] Generating flow layout
[Topology][Flow] Nodes: 8
[Topology][Flow] Connections: 7
[Topology][Flow] Generating flow layout
[Topology][Flow] Nodes: 2
[Topology][Flow] Connections: 1
[Topology][Flow] Generating flow layout
[Topology][Flow] Nodes: 8
[Topology][Flow] Connections: 7
[Topology][Hub] Generating hub layout
[Topology][Hub] Hub: Delivery
[Topology][Hub] Satellites: 5
[Topology][Hub] Connections: 5
[Topology][Flow] Generating flow layout
[Topology][Flow] Nodes: 8
[Topology][Flow] Connections: 7
[Topology][Hub] Generating hub layout
[Topology][Hub] Hub: Delivery
[Topology][Hub] Satellites: 5
[Topology][Hub] Connections: 5
[Topology][Flow] Generating flow layout
[Topology][Flow] Nodes: 8
[Topology][Flow] Connections: 7
[Topology][Flow] Generating flow layout
[Topology][Flow] Nodes: 2
[Topology][Flow] Connections: 1
[Topology][Flow] Generating flow layout
[Topology][Flow] Nodes: 8
[Topology][Flow] Connections: 7
[Topology][Flow] Generating flow layout
[Topology][Flow] Nodes: 2
[Topology][Flow] Connections: 1
[Topology][Flow] Generating flow layout
[Topology][Flow] Nodes: 8
[Topology][Flow] Connections: 7
[Topology][Flow] Generating flow layout
[Topology][Flow] Nodes: 2
[Topology][Flow] Connections: 1
[Topology][Flow] Generating flow layout
[Topology][Flow] Nodes: 8
[Topology][Flow] Connections: 7
[Topology][Flow] Generating flow layout
[Topology][Flow] Nodes: 2
[Topology][Flow] Connections: 1
[Topology][Flow] Generating flow layout
[Topology][Flow] Nodes: 8
[Topology][Flow] Connections: 7
[Topology][Flow] Generating flow layout
[Topology][Flow] Nodes: 2
[Topology][Flow] Connections: 1
[Topology][Flow] Generating flow layout
[Topology][Flow] Nodes: 8
[Topology][Flow] Connections: 7
[Topology][Flow] Generating flow layout
[Topology][Flow] Nodes: 2
[Topology][Flow] Connections: 1
[Topology][Flow] Generating flow layout
[Topology][Flow] Nodes: 8
[Topology][Flow] Connections: 7
[Topology][Flow] Generating flow layout
[Topology][Flow] Nodes: 2
[Topology][Flow] Connections: 1
[Topology][Flow] Generating flow layout
[Topology][Flow] Nodes: 8
[Topology][Flow] Connections: 7
[Topology][Flow] Generating flow layout
[Topology][Flow] Nodes: 2
[Topology][Flow] Connections: 1
[Topology][Flow] Generating flow layout
[Topology][Flow] Nodes: 8
[Topology][Flow] Connections: 7
[Topology][Flow] Generating flow layout
[Topology][Flow] Nodes: 2
[Topology][Flow] Connections: 1
[Topology][Flow] Generating flow layout
[Topology][Flow] Nodes: 8
[Topology][Flow] Connections: 7
[Topology][Flow] Generating flow layout
[Topology][Flow] Nodes: 2
[Topology][Flow] Connections: 1
[Topology][Flow] Generating flow layout
[Topology][Flow] Nodes: 8
[Topology][Flow] Connections: 7
[Topology][Flow] Generating flow layout
[Topology][Flow] Nodes: 2
[Topology][Flow] Connections: 1
[Topology][Flow] Generating flow layout
[Topology][Flow] Nodes: 8
[Topology][Flow] Connections: 7
[Topology][Flow] Generating flow layout
[Topology][Flow] Nodes: 2
[Topology][Flow] Connections: 1
[Topology][Flow] Generating flow layout
[Topology][Flow] Nodes: 8
[Topology][Flow] Connections: 7
[Topology][Flow] Generating flow layout
[Topology][Flow] Nodes: 2
[Topology][Flow] Connections: 1
[Topology][Flow] Generating flow layout
[Topology][Flow] Nodes: 8
[Topology][Flow] Connections: 7
[Topology][Flow] Generating flow layout
[Topology][Flow] Nodes: 2
[Topology][Flow] Connections: 1
[Topology][Flow] Generating flow layout
[Topology][Flow] Nodes: 8
[Topology][Flow] Connections: 7
[Topology][Hub] Generating hub layout
[Topology][Hub] Hub: Delivery
[Topology][Hub] Satellites: 5
[Topology][Hub] Connections: 5
[Topology][Flow] Generating flow layout
[Topology][Flow] Nodes: 8
[Topology][Flow] Connections: 7
[Topology][Hub] Generating hub layout
[Topology][Hub] Hub: Delivery
[Topology][Hub] Satellites: 5
[Topology][Hub] Connections: 5
[Topology][Flow] Generating flow layout
[Topology][Flow] Nodes: 8
[Topology][Flow] Connections: 7
[Topology][Hub] Generating hub layout
[Topology][Hub] Hub: Delivery
[Topology][Hub] Satellites: 5
[Topology][Hub] Connections: 5
[Topology][Flow] Generating flow layout
[Topology][Flow] Nodes: 8
[Topology][Flow] Connections: 7
[Topology][Hub] Generating hub layout
[Topology][Hub] Hub: Delivery
[Topology][Hub] Satellites: 5
[Topology][Hub] Connections: 5
[Topology][Flow] Generating flow layout
[Topology][Flow] Nodes: 8
[Topology][Flow] Connections: 7
[Topology][Flow] Generating flow layout
[Topology][Flow] Nodes: 2
[Topology][Flow] Connections: 1
[Topology][Flow] Generating flow layout
[Topology][Flow] Nodes: 8
[Topology][Flow] Connections: 7
[Topology][Hub] Generating hub layout
[Topology][Hub] Hub: Delivery
[Topology][Hub] Satellites: 5
[Topology][Hub] Connections: 5
[Topology][Flow] Generating flow layout
[Topology][Flow] Nodes: 8
[Topology][Flow] Connections: 7
[Topology][Hub] Generating hub layout
[Topology][Hub] Hub: Delivery
[Topology][Hub] Satellites: 5
[Topology][Hub] Connections: 5
[Topology][Flow] Generating flow layout
[Topology][Flow] Nodes: 8
[Topology][Flow] Connections: 7
[Topology][Hub] Generating hub layout
[Topology][Hub] Hub: Delivery
[Topology][Hub] Satellites: 5
[Topology][Hub] Connections: 5
[Topology][Flow] Generating flow layout
[Topology][Flow] Nodes: 8
[Topology][Flow] Connections: 7
[Topology][Flow] Generating flow layout
[Topology][Flow] Nodes: 2
[Topology][Flow] Connections: 1
[Topology][Flow] Generating flow layout
[Topology][Flow] Nodes: 8
[Topology][Flow] Connections: 7
[Topology][Flow] Generating flow layout
[Topology][Flow] Nodes: 2
[Topology][Flow] Connections: 1
[Topology][Flow] Generating flow layout
[Topology][Flow] Nodes: 8
[Topology][Flow] Connections: 7
[Topology][Flow] Generating flow layout
[Topology][Flow] Nodes: 2
[Topology][Flow] Connections: 1
[Topology][Flow] Generating flow layout
[Topology][Flow] Nodes: 8
[Topology][Flow] Connections: 7
[Topology][Flow] Generating flow layout
[Topology][Flow] Nodes: 2
[Topology][Flow] Connections: 1
[Topology][Flow] Generating flow layout
[Topology][Flow] Nodes: 8
[Topology][Flow] Connections: 7
[Topology][Hub] Generating hub layout
[Topology][Hub] Hub: Delivery
[Topology][Hub] Satellites: 5
[Topology][Hub] Connections: 5
[Topology][Flow] Generating flow layout
[Topology][Flow] Nodes: 8
[Topology][Flow] Connections: 7
[Topology][Hub] Generating hub layout
[Topology][Hub] Hub: Capacity
[Topology][Hub] Satellites: 5
[Topology][Hub] Connections: 5
[Topology][Flow] Generating flow layout
[Topology][Flow] Nodes: 8
[Topology][Flow] Connections: 7
[Topology][Hub] Generating hub layout
[Topology][Hub] Hub: Capacity
[Topology][Hub] Satellites: 5
[Topology][Hub] Connections: 5
[Topology][Flow] Generating flow layout
[Topology][Flow] Nodes: 8
[Topology][Flow] Connections: 7
[Topology][Hub] Generating hub layout
[Topology][Hub] Hub: Delivery
[Topology][Hub] Satellites: 5
[Topology][Hub] Connections: 5
[Topology][Flow] Generating flow layout
[Topology][Flow] Nodes: 8
[Topology][Flow] Connections: 7
[Topology][Hub] Generating hub layout
[Topology][Hub] Hub: Capacity
[Topology][Hub] Satellites: 5
[Topology][Hub] Connections: 5
[Topology][Flow] Generating flow layout
[Topology][Flow] Nodes: 8
[Topology][Flow] Connections: 7
[Topology][Hub] Generating hub layout
[Topology][Hub] Hub: Capacity
[Topology][Hub] Satellites: 5
[Topology][Hub] Connections: 5
[Topology][Flow] Generating flow layout
[Topology][Flow] Nodes: 8
[Topology][Flow] Connections: 7
[Topology][Flow] Generating flow layout
[Topology][Flow] Nodes: 2
[Topology][Flow] Connections: 1
[Topology][Flow] Generating flow layout
[Topology][Flow] Nodes: 8
[Topology][Flow] Connections: 7
[Topology][Flow] Generating flow layout
[Topology][Flow] Nodes: 2
[Topology][Flow] Connections: 1
[Topology][Flow] Generating flow layout
[Topology][Flow] Nodes: 8
[Topology][Flow] Connections: 7
[Topology][Flow] Generating flow layout
[Topology][Flow] Nodes: 2
[Topology][Flow] Connections: 1
[Topology][Flow] Generating flow layout
[Topology][Flow] Nodes: 8
[Topology][Flow] Connections: 7
[Topology][Flow] Generating flow layout
[Topology][Flow] Nodes: 2
[Topology][Flow] Connections: 1
[Topology][Flow] Generating flow layout
[Topology][Flow] Nodes: 8
[Topology][Flow] Connections: 7
[Topology][Hub] Generating hub layout
[Topology][Hub] Hub: Delivery
[Topology][Hub] Satellites: 5
[Topology][Hub] Connections: 5
[Topology][Flow] Generating flow layout
[Topology][Flow] Nodes: 8
[Topology][Flow] Connections: 7
[Topology][Hub] Generating hub layout
[Topology][Hub] Hub: Delivery
[Topology][Hub] Satellites: 5
[Topology][Hub] Connections: 5
[Topology][Flow] Generating flow layout
[Topology][Flow] Nodes: 8
[Topology][Flow] Connections: 7
[Topology][Flow] Generating flow layout
[Topology][Flow] Nodes: 2
[Topology][Flow] Connections: 1
[Topology][Flow] Generating flow layout
[Topology][Flow] Nodes: 8
[Topology][Flow] Connections: 7
[Topology][Flow] Generating flow layout
[Topology][Flow] Nodes: 2
[Topology][Flow] Connections: 1
[Topology][Flow] Generating flow layout
[Topology][Flow] Nodes: 8
[Topology][Flow] Connections: 7
[Topology][Flow] Generating flow layout
[Topology][Flow] Nodes: 2
[Topology][Flow] Connections: 1
[Topology][Flow] Generating flow layout
[Topology][Flow] Nodes: 8
[Topology][Flow] Connections: 7
[Topology][Hub] Generating hub layout
[Topology][Hub] Hub: Delivery
[Topology][Hub] Satellites: 5
[Topology][Hub] Connections: 5
[Topology][Flow] Generating flow layout
[Topology][Flow] Nodes: 8
[Topology][Flow] Connections: 7
[Topology][Hub] Generating hub layout
[Topology][Hub] Hub: Delivery
[Topology][Hub] Satellites: 5
[Topology][Hub] Connections: 5
[Topology][Flow] Generating flow layout
[Topology][Flow] Nodes: 8
[Topology][Flow] Connections: 7
[Topology][Hub] Generating hub layout
[Topology][Hub] Hub: Delivery
[Topology][Hub] Satellites: 5
[Topology][Hub] Connections: 5
[Topology][Flow] Generating flow layout
[Topology][Flow] Nodes: 8
[Topology][Flow] Connections: 7
[Topology][Hub] Generating hub layout
[Topology][Hub] Hub: Delivery
[Topology][Hub] Satellites: 5
[Topology][Hub] Connections: 5
[Topology][Flow] Generating flow layout
[Topology][Flow] Nodes: 8
[Topology][Flow] Connections: 7
[Topology][Flow] Generating flow layout
[Topology][Flow] Nodes: 2
[Topology][Flow] Connections: 1
[Topology][Flow] Generating flow layout
[Topology][Flow] Nodes: 8
[Topology][Flow] Connections: 7
[Topology][Flow] Generating flow layout
[Topology][Flow] Nodes: 2
[Topology][Flow] Connections: 1
[Topology][Flow] Generating flow layout
[Topology][Flow] Nodes: 8
[Topology][Flow] Connections: 7
[Topology][Flow] Generating flow layout
[Topology][Flow] Nodes: 2
[Topology][Flow] Connections: 1
[Topology][Flow] Generating flow layout
[Topology][Flow] Nodes: 8
[Topology][Flow] Connections: 7
[Topology][Hub] Generating hub layout
[Topology][Hub] Hub: Delivery
[Topology][Hub] Satellites: 5
[Topology][Hub] Connections: 5
[Topology][Flow] Generating flow layout
[Topology][Flow] Nodes: 8
[Topology][Flow] Connections: 7
[Topology][Hub] Generating hub layout
[Topology][Hub] Hub: Delivery
[Topology][Hub] Satellites: 5
[Topology][Hub] Connections: 5
[Topology][Flow] Generating flow layout
[Topology][Flow] Nodes: 8
[Topology][Flow] Connections: 7
[Topology][Hub] Generating hub layout
[Topology][Hub] Hub: Delivery
[Topology][Hub] Satellites: 5
[Topology][Hub] Connections: 5
[Topology][Flow] Generating flow layout
[Topology][Flow] Nodes: 8
[Topology][Flow] Connections: 7
[Topology][Flow] Generating flow layout
[Topology][Flow] Nodes: 2
[Topology][Flow] Connections: 1
[Topology][Flow] Generating flow layout
[Topology][Flow] Nodes: 8
[Topology][Flow] Connections: 7
[Topology][Flow] Generating flow layout
[Topology][Flow] Nodes: 2
[Topology][Flow] Connections: 1
[Topology][Flow] Generating flow layout
[Topology][Flow] Nodes: 8
[Topology][Flow] Connections: 7
[Topology][Flow] Generating flow layout
[Topology][Flow] Nodes: 2
[Topology][Flow] Connections: 1
[Topology][Flow] Generating flow layout
[Topology][Flow] Nodes: 8
[Topology][Flow] Connections: 7
[Topology][Flow] Generating flow layout
[Topology][Flow] Nodes: 2
[Topology][Flow] Connections: 1
[Topology][Flow] Generating flow layout
[Topology][Flow] Nodes: 8
[Topology][Flow] Connections: 7
[Topology][Flow] Generating flow layout
[Topology][Flow] Nodes: 2
[Topology][Flow] Connections: 1
[Topology][Flow] Generating flow layout
[Topology][Flow] Nodes: 8
[Topology][Flow] Connections: 7
[Topology][Flow] Generating flow layout
[Topology][Flow] Nodes: 2
[Topology][Flow] Connections: 1
[Topology][Flow] Generating flow layout
[Topology][Flow] Nodes: 8
[Topology][Flow] Connections: 7
[Topology][Flow] Generating flow layout
[Topology][Flow] Nodes: 2
[Topology][Flow] Connections: 1
[Topology][Flow] Generating flow layout
[Topology][Flow] Nodes: 8
[Topology][Flow] Connections: 7
[Topology][Hub] Generating hub layout
[Topology][Hub] Hub: Delivery
[Topology][Hub] Satellites: 5
[Topology][Hub] Connections: 5
[Topology][Flow] Generating flow layout
[Topology][Flow] Nodes: 8
[Topology][Flow] Connections: 7
[Topology][Hub] Generating hub layout
[Topology][Hub] Hub: Delivery
[Topology][Hub] Satellites: 5
[Topology][Hub] Connections: 5
[Topology][Flow] Generating flow layout
[Topology][Flow] Nodes: 8
[Topology][Flow] Connections: 7
[Topology][Hub] Generating hub layout
[Topology][Hub] Hub: Delivery
[Topology][Hub] Satellites: 5
[Topology][Hub] Connections: 5
[Topology][Flow] Generating flow layout
[Topology][Flow] Nodes: 8
[Topology][Flow] Connections: 7
[Topology][Flow] Generating flow layout
[Topology][Flow] Nodes: 2
[Topology][Flow] Connections: 1
[Topology][Flow] Generating flow layout
[Topology][Flow] Nodes: 8
[Topology][Flow] Connections: 7
[Topology][Hub] Generating hub layout
[Topology][Hub] Hub: Delivery
[Topology][Hub] Satellites: 5
[Topology][Hub] Connections: 5
[Topology][Flow] Generating flow layout
[Topology][Flow] Nodes: 8
[Topology][Flow] Connections: 7
[Topology][Hub] Generating hub layout
[Topology][Hub] Hub: Delivery
[Topology][Hub] Satellites: 5
[Topology][Hub] Connections: 5
[Topology][Flow] Generating flow layout
[Topology][Flow] Nodes: 8
[Topology][Flow] Connections: 7
[Topology][Hub] Generating hub layout
[Topology][Hub] Hub: Delivery
[Topology][Hub] Satellites: 5
[Topology][Hub] Connections: 5
[Topology][Flow] Generating flow layout
[Topology][Flow] Nodes: 8
[Topology][Flow] Connections: 7
[Topology][Hub] Generating hub layout
[Topology][Hub] Hub: Delivery
[Topology][Hub] Satellites: 5
[Topology][Hub] Connections: 5
[Topology][Flow] Generating flow layout
[Topology][Flow] Nodes: 8
[Topology][Flow] Connections: 7
[Topology][Hub] Generating hub layout
[Topology][Hub] Hub: Delivery
[Topology][Hub] Satellites: 5
[Topology][Hub] Connections: 5
[Topology][Flow] Generating flow layout
[Topology][Flow] Nodes: 8
[Topology][Flow] Connections: 7
[Topology][Hub] Generating hub layout
[Topology][Hub] Hub: Delivery
[Topology][Hub] Satellites: 5
[Topology][Hub] Connections: 5
[Topology][Flow] Generating flow layout
[Topology][Flow] Nodes: 8
[Topology][Flow] Connections: 7
[Topology][Hub] Generating hub layout
[Topology][Hub] Hub: Delivery
[Topology][Hub] Satellites: 5
[Topology][Hub] Connections: 5
[Topology][Flow] Generating flow layout
[Topology][Flow] Nodes: 8
[Topology][Flow] Connections: 7
[Topology][Hub] Generating hub layout
[Topology][Hub] Hub: Delivery
[Topology][Hub] Satellites: 5
[Topology][Hub] Connections: 5
[Topology][Flow] Generating flow layout
[Topology][Flow] Nodes: 8
[Topology][Flow] Connections: 7
[Topology][Hub] Generating hub layout
[Topology][Hub] Hub: Delivery
[Topology][Hub] Satellites: 5
[Topology][Hub] Connections: 5
[Topology][Flow] Generating flow layout
[Topology][Flow] Nodes: 8
[Topology][Flow] Connections: 7
[Topology][Hub] Generating hub layout
[Topology][Hub] Hub: Delivery
[Topology][Hub] Satellites: 5
[Topology][Hub] Connections: 5
[Topology][Flow] Generating flow layout
[Topology][Flow] Nodes: 8
[Topology][Flow] Connections: 7
[Topology][Hub] Generating hub layout
[Topology][Hub] Hub: Delivery
[Topology][Hub] Satellites: 5
[Topology][Hub] Connections: 5
[Topology][Flow] Generating flow layout
[Topology][Flow] Nodes: 8
[Topology][Flow] Connections: 7
[Topology][Hub] Generating hub layout
[Topology][Hub] Hub: Delivery
[Topology][Hub] Satellites: 5
[Topology][Hub] Connections: 5
[Topology][Flow] Generating flow layout
[Topology][Flow] Nodes: 8
[Topology][Flow] Connections: 7
[Topology][Hub] Generating hub layout
[Topology][Hub] Hub: Delivery
[Topology][Hub] Satellites: 5
[Topology][Hub] Connections: 5
[Topology][Flow] Generating flow layout
[Topology][Flow] Nodes: 8
[Topology][Flow] Connections: 7
[Topology][Hub] Generating hub layout
[Topology][Hub] Hub: Delivery
[Topology][Hub] Satellites: 5
[Topology][Hub] Connections: 5
[Topology][Flow] Generating flow layout
[Topology][Flow] Nodes: 8
[Topology][Flow] Connections: 7
[Topology][Hub] Generating hub layout
[Topology][Hub] Hub: Delivery
[Topology][Hub] Satellites: 5
[Topology][Hub] Connections: 5
[Topology][Flow] Generating flow layout
[Topology][Flow] Nodes: 8
[Topology][Flow] Connections: 7
[Topology][Hub] Generating hub layout
[Topology][Hub] Hub: Delivery
[Topology][Hub] Satellites: 5
[Topology][Hub] Connections: 5
[Topology][Flow] Generating flow layout
[Topology][Flow] Nodes: 8
[Topology][Flow] Connections: 7
[Topology][Hub] Generating hub layout
[Topology][Hub] Hub: Delivery
[Topology][Hub] Satellites: 5
[Topology][Hub] Connections: 5
[Topology][Flow] Generating flow layout
[Topology][Flow] Nodes: 8
[Topology][Flow] Connections: 7
[Topology][Flow] Generating flow layout
[Topology][Flow] Nodes: 2
[Topology][Flow] Connections: 1
[Topology][Flow] Generating flow layout
[Topology][Flow] Nodes: 8
[Topology][Flow] Connections: 7
[Topology][Hub] Generating hub layout
[Topology][Hub] Hub: Delivery
[Topology][Hub] Satellites: 5
[Topology][Hub] Connections: 5
[Topology][Flow] Generating flow layout
[Topology][Flow] Nodes: 8
[Topology][Flow] Connections: 7
[Topology][Hub] Generating hub layout
[Topology][Hub] Hub: Delivery
[Topology][Hub] Satellites: 5
[Topology][Hub] Connections: 5
[Topology][Flow] Generating flow layout
[Topology][Flow] Nodes: 8
[Topology][Flow] Connections: 7
[Topology][Hub] Generating hub layout
[Topology][Hub] Hub: Delivery
[Topology][Hub] Satellites: 5
[Topology][Hub] Connections: 5
[Topology][Flow] Generating flow layout
[Topology][Flow] Nodes: 8
[Topology][Flow] Connections: 7
[Topology][Hub] Generating hub layout
[Topology][Hub] Hub: Delivery
[Topology][Hub] Satellites: 5
[Topology][Hub] Connections: 5
[Topology][Flow] Generating flow layout
[Topology][Flow] Nodes: 8
[Topology][Flow] Connections: 7
[Topology][Hub] Generating hub layout
[Topology][Hub] Hub: Delivery
[Topology][Hub] Satellites: 5
[Topology][Hub] Connections: 5
[Topology][Flow] Generating flow layout
[Topology][Flow] Nodes: 8
[Topology][Flow] Connections: 7
[Topology][Hub] Generating hub layout
[Topology][Hub] Hub: Delivery
[Topology][Hub] Satellites: 5
[Topology][Hub] Connections: 5
[Topology][Flow] Generating flow layout
[Topology][Flow] Nodes: 8
[Topology][Flow] Connections: 7
[Topology][Hub] Generating hub layout
[Topology][Hub] Hub: Delivery
[Topology][Hub] Satellites: 5
[Topology][Hub] Connections: 5
[Topology][Flow] Generating flow layout
[Topology][Flow] Nodes: 8
[Topology][Flow] Connections: 7
[Topology][Hub] Generating hub layout
[Topology][Hub] Hub: Delivery
[Topology][Hub] Satellites: 5
[Topology][Hub] Connections: 5
[Topology][Flow] Generating flow layout
[Topology][Flow] Nodes: 8
[Topology][Flow] Connections: 7
[Topology][Hub] Generating hub layout
[Topology][Hub] Hub: Delivery
[Topology][Hub] Satellites: 5
[Topology][Hub] Connections: 5
[Topology][Flow] Generating flow layout
[Topology][Flow] Nodes: 8
[Topology][Flow] Connections: 7
[Topology][Hub] Generating hub layout
[Topology][Hub] Hub: Delivery
[Topology][Hub] Satellites: 5
[Topology][Hub] Connections: 5
[Topology][Flow] Generating flow layout
[Topology][Flow] Nodes: 8
[Topology][Flow] Connections: 7
[Topology][Hub] Generating hub layout
[Topology][Hub] Hub: Delivery
[Topology][Hub] Satellites: 5
[Topology][Hub] Connections: 5
[Topology][Flow] Generating flow layout
[Topology][Flow] Nodes: 8
[Topology][Flow] Connections: 7
[Topology][Hub] Generating hub layout
[Topology][Hub] Hub: Delivery
[Topology][Hub] Satellites: 5
[Topology][Hub] Connections: 5
[Topology][Flow] Generating flow layout
[Topology][Flow] Nodes: 8
[Topology][Flow] Connections: 7
[Topology][Hub] Generating hub layout
[Topology][Hub] Hub: Delivery
[Topology][Hub] Satellites: 5
[Topology][Hub] Connections: 5
[Topology][Flow] Generating flow layout
[Topology][Flow] Nodes: 8
[Topology][Flow] Connections: 7
[Topology][Hub] Generating hub layout
[Topology][Hub] Hub: Delivery
[Topology][Hub] Satellites: 5
[Topology][Hub] Connections: 5
[Topology][Flow] Generating flow layout
[Topology][Flow] Nodes: 8
[Topology][Flow] Connections: 7
[Topology][Hub] Generating hub layout
[Topology][Hub] Hub: Delivery
[Topology][Hub] Satellites: 5
[Topology][Hub] Connections: 5
[Topology][Flow] Generating flow layout
[Topology][Flow] Nodes: 8
[Topology][Flow] Connections: 7
[Topology][Hub] Generating hub layout
[Topology][Hub] Hub: Delivery
[Topology][Hub] Satellites: 5
[Topology][Hub] Connections: 5
[Topology][Flow] Generating flow layout
[Topology][Flow] Nodes: 8
[Topology][Flow] Connections: 7
[Topology][Hub] Generating hub layout
[Topology][Hub] Hub: Delivery
[Topology][Hub] Satellites: 5
[Topology][Hub] Connections: 5
[Topology][Flow] Generating flow layout
[Topology][Flow] Nodes: 8
[Topology][Flow] Connections: 7
[Topology][Hub] Generating hub layout
[Topology][Hub] Hub: Delivery
[Topology][Hub] Satellites: 5
[Topology][Hub] Connections: 5
[Topology][Flow] Generating flow layout
[Topology][Flow] Nodes: 8
[Topology][Flow] Connections: 7
[Topology][Hub] Generating hub layout
[Topology][Hub] Hub: Delivery
[Topology][Hub] Satellites: 5
[Topology][Hub] Connections: 5
[Topology][Flow] Generating flow layout
[Topology][Flow] Nodes: 8
[Topology][Flow] Connections: 7
[Topology][Hub] Generating hub layout
[Topology][Hub] Hub: Delivery
[Topology][Hub] Satellites: 5
[Topology][Hub] Connections: 5
[Topology][Flow] Generating flow layout
[Topology][Flow] Nodes: 8
[Topology][Flow] Connections: 7
[Topology][Hub] Generating hub layout
[Topology][Hub] Hub: Delivery
[Topology][Hub] Satellites: 5
[Topology][Hub] Connections: 5
[Topology][Flow] Generating flow layout
[Topology][Flow] Nodes: 8
[Topology][Flow] Connections: 7
[Topology][Hub] Generating hub layout
[Topology][Hub] Hub: Delivery
[Topology][Hub] Satellites: 5
[Topology][Hub] Connections: 5
[Topology][Flow] Generating flow layout
[Topology][Flow] Nodes: 8
[Topology][Flow] Connections: 7
[Topology][Hub] Generating hub layout
[Topology][Hub] Hub: Delivery
[Topology][Hub] Satellites: 5
[Topology][Hub] Connections: 5
[Topology][Flow] Generating flow layout
[Topology][Flow] Nodes: 8
[Topology][Flow] Connections: 7
[Topology][Hub] Generating hub layout
[Topology][Hub] Hub: Delivery
[Topology][Hub] Satellites: 5
[Topology][Hub] Connections: 5
[Topology][Flow] Generating flow layout
[Topology][Flow] Nodes: 8
[Topology][Flow] Connections: 7
[Topology][Hub] Generating hub layout
[Topology][Hub] Hub: Delivery
[Topology][Hub] Satellites: 5
[Topology][Hub] Connections: 5
[Topology][Flow] Generating flow layout
[Topology][Flow] Nodes: 8
[Topology][Flow] Connections: 7
[Topology][Hub] Generating hub layout
[Topology][Hub] Hub: Delivery
[Topology][Hub] Satellites: 5
[Topology][Hub] Connections: 5
[Topology][Flow] Generating flow layout
[Topology][Flow] Nodes: 8
[Topology][Flow] Connections: 7
[Topology][Hub] Generating hub layout
[Topology][Hub] Hub: Delivery
[Topology][Hub] Satellites: 5
[Topology][Hub] Connections: 5
[Topology][Flow] Generating flow layout
[Topology][Flow] Nodes: 8
[Topology][Flow] Connections: 7
[Topology][Hub] Generating hub layout
[Topology][Hub] Hub: Delivery
[Topology][Hub] Satellites: 5
[Topology][Hub] Connections: 5
[Topology][Flow] Generating flow layout
[Topology][Flow] Nodes: 8
[Topology][Flow] Connections: 7
[Topology][Hub] Generating hub layout
[Topology][Hub] Hub: Delivery
[Topology][Hub] Satellites: 5
[Topology][Hub] Connections: 5
[Topology][Flow] Generating flow layout
[Topology][Flow] Nodes: 8
[Topology][Flow] Connections: 7
[Topology][Hub] Generating hub layout
[Topology][Hub] Hub: Delivery
[Topology][Hub] Satellites: 5
[Topology][Hub] Connections: 5
[Topology][Flow] Generating flow layout
[Topology][Flow] Nodes: 8
[Topology][Flow] Connections: 7
[Topology][Hub] Generating hub layout
[Topology][Hub] Hub: Delivery
[Topology][Hub] Satellites: 5
[Topology][Hub] Connections: 5
[Topology][Flow] Generating flow layout
[Topology][Flow] Nodes: 8
[Topology][Flow] Connections: 7
[Topology][Hub] Generating hub layout
[Topology][Hub] Hub: Delivery
[Topology][Hub] Satellites: 5
[Topology][Hub] Connections: 5
[Topology][Flow] Generating flow layout
[Topology][Flow] Nodes: 8
[Topology][Flow] Connections: 7
[Topology][Hub] Generating hub layout
[Topology][Hub] Hub: Delivery
[Topology][Hub] Satellites: 5
[Topology][Hub] Connections: 5
[Topology][Flow] Generating flow layout
[Topology][Flow] Nodes: 8
[Topology][Flow] Connections: 7
[Topology][Hub] Generating hub layout
[Topology][Hub] Hub: Delivery
[Topology][Hub] Satellites: 5
[Topology][Hub] Connections: 5
[Topology][Flow] Generating flow layout
[Topology][Flow] Nodes: 8
[Topology][Flow] Connections: 7
[Topology][Hub] Generating hub layout
[Topology][Hub] Hub: Delivery
[Topology][Hub] Satellites: 5
[Topology][Hub] Connections: 5
[Topology][Flow] Generating flow layout
[Topology][Flow] Nodes: 8
[Topology][Flow] Connections: 7
[Topology][Hub] Generating hub layout
[Topology][Hub] Hub: Delivery
[Topology][Hub] Satellites: 5
[Topology][Hub] Connections: 5
[Topology][Flow] Generating flow layout
[Topology][Flow] Nodes: 8
[Topology][Flow] Connections: 7
[Topology][Hub] Generating hub layout
[Topology][Hub] Hub: Delivery
[Topology][Hub] Satellites: 5
[Topology][Hub] Connections: 5
[Topology][Flow] Generating flow layout
[Topology][Flow] Nodes: 8
[Topology][Flow] Connections: 7
[Topology][Hub] Generating hub layout
[Topology][Hub] Hub: Delivery
[Topology][Hub] Satellites: 5
[Topology][Hub] Connections: 5
[Topology][Flow] Generating flow layout
[Topology][Flow] Nodes: 8
[Topology][Flow] Connections: 7
[Topology][Hub] Generating hub layout
[Topology][Hub] Hub: Delivery
[Topology][Hub] Satellites: 5
[Topology][Hub] Connections: 5
[Topology][Flow] Generating flow layout
[Topology][Flow] Nodes: 8
[Topology][Flow] Connections: 7
[Topology][Hub] Generating hub layout
[Topology][Hub] Hub: Delivery
[Topology][Hub] Satellites: 5
[Topology][Hub] Connections: 5
[Topology][Flow] Generating flow layout
[Topology][Flow] Nodes: 8
[Topology][Flow] Connections: 7
[Topology][Hub] Generating hub layout
[Topology][Hub] Hub: Delivery
[Topology][Hub] Satellites: 5
[Topology][Hub] Connections: 5
[Topology][Flow] Generating flow layout
[Topology][Flow] Nodes: 8
[Topology][Flow] Connections: 7
[Topology][Hub] Generating hub layout
[Topology][Hub] Hub: Delivery
[Topology][Hub] Satellites: 5
[Topology][Hub] Connections: 5
[Topology][Flow] Generating flow layout
[Topology][Flow] Nodes: 8
[Topology][Flow] Connections: 7
[Topology][Hub] Generating hub layout
[Topology][Hub] Hub: Delivery
[Topology][Hub] Satellites: 5
[Topology][Hub] Connections: 5
[Topology][Flow] Generating flow layout
[Topology][Flow] Nodes: 8
[Topology][Flow] Connections: 7
[Topology][Hub] Generating hub layout
[Topology][Hub] Hub: Delivery
[Topology][Hub] Satellites: 5
[Topology][Hub] Connections: 5
[Topology][Flow] Generating flow layout
[Topology][Flow] Nodes: 8
[Topology][Flow] Connections: 7
[Topology][Hub] Generating hub layout
[Topology][Hub] Hub: Delivery
[Topology][Hub] Satellites: 5
[Topology][Hub] Connections: 5
[Topology][Flow] Generating flow layout
[Topology][Flow] Nodes: 8
[Topology][Flow] Connections: 7
[Topology][Hub] Generating hub layout
[Topology][Hub] Hub: Delivery
[Topology][Hub] Satellites: 5
[Topology][Hub] Connections: 5
[Topology][Flow] Generating flow layout
[Topology][Flow] Nodes: 8
[Topology][Flow] Connections: 7
[Topology][Hub] Generating hub layout
[Topology][Hub] Hub: Delivery
[Topology][Hub] Satellites: 5
[Topology][Hub] Connections: 5
[Topology][Flow] Generating flow layout
[Topology][Flow] Nodes: 8
[Topology][Flow] Connections: 7
[Topology][Hub] Generating hub layout
[Topology][Hub] Hub: Delivery
[Topology][Hub] Satellites: 5
[Topology][Hub] Connections: 5
[Topology][Flow] Generating flow layout
[Topology][Flow] Nodes: 8
[Topology][Flow] Connections: 7
[Topology][Hub] Generating hub layout
[Topology][Hub] Hub: Delivery
[Topology][Hub] Satellites: 5
[Topology][Hub] Connections: 5
[Topology][Flow] Generating flow layout
[Topology][Flow] Nodes: 8
[Topology][Flow] Connections: 7
[Topology][Hub] Generating hub layout
[Topology][Hub] Hub: Delivery
[Topology][Hub] Satellites: 5
[Topology][Hub] Connections: 5
[Topology][Flow] Generating flow layout
[Topology][Flow] Nodes: 8
[Topology][Flow] Connections: 7
[Topology][Hub] Generating hub layout
[Topology][Hub] Hub: Delivery
[Topology][Hub] Satellites: 5
[Topology][Hub] Connections: 5
[Topology][Flow] Generating flow layout
[Topology][Flow] Nodes: 8
[Topology][Flow] Connections: 7
[Topology][Hub] Generating hub layout
[Topology][Hub] Hub: Delivery
[Topology][Hub] Satellites: 5
[Topology][Hub] Connections: 5
[Topology][Flow] Generating flow layout
[Topology][Flow] Nodes: 8
[Topology][Flow] Connections: 7
[Topology][Hub] Generating hub layout
[Topology][Hub] Hub: Delivery
[Topology][Hub] Satellites: 5
[Topology][Hub] Connections: 5
[Topology][Flow] Generating flow layout
[Topology][Flow] Nodes: 8
[Topology][Flow] Connections: 7
[Topology][Hub] Generating hub layout
[Topology][Hub] Hub: Delivery
[Topology][Hub] Satellites: 5
[Topology][Hub] Connections: 5
[Topology][Flow] Generating flow layout
[Topology][Flow] Nodes: 8
[Topology][Flow] Connections: 7
[Topology][Hub] Generating hub layout
[Topology][Hub] Hub: Delivery
[Topology][Hub] Satellites: 5
[Topology][Hub] Connections: 5
[Topology][Flow] Generating flow layout
[Topology][Flow] Nodes: 8
[Topology][Flow] Connections: 7
[Topology][Hub] Generating hub layout
[Topology][Hub] Hub: Delivery
[Topology][Hub] Satellites: 5
[Topology][Hub] Connections: 5
[Topology][Flow] Generating flow layout
[Topology][Flow] Nodes: 8
[Topology][Flow] Connections: 7
[Topology][Hub] Generating hub layout
[Topology][Hub] Hub: Delivery
[Topology][Hub] Satellites: 5
[Topology][Hub] Connections: 5
[Topology][Flow] Generating flow layout
[Topology][Flow] Nodes: 8
[Topology][Flow] Connections: 7
[Topology][Hub] Generating hub layout
[Topology][Hub] Hub: Delivery
[Topology][Hub] Satellites: 5
[Topology][Hub] Connections: 5
[Topology][Flow] Generating flow layout
[Topology][Flow] Nodes: 8
[Topology][Flow] Connections: 7
[Topology][Hub] Generating hub layout
[Topology][Hub] Hub: Delivery
[Topology][Hub] Satellites: 5
[Topology][Hub] Connections: 5
[Topology][Flow] Generating flow layout
[Topology][Flow] Nodes: 8
[Topology][Flow] Connections: 7
[Topology][Hub] Generating hub layout
[Topology][Hub] Hub: Delivery
[Topology][Hub] Satellites: 5
[Topology][Hub] Connections: 5
[Topology][Flow] Generating flow layout
[Topology][Flow] Nodes: 8
[Topology][Flow] Connections: 7
[Topology][Hub] Generating hub layout
[Topology][Hub] Hub: Delivery
[Topology][Hub] Satellites: 5
[Topology][Hub] Connections: 5
[Topology][Flow] Generating flow layout
[Topology][Flow] Nodes: 8
[Topology][Flow] Connections: 7
[Topology][Hub] Generating hub layout
[Topology][Hub] Hub: Delivery
[Topology][Hub] Satellites: 5
[Topology][Hub] Connections: 5
[Topology][Flow] Generating flow layout
[Topology][Flow] Nodes: 8
[Topology][Flow] Connections: 7
[Topology][Hub] Generating hub layout
[Topology][Hub] Hub: Delivery
[Topology][Hub] Satellites: 5
[Topology][Hub] Connections: 5
[Topology][Flow] Generating flow layout
[Topology][Flow] Nodes: 8
[Topology][Flow] Connections: 7
[Topology][Hub] Generating hub layout
[Topology][Hub] Hub: Delivery
[Topology][Hub] Satellites: 5
[Topology][Hub] Connections: 5
[Topology][Flow] Generating flow layout
[Topology][Flow] Nodes: 8
[Topology][Flow] Connections: 7
[Topology][Hub] Generating hub layout
[Topology][Hub] Hub: Delivery
[Topology][Hub] Satellites: 5
[Topology][Hub] Connections: 5
[Topology][Flow] Generating flow layout
[Topology][Flow] Nodes: 8
[Topology][Flow] Connections: 7
[Topology][Hub] Generating hub layout
[Topology][Hub] Hub: Delivery
[Topology][Hub] Satellites: 5
[Topology][Hub] Connections: 5
[Topology][Flow] Generating flow layout
[Topology][Flow] Nodes: 8
[Topology][Flow] Connections: 7
[Topology][Hub] Generating hub layout
[Topology][Hub] Hub: Delivery
[Topology][Hub] Satellites: 5
[Topology][Hub] Connections: 5
[Topology][Flow] Generating flow layout
[Topology][Flow] Nodes: 8
[Topology][Flow] Connections: 7
[Topology][Hub] Generating hub layout
[Topology][Hub] Hub: Delivery
[Topology][Hub] Satellites: 5
[Topology][Hub] Connections: 5
[Topology][Flow] Generating flow layout
[Topology][Flow] Nodes: 8
[Topology][Flow] Connections: 7
[Topology][Hub] Generating hub layout
[Topology][Hub] Hub: Delivery
[Topology][Hub] Satellites: 5
[Topology][Hub] Connections: 5
[Topology][Flow] Generating flow layout
[Topology][Flow] Nodes: 8
[Topology][Flow] Connections: 7
[Topology][Hub] Generating hub layout
[Topology][Hub] Hub: Delivery
[Topology][Hub] Satellites: 5
[Topology][Hub] Connections: 5
[Topology][Flow] Generating flow layout
[Topology][Flow] Nodes: 8
[Topology][Flow] Connections: 7
[Topology][Hub] Generating hub layout
[Topology][Hub] Hub: Delivery
[Topology][Hub] Satellites: 5
[Topology][Hub] Connections: 5
[Topology][Flow] Generating flow layout
[Topology][Flow] Nodes: 8
[Topology][Flow] Connections: 7
[Topology][Hub] Generating hub layout
[Topology][Hub] Hub: Delivery
[Topology][Hub] Satellites: 5
[Topology][Hub] Connections: 5
[Topology][Flow] Generating flow layout
[Topology][Flow] Nodes: 8
[Topology][Flow] Connections: 7
[Topology][Hub] Generating hub layout
[Topology][Hub] Hub: Delivery
[Topology][Hub] Satellites: 5
[Topology][Hub] Connections: 5
[Topology][Flow] Generating flow layout
[Topology][Flow] Nodes: 8
[Topology][Flow] Connections: 7
[Topology][Hub] Generating hub layout
[Topology][Hub] Hub: Delivery
[Topology][Hub] Satellites: 5
[Topology][Hub] Connections: 5
[Topology][Flow] Generating flow layout
[Topology][Flow] Nodes: 8
[Topology][Flow] Connections: 7
[Topology][Hub] Generating hub layout
[Topology][Hub] Hub: Delivery
[Topology][Hub] Satellites: 5
[Topology][Hub] Connections: 5
[Topology][Flow] Generating flow layout
[Topology][Flow] Nodes: 8
[Topology][Flow] Connections: 7
[Topology][Hub] Generating hub layout
[Topology][Hub] Hub: Delivery
[Topology][Hub] Satellites: 5
[Topology][Hub] Connections: 5
[Topology][Flow] Generating flow layout
[Topology][Flow] Nodes: 8
[Topology][Flow] Connections: 7
[Topology][Hub] Generating hub layout
[Topology][Hub] Hub: Delivery
[Topology][Hub] Satellites: 5
[Topology][Hub] Connections: 5
[Topology][Flow] Generating flow layout
[Topology][Flow] Nodes: 8
[Topology][Flow] Connections: 7
[Topology][Hub] Generating hub layout
[Topology][Hub] Hub: Delivery
[Topology][Hub] Satellites: 5
[Topology][Hub] Connections: 5
[Topology][Flow] Generating flow layout
[Topology][Flow] Nodes: 8
[Topology][Flow] Connections: 7
[Topology][Hub] Generating hub layout
[Topology][Hub] Hub: Delivery
[Topology][Hub] Satellites: 5
[Topology][Hub] Connections: 5
[Topology][Flow] Generating flow layout
[Topology][Flow] Nodes: 8
[Topology][Flow] Connections: 7
[Topology][Hub] Generating hub layout
[Topology][Hub] Hub: Delivery
[Topology][Hub] Satellites: 5
[Topology][Hub] Connections: 5
[Topology][Flow] Generating flow layout
[Topology][Flow] Nodes: 8
[Topology][Flow] Connections: 7
[Topology][Hub] Generating hub layout
[Topology][Hub] Hub: Delivery
[Topology][Hub] Satellites: 5
[Topology][Hub] Connections: 5
[Topology][Flow] Generating flow layout
[Topology][Flow] Nodes: 8
[Topology][Flow] Connections: 7
[Topology][Hub] Generating hub layout
[Topology][Hub] Hub: Delivery
[Topology][Hub] Satellites: 5
[Topology][Hub] Connections: 5
[Topology][Flow] Generating flow layout
[Topology][Flow] Nodes: 8
[Topology][Flow] Connections: 7
[Topology][Hub] Generating hub layout
[Topology][Hub] Hub: Delivery
[Topology][Hub] Satellites: 5
[Topology][Hub] Connections: 5
[Topology][Flow] Generating flow layout
[Topology][Flow] Nodes: 8
[Topology][Flow] Connections: 7
[Topology][Hub] Generating hub layout
[Topology][Hub] Hub: Delivery
[Topology][Hub] Satellites: 5
[Topology][Hub] Connections: 5
[Topology][Flow] Generating flow layout
[Topology][Flow] Nodes: 8
[Topology][Flow] Connections: 7
[Topology][Hub] Generating hub layout
[Topology][Hub] Hub: Delivery
[Topology][Hub] Satellites: 5
[Topology][Hub] Connections: 5
[Topology][Flow] Generating flow layout
[Topology][Flow] Nodes: 8
[Topology][Flow] Connections: 7
[Topology][Hub] Generating hub layout
[Topology][Hub] Hub: Delivery
[Topology][Hub] Satellites: 5
[Topology][Hub] Connections: 5
[Topology][Flow] Generating flow layout
[Topology][Flow] Nodes: 8
[Topology][Flow] Connections: 7
[Topology][Hub] Generating hub layout
[Topology][Hub] Hub: Delivery
[Topology][Hub] Satellites: 5
[Topology][Hub] Connections: 5
[Topology][Flow] Generating flow layout
[Topology][Flow] Nodes: 8
[Topology][Flow] Connections: 7
[Topology][Hub] Generating hub layout
[Topology][Hub] Hub: Delivery
[Topology][Hub] Satellites: 5
[Topology][Hub] Connections: 5
[Topology][Flow] Generating flow layout
[Topology][Flow] Nodes: 8
[Topology][Flow] Connections: 7
[Topology][Hub] Generating hub layout
[Topology][Hub] Hub: Delivery
[Topology][Hub] Satellites: 5
[Topology][Hub] Connections: 5
[Topology][Flow] Generating flow layout
[Topology][Flow] Nodes: 8
[Topology][Flow] Connections: 7
[Topology][Hub] Generating hub layout
[Topology][Hub] Hub: Delivery
[Topology][Hub] Satellites: 5
[Topology][Hub] Connections: 5
[Topology][Flow] Generating flow layout
[Topology][Flow] Nodes: 8
[Topology][Flow] Connections: 7
[Topology][Hub] Generating hub layout
[Topology][Hub] Hub: Delivery
[Topology][Hub] Satellites: 5
[Topology][Hub] Connections: 5
[Topology][Flow] Generating flow layout
[Topology][Flow] Nodes: 8
[Topology][Flow] Connections: 7
[Topology][Hub] Generating hub layout
[Topology][Hub] Hub: Delivery
[Topology][Hub] Satellites: 5
[Topology][Hub] Connections: 5
[Topology][Flow] Generating flow layout
[Topology][Flow] Nodes: 8
[Topology][Flow] Connections: 7
[Topology][Hub] Generating hub layout
[Topology][Hub] Hub: Delivery
[Topology][Hub] Satellites: 5
[Topology][Hub] Connections: 5
[Topology][Flow] Generating flow layout
[Topology][Flow] Nodes: 8
[Topology][Flow] Connections: 7
[Topology][Hub] Generating hub layout
[Topology][Hub] Hub: Delivery
[Topology][Hub] Satellites: 5
[Topology][Hub] Connections: 5
[Topology][Flow] Generating flow layout
[Topology][Flow] Nodes: 8
[Topology][Flow] Connections: 7
[Topology][Hub] Generating hub layout
[Topology][Hub] Hub: Delivery
[Topology][Hub] Satellites: 5
[Topology][Hub] Connections: 5
[Topology][Flow] Generating flow layout
[Topology][Flow] Nodes: 8
[Topology][Flow] Connections: 7
[Topology][Hub] Generating hub layout
[Topology][Hub] Hub: Delivery
[Topology][Hub] Satellites: 5
[Topology][Hub] Connections: 5
[Topology][Flow] Generating flow layout
[Topology][Flow] Nodes: 8
[Topology][Flow] Connections: 7
[Topology][Hub] Generating hub layout
[Topology][Hub] Hub: Delivery
[Topology][Hub] Satellites: 5
[Topology][Hub] Connections: 5
[Topology][Flow] Generating flow layout
[Topology][Flow] Nodes: 8
[Topology][Flow] Connections: 7
[Topology][Hub] Generating hub layout
[Topology][Hub] Hub: Delivery
[Topology][Hub] Satellites: 5
[Topology][Hub] Connections: 5
[Topology][Flow] Generating flow layout
[Topology][Flow] Nodes: 8
[Topology][Flow] Connections: 7
[Topology][Hub] Generating hub layout
[Topology][Hub] Hub: Delivery
[Topology][Hub] Satellites: 5
[Topology][Hub] Connections: 5
[Topology][Flow] Generating flow layout
[Topology][Flow] Nodes: 8
[Topology][Flow] Connections: 7
[Topology][Hub] Generating hub layout
[Topology][Hub] Hub: Delivery
[Topology][Hub] Satellites: 5
[Topology][Hub] Connections: 5
[Topology][Flow] Generating flow layout
[Topology][Flow] Nodes: 8
[Topology][Flow] Connections: 7
[Topology][Hub] Generating hub layout
[Topology][Hub] Hub: Delivery
[Topology][Hub] Satellites: 5
[Topology][Hub] Connections: 5
[Topology][Flow] Generating flow layout
[Topology][Flow] Nodes: 8
[Topology][Flow] Connections: 7
[Topology][Hub] Generating hub layout
[Topology][Hub] Hub: Delivery
[Topology][Hub] Satellites: 5
[Topology][Hub] Connections: 5
[Topology][Flow] Generating flow layout
[Topology][Flow] Nodes: 8
[Topology][Flow] Connections: 7
[Topology][Hub] Generating hub layout
[Topology][Hub] Hub: Delivery
[Topology][Hub] Satellites: 5
[Topology][Hub] Connections: 5
[Topology][Flow] Generating flow layout
[Topology][Flow] Nodes: 8
[Topology][Flow] Connections: 7
[Topology][Hub] Generating hub layout
[Topology][Hub] Hub: Delivery
[Topology][Hub] Satellites: 5
[Topology][Hub] Connections: 5
[Topology][Flow] Generating flow layout
[Topology][Flow] Nodes: 8
[Topology][Flow] Connections: 7
[Topology][Hub] Generating hub layout
[Topology][Hub] Hub: Delivery
[Topology][Hub] Satellites: 5
[Topology][Hub] Connections: 5
[Topology][Flow] Generating flow layout
[Topology][Flow] Nodes: 8
[Topology][Flow] Connections: 7
[Topology][Hub] Generating hub layout
[Topology][Hub] Hub: Delivery
[Topology][Hub] Satellites: 5
[Topology][Hub] Connections: 5
[Topology][Flow] Generating flow layout
[Topology][Flow] Nodes: 8
[Topology][Flow] Connections: 7
[Topology][Hub] Generating hub layout
[Topology][Hub] Hub: Delivery
[Topology][Hub] Satellites: 5
[Topology][Hub] Connections: 5
[Topology][Flow] Generating flow layout
[Topology][Flow] Nodes: 8
[Topology][Flow] Connections: 7
[Topology][Hub] Generating hub layout
[Topology][Hub] Hub: Delivery
[Topology][Hub] Satellites: 5
[Topology][Hub] Connections: 5
[Topology][Flow] Generating flow layout
[Topology][Flow] Nodes: 8
[Topology][Flow] Connections: 7
[Topology][Hub] Generating hub layout
[Topology][Hub] Hub: Delivery
[Topology][Hub] Satellites: 5
[Topology][Hub] Connections: 5
[Topology][Flow] Generating flow layout
[Topology][Flow] Nodes: 8
[Topology][Flow] Connections: 7
[Topology][Hub] Generating hub layout
[Topology][Hub] Hub: Delivery
[Topology][Hub] Satellites: 5
[Topology][Hub] Connections: 5
[Topology][Flow] Generating flow layout
[Topology][Flow] Nodes: 8
[Topology][Flow] Connections: 7
[Topology][Hub] Generating hub layout
[Topology][Hub] Hub: Delivery
[Topology][Hub] Satellites: 5
[Topology][Hub] Connections: 5
[Topology][Flow] Generating flow layout
[Topology][Flow] Nodes: 8
[Topology][Flow] Connections: 7
[Topology][Hub] Generating hub layout
[Topology][Hub] Hub: Delivery
[Topology][Hub] Satellites: 5
[Topology][Hub] Connections: 5
[Topology][Flow] Generating flow layout
[Topology][Flow] Nodes: 8
[Topology][Flow] Connections: 7
[Topology][Hub] Generating hub layout
[Topology][Hub] Hub: Delivery
[Topology][Hub] Satellites: 5
[Topology][Hub] Connections: 5
[Topology][Flow] Generating flow layout
[Topology][Flow] Nodes: 8
[Topology][Flow] Connections: 7
[Topology][Hub] Generating hub layout
[Topology][Hub] Hub: Delivery
[Topology][Hub] Satellites: 5
[Topology][Hub] Connections: 5
[Topology][Flow] Generating flow layout
[Topology][Flow] Nodes: 8
[Topology][Flow] Connections: 7
[Topology][Hub] Generating hub layout
[Topology][Hub] Hub: Delivery
[Topology][Hub] Satellites: 5
[Topology][Hub] Connections: 5
[Topology][Flow] Generating flow layout
[Topology][Flow] Nodes: 8
[Topology][Flow] Connections: 7
[Topology][Hub] Generating hub layout
[Topology][Hub] Hub: Delivery
[Topology][Hub] Satellites: 5
[Topology][Hub] Connections: 5
[Topology][Flow] Generating flow layout
[Topology][Flow] Nodes: 8
[Topology][Flow] Connections: 7
[Topology][Hub] Generating hub layout
[Topology][Hub] Hub: Delivery
[Topology][Hub] Satellites: 5
[Topology][Hub] Connections: 5
[Topology][Flow] Generating flow layout
[Topology][Flow] Nodes: 8
[Topology][Flow] Connections: 7
[Topology][Hub] Generating hub layout
[Topology][Hub] Hub: Delivery
[Topology][Hub] Satellites: 5
[Topology][Hub] Connections: 5
[Topology][Flow] Generating flow layout
[Topology][Flow] Nodes: 8
[Topology][Flow] Connections: 7
[Topology][Hub] Generating hub layout
[Topology][Hub] Hub: Delivery
[Topology][Hub] Satellites: 5
[Topology][Hub] Connections: 5
[Topology][Flow] Generating flow layout
[Topology][Flow] Nodes: 8
[Topology][Flow] Connections: 7
[Topology][Hub] Generating hub layout
[Topology][Hub] Hub: Delivery
[Topology][Hub] Satellites: 5
[Topology][Hub] Connections: 5
[Topology][Flow] Generating flow layout
[Topology][Flow] Nodes: 8
[Topology][Flow] Connections: 7
[Topology][Hub] Generating hub layout
[Topology][Hub] Hub: Delivery
[Topology][Hub] Satellites: 5
[Topology][Hub] Connections: 5
[Topology][Flow] Generating flow layout
[Topology][Flow] Nodes: 8
[Topology][Flow] Connections: 7
[Topology][Hub] Generating hub layout
[Topology][Hub] Hub: Delivery
[Topology][Hub] Satellites: 5
[Topology][Hub] Connections: 5
[Topology][Flow] Generating flow layout
[Topology][Flow] Nodes: 8
[Topology][Flow] Connections: 7
[Topology][Hub] Generating hub layout
[Topology][Hub] Hub: Delivery
[Topology][Hub] Satellites: 5
[Topology][Hub] Connections: 5
[Topology][Flow] Generating flow layout
[Topology][Flow] Nodes: 8
[Topology][Flow] Connections: 7
[Topology][Hub] Generating hub layout
[Topology][Hub] Hub: Delivery
[Topology][Hub] Satellites: 5
[Topology][Hub] Connections: 5
[Topology][Flow] Generating flow layout
[Topology][Flow] Nodes: 8
[Topology][Flow] Connections: 7
[Topology][Hub] Generating hub layout
[Topology][Hub] Hub: Delivery
[Topology][Hub] Satellites: 5
[Topology][Hub] Connections: 5
[Topology][Flow] Generating flow layout
[Topology][Flow] Nodes: 8
[Topology][Flow] Connections: 7
[Topology][Hub] Generating hub layout
[Topology][Hub] Hub: Delivery
[Topology][Hub] Satellites: 5
[Topology][Hub] Connections: 5
[Topology][Flow] Generating flow layout
[Topology][Flow] Nodes: 8
[Topology][Flow] Connections: 7
[Topology][Hub] Generating hub layout
[Topology][Hub] Hub: Delivery
[Topology][Hub] Satellites: 5
[Topology][Hub] Connections: 5
[Topology][Flow] Generating flow layout
[Topology][Flow] Nodes: 8
[Topology][Flow] Connections: 7
[Topology][Hub] Generating hub layout
[Topology][Hub] Hub: Delivery
[Topology][Hub] Satellites: 5
[Topology][Hub] Connections: 5
[Topology][Flow] Generating flow layout
[Topology][Flow] Nodes: 8
[Topology][Flow] Connections: 7
[Topology][Hub] Generating hub layout
[Topology][Hub] Hub: Delivery
[Topology][Hub] Satellites: 5
[Topology][Hub] Connections: 5
[Topology][Flow] Generating flow layout
[Topology][Flow] Nodes: 8
[Topology][Flow] Connections: 7
[Topology][Hub] Generating hub layout
[Topology][Hub] Hub: Delivery
[Topology][Hub] Satellites: 5
[Topology][Hub] Connections: 5
[Topology][Flow] Generating flow layout
[Topology][Flow] Nodes: 8
[Topology][Flow] Connections: 7
[Topology][Hub] Generating hub layout
[Topology][Hub] Hub: Delivery
[Topology][Hub] Satellites: 5
[Topology][Hub] Connections: 5
[Topology][Flow] Generating flow layout
[Topology][Flow] Nodes: 8
[Topology][Flow] Connections: 7
[Topology][Hub] Generating hub layout
[Topology][Hub] Hub: Delivery
[Topology][Hub] Satellites: 5
[Topology][Hub] Connections: 5
[Topology][Flow] Generating flow layout
[Topology][Flow] Nodes: 8
[Topology][Flow] Connections: 7
[Topology][Hub] Generating hub layout
[Topology][Hub] Hub: Delivery
[Topology][Hub] Satellites: 5
[Topology][Hub] Connections: 5
[Topology][Flow] Generating flow layout
[Topology][Flow] Nodes: 8
[Topology][Flow] Connections: 7
[Topology][Hub] Generating hub layout
[Topology][Hub] Hub: Delivery
[Topology][Hub] Satellites: 5
[Topology][Hub] Connections: 5
[Topology][Flow] Generating flow layout
[Topology][Flow] Nodes: 8
[Topology][Flow] Connections: 7
[Topology][Hub] Generating hub layout
[Topology][Hub] Hub: Delivery
[Topology][Hub] Satellites: 5
[Topology][Hub] Connections: 5
[Topology][Flow] Generating flow layout
[Topology][Flow] Nodes: 8
[Topology][Flow] Connections: 7
[Topology][Hub] Generating hub layout
[Topology][Hub] Hub: Delivery
[Topology][Hub] Satellites: 5
[Topology][Hub] Connections: 5
[Topology][Flow] Generating flow layout
[Topology][Flow] Nodes: 8
[Topology][Flow] Connections: 7
[Topology][Hub] Generating hub layout
[Topology][Hub] Hub: Delivery
[Topology][Hub] Satellites: 5
[Topology][Hub] Connections: 5
[Topology][Flow] Generating flow layout
[Topology][Flow] Nodes: 8
[Topology][Flow] Connections: 7
[Topology][Hub] Generating hub layout
[Topology][Hub] Hub: Delivery
[Topology][Hub] Satellites: 5
[Topology][Hub] Connections: 5
[Topology][Flow] Generating flow layout
[Topology][Flow] Nodes: 8
[Topology][Flow] Connections: 7
[Topology][Hub] Generating hub layout
[Topology][Hub] Hub: Delivery
[Topology][Hub] Satellites: 5
[Topology][Hub] Connections: 5
[Topology][Flow] Generating flow layout
[Topology][Flow] Nodes: 8
[Topology][Flow] Connections: 7
[Topology][Hub] Generating hub layout
[Topology][Hub] Hub: Delivery
[Topology][Hub] Satellites: 5
[Topology][Hub] Connections: 5
[Topology][Flow] Generating flow layout
[Topology][Flow] Nodes: 8
[Topology][Flow] Connections: 7
[Topology][Hub] Generating hub layout
[Topology][Hub] Hub: Delivery
[Topology][Hub] Satellites: 5
[Topology][Hub] Connections: 5
[Topology][Flow] Generating flow layout
[Topology][Flow] Nodes: 8
[Topology][Flow] Connections: 7
[Topology][Hub] Generating hub layout
[Topology][Hub] Hub: Delivery
[Topology][Hub] Satellites: 5
[Topology][Hub] Connections: 5
[Topology][Flow] Generating flow layout
[Topology][Flow] Nodes: 8
[Topology][Flow] Connections: 7
[Topology][Hub] Generating hub layout
[Topology][Hub] Hub: Delivery
[Topology][Hub] Satellites: 5
[Topology][Hub] Connections: 5
[Topology][Flow] Generating flow layout
[Topology][Flow] Nodes: 8
[Topology][Flow] Connections: 7
[Topology][Hub] Generating hub layout
[Topology][Hub] Hub: Delivery
[Topology][Hub] Satellites: 5
[Topology][Hub] Connections: 5
[Topology][Flow] Generating flow layout
[Topology][Flow] Nodes: 8
[Topology][Flow] Connections: 7
[Topology][Hub] Generating hub layout
[Topology][Hub] Hub: Capacity
[Topology][Hub] Satellites: 5
[Topology][Hub] Connections: 5
[Topology][Flow] Generating flow layout
[Topology][Flow] Nodes: 8
[Topology][Flow] Connections: 7
[Topology][Hub] Generating hub layout
[Topology][Hub] Hub: Capacity
[Topology][Hub] Satellites: 5
[Topology][Hub] Connections: 5
[Topology][Flow] Generating flow layout
[Topology][Flow] Nodes: 8
[Topology][Flow] Connections: 7
[Topology][Hub] Generating hub layout
[Topology][Hub] Hub: Delivery
[Topology][Hub] Satellites: 5
[Topology][Hub] Connections: 5
[Topology][Flow] Generating flow layout
[Topology][Flow] Nodes: 8
[Topology][Flow] Connections: 7
[Topology][Hub] Generating hub layout
[Topology][Hub] Hub: Delivery
[Topology][Hub] Satellites: 5
[Topology][Hub] Connections: 5
[Topology][Flow] Generating flow layout
[Topology][Flow] Nodes: 8
[Topology][Flow] Connections: 7
[Topology][Hub] Generating hub layout
[Topology][Hub] Hub: Delivery
[Topology][Hub] Satellites: 5
[Topology][Hub] Connections: 5
[Topology][Flow] Generating flow layout
[Topology][Flow] Nodes: 8
[Topology][Flow] Connections: 7
[Topology][Hub] Generating hub layout
[Topology][Hub] Hub: Delivery
[Topology][Hub] Satellites: 5
[Topology][Hub] Connections: 5
▶ NEX-MVP-FINAL:6.5 Guidance & Self-Knowledge
  ✔ has FINAL:6.5 identity and does not create competing engines (0.965333ms)
  ✔ meets corpus size (0.24325ms)
  ✔ projects capabilities from existing authorities (579.055833ms)
  ✔ classifies unseen capability language without phrase tables for each sentence (18.72475ms)
  ✔ does not hijack object knowledge into help (399.759875ms)
  ✔ answers product fiction without fabricating integrations (32.574208ms)
  ✔ explains missing scenario comparison prerequisites (47.909334ms)
  ✔ does not start execution from Start without an approved decision (35.78025ms)
  ✔ changes what-can-you-do with context (241.729333ms)
  ✔ handles synthetic registered subjects through the projection (33.754792ms)
  ✔ runs the guidance corpus without architecture leaks or unsafe commitments (8051.555583ms)
  ✔ keeps proactive guidance rare on narrow requests (68.702791ms)
  ✔ can suggest a next step on open now-what (30.635916ms)
  ✔ proactive yes cases stay non-wizard (30.277292ms)
✔ NEX-MVP-FINAL:6.5 Guidance & Self-Knowledge (9578.14075ms)
[Topology][Flow] Generating flow layout
[Topology][Flow] Nodes: 8
[Topology][Flow] Connections: 7
[Topology][Flow] Generating flow layout
[Topology][Flow] Nodes: 2
[Topology][Flow] Connections: 1
[Topology][Flow] Generating flow layout
[Topology][Flow] Nodes: 8
[Topology][Flow] Connections: 7
[Topology][Flow] Generating flow layout
[Topology][Flow] Nodes: 2
[Topology][Flow] Connections: 1
[Topology][Flow] Generating flow layout
[Topology][Flow] Nodes: 8
[Topology][Flow] Connections: 7
[Topology][Flow] Generating flow layout
[Topology][Flow] Nodes: 2
[Topology][Flow] Connections: 1
[Topology][Flow] Generating flow layout
[Topology][Flow] Nodes: 8
[Topology][Flow] Connections: 7
[Topology][Flow] Generating flow layout
[Topology][Flow] Nodes: 2
[Topology][Flow] Connections: 1
[Topology][Flow] Generating flow layout
[Topology][Flow] Nodes: 8
[Topology][Flow] Connections: 7
[Topology][Flow] Generating flow layout
[Topology][Flow] Nodes: 2
[Topology][Flow] Connections: 1
[Topology][Flow] Generating flow layout
[Topology][Flow] Nodes: 8
[Topology][Flow] Connections: 7
[Topology][Flow] Generating flow layout
[Topology][Flow] Nodes: 2
[Topology][Flow] Connections: 1
[Topology][Flow] Generating flow layout
[Topology][Flow] Nodes: 8
[Topology][Flow] Connections: 7
[Topology][Flow] Generating flow layout
[Topology][Flow] Nodes: 2
[Topology][Flow] Connections: 1
[Topology][Flow] Generating flow layout
[Topology][Flow] Nodes: 8
[Topology][Flow] Connections: 7
[Topology][Flow] Generating flow layout
[Topology][Flow] Nodes: 2
[Topology][Flow] Connections: 1
[Topology][Flow] Generating flow layout
[Topology][Flow] Nodes: 8
[Topology][Flow] Connections: 7
[Topology][Flow] Generating flow layout
[Topology][Flow] Nodes: 2
[Topology][Flow] Connections: 1
[Topology][Flow] Generating flow layout
[Topology][Flow] Nodes: 8
[Topology][Flow] Connections: 7
[Topology][Flow] Generating flow layout
[Topology][Flow] Nodes: 2
[Topology][Flow] Connections: 1
[Topology][Flow] Generating flow layout
[Topology][Flow] Nodes: 8
[Topology][Flow] Connections: 7
[Topology][Flow] Generating flow layout
[Topology][Flow] Nodes: 2
[Topology][Flow] Connections: 1
[Topology][Flow] Generating flow layout
[Topology][Flow] Nodes: 8
[Topology][Flow] Connections: 7
[Topology][Flow] Generating flow layout
[Topology][Flow] Nodes: 2
[Topology][Flow] Connections: 1
[Topology][Flow] Generating flow layout
[Topology][Flow] Nodes: 8
[Topology][Flow] Connections: 7
[Topology][Flow] Generating flow layout
[Topology][Flow] Nodes: 2
[Topology][Flow] Connections: 1
[Topology][Flow] Generating flow layout
[Topology][Flow] Nodes: 8
[Topology][Flow] Connections: 7
[Topology][Flow] Generating flow layout
[Topology][Flow] Nodes: 2
[Topology][Flow] Connections: 1
[Topology][Flow] Generating flow layout
[Topology][Flow] Nodes: 8
[Topology][Flow] Connections: 7
[Topology][Flow] Generating flow layout
[Topology][Flow] Nodes: 2
[Topology][Flow] Connections: 1
[Topology][Flow] Generating flow layout
[Topology][Flow] Nodes: 8
[Topology][Flow] Connections: 7
[Topology][Flow] Generating flow layout
[Topology][Flow] Nodes: 2
[Topology][Flow] Connections: 1
[Topology][Flow] Generating flow layout
[Topology][Flow] Nodes: 8
[Topology][Flow] Connections: 7
[Topology][Flow] Generating flow layout
[Topology][Flow] Nodes: 2
[Topology][Flow] Connections: 1
[Topology][Flow] Generating flow layout
[Topology][Flow] Nodes: 8
[Topology][Flow] Connections: 7
[Topology][Flow] Generating flow layout
[Topology][Flow] Nodes: 2
[Topology][Flow] Connections: 1
[Topology][Flow] Generating flow layout
[Topology][Flow] Nodes: 8
[Topology][Flow] Connections: 7
[Topology][Flow] Generating flow layout
[Topology][Flow] Nodes: 2
[Topology][Flow] Connections: 1
[Topology][Flow] Generating flow layout
[Topology][Flow] Nodes: 8
[Topology][Flow] Connections: 7
[Topology][Flow] Generating flow layout
[Topology][Flow] Nodes: 2
[Topology][Flow] Connections: 1
[Topology][Flow] Generating flow layout
[Topology][Flow] Nodes: 8
[Topology][Flow] Connections: 7
[Topology][Flow] Generating flow layout
[Topology][Flow] Nodes: 2
[Topology][Flow] Connections: 1
[Topology][Flow] Generating flow layout
[Topology][Flow] Nodes: 8
[Topology][Flow] Connections: 7
[Topology][Flow] Generating flow layout
[Topology][Flow] Nodes: 2
[Topology][Flow] Connections: 1
[Topology][Flow] Generating flow layout
[Topology][Flow] Nodes: 8
[Topology][Flow] Connections: 7
[Topology][Flow] Generating flow layout
[Topology][Flow] Nodes: 2
[Topology][Flow] Connections: 1
[Topology][Flow] Generating flow layout
[Topology][Flow] Nodes: 8
[Topology][Flow] Connections: 7
[Topology][Hub] Generating hub layout
[Topology][Hub] Hub: Delivery
[Topology][Hub] Satellites: 5
[Topology][Hub] Connections: 5
[Topology][Flow] Generating flow layout
[Topology][Flow] Nodes: 8
[Topology][Flow] Connections: 7
[Topology][Hub] Generating hub layout
[Topology][Hub] Hub: Delivery
[Topology][Hub] Satellites: 5
[Topology][Hub] Connections: 5
[Topology][Flow] Generating flow layout
[Topology][Flow] Nodes: 8
[Topology][Flow] Connections: 7
[Topology][Hub] Generating hub layout
[Topology][Hub] Hub: Delivery
[Topology][Hub] Satellites: 5
[Topology][Hub] Connections: 5
[Topology][Flow] Generating flow layout
[Topology][Flow] Nodes: 8
[Topology][Flow] Connections: 7
[Topology][Hub] Generating hub layout
[Topology][Hub] Hub: Delivery
[Topology][Hub] Satellites: 5
[Topology][Hub] Connections: 5
[Topology][Flow] Generating flow layout
[Topology][Flow] Nodes: 8
[Topology][Flow] Connections: 7
[Topology][Hub] Generating hub layout
[Topology][Hub] Hub: Delivery
[Topology][Hub] Satellites: 5
[Topology][Hub] Connections: 5
[Topology][Flow] Generating flow layout
[Topology][Flow] Nodes: 8
[Topology][Flow] Connections: 7
[Topology][Hub] Generating hub layout
[Topology][Hub] Hub: Delivery
[Topology][Hub] Satellites: 5
[Topology][Hub] Connections: 5
[Topology][Flow] Generating flow layout
[Topology][Flow] Nodes: 8
[Topology][Flow] Connections: 7
[Topology][Hub] Generating hub layout
[Topology][Hub] Hub: Delivery
[Topology][Hub] Satellites: 5
[Topology][Hub] Connections: 5
[Topology][Flow] Generating flow layout
[Topology][Flow] Nodes: 8
[Topology][Flow] Connections: 7
[Topology][Hub] Generating hub layout
[Topology][Hub] Hub: Delivery
[Topology][Hub] Satellites: 5
[Topology][Hub] Connections: 5
[Topology][Flow] Generating flow layout
[Topology][Flow] Nodes: 8
[Topology][Flow] Connections: 7
[Topology][Hub] Generating hub layout
[Topology][Hub] Hub: Delivery
[Topology][Hub] Satellites: 5
[Topology][Hub] Connections: 5
[Topology][Flow] Generating flow layout
[Topology][Flow] Nodes: 8
[Topology][Flow] Connections: 7
[Topology][Hub] Generating hub layout
[Topology][Hub] Hub: Delivery
[Topology][Hub] Satellites: 5
[Topology][Hub] Connections: 5
[Topology][Flow] Generating flow layout
[Topology][Flow] Nodes: 8
[Topology][Flow] Connections: 7
[Topology][Hub] Generating hub layout
[Topology][Hub] Hub: Delivery
[Topology][Hub] Satellites: 5
[Topology][Hub] Connections: 5
[Topology][Flow] Generating flow layout
[Topology][Flow] Nodes: 8
[Topology][Flow] Connections: 7
[Topology][Hub] Generating hub layout
[Topology][Hub] Hub: Delivery
[Topology][Hub] Satellites: 5
[Topology][Hub] Connections: 5
[Topology][Flow] Generating flow layout
[Topology][Flow] Nodes: 8
[Topology][Flow] Connections: 7
[Topology][Hub] Generating hub layout
[Topology][Hub] Hub: Delivery
[Topology][Hub] Satellites: 5
[Topology][Hub] Connections: 5
[Topology][Flow] Generating flow layout
[Topology][Flow] Nodes: 8
[Topology][Flow] Connections: 7
[Topology][Hub] Generating hub layout
[Topology][Hub] Hub: Delivery
[Topology][Hub] Satellites: 5
[Topology][Hub] Connections: 5
[Topology][Flow] Generating flow layout
[Topology][Flow] Nodes: 8
[Topology][Flow] Connections: 7
[Topology][Hub] Generating hub layout
[Topology][Hub] Hub: Delivery
[Topology][Hub] Satellites: 5
[Topology][Hub] Connections: 5
[Topology][Flow] Generating flow layout
[Topology][Flow] Nodes: 8
[Topology][Flow] Connections: 7
[Topology][Hub] Generating hub layout
[Topology][Hub] Hub: Delivery
[Topology][Hub] Satellites: 5
[Topology][Hub] Connections: 5
[Topology][Flow] Generating flow layout
[Topology][Flow] Nodes: 8
[Topology][Flow] Connections: 7
[Topology][Hub] Generating hub layout
[Topology][Hub] Hub: Delivery
[Topology][Hub] Satellites: 5
[Topology][Hub] Connections: 5
[Topology][Flow] Generating flow layout
[Topology][Flow] Nodes: 8
[Topology][Flow] Connections: 7
[Topology][Hub] Generating hub layout
[Topology][Hub] Hub: Delivery
[Topology][Hub] Satellites: 5
[Topology][Hub] Connections: 5
[Topology][Flow] Generating flow layout
[Topology][Flow] Nodes: 8
[Topology][Flow] Connections: 7
[Topology][Hub] Generating hub layout
[Topology][Hub] Hub: Delivery
[Topology][Hub] Satellites: 5
[Topology][Hub] Connections: 5
[Topology][Flow] Generating flow layout
[Topology][Flow] Nodes: 8
[Topology][Flow] Connections: 7
[Topology][Hub] Generating hub layout
[Topology][Hub] Hub: Delivery
[Topology][Hub] Satellites: 5
[Topology][Hub] Connections: 5
[Topology][Flow] Generating flow layout
[Topology][Flow] Nodes: 8
[Topology][Flow] Connections: 7
[Topology][Hub] Generating hub layout
[Topology][Hub] Hub: Delivery
[Topology][Hub] Satellites: 5
[Topology][Hub] Connections: 5
[Topology][Flow] Generating flow layout
[Topology][Flow] Nodes: 8
[Topology][Flow] Connections: 7
[Topology][Hub] Generating hub layout
[Topology][Hub] Hub: Delivery
[Topology][Hub] Satellites: 5
[Topology][Hub] Connections: 5
[Topology][Flow] Generating flow layout
[Topology][Flow] Nodes: 8
[Topology][Flow] Connections: 7
[Topology][Hub] Generating hub layout
[Topology][Hub] Hub: Delivery
[Topology][Hub] Satellites: 5
[Topology][Hub] Connections: 5
[Topology][Flow] Generating flow layout
[Topology][Flow] Nodes: 8
[Topology][Flow] Connections: 7
[Topology][Hub] Generating hub layout
[Topology][Hub] Hub: Delivery
[Topology][Hub] Satellites: 5
[Topology][Hub] Connections: 5
[Topology][Flow] Generating flow layout
[Topology][Flow] Nodes: 8
[Topology][Flow] Connections: 7
[Topology][Hub] Generating hub layout
[Topology][Hub] Hub: Delivery
[Topology][Hub] Satellites: 5
[Topology][Hub] Connections: 5
[Topology][Flow] Generating flow layout
[Topology][Flow] Nodes: 8
[Topology][Flow] Connections: 7
[Topology][Flow] Generating flow layout
[Topology][Flow] Nodes: 2
[Topology][Flow] Connections: 1
[Topology][Flow] Generating flow layout
[Topology][Flow] Nodes: 8
[Topology][Flow] Connections: 7
[Topology][Flow] Generating flow layout
[Topology][Flow] Nodes: 2
[Topology][Flow] Connections: 1
[Topology][Flow] Generating flow layout
[Topology][Flow] Nodes: 8
[Topology][Flow] Connections: 7
[Topology][Flow] Generating flow layout
[Topology][Flow] Nodes: 2
[Topology][Flow] Connections: 1
[Topology][Flow] Generating flow layout
[Topology][Flow] Nodes: 8
[Topology][Flow] Connections: 7
[Topology][Flow] Generating flow layout
[Topology][Flow] Nodes: 2
[Topology][Flow] Connections: 1
[Topology][Flow] Generating flow layout
[Topology][Flow] Nodes: 8
[Topology][Flow] Connections: 7
[Topology][Flow] Generating flow layout
[Topology][Flow] Nodes: 2
[Topology][Flow] Connections: 1
[Topology][Flow] Generating flow layout
[Topology][Flow] Nodes: 8
[Topology][Flow] Connections: 7
[Topology][Hub] Generating hub layout
[Topology][Hub] Hub: Delivery
[Topology][Hub] Satellites: 5
[Topology][Hub] Connections: 5
[Topology][Flow] Generating flow layout
[Topology][Flow] Nodes: 8
[Topology][Flow] Connections: 7
[Topology][Hub] Generating hub layout
[Topology][Hub] Hub: Delivery
[Topology][Hub] Satellites: 5
[Topology][Hub] Connections: 5
[Topology][Flow] Generating flow layout
[Topology][Flow] Nodes: 8
[Topology][Flow] Connections: 7
[Topology][Hub] Generating hub layout
[Topology][Hub] Hub: Delivery
[Topology][Hub] Satellites: 5
[Topology][Hub] Connections: 5
[Topology][Flow] Generating flow layout
[Topology][Flow] Nodes: 8
[Topology][Flow] Connections: 7
[Topology][Hub] Generating hub layout
[Topology][Hub] Hub: Delivery
[Topology][Hub] Satellites: 5
[Topology][Hub] Connections: 5
[Topology][Flow] Generating flow layout
[Topology][Flow] Nodes: 8
[Topology][Flow] Connections: 7
[Topology][Hub] Generating hub layout
[Topology][Hub] Hub: Delivery
[Topology][Hub] Satellites: 5
[Topology][Hub] Connections: 5
[Topology][Flow] Generating flow layout
[Topology][Flow] Nodes: 8
[Topology][Flow] Connections: 7
[Topology][Hub] Generating hub layout
[Topology][Hub] Hub: Delivery
[Topology][Hub] Satellites: 5
[Topology][Hub] Connections: 5
[Topology][Flow] Generating flow layout
[Topology][Flow] Nodes: 8
[Topology][Flow] Connections: 7
[Topology][Hub] Generating hub layout
[Topology][Hub] Hub: Delivery
[Topology][Hub] Satellites: 5
[Topology][Hub] Connections: 5
[Topology][Flow] Generating flow layout
[Topology][Flow] Nodes: 8
[Topology][Flow] Connections: 7
[Topology][Hub] Generating hub layout
[Topology][Hub] Hub: Delivery
[Topology][Hub] Satellites: 5
[Topology][Hub] Connections: 5
[Topology][Flow] Generating flow layout
[Topology][Flow] Nodes: 8
[Topology][Flow] Connections: 7
[Topology][Hub] Generating hub layout
[Topology][Hub] Hub: Delivery
[Topology][Hub] Satellites: 5
[Topology][Hub] Connections: 5
[Topology][Flow] Generating flow layout
[Topology][Flow] Nodes: 8
[Topology][Flow] Connections: 7
[Topology][Hub] Generating hub layout
[Topology][Hub] Hub: Delivery
[Topology][Hub] Satellites: 5
[Topology][Hub] Connections: 5
[Topology][Flow] Generating flow layout
[Topology][Flow] Nodes: 8
[Topology][Flow] Connections: 7
[Topology][Hub] Generating hub layout
[Topology][Hub] Hub: Delivery
[Topology][Hub] Satellites: 5
[Topology][Hub] Connections: 5
[Topology][Flow] Generating flow layout
[Topology][Flow] Nodes: 8
[Topology][Flow] Connections: 7
[Topology][Hub] Generating hub layout
[Topology][Hub] Hub: Delivery
[Topology][Hub] Satellites: 5
[Topology][Hub] Connections: 5
[Topology][Flow] Generating flow layout
[Topology][Flow] Nodes: 8
[Topology][Flow] Connections: 7
[Topology][Hub] Generating hub layout
[Topology][Hub] Hub: Delivery
[Topology][Hub] Satellites: 5
[Topology][Hub] Connections: 5
[Topology][Flow] Generating flow layout
[Topology][Flow] Nodes: 8
[Topology][Flow] Connections: 7
[Topology][Hub] Generating hub layout
[Topology][Hub] Hub: Delivery
[Topology][Hub] Satellites: 5
[Topology][Hub] Connections: 5
[Topology][Flow] Generating flow layout
[Topology][Flow] Nodes: 8
[Topology][Flow] Connections: 7
[Topology][Hub] Generating hub layout
[Topology][Hub] Hub: Delivery
[Topology][Hub] Satellites: 5
[Topology][Hub] Connections: 5
[Topology][Flow] Generating flow layout
[Topology][Flow] Nodes: 8
[Topology][Flow] Connections: 7
[Topology][Hub] Generating hub layout
[Topology][Hub] Hub: Delivery
[Topology][Hub] Satellites: 5
[Topology][Hub] Connections: 5
[Topology][Flow] Generating flow layout
[Topology][Flow] Nodes: 8
[Topology][Flow] Connections: 7
[Topology][Hub] Generating hub layout
[Topology][Hub] Hub: Delivery
[Topology][Hub] Satellites: 5
[Topology][Hub] Connections: 5
[Topology][Flow] Generating flow layout
[Topology][Flow] Nodes: 8
[Topology][Flow] Connections: 7
[Topology][Hub] Generating hub layout
[Topology][Hub] Hub: Delivery
[Topology][Hub] Satellites: 5
[Topology][Hub] Connections: 5
[Topology][Flow] Generating flow layout
[Topology][Flow] Nodes: 8
[Topology][Flow] Connections: 7
[Topology][Hub] Generating hub layout
[Topology][Hub] Hub: Delivery
[Topology][Hub] Satellites: 5
[Topology][Hub] Connections: 5
[Topology][Flow] Generating flow layout
[Topology][Flow] Nodes: 8
[Topology][Flow] Connections: 7
[Topology][Hub] Generating hub layout
[Topology][Hub] Hub: Delivery
[Topology][Hub] Satellites: 5
[Topology][Hub] Connections: 5
[Topology][Flow] Generating flow layout
[Topology][Flow] Nodes: 8
[Topology][Flow] Connections: 7
[Topology][Hub] Generating hub layout
[Topology][Hub] Hub: Delivery
[Topology][Hub] Satellites: 5
[Topology][Hub] Connections: 5
[Topology][Flow] Generating flow layout
[Topology][Flow] Nodes: 8
[Topology][Flow] Connections: 7
[Topology][Hub] Generating hub layout
[Topology][Hub] Hub: Delivery
[Topology][Hub] Satellites: 5
[Topology][Hub] Connections: 5
[Topology][Flow] Generating flow layout
[Topology][Flow] Nodes: 8
[Topology][Flow] Connections: 7
[Topology][Hub] Generating hub layout
[Topology][Hub] Hub: Delivery
[Topology][Hub] Satellites: 5
[Topology][Hub] Connections: 5
[Topology][Flow] Generating flow layout
[Topology][Flow] Nodes: 8
[Topology][Flow] Connections: 7
[Topology][Hub] Generating hub layout
[Topology][Hub] Hub: Delivery
[Topology][Hub] Satellites: 5
[Topology][Hub] Connections: 5
[Topology][Flow] Generating flow layout
[Topology][Flow] Nodes: 8
[Topology][Flow] Connections: 7
[Topology][Hub] Generating hub layout
[Topology][Hub] Hub: Delivery
[Topology][Hub] Satellites: 5
[Topology][Hub] Connections: 5
[Topology][Flow] Generating flow layout
[Topology][Flow] Nodes: 8
[Topology][Flow] Connections: 7
[Topology][Hub] Generating hub layout
[Topology][Hub] Hub: Delivery
[Topology][Hub] Satellites: 5
[Topology][Hub] Connections: 5
[Topology][Flow] Generating flow layout
[Topology][Flow] Nodes: 8
[Topology][Flow] Connections: 7
[Topology][Hub] Generating hub layout
[Topology][Hub] Hub: Delivery
[Topology][Hub] Satellites: 5
[Topology][Hub] Connections: 5
[Topology][Flow] Generating flow layout
[Topology][Flow] Nodes: 8
[Topology][Flow] Connections: 7
[Topology][Flow] Generating flow layout
[Topology][Flow] Nodes: 2
[Topology][Flow] Connections: 1
[Topology][Flow] Generating flow layout
[Topology][Flow] Nodes: 8
[Topology][Flow] Connections: 7
[Topology][Flow] Generating flow layout
[Topology][Flow] Nodes: 2
[Topology][Flow] Connections: 1
[Topology][Flow] Generating flow layout
[Topology][Flow] Nodes: 8
[Topology][Flow] Connections: 7
[Topology][Flow] Generating flow layout
[Topology][Flow] Nodes: 2
[Topology][Flow] Connections: 1
[Topology][Flow] Generating flow layout
[Topology][Flow] Nodes: 8
[Topology][Flow] Connections: 7
[Topology][Flow] Generating flow layout
[Topology][Flow] Nodes: 2
[Topology][Flow] Connections: 1
[Topology][Flow] Generating flow layout
[Topology][Flow] Nodes: 8
[Topology][Flow] Connections: 7
[Topology][Flow] Generating flow layout
[Topology][Flow] Nodes: 2
[Topology][Flow] Connections: 1
[Topology][Flow] Generating flow layout
[Topology][Flow] Nodes: 8
[Topology][Flow] Connections: 7
[Topology][Hub] Generating hub layout
[Topology][Hub] Hub: Delivery
[Topology][Hub] Satellites: 5
[Topology][Hub] Connections: 5
[Topology][Flow] Generating flow layout
[Topology][Flow] Nodes: 8
[Topology][Flow] Connections: 7
[Topology][Hub] Generating hub layout
[Topology][Hub] Hub: Delivery
[Topology][Hub] Satellites: 5
[Topology][Hub] Connections: 5
[Topology][Flow] Generating flow layout
[Topology][Flow] Nodes: 8
[Topology][Flow] Connections: 7
[Topology][Hub] Generating hub layout
[Topology][Hub] Hub: Delivery
[Topology][Hub] Satellites: 5
[Topology][Hub] Connections: 5
[Topology][Flow] Generating flow layout
[Topology][Flow] Nodes: 8
[Topology][Flow] Connections: 7
[Topology][Hub] Generating hub layout
[Topology][Hub] Hub: Delivery
[Topology][Hub] Satellites: 5
[Topology][Hub] Connections: 5
[Topology][Flow] Generating flow layout
[Topology][Flow] Nodes: 8
[Topology][Flow] Connections: 7
[Topology][Hub] Generating hub layout
[Topology][Hub] Hub: Delivery
[Topology][Hub] Satellites: 5
[Topology][Hub] Connections: 5
[Topology][Flow] Generating flow layout
[Topology][Flow] Nodes: 8
[Topology][Flow] Connections: 7
[Topology][Hub] Generating hub layout
[Topology][Hub] Hub: Delivery
[Topology][Hub] Satellites: 5
[Topology][Hub] Connections: 5
[Topology][Flow] Generating flow layout
[Topology][Flow] Nodes: 8
[Topology][Flow] Connections: 7
[Topology][Flow] Generating flow layout
[Topology][Flow] Nodes: 2
[Topology][Flow] Connections: 1
[Topology][Flow] Generating flow layout
[Topology][Flow] Nodes: 8
[Topology][Flow] Connections: 7
[Topology][Flow] Generating flow layout
[Topology][Flow] Nodes: 2
[Topology][Flow] Connections: 1
[Topology][Flow] Generating flow layout
[Topology][Flow] Nodes: 8
[Topology][Flow] Connections: 7
[Topology][Flow] Generating flow layout
[Topology][Flow] Nodes: 2
[Topology][Flow] Connections: 1
[Topology][Flow] Generating flow layout
[Topology][Flow] Nodes: 8
[Topology][Flow] Connections: 7
[Topology][Flow] Generating flow layout
[Topology][Flow] Nodes: 2
[Topology][Flow] Connections: 1
[Topology][Flow] Generating flow layout
[Topology][Flow] Nodes: 8
[Topology][Flow] Connections: 7
[Topology][Hub] Generating hub layout
[Topology][Hub] Hub: Delivery
[Topology][Hub] Satellites: 5
[Topology][Hub] Connections: 5
[Topology][Flow] Generating flow layout
[Topology][Flow] Nodes: 8
[Topology][Flow] Connections: 7
[Topology][Hub] Generating hub layout
[Topology][Hub] Hub: Capacity
[Topology][Hub] Satellites: 5
[Topology][Hub] Connections: 5
[Topology][Flow] Generating flow layout
[Topology][Flow] Nodes: 8
[Topology][Flow] Connections: 7
[Topology][Hub] Generating hub layout
[Topology][Hub] Hub: Capacity
[Topology][Hub] Satellites: 5
[Topology][Hub] Connections: 5
[Topology][Flow] Generating flow layout
[Topology][Flow] Nodes: 8
[Topology][Flow] Connections: 7
[Topology][Hub] Generating hub layout
[Topology][Hub] Hub: Capacity
[Topology][Hub] Satellites: 5
[Topology][Hub] Connections: 5
[Topology][Flow] Generating flow layout
[Topology][Flow] Nodes: 8
[Topology][Flow] Connections: 7
[Topology][Flow] Generating flow layout
[Topology][Flow] Nodes: 2
[Topology][Flow] Connections: 1
[Topology][Flow] Generating flow layout
[Topology][Flow] Nodes: 8
[Topology][Flow] Connections: 7
[Topology][Flow] Generating flow layout
[Topology][Flow] Nodes: 2
[Topology][Flow] Connections: 1
[Topology][Flow] Generating flow layout
[Topology][Flow] Nodes: 8
[Topology][Flow] Connections: 7
[Topology][Flow] Generating flow layout
[Topology][Flow] Nodes: 2
[Topology][Flow] Connections: 1
[Topology][Flow] Generating flow layout
[Topology][Flow] Nodes: 8
[Topology][Flow] Connections: 7
[Topology][Flow] Generating flow layout
[Topology][Flow] Nodes: 2
[Topology][Flow] Connections: 1
[Topology][Flow] Generating flow layout
[Topology][Flow] Nodes: 8
[Topology][Flow] Connections: 7
[Topology][Flow] Generating flow layout
[Topology][Flow] Nodes: 2
[Topology][Flow] Connections: 1
[Topology][Flow] Generating flow layout
[Topology][Flow] Nodes: 8
[Topology][Flow] Connections: 7
[Topology][Flow] Generating flow layout
[Topology][Flow] Nodes: 2
[Topology][Flow] Connections: 1
[Topology][Flow] Generating flow layout
[Topology][Flow] Nodes: 8
[Topology][Flow] Connections: 7
[Topology][Flow] Generating flow layout
[Topology][Flow] Nodes: 2
[Topology][Flow] Connections: 1
[Topology][Flow] Generating flow layout
[Topology][Flow] Nodes: 8
[Topology][Flow] Connections: 7
[Topology][Flow] Generating flow layout
[Topology][Flow] Nodes: 2
[Topology][Flow] Connections: 1
[Topology][Flow] Generating flow layout
[Topology][Flow] Nodes: 8
[Topology][Flow] Connections: 7
[Topology][Flow] Generating flow layout
[Topology][Flow] Nodes: 2
[Topology][Flow] Connections: 1
[Topology][Flow] Generating flow layout
[Topology][Flow] Nodes: 8
[Topology][Flow] Connections: 7
[Topology][Flow] Generating flow layout
[Topology][Flow] Nodes: 2
[Topology][Flow] Connections: 1
[Topology][Flow] Generating flow layout
[Topology][Flow] Nodes: 8
[Topology][Flow] Connections: 7
[Topology][Flow] Generating flow layout
[Topology][Flow] Nodes: 2
[Topology][Flow] Connections: 1
[Topology][Flow] Generating flow layout
[Topology][Flow] Nodes: 8
[Topology][Flow] Connections: 7
[Topology][Flow] Generating flow layout
[Topology][Flow] Nodes: 2
[Topology][Flow] Connections: 1
[Topology][Flow] Generating flow layout
[Topology][Flow] Nodes: 8
[Topology][Flow] Connections: 7
[Topology][Flow] Generating flow layout
[Topology][Flow] Nodes: 2
[Topology][Flow] Connections: 1
[Topology][Flow] Generating flow layout
[Topology][Flow] Nodes: 8
[Topology][Flow] Connections: 7
[Topology][Flow] Generating flow layout
[Topology][Flow] Nodes: 2
[Topology][Flow] Connections: 1
[Topology][Flow] Generating flow layout
[Topology][Flow] Nodes: 8
[Topology][Flow] Connections: 7
[Topology][Hub] Generating hub layout
[Topology][Hub] Hub: Delivery
[Topology][Hub] Satellites: 5
[Topology][Hub] Connections: 5
[Topology][Flow] Generating flow layout
[Topology][Flow] Nodes: 8
[Topology][Flow] Connections: 7
[Topology][Hub] Generating hub layout
[Topology][Hub] Hub: Delivery
[Topology][Hub] Satellites: 5
[Topology][Hub] Connections: 5
[Topology][Flow] Generating flow layout
[Topology][Flow] Nodes: 8
[Topology][Flow] Connections: 7
[Topology][Hub] Generating hub layout
[Topology][Hub] Hub: Delivery
[Topology][Hub] Satellites: 5
[Topology][Hub] Connections: 5
[Topology][Flow] Generating flow layout
[Topology][Flow] Nodes: 8
[Topology][Flow] Connections: 7
[Topology][Hub] Generating hub layout
[Topology][Hub] Hub: Delivery
[Topology][Hub] Satellites: 5
[Topology][Hub] Connections: 5
[Topology][Flow] Generating flow layout
[Topology][Flow] Nodes: 8
[Topology][Flow] Connections: 7
[Topology][Hub] Generating hub layout
[Topology][Hub] Hub: Delivery
[Topology][Hub] Satellites: 5
[Topology][Hub] Connections: 5
[Topology][Flow] Generating flow layout
[Topology][Flow] Nodes: 8
[Topology][Flow] Connections: 7
[Topology][Hub] Generating hub layout
[Topology][Hub] Hub: Delivery
[Topology][Hub] Satellites: 5
[Topology][Hub] Connections: 5
[Topology][Flow] Generating flow layout
[Topology][Flow] Nodes: 8
[Topology][Flow] Connections: 7
[Topology][Hub] Generating hub layout
[Topology][Hub] Hub: Delivery
[Topology][Hub] Satellites: 5
[Topology][Hub] Connections: 5
[Topology][Flow] Generating flow layout
[Topology][Flow] Nodes: 8
[Topology][Flow] Connections: 7
[Topology][Flow] Generating flow layout
[Topology][Flow] Nodes: 2
[Topology][Flow] Connections: 1
[Topology][Flow] Generating flow layout
[Topology][Flow] Nodes: 8
[Topology][Flow] Connections: 7
[Topology][Flow] Generating flow layout
[Topology][Flow] Nodes: 2
[Topology][Flow] Connections: 1
[Topology][Flow] Generating flow layout
[Topology][Flow] Nodes: 8
[Topology][Flow] Connections: 7
[Topology][Flow] Generating flow layout
[Topology][Flow] Nodes: 2
[Topology][Flow] Connections: 1
[Topology][Flow] Generating flow layout
[Topology][Flow] Nodes: 8
[Topology][Flow] Connections: 7
[Topology][Flow] Generating flow layout
[Topology][Flow] Nodes: 2
[Topology][Flow] Connections: 1
[Topology][Flow] Generating flow layout
[Topology][Flow] Nodes: 8
[Topology][Flow] Connections: 7
[Topology][Hub] Generating hub layout
[Topology][Hub] Hub: Delivery
[Topology][Hub] Satellites: 5
[Topology][Hub] Connections: 5
[Topology][Flow] Generating flow layout
[Topology][Flow] Nodes: 8
[Topology][Flow] Connections: 7
[Topology][Hub] Generating hub layout
[Topology][Hub] Hub: Delivery
[Topology][Hub] Satellites: 5
[Topology][Hub] Connections: 5
[Topology][Flow] Generating flow layout
[Topology][Flow] Nodes: 8
[Topology][Flow] Connections: 7
[Topology][Hub] Generating hub layout
[Topology][Hub] Hub: Delivery
[Topology][Hub] Satellites: 5
[Topology][Hub] Connections: 5
[Topology][Flow] Generating flow layout
[Topology][Flow] Nodes: 8
[Topology][Flow] Connections: 7
[Topology][Hub] Generating hub layout
[Topology][Hub] Hub: Delivery
[Topology][Hub] Satellites: 5
[Topology][Hub] Connections: 5
[Topology][Flow] Generating flow layout
[Topology][Flow] Nodes: 8
[Topology][Flow] Connections: 7
[Topology][Hub] Generating hub layout
[Topology][Hub] Hub: Delivery
[Topology][Hub] Satellites: 5
[Topology][Hub] Connections: 5
[Topology][Flow] Generating flow layout
[Topology][Flow] Nodes: 8
[Topology][Flow] Connections: 7
[Topology][Flow] Generating flow layout
[Topology][Flow] Nodes: 2
[Topology][Flow] Connections: 1
[Topology][Flow] Generating flow layout
[Topology][Flow] Nodes: 8
[Topology][Flow] Connections: 7
[Topology][Flow] Generating flow layout
[Topology][Flow] Nodes: 2
[Topology][Flow] Connections: 1
[Topology][Flow] Generating flow layout
[Topology][Flow] Nodes: 8
[Topology][Flow] Connections: 7
[Topology][Flow] Generating flow layout
[Topology][Flow] Nodes: 2
[Topology][Flow] Connections: 1
[Topology][Flow] Generating flow layout
[Topology][Flow] Nodes: 8
[Topology][Flow] Connections: 7
[Topology][Flow] Generating flow layout
[Topology][Flow] Nodes: 2
[Topology][Flow] Connections: 1
[Topology][Flow] Generating flow layout
[Topology][Flow] Nodes: 8
[Topology][Flow] Connections: 7
[Topology][Hub] Generating hub layout
[Topology][Hub] Hub: Capacity
[Topology][Hub] Satellites: 5
[Topology][Hub] Connections: 5
[Topology][Flow] Generating flow layout
[Topology][Flow] Nodes: 8
[Topology][Flow] Connections: 7
[Topology][Hub] Generating hub layout
[Topology][Hub] Hub: Capacity
[Topology][Hub] Satellites: 5
[Topology][Hub] Connections: 5
[Topology][Flow] Generating flow layout
[Topology][Flow] Nodes: 8
[Topology][Flow] Connections: 7
[Topology][Hub] Generating hub layout
[Topology][Hub] Hub: Capacity
[Topology][Hub] Satellites: 5
[Topology][Hub] Connections: 5
[Topology][Flow] Generating flow layout
[Topology][Flow] Nodes: 8
[Topology][Flow] Connections: 7
[Topology][Hub] Generating hub layout
[Topology][Hub] Hub: Capacity
[Topology][Hub] Satellites: 5
[Topology][Hub] Connections: 5
[Topology][Flow] Generating flow layout
[Topology][Flow] Nodes: 8
[Topology][Flow] Connections: 7
[Topology][Hub] Generating hub layout
[Topology][Hub] Hub: Capacity
[Topology][Hub] Satellites: 5
[Topology][Hub] Connections: 5
[Topology][Flow] Generating flow layout
[Topology][Flow] Nodes: 8
[Topology][Flow] Connections: 7
[Topology][Hub] Generating hub layout
[Topology][Hub] Hub: Capacity
[Topology][Hub] Satellites: 5
[Topology][Hub] Connections: 5
[Topology][Flow] Generating flow layout
[Topology][Flow] Nodes: 8
[Topology][Flow] Connections: 7
[Topology][Hub] Generating hub layout
[Topology][Hub] Hub: Delivery
[Topology][Hub] Satellites: 5
[Topology][Hub] Connections: 5
[Topology][Flow] Generating flow layout
[Topology][Flow] Nodes: 8
[Topology][Flow] Connections: 7
[Topology][Hub] Generating hub layout
[Topology][Hub] Hub: Delivery
[Topology][Hub] Satellites: 5
[Topology][Hub] Connections: 5
[Topology][Flow] Generating flow layout
[Topology][Flow] Nodes: 8
[Topology][Flow] Connections: 7
[Topology][Flow] Generating flow layout
[Topology][Flow] Nodes: 2
[Topology][Flow] Connections: 1
[Topology][Flow] Generating flow layout
[Topology][Flow] Nodes: 8
[Topology][Flow] Connections: 7
[Topology][Flow] Generating flow layout
[Topology][Flow] Nodes: 2
[Topology][Flow] Connections: 1
[Topology][Flow] Generating flow layout
[Topology][Flow] Nodes: 8
[Topology][Flow] Connections: 7
[Topology][Hub] Generating hub layout
[Topology][Hub] Hub: Delivery
[Topology][Hub] Satellites: 5
[Topology][Hub] Connections: 5
[Topology][Flow] Generating flow layout
[Topology][Flow] Nodes: 8
[Topology][Flow] Connections: 7
[Topology][Hub] Generating hub layout
[Topology][Hub] Hub: Delivery
[Topology][Hub] Satellites: 5
[Topology][Hub] Connections: 5
[Topology][Flow] Generating flow layout
[Topology][Flow] Nodes: 8
[Topology][Flow] Connections: 7
[Topology][Flow] Generating flow layout
[Topology][Flow] Nodes: 2
[Topology][Flow] Connections: 1
[Topology][Flow] Generating flow layout
[Topology][Flow] Nodes: 8
[Topology][Flow] Connections: 7
[Topology][Flow] Generating flow layout
[Topology][Flow] Nodes: 2
[Topology][Flow] Connections: 1
[Topology][Flow] Generating flow layout
[Topology][Flow] Nodes: 8
[Topology][Flow] Connections: 7
[Topology][Hub] Generating hub layout
[Topology][Hub] Hub: Delivery
[Topology][Hub] Satellites: 5
[Topology][Hub] Connections: 5
[Topology][Flow] Generating flow layout
[Topology][Flow] Nodes: 8
[Topology][Flow] Connections: 7
[Topology][Hub] Generating hub layout
[Topology][Hub] Hub: Delivery
[Topology][Hub] Satellites: 5
[Topology][Hub] Connections: 5
[Topology][Flow] Generating flow layout
[Topology][Flow] Nodes: 8
[Topology][Flow] Connections: 7
[Topology][Hub] Generating hub layout
[Topology][Hub] Hub: Delivery
[Topology][Hub] Satellites: 5
[Topology][Hub] Connections: 5
[Topology][Flow] Generating flow layout
[Topology][Flow] Nodes: 8
[Topology][Flow] Connections: 7
[Topology][Hub] Generating hub layout
[Topology][Hub] Hub: Delivery
[Topology][Hub] Satellites: 5
[Topology][Hub] Connections: 5
[Topology][Flow] Generating flow layout
[Topology][Flow] Nodes: 8
[Topology][Flow] Connections: 7
[Topology][Hub] Generating hub layout
[Topology][Hub] Hub: Delivery
[Topology][Hub] Satellites: 5
[Topology][Hub] Connections: 5
[Topology][Flow] Generating flow layout
[Topology][Flow] Nodes: 8
[Topology][Flow] Connections: 7
[Topology][Hub] Generating hub layout
[Topology][Hub] Hub: Delivery
[Topology][Hub] Satellites: 5
[Topology][Hub] Connections: 5
[Topology][Flow] Generating flow layout
[Topology][Flow] Nodes: 8
[Topology][Flow] Connections: 7
[Topology][Hub] Generating hub layout
[Topology][Hub] Hub: Delivery
[Topology][Hub] Satellites: 5
[Topology][Hub] Connections: 5
[Topology][Flow] Generating flow layout
[Topology][Flow] Nodes: 8
[Topology][Flow] Connections: 7
[Topology][Hub] Generating hub layout
[Topology][Hub] Hub: Capacity
[Topology][Hub] Satellites: 5
[Topology][Hub] Connections: 5
[Topology][Flow] Generating flow layout
[Topology][Flow] Nodes: 8
[Topology][Flow] Connections: 7
[Topology][Hub] Generating hub layout
[Topology][Hub] Hub: Capacity
[Topology][Hub] Satellites: 5
[Topology][Hub] Connections: 5
[Topology][Flow] Generating flow layout
[Topology][Flow] Nodes: 8
[Topology][Flow] Connections: 7
[Topology][Hub] Generating hub layout
[Topology][Hub] Hub: Delivery
[Topology][Hub] Satellites: 5
[Topology][Hub] Connections: 5
[Topology][Flow] Generating flow layout
[Topology][Flow] Nodes: 8
[Topology][Flow] Connections: 7
[Topology][Hub] Generating hub layout
[Topology][Hub] Hub: Capacity
[Topology][Hub] Satellites: 5
[Topology][Hub] Connections: 5
[Topology][Flow] Generating flow layout
[Topology][Flow] Nodes: 8
[Topology][Flow] Connections: 7
[Topology][Hub] Generating hub layout
[Topology][Hub] Hub: Capacity
[Topology][Hub] Satellites: 5
[Topology][Hub] Connections: 5
[Topology][Flow] Generating flow layout
[Topology][Flow] Nodes: 8
[Topology][Flow] Connections: 7
[Topology][Hub] Generating hub layout
[Topology][Hub] Hub: Delivery
[Topology][Hub] Satellites: 5
[Topology][Hub] Connections: 5
[Topology][Flow] Generating flow layout
[Topology][Flow] Nodes: 8
[Topology][Flow] Connections: 7
[Topology][Hub] Generating hub layout
[Topology][Hub] Hub: Capacity
[Topology][Hub] Satellites: 5
[Topology][Hub] Connections: 5
[Topology][Flow] Generating flow layout
[Topology][Flow] Nodes: 8
[Topology][Flow] Connections: 7
[Topology][Hub] Generating hub layout
[Topology][Hub] Hub: Capacity
[Topology][Hub] Satellites: 5
[Topology][Hub] Connections: 5
[Topology][Flow] Generating flow layout
[Topology][Flow] Nodes: 8
[Topology][Flow] Connections: 7
[Topology][Hub] Generating hub layout
[Topology][Hub] Hub: Delivery
[Topology][Hub] Satellites: 5
[Topology][Hub] Connections: 5
[Topology][Flow] Generating flow layout
[Topology][Flow] Nodes: 8
[Topology][Flow] Connections: 7
[Topology][Hub] Generating hub layout
[Topology][Hub] Hub: Capacity
[Topology][Hub] Satellites: 5
[Topology][Hub] Connections: 5
[Topology][Flow] Generating flow layout
[Topology][Flow] Nodes: 8
[Topology][Flow] Connections: 7
[Topology][Hub] Generating hub layout
[Topology][Hub] Hub: Capacity
[Topology][Hub] Satellites: 5
[Topology][Hub] Connections: 5
[Topology][Flow] Generating flow layout
[Topology][Flow] Nodes: 8
[Topology][Flow] Connections: 7
[Topology][Hub] Generating hub layout
[Topology][Hub] Hub: Delivery
[Topology][Hub] Satellites: 5
[Topology][Hub] Connections: 5
[Topology][Flow] Generating flow layout
[Topology][Flow] Nodes: 8
[Topology][Flow] Connections: 7
[Topology][Hub] Generating hub layout
[Topology][Hub] Hub: Capacity
[Topology][Hub] Satellites: 5
[Topology][Hub] Connections: 5
[Topology][Flow] Generating flow layout
[Topology][Flow] Nodes: 8
[Topology][Flow] Connections: 7
[Topology][Hub] Generating hub layout
[Topology][Hub] Hub: Capacity
[Topology][Hub] Satellites: 5
[Topology][Hub] Connections: 5
[Topology][Flow] Generating flow layout
[Topology][Flow] Nodes: 8
[Topology][Flow] Connections: 7
[Topology][Hub] Generating hub layout
[Topology][Hub] Hub: Capacity
[Topology][Hub] Satellites: 5
[Topology][Hub] Connections: 5
[Topology][Flow] Generating flow layout
[Topology][Flow] Nodes: 8
[Topology][Flow] Connections: 7
[Topology][Hub] Generating hub layout
[Topology][Hub] Hub: Capacity
[Topology][Hub] Satellites: 5
[Topology][Hub] Connections: 5
[Topology][Flow] Generating flow layout
[Topology][Flow] Nodes: 8
[Topology][Flow] Connections: 7
[Topology][Hub] Generating hub layout
[Topology][Hub] Hub: Capacity
[Topology][Hub] Satellites: 5
[Topology][Hub] Connections: 5
[Topology][Flow] Generating flow layout
[Topology][Flow] Nodes: 8
[Topology][Flow] Connections: 7
[Topology][Hub] Generating hub layout
[Topology][Hub] Hub: Capacity
[Topology][Hub] Satellites: 5
[Topology][Hub] Connections: 5
[Topology][Flow] Generating flow layout
[Topology][Flow] Nodes: 8
[Topology][Flow] Connections: 7
[Topology][Hub] Generating hub layout
[Topology][Hub] Hub: Capacity
[Topology][Hub] Satellites: 5
[Topology][Hub] Connections: 5
[Topology][Flow] Generating flow layout
[Topology][Flow] Nodes: 8
[Topology][Flow] Connections: 7
[Topology][Hub] Generating hub layout
[Topology][Hub] Hub: Capacity
[Topology][Hub] Satellites: 5
[Topology][Hub] Connections: 5
[Topology][Flow] Generating flow layout
[Topology][Flow] Nodes: 8
[Topology][Flow] Connections: 7
[Topology][Hub] Generating hub layout
[Topology][Hub] Hub: Capacity
[Topology][Hub] Satellites: 5
[Topology][Hub] Connections: 5
[Topology][Flow] Generating flow layout
[Topology][Flow] Nodes: 8
[Topology][Flow] Connections: 7
[Topology][Hub] Generating hub layout
[Topology][Hub] Hub: Capacity
[Topology][Hub] Satellites: 5
[Topology][Hub] Connections: 5
[Topology][Flow] Generating flow layout
[Topology][Flow] Nodes: 8
[Topology][Flow] Connections: 7
[Topology][Hub] Generating hub layout
[Topology][Hub] Hub: Capacity
[Topology][Hub] Satellites: 5
[Topology][Hub] Connections: 5
[Topology][Flow] Generating flow layout
[Topology][Flow] Nodes: 8
[Topology][Flow] Connections: 7
[Topology][Hub] Generating hub layout
[Topology][Hub] Hub: Capacity
[Topology][Hub] Satellites: 5
[Topology][Hub] Connections: 5
[Topology][Flow] Generating flow layout
[Topology][Flow] Nodes: 8
[Topology][Flow] Connections: 7
[Topology][Hub] Generating hub layout
[Topology][Hub] Hub: Capacity
[Topology][Hub] Satellites: 5
[Topology][Hub] Connections: 5
[Topology][Flow] Generating flow layout
[Topology][Flow] Nodes: 8
[Topology][Flow] Connections: 7
[Topology][Hub] Generating hub layout
[Topology][Hub] Hub: Capacity
[Topology][Hub] Satellites: 5
[Topology][Hub] Connections: 5
[Topology][Flow] Generating flow layout
[Topology][Flow] Nodes: 8
[Topology][Flow] Connections: 7
[Topology][Hub] Generating hub layout
[Topology][Hub] Hub: Capacity
[Topology][Hub] Satellites: 5
[Topology][Hub] Connections: 5
[Topology][Flow] Generating flow layout
[Topology][Flow] Nodes: 8
[Topology][Flow] Connections: 7
[Topology][Hub] Generating hub layout
[Topology][Hub] Hub: Capacity
[Topology][Hub] Satellites: 5
[Topology][Hub] Connections: 5
[Topology][Flow] Generating flow layout
[Topology][Flow] Nodes: 8
[Topology][Flow] Connections: 7
[Topology][Hub] Generating hub layout
[Topology][Hub] Hub: Capacity
[Topology][Hub] Satellites: 5
[Topology][Hub] Connections: 5
[Topology][Flow] Generating flow layout
[Topology][Flow] Nodes: 8
[Topology][Flow] Connections: 7
[Topology][Flow] Generating flow layout
[Topology][Flow] Nodes: 2
[Topology][Flow] Connections: 1
[Topology][Flow] Generating flow layout
[Topology][Flow] Nodes: 8
[Topology][Flow] Connections: 7
[Topology][Hub] Generating hub layout
[Topology][Hub] Hub: Capacity
[Topology][Hub] Satellites: 5
[Topology][Hub] Connections: 5
[Topology][Flow] Generating flow layout
[Topology][Flow] Nodes: 8
[Topology][Flow] Connections: 7
[Topology][Hub] Generating hub layout
[Topology][Hub] Hub: Capacity
[Topology][Hub] Satellites: 5
[Topology][Hub] Connections: 5
[Topology][Flow] Generating flow layout
[Topology][Flow] Nodes: 8
[Topology][Flow] Connections: 7
[Topology][Flow] Generating flow layout
[Topology][Flow] Nodes: 2
[Topology][Flow] Connections: 1
[Topology][Flow] Generating flow layout
[Topology][Flow] Nodes: 8
[Topology][Flow] Connections: 7
[Topology][Hub] Generating hub layout
[Topology][Hub] Hub: Capacity
[Topology][Hub] Satellites: 5
[Topology][Hub] Connections: 5
[Topology][Flow] Generating flow layout
[Topology][Flow] Nodes: 8
[Topology][Flow] Connections: 7
[Topology][Hub] Generating hub layout
[Topology][Hub] Hub: Capacity
[Topology][Hub] Satellites: 5
[Topology][Hub] Connections: 5
[Topology][Flow] Generating flow layout
[Topology][Flow] Nodes: 8
[Topology][Flow] Connections: 7
[Topology][Flow] Generating flow layout
[Topology][Flow] Nodes: 2
[Topology][Flow] Connections: 1
[Topology][Flow] Generating flow layout
[Topology][Flow] Nodes: 8
[Topology][Flow] Connections: 7
[Topology][Hub] Generating hub layout
[Topology][Hub] Hub: Capacity
[Topology][Hub] Satellites: 5
[Topology][Hub] Connections: 5
[Topology][Flow] Generating flow layout
[Topology][Flow] Nodes: 8
[Topology][Flow] Connections: 7
[Topology][Hub] Generating hub layout
[Topology][Hub] Hub: Capacity
[Topology][Hub] Satellites: 5
[Topology][Hub] Connections: 5
[Topology][Flow] Generating flow layout
[Topology][Flow] Nodes: 8
[Topology][Flow] Connections: 7
[Topology][Flow] Generating flow layout
[Topology][Flow] Nodes: 2
[Topology][Flow] Connections: 1
[Topology][Flow] Generating flow layout
[Topology][Flow] Nodes: 8
[Topology][Flow] Connections: 7
[Topology][Hub] Generating hub layout
[Topology][Hub] Hub: Capacity
[Topology][Hub] Satellites: 5
[Topology][Hub] Connections: 5
[Topology][Flow] Generating flow layout
[Topology][Flow] Nodes: 8
[Topology][Flow] Connections: 7
[Topology][Hub] Generating hub layout
[Topology][Hub] Hub: Capacity
[Topology][Hub] Satellites: 5
[Topology][Hub] Connections: 5
[Topology][Flow] Generating flow layout
[Topology][Flow] Nodes: 8
[Topology][Flow] Connections: 7
[Topology][Flow] Generating flow layout
[Topology][Flow] Nodes: 2
[Topology][Flow] Connections: 1
[Topology][Flow] Generating flow layout
[Topology][Flow] Nodes: 8
[Topology][Flow] Connections: 7
[Topology][Hub] Generating hub layout
[Topology][Hub] Hub: Capacity
[Topology][Hub] Satellites: 5
[Topology][Hub] Connections: 5
[Topology][Flow] Generating flow layout
[Topology][Flow] Nodes: 8
[Topology][Flow] Connections: 7
[Topology][Hub] Generating hub layout
[Topology][Hub] Hub: Capacity
[Topology][Hub] Satellites: 5
[Topology][Hub] Connections: 5
[Topology][Flow] Generating flow layout
[Topology][Flow] Nodes: 8
[Topology][Flow] Connections: 7
[Topology][Flow] Generating flow layout
[Topology][Flow] Nodes: 2
[Topology][Flow] Connections: 1
[Topology][Flow] Generating flow layout
[Topology][Flow] Nodes: 8
[Topology][Flow] Connections: 7
[Topology][Flow] Generating flow layout
[Topology][Flow] Nodes: 2
[Topology][Flow] Connections: 1
[Topology][Flow] Generating flow layout
[Topology][Flow] Nodes: 8
[Topology][Flow] Connections: 7
[Topology][Flow] Generating flow layout
[Topology][Flow] Nodes: 2
[Topology][Flow] Connections: 1
[Topology][Flow] Generating flow layout
[Topology][Flow] Nodes: 8
[Topology][Flow] Connections: 7
[Topology][Flow] Generating flow layout
[Topology][Flow] Nodes: 2
[Topology][Flow] Connections: 1
[Topology][Flow] Generating flow layout
[Topology][Flow] Nodes: 8
[Topology][Flow] Connections: 7
[Topology][Flow] Generating flow layout
[Topology][Flow] Nodes: 2
[Topology][Flow] Connections: 1
[Topology][Flow] Generating flow layout
[Topology][Flow] Nodes: 8
[Topology][Flow] Connections: 7
[Topology][Flow] Generating flow layout
[Topology][Flow] Nodes: 2
[Topology][Flow] Connections: 1
[Topology][Flow] Generating flow layout
[Topology][Flow] Nodes: 8
[Topology][Flow] Connections: 7
[Topology][Flow] Generating flow layout
[Topology][Flow] Nodes: 2
[Topology][Flow] Connections: 1
[Topology][Flow] Generating flow layout
[Topology][Flow] Nodes: 8
[Topology][Flow] Connections: 7
[Topology][Flow] Generating flow layout
[Topology][Flow] Nodes: 2
[Topology][Flow] Connections: 1
[Topology][Flow] Generating flow layout
[Topology][Flow] Nodes: 8
[Topology][Flow] Connections: 7
[Topology][Flow] Generating flow layout
[Topology][Flow] Nodes: 2
[Topology][Flow] Connections: 1
[Topology][Flow] Generating flow layout
[Topology][Flow] Nodes: 8
[Topology][Flow] Connections: 7
[Topology][Flow] Generating flow layout
[Topology][Flow] Nodes: 2
[Topology][Flow] Connections: 1
[Topology][Flow] Generating flow layout
[Topology][Flow] Nodes: 8
[Topology][Flow] Connections: 7
[Topology][Flow] Generating flow layout
[Topology][Flow] Nodes: 2
[Topology][Flow] Connections: 1
[Topology][Flow] Generating flow layout
[Topology][Flow] Nodes: 8
[Topology][Flow] Connections: 7
[Topology][Flow] Generating flow layout
[Topology][Flow] Nodes: 2
[Topology][Flow] Connections: 1
[Topology][Flow] Generating flow layout
[Topology][Flow] Nodes: 8
[Topology][Flow] Connections: 7
[Topology][Flow] Generating flow layout
[Topology][Flow] Nodes: 2
[Topology][Flow] Connections: 1
[Topology][Flow] Generating flow layout
[Topology][Flow] Nodes: 8
[Topology][Flow] Connections: 7
[Topology][Flow] Generating flow layout
[Topology][Flow] Nodes: 2
[Topology][Flow] Connections: 1
[Topology][Flow] Generating flow layout
[Topology][Flow] Nodes: 8
[Topology][Flow] Connections: 7
[Topology][Flow] Generating flow layout
[Topology][Flow] Nodes: 2
[Topology][Flow] Connections: 1
[Topology][Flow] Generating flow layout
[Topology][Flow] Nodes: 8
[Topology][Flow] Connections: 7
[Topology][Flow] Generating flow layout
[Topology][Flow] Nodes: 2
[Topology][Flow] Connections: 1
[Topology][Flow] Generating flow layout
[Topology][Flow] Nodes: 8
[Topology][Flow] Connections: 7
[Topology][Flow] Generating flow layout
[Topology][Flow] Nodes: 2
[Topology][Flow] Connections: 1
[Topology][Flow] Generating flow layout
[Topology][Flow] Nodes: 8
[Topology][Flow] Connections: 7
[Topology][Flow] Generating flow layout
[Topology][Flow] Nodes: 2
[Topology][Flow] Connections: 1
[Topology][Flow] Generating flow layout
[Topology][Flow] Nodes: 8
[Topology][Flow] Connections: 7
[Topology][Flow] Generating flow layout
[Topology][Flow] Nodes: 2
[Topology][Flow] Connections: 1
[Topology][Flow] Generating flow layout
[Topology][Flow] Nodes: 8
[Topology][Flow] Connections: 7
[Topology][Flow] Generating flow layout
[Topology][Flow] Nodes: 2
[Topology][Flow] Connections: 1
[Topology][Flow] Generating flow layout
[Topology][Flow] Nodes: 8
[Topology][Flow] Connections: 7
[Topology][Flow] Generating flow layout
[Topology][Flow] Nodes: 2
[Topology][Flow] Connections: 1
[Topology][Flow] Generating flow layout
[Topology][Flow] Nodes: 8
[Topology][Flow] Connections: 7
[Topology][Flow] Generating flow layout
[Topology][Flow] Nodes: 2
[Topology][Flow] Connections: 1
[Topology][Flow] Generating flow layout
[Topology][Flow] Nodes: 8
[Topology][Flow] Connections: 7
[Topology][Flow] Generating flow layout
[Topology][Flow] Nodes: 2
[Topology][Flow] Connections: 1
[Topology][Flow] Generating flow layout
[Topology][Flow] Nodes: 8
[Topology][Flow] Connections: 7
[Topology][Flow] Generating flow layout
[Topology][Flow] Nodes: 2
[Topology][Flow] Connections: 1
[Topology][Flow] Generating flow layout
[Topology][Flow] Nodes: 8
[Topology][Flow] Connections: 7
[Topology][Flow] Generating flow layout
[Topology][Flow] Nodes: 2
[Topology][Flow] Connections: 1
[Topology][Flow] Generating flow layout
[Topology][Flow] Nodes: 8
[Topology][Flow] Connections: 7
[Topology][Flow] Generating flow layout
[Topology][Flow] Nodes: 2
[Topology][Flow] Connections: 1
[Topology][Flow] Generating flow layout
[Topology][Flow] Nodes: 8
[Topology][Flow] Connections: 7
[Topology][Flow] Generating flow layout
[Topology][Flow] Nodes: 2
[Topology][Flow] Connections: 1
[Topology][Flow] Generating flow layout
[Topology][Flow] Nodes: 8
[Topology][Flow] Connections: 7
[Topology][Flow] Generating flow layout
[Topology][Flow] Nodes: 2
[Topology][Flow] Connections: 1
[Topology][Flow] Generating flow layout
[Topology][Flow] Nodes: 8
[Topology][Flow] Connections: 7
[Topology][Flow] Generating flow layout
[Topology][Flow] Nodes: 2
[Topology][Flow] Connections: 1
[Topology][Flow] Generating flow layout
[Topology][Flow] Nodes: 8
[Topology][Flow] Connections: 7
[Topology][Flow] Generating flow layout
[Topology][Flow] Nodes: 2
[Topology][Flow] Connections: 1
[Topology][Flow] Generating flow layout
[Topology][Flow] Nodes: 8
[Topology][Flow] Connections: 7
[Topology][Flow] Generating flow layout
[Topology][Flow] Nodes: 2
[Topology][Flow] Connections: 1
[Topology][Flow] Generating flow layout
[Topology][Flow] Nodes: 8
[Topology][Flow] Connections: 7
[Topology][Flow] Generating flow layout
[Topology][Flow] Nodes: 2
[Topology][Flow] Connections: 1
[Topology][Flow] Generating flow layout
[Topology][Flow] Nodes: 8
[Topology][Flow] Connections: 7
[Topology][Flow] Generating flow layout
[Topology][Flow] Nodes: 2
[Topology][Flow] Connections: 1
[Topology][Flow] Generating flow layout
[Topology][Flow] Nodes: 8
[Topology][Flow] Connections: 7
[Topology][Flow] Generating flow layout
[Topology][Flow] Nodes: 2
[Topology][Flow] Connections: 1
[Topology][Flow] Generating flow layout
[Topology][Flow] Nodes: 8
[Topology][Flow] Connections: 7
[Topology][Flow] Generating flow layout
[Topology][Flow] Nodes: 2
[Topology][Flow] Connections: 1
[Topology][Flow] Generating flow layout
[Topology][Flow] Nodes: 8
[Topology][Flow] Connections: 7
[Topology][Flow] Generating flow layout
[Topology][Flow] Nodes: 2
[Topology][Flow] Connections: 1
[Topology][Flow] Generating flow layout
[Topology][Flow] Nodes: 8
[Topology][Flow] Connections: 7
[Topology][Flow] Generating flow layout
[Topology][Flow] Nodes: 2
[Topology][Flow] Connections: 1
[Topology][Flow] Generating flow layout
[Topology][Flow] Nodes: 8
[Topology][Flow] Connections: 7
[Topology][Flow] Generating flow layout
[Topology][Flow] Nodes: 2
[Topology][Flow] Connections: 1
[Topology][Flow] Generating flow layout
[Topology][Flow] Nodes: 8
[Topology][Flow] Connections: 7
[Topology][Flow] Generating flow layout
[Topology][Flow] Nodes: 2
[Topology][Flow] Connections: 1
[Topology][Flow] Generating flow layout
[Topology][Flow] Nodes: 8
[Topology][Flow] Connections: 7
[Topology][Flow] Generating flow layout
[Topology][Flow] Nodes: 2
[Topology][Flow] Connections: 1
[Topology][Flow] Generating flow layout
[Topology][Flow] Nodes: 8
[Topology][Flow] Connections: 7
[Topology][Flow] Generating flow layout
[Topology][Flow] Nodes: 2
[Topology][Flow] Connections: 1
[Topology][Flow] Generating flow layout
[Topology][Flow] Nodes: 8
[Topology][Flow] Connections: 7
[Topology][Flow] Generating flow layout
[Topology][Flow] Nodes: 2
[Topology][Flow] Connections: 1
[Topology][Flow] Generating flow layout
[Topology][Flow] Nodes: 8
[Topology][Flow] Connections: 7
[Topology][Flow] Generating flow layout
[Topology][Flow] Nodes: 2
[Topology][Flow] Connections: 1
[Topology][Flow] Generating flow layout
[Topology][Flow] Nodes: 8
[Topology][Flow] Connections: 7
[Topology][Flow] Generating flow layout
[Topology][Flow] Nodes: 2
[Topology][Flow] Connections: 1
[Topology][Flow] Generating flow layout
[Topology][Flow] Nodes: 8
[Topology][Flow] Connections: 7
[Topology][Flow] Generating flow layout
[Topology][Flow] Nodes: 2
[Topology][Flow] Connections: 1
[Topology][Flow] Generating flow layout
[Topology][Flow] Nodes: 8
[Topology][Flow] Connections: 7
[Topology][Flow] Generating flow layout
[Topology][Flow] Nodes: 2
[Topology][Flow] Connections: 1
[Topology][Flow] Generating flow layout
[Topology][Flow] Nodes: 8
[Topology][Flow] Connections: 7
[Topology][Flow] Generating flow layout
[Topology][Flow] Nodes: 2
[Topology][Flow] Connections: 1
[Topology][Flow] Generating flow layout
[Topology][Flow] Nodes: 8
[Topology][Flow] Connections: 7
[Topology][Flow] Generating flow layout
[Topology][Flow] Nodes: 2
[Topology][Flow] Connections: 1
[Topology][Flow] Generating flow layout
[Topology][Flow] Nodes: 8
[Topology][Flow] Connections: 7
[Topology][Flow] Generating flow layout
[Topology][Flow] Nodes: 2
[Topology][Flow] Connections: 1
[Topology][Flow] Generating flow layout
[Topology][Flow] Nodes: 8
[Topology][Flow] Connections: 7
[Topology][Flow] Generating flow layout
[Topology][Flow] Nodes: 2
[Topology][Flow] Connections: 1
[Topology][Flow] Generating flow layout
[Topology][Flow] Nodes: 8
[Topology][Flow] Connections: 7
[Topology][Flow] Generating flow layout
[Topology][Flow] Nodes: 2
[Topology][Flow] Connections: 1
[Topology][Flow] Generating flow layout
[Topology][Flow] Nodes: 8
[Topology][Flow] Connections: 7
[Topology][Flow] Generating flow layout
[Topology][Flow] Nodes: 2
[Topology][Flow] Connections: 1
[Topology][Flow] Generating flow layout
[Topology][Flow] Nodes: 8
[Topology][Flow] Connections: 7
[Topology][Flow] Generating flow layout
[Topology][Flow] Nodes: 2
[Topology][Flow] Connections: 1
[Topology][Flow] Generating flow layout
[Topology][Flow] Nodes: 8
[Topology][Flow] Connections: 7
[Topology][Flow] Generating flow layout
[Topology][Flow] Nodes: 2
[Topology][Flow] Connections: 1
[Topology][Flow] Generating flow layout
[Topology][Flow] Nodes: 8
[Topology][Flow] Connections: 7
[Topology][Flow] Generating flow layout
[Topology][Flow] Nodes: 2
[Topology][Flow] Connections: 1
[Topology][Flow] Generating flow layout
[Topology][Flow] Nodes: 8
[Topology][Flow] Connections: 7
[Topology][Flow] Generating flow layout
[Topology][Flow] Nodes: 2
[Topology][Flow] Connections: 1
[Topology][Flow] Generating flow layout
[Topology][Flow] Nodes: 8
[Topology][Flow] Connections: 7
[Topology][Flow] Generating flow layout
[Topology][Flow] Nodes: 2
[Topology][Flow] Connections: 1
[Topology][Flow] Generating flow layout
[Topology][Flow] Nodes: 8
[Topology][Flow] Connections: 7
[Topology][Flow] Generating flow layout
[Topology][Flow] Nodes: 2
[Topology][Flow] Connections: 1
[Topology][Flow] Generating flow layout
[Topology][Flow] Nodes: 8
[Topology][Flow] Connections: 7
[Topology][Flow] Generating flow layout
[Topology][Flow] Nodes: 2
[Topology][Flow] Connections: 1
[Topology][Flow] Generating flow layout
[Topology][Flow] Nodes: 8
[Topology][Flow] Connections: 7
[Topology][Flow] Generating flow layout
[Topology][Flow] Nodes: 2
[Topology][Flow] Connections: 1
[Topology][Flow] Generating flow layout
[Topology][Flow] Nodes: 8
[Topology][Flow] Connections: 7
[Topology][Flow] Generating flow layout
[Topology][Flow] Nodes: 2
[Topology][Flow] Connections: 1
[Topology][Flow] Generating flow layout
[Topology][Flow] Nodes: 8
[Topology][Flow] Connections: 7
[Topology][Flow] Generating flow layout
[Topology][Flow] Nodes: 2
[Topology][Flow] Connections: 1
[Topology][Flow] Generating flow layout
[Topology][Flow] Nodes: 8
[Topology][Flow] Connections: 7
[Topology][Flow] Generating flow layout
[Topology][Flow] Nodes: 2
[Topology][Flow] Connections: 1
[Topology][Flow] Generating flow layout
[Topology][Flow] Nodes: 8
[Topology][Flow] Connections: 7
[Topology][Flow] Generating flow layout
[Topology][Flow] Nodes: 2
[Topology][Flow] Connections: 1
[Topology][Flow] Generating flow layout
[Topology][Flow] Nodes: 8
[Topology][Flow] Connections: 7
[Topology][Flow] Generating flow layout
[Topology][Flow] Nodes: 2
[Topology][Flow] Connections: 1
[Topology][Flow] Generating flow layout
[Topology][Flow] Nodes: 8
[Topology][Flow] Connections: 7
[Topology][Flow] Generating flow layout
[Topology][Flow] Nodes: 2
[Topology][Flow] Connections: 1
[Topology][Flow] Generating flow layout
[Topology][Flow] Nodes: 8
[Topology][Flow] Connections: 7
[Topology][Flow] Generating flow layout
[Topology][Flow] Nodes: 2
[Topology][Flow] Connections: 1
[Topology][Flow] Generating flow layout
[Topology][Flow] Nodes: 8
[Topology][Flow] Connections: 7
[Topology][Flow] Generating flow layout
[Topology][Flow] Nodes: 2
[Topology][Flow] Connections: 1
[Topology][Flow] Generating flow layout
[Topology][Flow] Nodes: 8
[Topology][Flow] Connections: 7
[Topology][Flow] Generating flow layout
[Topology][Flow] Nodes: 2
[Topology][Flow] Connections: 1
[Topology][Flow] Generating flow layout
[Topology][Flow] Nodes: 8
[Topology][Flow] Connections: 7
[Topology][Flow] Generating flow layout
[Topology][Flow] Nodes: 2
[Topology][Flow] Connections: 1
[Topology][Flow] Generating flow layout
[Topology][Flow] Nodes: 8
[Topology][Flow] Connections: 7
[Topology][Flow] Generating flow layout
[Topology][Flow] Nodes: 2
[Topology][Flow] Connections: 1
[Topology][Flow] Generating flow layout
[Topology][Flow] Nodes: 8
[Topology][Flow] Connections: 7
[Topology][Flow] Generating flow layout
[Topology][Flow] Nodes: 2
[Topology][Flow] Connections: 1
[Topology][Flow] Generating flow layout
[Topology][Flow] Nodes: 8
[Topology][Flow] Connections: 7
[Topology][Flow] Generating flow layout
[Topology][Flow] Nodes: 2
[Topology][Flow] Connections: 1
[Topology][Flow] Generating flow layout
[Topology][Flow] Nodes: 8
[Topology][Flow] Connections: 7
[Topology][Flow] Generating flow layout
[Topology][Flow] Nodes: 2
[Topology][Flow] Connections: 1
[Topology][Flow] Generating flow layout
[Topology][Flow] Nodes: 8
[Topology][Flow] Connections: 7
[Topology][Flow] Generating flow layout
[Topology][Flow] Nodes: 2
[Topology][Flow] Connections: 1
[Topology][Flow] Generating flow layout
[Topology][Flow] Nodes: 8
[Topology][Flow] Connections: 7
[Topology][Flow] Generating flow layout
[Topology][Flow] Nodes: 2
[Topology][Flow] Connections: 1
[Topology][Flow] Generating flow layout
[Topology][Flow] Nodes: 8
[Topology][Flow] Connections: 7
[Topology][Flow] Generating flow layout
[Topology][Flow] Nodes: 2
[Topology][Flow] Connections: 1
[Topology][Flow] Generating flow layout
[Topology][Flow] Nodes: 8
[Topology][Flow] Connections: 7
[Topology][Flow] Generating flow layout
[Topology][Flow] Nodes: 2
[Topology][Flow] Connections: 1
[Topology][Flow] Generating flow layout
[Topology][Flow] Nodes: 8
[Topology][Flow] Connections: 7
[Topology][Flow] Generating flow layout
[Topology][Flow] Nodes: 2
[Topology][Flow] Connections: 1
[Topology][Flow] Generating flow layout
[Topology][Flow] Nodes: 8
[Topology][Flow] Connections: 7
[Topology][Flow] Generating flow layout
[Topology][Flow] Nodes: 2
[Topology][Flow] Connections: 1
[Topology][Flow] Generating flow layout
[Topology][Flow] Nodes: 8
[Topology][Flow] Connections: 7
[Topology][Flow] Generating flow layout
[Topology][Flow] Nodes: 2
[Topology][Flow] Connections: 1
[Topology][Flow] Generating flow layout
[Topology][Flow] Nodes: 8
[Topology][Flow] Connections: 7
[Topology][Flow] Generating flow layout
[Topology][Flow] Nodes: 2
[Topology][Flow] Connections: 1
[Topology][Flow] Generating flow layout
[Topology][Flow] Nodes: 8
[Topology][Flow] Connections: 7
[Topology][Flow] Generating flow layout
[Topology][Flow] Nodes: 2
[Topology][Flow] Connections: 1
[Topology][Flow] Generating flow layout
[Topology][Flow] Nodes: 8
[Topology][Flow] Connections: 7
[Topology][Flow] Generating flow layout
[Topology][Flow] Nodes: 2
[Topology][Flow] Connections: 1
[Topology][Flow] Generating flow layout
[Topology][Flow] Nodes: 8
[Topology][Flow] Connections: 7
[Topology][Flow] Generating flow layout
[Topology][Flow] Nodes: 2
[Topology][Flow] Connections: 1
[Topology][Flow] Generating flow layout
[Topology][Flow] Nodes: 8
[Topology][Flow] Connections: 7
[Topology][Flow] Generating flow layout
[Topology][Flow] Nodes: 2
[Topology][Flow] Connections: 1
[Topology][Flow] Generating flow layout
[Topology][Flow] Nodes: 8
[Topology][Flow] Connections: 7
[Topology][Flow] Generating flow layout
[Topology][Flow] Nodes: 2
[Topology][Flow] Connections: 1
[Topology][Flow] Generating flow layout
[Topology][Flow] Nodes: 8
[Topology][Flow] Connections: 7
[Topology][Flow] Generating flow layout
[Topology][Flow] Nodes: 2
[Topology][Flow] Connections: 1
[Topology][Flow] Generating flow layout
[Topology][Flow] Nodes: 8
[Topology][Flow] Connections: 7
[Topology][Flow] Generating flow layout
[Topology][Flow] Nodes: 2
[Topology][Flow] Connections: 1
[Topology][Flow] Generating flow layout
[Topology][Flow] Nodes: 8
[Topology][Flow] Connections: 7
[Topology][Flow] Generating flow layout
[Topology][Flow] Nodes: 2
[Topology][Flow] Connections: 1
[Topology][Flow] Generating flow layout
[Topology][Flow] Nodes: 8
[Topology][Flow] Connections: 7
[Topology][Flow] Generating flow layout
[Topology][Flow] Nodes: 2
[Topology][Flow] Connections: 1
[Topology][Flow] Generating flow layout
[Topology][Flow] Nodes: 8
[Topology][Flow] Connections: 7
[Topology][Flow] Generating flow layout
[Topology][Flow] Nodes: 2
[Topology][Flow] Connections: 1
[Topology][Flow] Generating flow layout
[Topology][Flow] Nodes: 8
[Topology][Flow] Connections: 7
[Topology][Flow] Generating flow layout
[Topology][Flow] Nodes: 2
[Topology][Flow] Connections: 1
[Topology][Flow] Generating flow layout
[Topology][Flow] Nodes: 8
[Topology][Flow] Connections: 7
[Topology][Flow] Generating flow layout
[Topology][Flow] Nodes: 2
[Topology][Flow] Connections: 1
[Topology][Flow] Generating flow layout
[Topology][Flow] Nodes: 8
[Topology][Flow] Connections: 7
[Topology][Flow] Generating flow layout
[Topology][Flow] Nodes: 2
[Topology][Flow] Connections: 1
[Topology][Flow] Generating flow layout
[Topology][Flow] Nodes: 8
[Topology][Flow] Connections: 7
[Topology][Flow] Generating flow layout
[Topology][Flow] Nodes: 2
[Topology][Flow] Connections: 1
[Topology][Flow] Generating flow layout
[Topology][Flow] Nodes: 8
[Topology][Flow] Connections: 7
[Topology][Flow] Generating flow layout
[Topology][Flow] Nodes: 2
[Topology][Flow] Connections: 1
[Topology][Flow] Generating flow layout
[Topology][Flow] Nodes: 8
[Topology][Flow] Connections: 7
[Topology][Flow] Generating flow layout
[Topology][Flow] Nodes: 2
[Topology][Flow] Connections: 1
[Topology][Flow] Generating flow layout
[Topology][Flow] Nodes: 8
[Topology][Flow] Connections: 7
[Topology][Flow] Generating flow layout
[Topology][Flow] Nodes: 2
[Topology][Flow] Connections: 1
[Topology][Flow] Generating flow layout
[Topology][Flow] Nodes: 8
[Topology][Flow] Connections: 7
[Topology][Flow] Generating flow layout
[Topology][Flow] Nodes: 2
[Topology][Flow] Connections: 1
[Topology][Flow] Generating flow layout
[Topology][Flow] Nodes: 8
[Topology][Flow] Connections: 7
[Topology][Flow] Generating flow layout
[Topology][Flow] Nodes: 2
[Topology][Flow] Connections: 1
[Topology][Flow] Generating flow layout
[Topology][Flow] Nodes: 8
[Topology][Flow] Connections: 7
[Topology][Flow] Generating flow layout
[Topology][Flow] Nodes: 2
[Topology][Flow] Connections: 1
[Topology][Flow] Generating flow layout
[Topology][Flow] Nodes: 8
[Topology][Flow] Connections: 7
[Topology][Flow] Generating flow layout
[Topology][Flow] Nodes: 2
[Topology][Flow] Connections: 1
[Topology][Flow] Generating flow layout
[Topology][Flow] Nodes: 8
[Topology][Flow] Connections: 7
[Topology][Flow] Generating flow layout
[Topology][Flow] Nodes: 2
[Topology][Flow] Connections: 1
[Topology][Flow] Generating flow layout
[Topology][Flow] Nodes: 8
[Topology][Flow] Connections: 7
[Topology][Flow] Generating flow layout
[Topology][Flow] Nodes: 2
[Topology][Flow] Connections: 1
[Topology][Flow] Generating flow layout
[Topology][Flow] Nodes: 8
[Topology][Flow] Connections: 7
[Topology][Flow] Generating flow layout
[Topology][Flow] Nodes: 2
[Topology][Flow] Connections: 1
[Topology][Flow] Generating flow layout
[Topology][Flow] Nodes: 8
[Topology][Flow] Connections: 7
[Topology][Flow] Generating flow layout
[Topology][Flow] Nodes: 2
[Topology][Flow] Connections: 1
[Topology][Flow] Generating flow layout
[Topology][Flow] Nodes: 8
[Topology][Flow] Connections: 7
[Topology][Flow] Generating flow layout
[Topology][Flow] Nodes: 2
[Topology][Flow] Connections: 1
[Topology][Flow] Generating flow layout
[Topology][Flow] Nodes: 8
[Topology][Flow] Connections: 7
[Topology][Flow] Generating flow layout
[Topology][Flow] Nodes: 2
[Topology][Flow] Connections: 1
[Topology][Flow] Generating flow layout
[Topology][Flow] Nodes: 8
[Topology][Flow] Connections: 7
[Topology][Flow] Generating flow layout
[Topology][Flow] Nodes: 2
[Topology][Flow] Connections: 1
[Topology][Flow] Generating flow layout
[Topology][Flow] Nodes: 8
[Topology][Flow] Connections: 7
[Topology][Flow] Generating flow layout
[Topology][Flow] Nodes: 2
[Topology][Flow] Connections: 1
[Topology][Flow] Generating flow layout
[Topology][Flow] Nodes: 8
[Topology][Flow] Connections: 7
[Topology][Flow] Generating flow layout
[Topology][Flow] Nodes: 2
[Topology][Flow] Connections: 1
[Topology][Flow] Generating flow layout
[Topology][Flow] Nodes: 8
[Topology][Flow] Connections: 7
[Topology][Flow] Generating flow layout
[Topology][Flow] Nodes: 2
[Topology][Flow] Connections: 1
[Topology][Flow] Generating flow layout
[Topology][Flow] Nodes: 8
[Topology][Flow] Connections: 7
[Topology][Flow] Generating flow layout
[Topology][Flow] Nodes: 2
[Topology][Flow] Connections: 1
[Topology][Flow] Generating flow layout
[Topology][Flow] Nodes: 8
[Topology][Flow] Connections: 7
[Topology][Flow] Generating flow layout
[Topology][Flow] Nodes: 2
[Topology][Flow] Connections: 1
[Topology][Flow] Generating flow layout
[Topology][Flow] Nodes: 8
[Topology][Flow] Connections: 7
[Topology][Flow] Generating flow layout
[Topology][Flow] Nodes: 2
[Topology][Flow] Connections: 1
[Topology][Flow] Generating flow layout
[Topology][Flow] Nodes: 8
[Topology][Flow] Connections: 7
[Topology][Flow] Generating flow layout
[Topology][Flow] Nodes: 2
[Topology][Flow] Connections: 1
[Topology][Flow] Generating flow layout
[Topology][Flow] Nodes: 8
[Topology][Flow] Connections: 7
[Topology][Flow] Generating flow layout
[Topology][Flow] Nodes: 2
[Topology][Flow] Connections: 1
[Topology][Flow] Generating flow layout
[Topology][Flow] Nodes: 8
[Topology][Flow] Connections: 7
[Topology][Flow] Generating flow layout
[Topology][Flow] Nodes: 2
[Topology][Flow] Connections: 1
[Topology][Flow] Generating flow layout
[Topology][Flow] Nodes: 8
[Topology][Flow] Connections: 7
[Topology][Flow] Generating flow layout
[Topology][Flow] Nodes: 2
[Topology][Flow] Connections: 1
[Topology][Flow] Generating flow layout
[Topology][Flow] Nodes: 8
[Topology][Flow] Connections: 7
[Topology][Flow] Generating flow layout
[Topology][Flow] Nodes: 2
[Topology][Flow] Connections: 1
[Topology][Flow] Generating flow layout
[Topology][Flow] Nodes: 8
[Topology][Flow] Connections: 7
[Topology][Flow] Generating flow layout
[Topology][Flow] Nodes: 2
[Topology][Flow] Connections: 1
[Topology][Flow] Generating flow layout
[Topology][Flow] Nodes: 8
[Topology][Flow] Connections: 7
[Topology][Flow] Generating flow layout
[Topology][Flow] Nodes: 2
[Topology][Flow] Connections: 1
[Topology][Flow] Generating flow layout
[Topology][Flow] Nodes: 8
[Topology][Flow] Connections: 7
[Topology][Flow] Generating flow layout
[Topology][Flow] Nodes: 2
[Topology][Flow] Connections: 1
[Topology][Flow] Generating flow layout
[Topology][Flow] Nodes: 8
[Topology][Flow] Connections: 7
[Topology][Flow] Generating flow layout
[Topology][Flow] Nodes: 2
[Topology][Flow] Connections: 1
[Topology][Flow] Generating flow layout
[Topology][Flow] Nodes: 8
[Topology][Flow] Connections: 7
[Topology][Flow] Generating flow layout
[Topology][Flow] Nodes: 2
[Topology][Flow] Connections: 1
[Topology][Flow] Generating flow layout
[Topology][Flow] Nodes: 8
[Topology][Flow] Connections: 7
[Topology][Flow] Generating flow layout
[Topology][Flow] Nodes: 2
[Topology][Flow] Connections: 1
[Topology][Flow] Generating flow layout
[Topology][Flow] Nodes: 8
[Topology][Flow] Connections: 7
[Topology][Flow] Generating flow layout
[Topology][Flow] Nodes: 2
[Topology][Flow] Connections: 1
[Topology][Flow] Generating flow layout
[Topology][Flow] Nodes: 8
[Topology][Flow] Connections: 7
[Topology][Flow] Generating flow layout
[Topology][Flow] Nodes: 2
[Topology][Flow] Connections: 1
[Topology][Flow] Generating flow layout
[Topology][Flow] Nodes: 8
[Topology][Flow] Connections: 7
[Topology][Flow] Generating flow layout
[Topology][Flow] Nodes: 2
[Topology][Flow] Connections: 1
[Topology][Flow] Generating flow layout
[Topology][Flow] Nodes: 8
[Topology][Flow] Connections: 7
[Topology][Flow] Generating flow layout
[Topology][Flow] Nodes: 2
[Topology][Flow] Connections: 1
[Topology][Flow] Generating flow layout
[Topology][Flow] Nodes: 8
[Topology][Flow] Connections: 7
[Topology][Flow] Generating flow layout
[Topology][Flow] Nodes: 2
[Topology][Flow] Connections: 1
[Topology][Flow] Generating flow layout
[Topology][Flow] Nodes: 8
[Topology][Flow] Connections: 7
[Topology][Flow] Generating flow layout
[Topology][Flow] Nodes: 2
[Topology][Flow] Connections: 1
[Topology][Flow] Generating flow layout
[Topology][Flow] Nodes: 8
[Topology][Flow] Connections: 7
[Topology][Flow] Generating flow layout
[Topology][Flow] Nodes: 2
[Topology][Flow] Connections: 1
[Topology][Flow] Generating flow layout
[Topology][Flow] Nodes: 8
[Topology][Flow] Connections: 7
[Topology][Flow] Generating flow layout
[Topology][Flow] Nodes: 2
[Topology][Flow] Connections: 1
[Topology][Flow] Generating flow layout
[Topology][Flow] Nodes: 8
[Topology][Flow] Connections: 7
[Topology][Flow] Generating flow layout
[Topology][Flow] Nodes: 2
[Topology][Flow] Connections: 1
[Topology][Flow] Generating flow layout
[Topology][Flow] Nodes: 8
[Topology][Flow] Connections: 7
[Topology][Flow] Generating flow layout
[Topology][Flow] Nodes: 2
[Topology][Flow] Connections: 1
[Topology][Flow] Generating flow layout
[Topology][Flow] Nodes: 8
[Topology][Flow] Connections: 7
[Topology][Flow] Generating flow layout
[Topology][Flow] Nodes: 2
[Topology][Flow] Connections: 1
[Topology][Flow] Generating flow layout
[Topology][Flow] Nodes: 8
[Topology][Flow] Connections: 7
[Topology][Flow] Generating flow layout
[Topology][Flow] Nodes: 2
[Topology][Flow] Connections: 1
[Topology][Flow] Generating flow layout
[Topology][Flow] Nodes: 8
[Topology][Flow] Connections: 7
[Topology][Flow] Generating flow layout
[Topology][Flow] Nodes: 2
[Topology][Flow] Connections: 1
[Topology][Flow] Generating flow layout
[Topology][Flow] Nodes: 8
[Topology][Flow] Connections: 7
[Topology][Flow] Generating flow layout
[Topology][Flow] Nodes: 2
[Topology][Flow] Connections: 1
[Topology][Flow] Generating flow layout
[Topology][Flow] Nodes: 8
[Topology][Flow] Connections: 7
[Topology][Flow] Generating flow layout
[Topology][Flow] Nodes: 2
[Topology][Flow] Connections: 1
[Topology][Flow] Generating flow layout
[Topology][Flow] Nodes: 8
[Topology][Flow] Connections: 7
[Topology][Flow] Generating flow layout
[Topology][Flow] Nodes: 2
[Topology][Flow] Connections: 1
[Topology][Flow] Generating flow layout
[Topology][Flow] Nodes: 8
[Topology][Flow] Connections: 7
[Topology][Flow] Generating flow layout
[Topology][Flow] Nodes: 2
[Topology][Flow] Connections: 1
[Topology][Flow] Generating flow layout
[Topology][Flow] Nodes: 8
[Topology][Flow] Connections: 7
[Topology][Flow] Generating flow layout
[Topology][Flow] Nodes: 2
[Topology][Flow] Connections: 1
[Topology][Flow] Generating flow layout
[Topology][Flow] Nodes: 8
[Topology][Flow] Connections: 7
[Topology][Flow] Generating flow layout
[Topology][Flow] Nodes: 2
[Topology][Flow] Connections: 1
[Topology][Flow] Generating flow layout
[Topology][Flow] Nodes: 8
[Topology][Flow] Connections: 7
[Topology][Flow] Generating flow layout
[Topology][Flow] Nodes: 2
[Topology][Flow] Connections: 1
[Topology][Flow] Generating flow layout
[Topology][Flow] Nodes: 8
[Topology][Flow] Connections: 7
[Topology][Flow] Generating flow layout
[Topology][Flow] Nodes: 2
[Topology][Flow] Connections: 1
[Topology][Flow] Generating flow layout
[Topology][Flow] Nodes: 8
[Topology][Flow] Connections: 7
[Topology][Flow] Generating flow layout
[Topology][Flow] Nodes: 2
[Topology][Flow] Connections: 1
[Topology][Flow] Generating flow layout
[Topology][Flow] Nodes: 8
[Topology][Flow] Connections: 7
[Topology][Flow] Generating flow layout
[Topology][Flow] Nodes: 2
[Topology][Flow] Connections: 1
[Topology][Flow] Generating flow layout
[Topology][Flow] Nodes: 8
[Topology][Flow] Connections: 7
[Topology][Flow] Generating flow layout
[Topology][Flow] Nodes: 2
[Topology][Flow] Connections: 1
[Topology][Flow] Generating flow layout
[Topology][Flow] Nodes: 8
[Topology][Flow] Connections: 7
[Topology][Flow] Generating flow layout
[Topology][Flow] Nodes: 2
[Topology][Flow] Connections: 1
[Topology][Flow] Generating flow layout
[Topology][Flow] Nodes: 8
[Topology][Flow] Connections: 7
[Topology][Flow] Generating flow layout
[Topology][Flow] Nodes: 2
[Topology][Flow] Connections: 1
[Topology][Flow] Generating flow layout
[Topology][Flow] Nodes: 8
[Topology][Flow] Connections: 7
[Topology][Flow] Generating flow layout
[Topology][Flow] Nodes: 2
[Topology][Flow] Connections: 1
[Topology][Flow] Generating flow layout
[Topology][Flow] Nodes: 8
[Topology][Flow] Connections: 7
[Topology][Flow] Generating flow layout
[Topology][Flow] Nodes: 2
[Topology][Flow] Connections: 1
[Topology][Flow] Generating flow layout
[Topology][Flow] Nodes: 8
[Topology][Flow] Connections: 7
[Topology][Flow] Generating flow layout
[Topology][Flow] Nodes: 2
[Topology][Flow] Connections: 1
[Topology][Flow] Generating flow layout
[Topology][Flow] Nodes: 8
[Topology][Flow] Connections: 7
[Topology][Flow] Generating flow layout
[Topology][Flow] Nodes: 2
[Topology][Flow] Connections: 1
[Topology][Flow] Generating flow layout
[Topology][Flow] Nodes: 8
[Topology][Flow] Connections: 7
[Topology][Flow] Generating flow layout
[Topology][Flow] Nodes: 2
[Topology][Flow] Connections: 1
[Topology][Flow] Generating flow layout
[Topology][Flow] Nodes: 8
[Topology][Flow] Connections: 7
[Topology][Flow] Generating flow layout
[Topology][Flow] Nodes: 2
[Topology][Flow] Connections: 1
[Topology][Flow] Generating flow layout
[Topology][Flow] Nodes: 8
[Topology][Flow] Connections: 7
[Topology][Flow] Generating flow layout
[Topology][Flow] Nodes: 2
[Topology][Flow] Connections: 1
[Topology][Flow] Generating flow layout
[Topology][Flow] Nodes: 8
[Topology][Flow] Connections: 7
[Topology][Flow] Generating flow layout
[Topology][Flow] Nodes: 2
[Topology][Flow] Connections: 1
[Topology][Flow] Generating flow layout
[Topology][Flow] Nodes: 8
[Topology][Flow] Connections: 7
[Topology][Flow] Generating flow layout
[Topology][Flow] Nodes: 2
[Topology][Flow] Connections: 1
[Topology][Flow] Generating flow layout
[Topology][Flow] Nodes: 8
[Topology][Flow] Connections: 7
[Topology][Flow] Generating flow layout
[Topology][Flow] Nodes: 2
[Topology][Flow] Connections: 1
[Topology][Flow] Generating flow layout
[Topology][Flow] Nodes: 8
[Topology][Flow] Connections: 7
[Topology][Flow] Generating flow layout
[Topology][Flow] Nodes: 2
[Topology][Flow] Connections: 1
[Topology][Flow] Generating flow layout
[Topology][Flow] Nodes: 8
[Topology][Flow] Connections: 7
[Topology][Flow] Generating flow layout
[Topology][Flow] Nodes: 2
[Topology][Flow] Connections: 1
[Topology][Flow] Generating flow layout
[Topology][Flow] Nodes: 8
[Topology][Flow] Connections: 7
[Topology][Flow] Generating flow layout
[Topology][Flow] Nodes: 2
[Topology][Flow] Connections: 1
[Topology][Flow] Generating flow layout
[Topology][Flow] Nodes: 8
[Topology][Flow] Connections: 7
[Topology][Flow] Generating flow layout
[Topology][Flow] Nodes: 2
[Topology][Flow] Connections: 1
[Topology][Flow] Generating flow layout
[Topology][Flow] Nodes: 8
[Topology][Flow] Connections: 7
[Topology][Flow] Generating flow layout
[Topology][Flow] Nodes: 2
[Topology][Flow] Connections: 1
[Topology][Flow] Generating flow layout
[Topology][Flow] Nodes: 8
[Topology][Flow] Connections: 7
[Topology][Flow] Generating flow layout
[Topology][Flow] Nodes: 2
[Topology][Flow] Connections: 1
[Topology][Flow] Generating flow layout
[Topology][Flow] Nodes: 8
[Topology][Flow] Connections: 7
[Topology][Flow] Generating flow layout
[Topology][Flow] Nodes: 2
[Topology][Flow] Connections: 1
[Topology][Flow] Generating flow layout
[Topology][Flow] Nodes: 8
[Topology][Flow] Connections: 7
[Topology][Flow] Generating flow layout
[Topology][Flow] Nodes: 2
[Topology][Flow] Connections: 1
[Topology][Flow] Generating flow layout
[Topology][Flow] Nodes: 8
[Topology][Flow] Connections: 7
[Topology][Flow] Generating flow layout
[Topology][Flow] Nodes: 2
[Topology][Flow] Connections: 1
[Topology][Flow] Generating flow layout
[Topology][Flow] Nodes: 8
[Topology][Flow] Connections: 7
[Topology][Flow] Generating flow layout
[Topology][Flow] Nodes: 2
[Topology][Flow] Connections: 1
[Topology][Flow] Generating flow layout
[Topology][Flow] Nodes: 8
[Topology][Flow] Connections: 7
[Topology][Flow] Generating flow layout
[Topology][Flow] Nodes: 2
[Topology][Flow] Connections: 1
[Topology][Flow] Generating flow layout
[Topology][Flow] Nodes: 8
[Topology][Flow] Connections: 7
[Topology][Flow] Generating flow layout
[Topology][Flow] Nodes: 2
[Topology][Flow] Connections: 1
[Topology][Flow] Generating flow layout
[Topology][Flow] Nodes: 8
[Topology][Flow] Connections: 7
[Topology][Flow] Generating flow layout
[Topology][Flow] Nodes: 2
[Topology][Flow] Connections: 1
[Topology][Flow] Generating flow layout
[Topology][Flow] Nodes: 8
[Topology][Flow] Connections: 7
[Topology][Flow] Generating flow layout
[Topology][Flow] Nodes: 2
[Topology][Flow] Connections: 1
[Topology][Flow] Generating flow layout
[Topology][Flow] Nodes: 8
[Topology][Flow] Connections: 7
[Topology][Flow] Generating flow layout
[Topology][Flow] Nodes: 2
[Topology][Flow] Connections: 1
[Topology][Flow] Generating flow layout
[Topology][Flow] Nodes: 8
[Topology][Flow] Connections: 7
[Topology][Flow] Generating flow layout
[Topology][Flow] Nodes: 2
[Topology][Flow] Connections: 1
[Topology][Flow] Generating flow layout
[Topology][Flow] Nodes: 8
[Topology][Flow] Connections: 7
[Topology][Flow] Generating flow layout
[Topology][Flow] Nodes: 2
[Topology][Flow] Connections: 1
[Topology][Flow] Generating flow layout
[Topology][Flow] Nodes: 8
[Topology][Flow] Connections: 7
[Topology][Flow] Generating flow layout
[Topology][Flow] Nodes: 2
[Topology][Flow] Connections: 1
[Topology][Flow] Generating flow layout
[Topology][Flow] Nodes: 8
[Topology][Flow] Connections: 7
[Topology][Flow] Generating flow layout
[Topology][Flow] Nodes: 2
[Topology][Flow] Connections: 1
[Topology][Flow] Generating flow layout
[Topology][Flow] Nodes: 8
[Topology][Flow] Connections: 7
[Topology][Flow] Generating flow layout
[Topology][Flow] Nodes: 2
[Topology][Flow] Connections: 1
[Topology][Flow] Generating flow layout
[Topology][Flow] Nodes: 8
[Topology][Flow] Connections: 7
[Topology][Flow] Generating flow layout
[Topology][Flow] Nodes: 2
[Topology][Flow] Connections: 1
[Topology][Flow] Generating flow layout
[Topology][Flow] Nodes: 8
[Topology][Flow] Connections: 7
[Topology][Flow] Generating flow layout
[Topology][Flow] Nodes: 2
[Topology][Flow] Connections: 1
[Topology][Flow] Generating flow layout
[Topology][Flow] Nodes: 8
[Topology][Flow] Connections: 7
[Topology][Flow] Generating flow layout
[Topology][Flow] Nodes: 2
[Topology][Flow] Connections: 1
[Topology][Flow] Generating flow layout
[Topology][Flow] Nodes: 8
[Topology][Flow] Connections: 7
[Topology][Flow] Generating flow layout
[Topology][Flow] Nodes: 2
[Topology][Flow] Connections: 1
[Topology][Flow] Generating flow layout
[Topology][Flow] Nodes: 8
[Topology][Flow] Connections: 7
[Topology][Flow] Generating flow layout
[Topology][Flow] Nodes: 2
[Topology][Flow] Connections: 1
[Topology][Flow] Generating flow layout
[Topology][Flow] Nodes: 8
[Topology][Flow] Connections: 7
[Topology][Flow] Generating flow layout
[Topology][Flow] Nodes: 2
[Topology][Flow] Connections: 1
[Topology][Flow] Generating flow layout
[Topology][Flow] Nodes: 8
[Topology][Flow] Connections: 7
[Topology][Flow] Generating flow layout
[Topology][Flow] Nodes: 2
[Topology][Flow] Connections: 1
[Topology][Flow] Generating flow layout
[Topology][Flow] Nodes: 8
[Topology][Flow] Connections: 7
[Topology][Flow] Generating flow layout
[Topology][Flow] Nodes: 2
[Topology][Flow] Connections: 1
[Topology][Flow] Generating flow layout
[Topology][Flow] Nodes: 8
[Topology][Flow] Connections: 7
[Topology][Flow] Generating flow layout
[Topology][Flow] Nodes: 2
[Topology][Flow] Connections: 1
[Topology][Flow] Generating flow layout
[Topology][Flow] Nodes: 8
[Topology][Flow] Connections: 7
[Topology][Flow] Generating flow layout
[Topology][Flow] Nodes: 2
[Topology][Flow] Connections: 1
[Topology][Flow] Generating flow layout
[Topology][Flow] Nodes: 8
[Topology][Flow] Connections: 7
[Topology][Flow] Generating flow layout
[Topology][Flow] Nodes: 2
[Topology][Flow] Connections: 1
[Topology][Flow] Generating flow layout
[Topology][Flow] Nodes: 8
[Topology][Flow] Connections: 7
[Topology][Flow] Generating flow layout
[Topology][Flow] Nodes: 2
[Topology][Flow] Connections: 1
[Topology][Flow] Generating flow layout
[Topology][Flow] Nodes: 8
[Topology][Flow] Connections: 7
[Topology][Flow] Generating flow layout
[Topology][Flow] Nodes: 2
[Topology][Flow] Connections: 1
[Topology][Flow] Generating flow layout
[Topology][Flow] Nodes: 8
[Topology][Flow] Connections: 7
[Topology][Flow] Generating flow layout
[Topology][Flow] Nodes: 2
[Topology][Flow] Connections: 1
[Topology][Flow] Generating flow layout
[Topology][Flow] Nodes: 8
[Topology][Flow] Connections: 7
[Topology][Flow] Generating flow layout
[Topology][Flow] Nodes: 2
[Topology][Flow] Connections: 1
[Topology][Flow] Generating flow layout
[Topology][Flow] Nodes: 8
[Topology][Flow] Connections: 7
[Topology][Flow] Generating flow layout
[Topology][Flow] Nodes: 2
[Topology][Flow] Connections: 1
[Topology][Flow] Generating flow layout
[Topology][Flow] Nodes: 8
[Topology][Flow] Connections: 7
[Topology][Flow] Generating flow layout
[Topology][Flow] Nodes: 2
[Topology][Flow] Connections: 1
[Topology][Flow] Generating flow layout
[Topology][Flow] Nodes: 8
[Topology][Flow] Connections: 7
[Topology][Flow] Generating flow layout
[Topology][Flow] Nodes: 2
[Topology][Flow] Connections: 1
[Topology][Flow] Generating flow layout
[Topology][Flow] Nodes: 8
[Topology][Flow] Connections: 7
[Topology][Flow] Generating flow layout
[Topology][Flow] Nodes: 2
[Topology][Flow] Connections: 1
[Topology][Flow] Generating flow layout
[Topology][Flow] Nodes: 8
[Topology][Flow] Connections: 7
[Topology][Flow] Generating flow layout
[Topology][Flow] Nodes: 2
[Topology][Flow] Connections: 1
[Topology][Flow] Generating flow layout
[Topology][Flow] Nodes: 8
[Topology][Flow] Connections: 7
[Topology][Flow] Generating flow layout
[Topology][Flow] Nodes: 2
[Topology][Flow] Connections: 1
[Topology][Flow] Generating flow layout
[Topology][Flow] Nodes: 8
[Topology][Flow] Connections: 7
[Topology][Flow] Generating flow layout
[Topology][Flow] Nodes: 2
[Topology][Flow] Connections: 1
[Topology][Flow] Generating flow layout
[Topology][Flow] Nodes: 8
[Topology][Flow] Connections: 7
[Topology][Flow] Generating flow layout
[Topology][Flow] Nodes: 2
[Topology][Flow] Connections: 1
[Topology][Flow] Generating flow layout
[Topology][Flow] Nodes: 8
[Topology][Flow] Connections: 7
[Topology][Flow] Generating flow layout
[Topology][Flow] Nodes: 2
[Topology][Flow] Connections: 1
[Topology][Flow] Generating flow layout
[Topology][Flow] Nodes: 8
[Topology][Flow] Connections: 7
[Topology][Flow] Generating flow layout
[Topology][Flow] Nodes: 2
[Topology][Flow] Connections: 1
[Topology][Flow] Generating flow layout
[Topology][Flow] Nodes: 8
[Topology][Flow] Connections: 7
[Topology][Flow] Generating flow layout
[Topology][Flow] Nodes: 2
[Topology][Flow] Connections: 1
[Topology][Flow] Generating flow layout
[Topology][Flow] Nodes: 8
[Topology][Flow] Connections: 7
[Topology][Flow] Generating flow layout
[Topology][Flow] Nodes: 2
[Topology][Flow] Connections: 1
[Topology][Flow] Generating flow layout
[Topology][Flow] Nodes: 8
[Topology][Flow] Connections: 7
[Topology][Flow] Generating flow layout
[Topology][Flow] Nodes: 2
[Topology][Flow] Connections: 1
[Topology][Flow] Generating flow layout
[Topology][Flow] Nodes: 8
[Topology][Flow] Connections: 7
[Topology][Flow] Generating flow layout
[Topology][Flow] Nodes: 2
[Topology][Flow] Connections: 1
[Topology][Flow] Generating flow layout
[Topology][Flow] Nodes: 8
[Topology][Flow] Connections: 7
[Topology][Flow] Generating flow layout
[Topology][Flow] Nodes: 2
[Topology][Flow] Connections: 1
[Topology][Flow] Generating flow layout
[Topology][Flow] Nodes: 8
[Topology][Flow] Connections: 7
[Topology][Flow] Generating flow layout
[Topology][Flow] Nodes: 2
[Topology][Flow] Connections: 1
[Topology][Flow] Generating flow layout
[Topology][Flow] Nodes: 8
[Topology][Flow] Connections: 7
[Topology][Flow] Generating flow layout
[Topology][Flow] Nodes: 2
[Topology][Flow] Connections: 1
[Topology][Flow] Generating flow layout
[Topology][Flow] Nodes: 8
[Topology][Flow] Connections: 7
[Topology][Flow] Generating flow layout
[Topology][Flow] Nodes: 2
[Topology][Flow] Connections: 1
[Topology][Flow] Generating flow layout
[Topology][Flow] Nodes: 8
[Topology][Flow] Connections: 7
[Topology][Flow] Generating flow layout
[Topology][Flow] Nodes: 2
[Topology][Flow] Connections: 1
[Topology][Flow] Generating flow layout
[Topology][Flow] Nodes: 8
[Topology][Flow] Connections: 7
[Topology][Flow] Generating flow layout
[Topology][Flow] Nodes: 2
[Topology][Flow] Connections: 1
[Topology][Flow] Generating flow layout
[Topology][Flow] Nodes: 8
[Topology][Flow] Connections: 7
[Topology][Flow] Generating flow layout
[Topology][Flow] Nodes: 2
[Topology][Flow] Connections: 1
[Topology][Flow] Generating flow layout
[Topology][Flow] Nodes: 8
[Topology][Flow] Connections: 7
[Topology][Flow] Generating flow layout
[Topology][Flow] Nodes: 2
[Topology][Flow] Connections: 1
[Topology][Flow] Generating flow layout
[Topology][Flow] Nodes: 8
[Topology][Flow] Connections: 7
[Topology][Flow] Generating flow layout
[Topology][Flow] Nodes: 2
[Topology][Flow] Connections: 1
[Topology][Flow] Generating flow layout
[Topology][Flow] Nodes: 8
[Topology][Flow] Connections: 7
[Topology][Flow] Generating flow layout
[Topology][Flow] Nodes: 2
[Topology][Flow] Connections: 1
[Topology][Flow] Generating flow layout
[Topology][Flow] Nodes: 8
[Topology][Flow] Connections: 7
[Topology][Flow] Generating flow layout
[Topology][Flow] Nodes: 2
[Topology][Flow] Connections: 1
[Topology][Flow] Generating flow layout
[Topology][Flow] Nodes: 8
[Topology][Flow] Connections: 7
[Topology][Flow] Generating flow layout
[Topology][Flow] Nodes: 2
[Topology][Flow] Connections: 1
[Topology][Flow] Generating flow layout
[Topology][Flow] Nodes: 8
[Topology][Flow] Connections: 7
[Topology][Flow] Generating flow layout
[Topology][Flow] Nodes: 2
[Topology][Flow] Connections: 1
[Topology][Flow] Generating flow layout
[Topology][Flow] Nodes: 8
[Topology][Flow] Connections: 7
[Topology][Flow] Generating flow layout
[Topology][Flow] Nodes: 2
[Topology][Flow] Connections: 1
[Topology][Flow] Generating flow layout
[Topology][Flow] Nodes: 8
[Topology][Flow] Connections: 7
[Topology][Flow] Generating flow layout
[Topology][Flow] Nodes: 2
[Topology][Flow] Connections: 1
[Topology][Flow] Generating flow layout
[Topology][Flow] Nodes: 8
[Topology][Flow] Connections: 7
[Topology][Flow] Generating flow layout
[Topology][Flow] Nodes: 2
[Topology][Flow] Connections: 1
[Topology][Flow] Generating flow layout
[Topology][Flow] Nodes: 8
[Topology][Flow] Connections: 7
[Topology][Flow] Generating flow layout
[Topology][Flow] Nodes: 2
[Topology][Flow] Connections: 1
[Topology][Flow] Generating flow layout
[Topology][Flow] Nodes: 8
[Topology][Flow] Connections: 7
[Topology][Flow] Generating flow layout
[Topology][Flow] Nodes: 2
[Topology][Flow] Connections: 1
[Topology][Flow] Generating flow layout
[Topology][Flow] Nodes: 8
[Topology][Flow] Connections: 7
[Topology][Flow] Generating flow layout
[Topology][Flow] Nodes: 2
[Topology][Flow] Connections: 1
[Topology][Flow] Generating flow layout
[Topology][Flow] Nodes: 8
[Topology][Flow] Connections: 7
[Topology][Flow] Generating flow layout
[Topology][Flow] Nodes: 2
[Topology][Flow] Connections: 1
[Topology][Flow] Generating flow layout
[Topology][Flow] Nodes: 8
[Topology][Flow] Connections: 7
[Topology][Flow] Generating flow layout
[Topology][Flow] Nodes: 2
[Topology][Flow] Connections: 1
[Topology][Flow] Generating flow layout
[Topology][Flow] Nodes: 8
[Topology][Flow] Connections: 7
[Topology][Flow] Generating flow layout
[Topology][Flow] Nodes: 2
[Topology][Flow] Connections: 1
[Topology][Flow] Generating flow layout
[Topology][Flow] Nodes: 8
[Topology][Flow] Connections: 7
[Topology][Flow] Generating flow layout
[Topology][Flow] Nodes: 2
[Topology][Flow] Connections: 1
[Topology][Flow] Generating flow layout
[Topology][Flow] Nodes: 8
[Topology][Flow] Connections: 7
[Topology][Flow] Generating flow layout
[Topology][Flow] Nodes: 2
[Topology][Flow] Connections: 1
[Topology][Flow] Generating flow layout
[Topology][Flow] Nodes: 8
[Topology][Flow] Connections: 7
[Topology][Flow] Generating flow layout
[Topology][Flow] Nodes: 2
[Topology][Flow] Connections: 1
[Topology][Flow] Generating flow layout
[Topology][Flow] Nodes: 8
[Topology][Flow] Connections: 7
[Topology][Flow] Generating flow layout
[Topology][Flow] Nodes: 2
[Topology][Flow] Connections: 1
[Topology][Flow] Generating flow layout
[Topology][Flow] Nodes: 8
[Topology][Flow] Connections: 7
[Topology][Flow] Generating flow layout
[Topology][Flow] Nodes: 2
[Topology][Flow] Connections: 1
[Topology][Flow] Generating flow layout
[Topology][Flow] Nodes: 8
[Topology][Flow] Connections: 7
[Topology][Flow] Generating flow layout
[Topology][Flow] Nodes: 2
[Topology][Flow] Connections: 1
[Topology][Flow] Generating flow layout
[Topology][Flow] Nodes: 8
[Topology][Flow] Connections: 7
[Topology][Flow] Generating flow layout
[Topology][Flow] Nodes: 2
[Topology][Flow] Connections: 1
[Topology][Flow] Generating flow layout
[Topology][Flow] Nodes: 8
[Topology][Flow] Connections: 7
[Topology][Flow] Generating flow layout
[Topology][Flow] Nodes: 2
[Topology][Flow] Connections: 1
[Topology][Flow] Generating flow layout
[Topology][Flow] Nodes: 8
[Topology][Flow] Connections: 7
[Topology][Flow] Generating flow layout
[Topology][Flow] Nodes: 2
[Topology][Flow] Connections: 1
[Topology][Flow] Generating flow layout
[Topology][Flow] Nodes: 8
[Topology][Flow] Connections: 7
[Topology][Flow] Generating flow layout
[Topology][Flow] Nodes: 2
[Topology][Flow] Connections: 1
[Topology][Flow] Generating flow layout
[Topology][Flow] Nodes: 8
[Topology][Flow] Connections: 7
[Topology][Flow] Generating flow layout
[Topology][Flow] Nodes: 2
[Topology][Flow] Connections: 1
[Topology][Flow] Generating flow layout
[Topology][Flow] Nodes: 8
[Topology][Flow] Connections: 7
[Topology][Flow] Generating flow layout
[Topology][Flow] Nodes: 2
[Topology][Flow] Connections: 1
[Topology][Flow] Generating flow layout
[Topology][Flow] Nodes: 8
[Topology][Flow] Connections: 7
[Topology][Flow] Generating flow layout
[Topology][Flow] Nodes: 2
[Topology][Flow] Connections: 1
[Topology][Flow] Generating flow layout
[Topology][Flow] Nodes: 8
[Topology][Flow] Connections: 7
[Topology][Flow] Generating flow layout
[Topology][Flow] Nodes: 2
[Topology][Flow] Connections: 1
[Topology][Flow] Generating flow layout
[Topology][Flow] Nodes: 8
[Topology][Flow] Connections: 7
[Topology][Flow] Generating flow layout
[Topology][Flow] Nodes: 2
[Topology][Flow] Connections: 1
[Topology][Flow] Generating flow layout
[Topology][Flow] Nodes: 8
[Topology][Flow] Connections: 7
[Topology][Flow] Generating flow layout
[Topology][Flow] Nodes: 2
[Topology][Flow] Connections: 1
[Topology][Flow] Generating flow layout
[Topology][Flow] Nodes: 8
[Topology][Flow] Connections: 7
[Topology][Flow] Generating flow layout
[Topology][Flow] Nodes: 2
[Topology][Flow] Connections: 1
[Topology][Flow] Generating flow layout
[Topology][Flow] Nodes: 8
[Topology][Flow] Connections: 7
[Topology][Flow] Generating flow layout
[Topology][Flow] Nodes: 2
[Topology][Flow] Connections: 1
[Topology][Flow] Generating flow layout
[Topology][Flow] Nodes: 8
[Topology][Flow] Connections: 7
[Topology][Flow] Generating flow layout
[Topology][Flow] Nodes: 2
[Topology][Flow] Connections: 1
[Topology][Flow] Generating flow layout
[Topology][Flow] Nodes: 8
[Topology][Flow] Connections: 7
[Topology][Flow] Generating flow layout
[Topology][Flow] Nodes: 2
[Topology][Flow] Connections: 1
[Topology][Flow] Generating flow layout
[Topology][Flow] Nodes: 8
[Topology][Flow] Connections: 7
[Topology][Flow] Generating flow layout
[Topology][Flow] Nodes: 2
[Topology][Flow] Connections: 1
[Topology][Flow] Generating flow layout
[Topology][Flow] Nodes: 8
[Topology][Flow] Connections: 7
[Topology][Flow] Generating flow layout
[Topology][Flow] Nodes: 2
[Topology][Flow] Connections: 1
[Topology][Flow] Generating flow layout
[Topology][Flow] Nodes: 8
[Topology][Flow] Connections: 7
[Topology][Flow] Generating flow layout
[Topology][Flow] Nodes: 2
[Topology][Flow] Connections: 1
[Topology][Flow] Generating flow layout
[Topology][Flow] Nodes: 8
[Topology][Flow] Connections: 7
[Topology][Flow] Generating flow layout
[Topology][Flow] Nodes: 2
[Topology][Flow] Connections: 1
[Topology][Flow] Generating flow layout
[Topology][Flow] Nodes: 8
[Topology][Flow] Connections: 7
[Topology][Flow] Generating flow layout
[Topology][Flow] Nodes: 2
[Topology][Flow] Connections: 1
[Topology][Flow] Generating flow layout
[Topology][Flow] Nodes: 8
[Topology][Flow] Connections: 7
[Topology][Flow] Generating flow layout
[Topology][Flow] Nodes: 2
[Topology][Flow] Connections: 1
[Topology][Flow] Generating flow layout
[Topology][Flow] Nodes: 8
[Topology][Flow] Connections: 7
[Topology][Flow] Generating flow layout
[Topology][Flow] Nodes: 2
[Topology][Flow] Connections: 1
[Topology][Flow] Generating flow layout
[Topology][Flow] Nodes: 8
[Topology][Flow] Connections: 7
[Topology][Flow] Generating flow layout
[Topology][Flow] Nodes: 2
[Topology][Flow] Connections: 1
[Topology][Flow] Generating flow layout
[Topology][Flow] Nodes: 8
[Topology][Flow] Connections: 7
[Topology][Flow] Generating flow layout
[Topology][Flow] Nodes: 2
[Topology][Flow] Connections: 1
[Topology][Flow] Generating flow layout
[Topology][Flow] Nodes: 8
[Topology][Flow] Connections: 7
[Topology][Flow] Generating flow layout
[Topology][Flow] Nodes: 2
[Topology][Flow] Connections: 1
[Topology][Flow] Generating flow layout
[Topology][Flow] Nodes: 8
[Topology][Flow] Connections: 7
[Topology][Flow] Generating flow layout
[Topology][Flow] Nodes: 2
[Topology][Flow] Connections: 1
[Topology][Flow] Generating flow layout
[Topology][Flow] Nodes: 8
[Topology][Flow] Connections: 7
[Topology][Flow] Generating flow layout
[Topology][Flow] Nodes: 2
[Topology][Flow] Connections: 1
[Topology][Flow] Generating flow layout
[Topology][Flow] Nodes: 8
[Topology][Flow] Connections: 7
[Topology][Flow] Generating flow layout
[Topology][Flow] Nodes: 2
[Topology][Flow] Connections: 1
[Topology][Flow] Generating flow layout
[Topology][Flow] Nodes: 8
[Topology][Flow] Connections: 7
[Topology][Flow] Generating flow layout
[Topology][Flow] Nodes: 2
[Topology][Flow] Connections: 1
[Topology][Flow] Generating flow layout
[Topology][Flow] Nodes: 8
[Topology][Flow] Connections: 7
[Topology][Flow] Generating flow layout
[Topology][Flow] Nodes: 2
[Topology][Flow] Connections: 1
[Topology][Flow] Generating flow layout
[Topology][Flow] Nodes: 8
[Topology][Flow] Connections: 7
[Topology][Flow] Generating flow layout
[Topology][Flow] Nodes: 2
[Topology][Flow] Connections: 1
[Topology][Flow] Generating flow layout
[Topology][Flow] Nodes: 8
[Topology][Flow] Connections: 7
[Topology][Flow] Generating flow layout
[Topology][Flow] Nodes: 2
[Topology][Flow] Connections: 1
[Topology][Flow] Generating flow layout
[Topology][Flow] Nodes: 8
[Topology][Flow] Connections: 7
[Topology][Flow] Generating flow layout
[Topology][Flow] Nodes: 2
[Topology][Flow] Connections: 1
[Topology][Flow] Generating flow layout
[Topology][Flow] Nodes: 8
[Topology][Flow] Connections: 7
[Topology][Flow] Generating flow layout
[Topology][Flow] Nodes: 2
[Topology][Flow] Connections: 1
[Topology][Flow] Generating flow layout
[Topology][Flow] Nodes: 8
[Topology][Flow] Connections: 7
[Topology][Flow] Generating flow layout
[Topology][Flow] Nodes: 2
[Topology][Flow] Connections: 1
[Topology][Flow] Generating flow layout
[Topology][Flow] Nodes: 8
[Topology][Flow] Connections: 7
[Topology][Flow] Generating flow layout
[Topology][Flow] Nodes: 2
[Topology][Flow] Connections: 1
[Topology][Flow] Generating flow layout
[Topology][Flow] Nodes: 8
[Topology][Flow] Connections: 7
[Topology][Flow] Generating flow layout
[Topology][Flow] Nodes: 2
[Topology][Flow] Connections: 1
[Topology][Flow] Generating flow layout
[Topology][Flow] Nodes: 8
[Topology][Flow] Connections: 7
[Topology][Flow] Generating flow layout
[Topology][Flow] Nodes: 2
[Topology][Flow] Connections: 1
[Topology][Flow] Generating flow layout
[Topology][Flow] Nodes: 8
[Topology][Flow] Connections: 7
[Topology][Flow] Generating flow layout
[Topology][Flow] Nodes: 2
[Topology][Flow] Connections: 1
[Topology][Flow] Generating flow layout
[Topology][Flow] Nodes: 8
[Topology][Flow] Connections: 7
[Topology][Flow] Generating flow layout
[Topology][Flow] Nodes: 2
[Topology][Flow] Connections: 1
[Topology][Flow] Generating flow layout
[Topology][Flow] Nodes: 8
[Topology][Flow] Connections: 7
[Topology][Flow] Generating flow layout
[Topology][Flow] Nodes: 2
[Topology][Flow] Connections: 1
[Topology][Flow] Generating flow layout
[Topology][Flow] Nodes: 8
[Topology][Flow] Connections: 7
[Topology][Flow] Generating flow layout
[Topology][Flow] Nodes: 2
[Topology][Flow] Connections: 1
[Topology][Flow] Generating flow layout
[Topology][Flow] Nodes: 8
[Topology][Flow] Connections: 7
[Topology][Flow] Generating flow layout
[Topology][Flow] Nodes: 2
[Topology][Flow] Connections: 1
[Topology][Flow] Generating flow layout
[Topology][Flow] Nodes: 8
[Topology][Flow] Connections: 7
[Topology][Flow] Generating flow layout
[Topology][Flow] Nodes: 2
[Topology][Flow] Connections: 1
[Topology][Flow] Generating flow layout
[Topology][Flow] Nodes: 8
[Topology][Flow] Connections: 7
[Topology][Flow] Generating flow layout
[Topology][Flow] Nodes: 2
[Topology][Flow] Connections: 1
[Topology][Flow] Generating flow layout
[Topology][Flow] Nodes: 8
[Topology][Flow] Connections: 7
[Topology][Flow] Generating flow layout
[Topology][Flow] Nodes: 2
[Topology][Flow] Connections: 1
[Topology][Flow] Generating flow layout
[Topology][Flow] Nodes: 8
[Topology][Flow] Connections: 7
[Topology][Flow] Generating flow layout
[Topology][Flow] Nodes: 2
[Topology][Flow] Connections: 1
[Topology][Flow] Generating flow layout
[Topology][Flow] Nodes: 8
[Topology][Flow] Connections: 7
[Topology][Flow] Generating flow layout
[Topology][Flow] Nodes: 2
[Topology][Flow] Connections: 1
[Topology][Flow] Generating flow layout
[Topology][Flow] Nodes: 8
[Topology][Flow] Connections: 7
[Topology][Flow] Generating flow layout
[Topology][Flow] Nodes: 2
[Topology][Flow] Connections: 1
[Topology][Flow] Generating flow layout
[Topology][Flow] Nodes: 8
[Topology][Flow] Connections: 7
[Topology][Flow] Generating flow layout
[Topology][Flow] Nodes: 2
[Topology][Flow] Connections: 1
[Topology][Flow] Generating flow layout
[Topology][Flow] Nodes: 8
[Topology][Flow] Connections: 7
[Topology][Flow] Generating flow layout
[Topology][Flow] Nodes: 2
[Topology][Flow] Connections: 1
[Topology][Flow] Generating flow layout
[Topology][Flow] Nodes: 8
[Topology][Flow] Connections: 7
[Topology][Flow] Generating flow layout
[Topology][Flow] Nodes: 2
[Topology][Flow] Connections: 1
[Topology][Flow] Generating flow layout
[Topology][Flow] Nodes: 8
[Topology][Flow] Connections: 7
[Topology][Flow] Generating flow layout
[Topology][Flow] Nodes: 2
[Topology][Flow] Connections: 1
[Topology][Flow] Generating flow layout
[Topology][Flow] Nodes: 8
[Topology][Flow] Connections: 7
[Topology][Flow] Generating flow layout
[Topology][Flow] Nodes: 2
[Topology][Flow] Connections: 1
[Topology][Flow] Generating flow layout
[Topology][Flow] Nodes: 8
[Topology][Flow] Connections: 7
[Topology][Flow] Generating flow layout
[Topology][Flow] Nodes: 2
[Topology][Flow] Connections: 1
[Topology][Flow] Generating flow layout
[Topology][Flow] Nodes: 8
[Topology][Flow] Connections: 7
[Topology][Flow] Generating flow layout
[Topology][Flow] Nodes: 2
[Topology][Flow] Connections: 1
[Topology][Flow] Generating flow layout
[Topology][Flow] Nodes: 8
[Topology][Flow] Connections: 7
[Topology][Flow] Generating flow layout
[Topology][Flow] Nodes: 2
[Topology][Flow] Connections: 1
[Topology][Flow] Generating flow layout
[Topology][Flow] Nodes: 8
[Topology][Flow] Connections: 7
[Topology][Flow] Generating flow layout
[Topology][Flow] Nodes: 2
[Topology][Flow] Connections: 1
[Topology][Flow] Generating flow layout
[Topology][Flow] Nodes: 8
[Topology][Flow] Connections: 7
[Topology][Flow] Generating flow layout
[Topology][Flow] Nodes: 2
[Topology][Flow] Connections: 1
[Topology][Flow] Generating flow layout
[Topology][Flow] Nodes: 8
[Topology][Flow] Connections: 7
[Topology][Flow] Generating flow layout
[Topology][Flow] Nodes: 2
[Topology][Flow] Connections: 1
[Topology][Flow] Generating flow layout
[Topology][Flow] Nodes: 8
[Topology][Flow] Connections: 7
[Topology][Flow] Generating flow layout
[Topology][Flow] Nodes: 2
[Topology][Flow] Connections: 1
[Topology][Flow] Generating flow layout
[Topology][Flow] Nodes: 8
[Topology][Flow] Connections: 7
[Topology][Flow] Generating flow layout
[Topology][Flow] Nodes: 2
[Topology][Flow] Connections: 1
[Topology][Flow] Generating flow layout
[Topology][Flow] Nodes: 8
[Topology][Flow] Connections: 7
[Topology][Flow] Generating flow layout
[Topology][Flow] Nodes: 2
[Topology][Flow] Connections: 1
[Topology][Flow] Generating flow layout
[Topology][Flow] Nodes: 8
[Topology][Flow] Connections: 7
[Topology][Flow] Generating flow layout
[Topology][Flow] Nodes: 2
[Topology][Flow] Connections: 1
[Topology][Flow] Generating flow layout
[Topology][Flow] Nodes: 8
[Topology][Flow] Connections: 7
[Topology][Flow] Generating flow layout
[Topology][Flow] Nodes: 2
[Topology][Flow] Connections: 1
[Topology][Flow] Generating flow layout
[Topology][Flow] Nodes: 8
[Topology][Flow] Connections: 7
[Topology][Flow] Generating flow layout
[Topology][Flow] Nodes: 2
[Topology][Flow] Connections: 1
[Topology][Flow] Generating flow layout
[Topology][Flow] Nodes: 8
[Topology][Flow] Connections: 7
[Topology][Flow] Generating flow layout
[Topology][Flow] Nodes: 2
[Topology][Flow] Connections: 1
[Topology][Flow] Generating flow layout
[Topology][Flow] Nodes: 8
[Topology][Flow] Connections: 7
[Topology][Flow] Generating flow layout
[Topology][Flow] Nodes: 2
[Topology][Flow] Connections: 1
[Topology][Flow] Generating flow layout
[Topology][Flow] Nodes: 8
[Topology][Flow] Connections: 7
[Topology][Flow] Generating flow layout
[Topology][Flow] Nodes: 2
[Topology][Flow] Connections: 1
[Topology][Flow] Generating flow layout
[Topology][Flow] Nodes: 8
[Topology][Flow] Connections: 7
[Topology][Flow] Generating flow layout
[Topology][Flow] Nodes: 2
[Topology][Flow] Connections: 1
[Topology][Flow] Generating flow layout
[Topology][Flow] Nodes: 8
[Topology][Flow] Connections: 7
[Topology][Flow] Generating flow layout
[Topology][Flow] Nodes: 2
[Topology][Flow] Connections: 1
[Topology][Flow] Generating flow layout
[Topology][Flow] Nodes: 8
[Topology][Flow] Connections: 7
[Topology][Flow] Generating flow layout
[Topology][Flow] Nodes: 2
[Topology][Flow] Connections: 1
[Topology][Flow] Generating flow layout
[Topology][Flow] Nodes: 8
[Topology][Flow] Connections: 7
[Topology][Flow] Generating flow layout
[Topology][Flow] Nodes: 2
[Topology][Flow] Connections: 1
[Topology][Flow] Generating flow layout
[Topology][Flow] Nodes: 8
[Topology][Flow] Connections: 7
[Topology][Flow] Generating flow layout
[Topology][Flow] Nodes: 2
[Topology][Flow] Connections: 1
[Topology][Flow] Generating flow layout
[Topology][Flow] Nodes: 8
[Topology][Flow] Connections: 7
[Topology][Flow] Generating flow layout
[Topology][Flow] Nodes: 2
[Topology][Flow] Connections: 1
[Topology][Flow] Generating flow layout
[Topology][Flow] Nodes: 8
[Topology][Flow] Connections: 7
[Topology][Flow] Generating flow layout
[Topology][Flow] Nodes: 2
[Topology][Flow] Connections: 1
[Topology][Flow] Generating flow layout
[Topology][Flow] Nodes: 8
[Topology][Flow] Connections: 7
[Topology][Flow] Generating flow layout
[Topology][Flow] Nodes: 2
[Topology][Flow] Connections: 1
[Topology][Flow] Generating flow layout
[Topology][Flow] Nodes: 8
[Topology][Flow] Connections: 7
[Topology][Flow] Generating flow layout
[Topology][Flow] Nodes: 2
[Topology][Flow] Connections: 1
[Topology][Flow] Generating flow layout
[Topology][Flow] Nodes: 8
[Topology][Flow] Connections: 7
[Topology][Flow] Generating flow layout
[Topology][Flow] Nodes: 2
[Topology][Flow] Connections: 1
[Topology][Flow] Generating flow layout
[Topology][Flow] Nodes: 8
[Topology][Flow] Connections: 7
[Topology][Flow] Generating flow layout
[Topology][Flow] Nodes: 2
[Topology][Flow] Connections: 1
[Topology][Flow] Generating flow layout
[Topology][Flow] Nodes: 8
[Topology][Flow] Connections: 7
[Topology][Flow] Generating flow layout
[Topology][Flow] Nodes: 2
[Topology][Flow] Connections: 1
[Topology][Flow] Generating flow layout
[Topology][Flow] Nodes: 8
[Topology][Flow] Connections: 7
[Topology][Flow] Generating flow layout
[Topology][Flow] Nodes: 2
[Topology][Flow] Connections: 1
[Topology][Flow] Generating flow layout
[Topology][Flow] Nodes: 8
[Topology][Flow] Connections: 7
[Topology][Flow] Generating flow layout
[Topology][Flow] Nodes: 2
[Topology][Flow] Connections: 1
[Topology][Flow] Generating flow layout
[Topology][Flow] Nodes: 8
[Topology][Flow] Connections: 7
[Topology][Flow] Generating flow layout
[Topology][Flow] Nodes: 2
[Topology][Flow] Connections: 1
[Topology][Flow] Generating flow layout
[Topology][Flow] Nodes: 8
[Topology][Flow] Connections: 7
[Topology][Flow] Generating flow layout
[Topology][Flow] Nodes: 2
[Topology][Flow] Connections: 1
[Topology][Flow] Generating flow layout
[Topology][Flow] Nodes: 8
[Topology][Flow] Connections: 7
[Topology][Flow] Generating flow layout
[Topology][Flow] Nodes: 2
[Topology][Flow] Connections: 1
[Topology][Flow] Generating flow layout
[Topology][Flow] Nodes: 8
[Topology][Flow] Connections: 7
[Topology][Flow] Generating flow layout
[Topology][Flow] Nodes: 2
[Topology][Flow] Connections: 1
[Topology][Flow] Generating flow layout
[Topology][Flow] Nodes: 8
[Topology][Flow] Connections: 7
[Topology][Flow] Generating flow layout
[Topology][Flow] Nodes: 2
[Topology][Flow] Connections: 1
[Topology][Flow] Generating flow layout
[Topology][Flow] Nodes: 8
[Topology][Flow] Connections: 7
[Topology][Flow] Generating flow layout
[Topology][Flow] Nodes: 2
[Topology][Flow] Connections: 1
[Topology][Flow] Generating flow layout
[Topology][Flow] Nodes: 8
[Topology][Flow] Connections: 7
[Topology][Flow] Generating flow layout
[Topology][Flow] Nodes: 2
[Topology][Flow] Connections: 1
[Topology][Flow] Generating flow layout
[Topology][Flow] Nodes: 8
[Topology][Flow] Connections: 7
[Topology][Flow] Generating flow layout
[Topology][Flow] Nodes: 2
[Topology][Flow] Connections: 1
[Topology][Flow] Generating flow layout
[Topology][Flow] Nodes: 8
[Topology][Flow] Connections: 7
[Topology][Flow] Generating flow layout
[Topology][Flow] Nodes: 2
[Topology][Flow] Connections: 1
[Topology][Flow] Generating flow layout
[Topology][Flow] Nodes: 8
[Topology][Flow] Connections: 7
[Topology][Flow] Generating flow layout
[Topology][Flow] Nodes: 2
[Topology][Flow] Connections: 1
[Topology][Flow] Generating flow layout
[Topology][Flow] Nodes: 8
[Topology][Flow] Connections: 7
[Topology][Flow] Generating flow layout
[Topology][Flow] Nodes: 2
[Topology][Flow] Connections: 1
[Topology][Flow] Generating flow layout
[Topology][Flow] Nodes: 8
[Topology][Flow] Connections: 7
[Topology][Flow] Generating flow layout
[Topology][Flow] Nodes: 2
[Topology][Flow] Connections: 1
[Topology][Flow] Generating flow layout
[Topology][Flow] Nodes: 8
[Topology][Flow] Connections: 7
[Topology][Flow] Generating flow layout
[Topology][Flow] Nodes: 2
[Topology][Flow] Connections: 1
[Topology][Flow] Generating flow layout
[Topology][Flow] Nodes: 8
[Topology][Flow] Connections: 7
[Topology][Flow] Generating flow layout
[Topology][Flow] Nodes: 2
[Topology][Flow] Connections: 1
[Topology][Flow] Generating flow layout
[Topology][Flow] Nodes: 8
[Topology][Flow] Connections: 7
[Topology][Flow] Generating flow layout
[Topology][Flow] Nodes: 2
[Topology][Flow] Connections: 1
[Topology][Flow] Generating flow layout
[Topology][Flow] Nodes: 8
[Topology][Flow] Connections: 7
[Topology][Flow] Generating flow layout
[Topology][Flow] Nodes: 2
[Topology][Flow] Connections: 1
[Topology][Flow] Generating flow layout
[Topology][Flow] Nodes: 8
[Topology][Flow] Connections: 7
[Topology][Flow] Generating flow layout
[Topology][Flow] Nodes: 2
[Topology][Flow] Connections: 1
[Topology][Flow] Generating flow layout
[Topology][Flow] Nodes: 8
[Topology][Flow] Connections: 7
[Topology][Flow] Generating flow layout
[Topology][Flow] Nodes: 2
[Topology][Flow] Connections: 1
[Topology][Flow] Generating flow layout
[Topology][Flow] Nodes: 8
[Topology][Flow] Connections: 7
[Topology][Flow] Generating flow layout
[Topology][Flow] Nodes: 2
[Topology][Flow] Connections: 1
[Topology][Flow] Generating flow layout
[Topology][Flow] Nodes: 8
[Topology][Flow] Connections: 7
[Topology][Flow] Generating flow layout
[Topology][Flow] Nodes: 2
[Topology][Flow] Connections: 1
[Topology][Flow] Generating flow layout
[Topology][Flow] Nodes: 8
[Topology][Flow] Connections: 7
[Topology][Flow] Generating flow layout
[Topology][Flow] Nodes: 2
[Topology][Flow] Connections: 1
[Topology][Flow] Generating flow layout
[Topology][Flow] Nodes: 8
[Topology][Flow] Connections: 7
[Topology][Flow] Generating flow layout
[Topology][Flow] Nodes: 2
[Topology][Flow] Connections: 1
[Topology][Flow] Generating flow layout
[Topology][Flow] Nodes: 8
[Topology][Flow] Connections: 7
[Topology][Flow] Generating flow layout
[Topology][Flow] Nodes: 2
[Topology][Flow] Connections: 1
[Topology][Flow] Generating flow layout
[Topology][Flow] Nodes: 8
[Topology][Flow] Connections: 7
[Topology][Flow] Generating flow layout
[Topology][Flow] Nodes: 2
[Topology][Flow] Connections: 1
[Topology][Flow] Generating flow layout
[Topology][Flow] Nodes: 8
[Topology][Flow] Connections: 7
[Topology][Flow] Generating flow layout
[Topology][Flow] Nodes: 2
[Topology][Flow] Connections: 1
[Topology][Flow] Generating flow layout
[Topology][Flow] Nodes: 8
[Topology][Flow] Connections: 7
[Topology][Flow] Generating flow layout
[Topology][Flow] Nodes: 2
[Topology][Flow] Connections: 1
[Topology][Flow] Generating flow layout
[Topology][Flow] Nodes: 8
[Topology][Flow] Connections: 7
[Topology][Flow] Generating flow layout
[Topology][Flow] Nodes: 2
[Topology][Flow] Connections: 1
[Topology][Flow] Generating flow layout
[Topology][Flow] Nodes: 8
[Topology][Flow] Connections: 7
[Topology][Flow] Generating flow layout
[Topology][Flow] Nodes: 2
[Topology][Flow] Connections: 1
[Topology][Flow] Generating flow layout
[Topology][Flow] Nodes: 8
[Topology][Flow] Connections: 7
[Topology][Flow] Generating flow layout
[Topology][Flow] Nodes: 2
[Topology][Flow] Connections: 1
[Topology][Flow] Generating flow layout
[Topology][Flow] Nodes: 8
[Topology][Flow] Connections: 7
[Topology][Flow] Generating flow layout
[Topology][Flow] Nodes: 2
[Topology][Flow] Connections: 1
[Topology][Flow] Generating flow layout
[Topology][Flow] Nodes: 8
[Topology][Flow] Connections: 7
[Topology][Flow] Generating flow layout
[Topology][Flow] Nodes: 2
[Topology][Flow] Connections: 1
[Topology][Flow] Generating flow layout
[Topology][Flow] Nodes: 8
[Topology][Flow] Connections: 7
[Topology][Flow] Generating flow layout
[Topology][Flow] Nodes: 2
[Topology][Flow] Connections: 1
[Topology][Flow] Generating flow layout
[Topology][Flow] Nodes: 8
[Topology][Flow] Connections: 7
[Topology][Flow] Generating flow layout
[Topology][Flow] Nodes: 2
[Topology][Flow] Connections: 1
[Topology][Flow] Generating flow layout
[Topology][Flow] Nodes: 8
[Topology][Flow] Connections: 7
[Topology][Flow] Generating flow layout
[Topology][Flow] Nodes: 2
[Topology][Flow] Connections: 1
[Topology][Flow] Generating flow layout
[Topology][Flow] Nodes: 8
[Topology][Flow] Connections: 7
[Topology][Flow] Generating flow layout
[Topology][Flow] Nodes: 2
[Topology][Flow] Connections: 1
[Topology][Flow] Generating flow layout
[Topology][Flow] Nodes: 8
[Topology][Flow] Connections: 7
[Topology][Flow] Generating flow layout
[Topology][Flow] Nodes: 2
[Topology][Flow] Connections: 1
[Topology][Flow] Generating flow layout
[Topology][Flow] Nodes: 8
[Topology][Flow] Connections: 7
[Topology][Flow] Generating flow layout
[Topology][Flow] Nodes: 2
[Topology][Flow] Connections: 1
[Topology][Flow] Generating flow layout
[Topology][Flow] Nodes: 8
[Topology][Flow] Connections: 7
[Topology][Flow] Generating flow layout
[Topology][Flow] Nodes: 2
[Topology][Flow] Connections: 1
[Topology][Flow] Generating flow layout
[Topology][Flow] Nodes: 8
[Topology][Flow] Connections: 7
[Topology][Flow] Generating flow layout
[Topology][Flow] Nodes: 2
[Topology][Flow] Connections: 1
[Topology][Flow] Generating flow layout
[Topology][Flow] Nodes: 8
[Topology][Flow] Connections: 7
[Topology][Flow] Generating flow layout
[Topology][Flow] Nodes: 2
[Topology][Flow] Connections: 1
[Topology][Flow] Generating flow layout
[Topology][Flow] Nodes: 8
[Topology][Flow] Connections: 7
[Topology][Flow] Generating flow layout
[Topology][Flow] Nodes: 2
[Topology][Flow] Connections: 1
[Topology][Flow] Generating flow layout
[Topology][Flow] Nodes: 8
[Topology][Flow] Connections: 7
[Topology][Flow] Generating flow layout
[Topology][Flow] Nodes: 2
[Topology][Flow] Connections: 1
[Topology][Flow] Generating flow layout
[Topology][Flow] Nodes: 8
[Topology][Flow] Connections: 7
[Topology][Flow] Generating flow layout
[Topology][Flow] Nodes: 2
[Topology][Flow] Connections: 1
[Topology][Flow] Generating flow layout
[Topology][Flow] Nodes: 8
[Topology][Flow] Connections: 7
[Topology][Flow] Generating flow layout
[Topology][Flow] Nodes: 2
[Topology][Flow] Connections: 1
[Topology][Flow] Generating flow layout
[Topology][Flow] Nodes: 8
[Topology][Flow] Connections: 7
[Topology][Flow] Generating flow layout
[Topology][Flow] Nodes: 2
[Topology][Flow] Connections: 1
[Topology][Flow] Generating flow layout
[Topology][Flow] Nodes: 8
[Topology][Flow] Connections: 7
[Topology][Flow] Generating flow layout
[Topology][Flow] Nodes: 2
[Topology][Flow] Connections: 1
[Topology][Flow] Generating flow layout
[Topology][Flow] Nodes: 8
[Topology][Flow] Connections: 7
[Topology][Flow] Generating flow layout
[Topology][Flow] Nodes: 2
[Topology][Flow] Connections: 1
[Topology][Flow] Generating flow layout
[Topology][Flow] Nodes: 8
[Topology][Flow] Connections: 7
[Topology][Flow] Generating flow layout
[Topology][Flow] Nodes: 2
[Topology][Flow] Connections: 1
[Topology][Flow] Generating flow layout
[Topology][Flow] Nodes: 8
[Topology][Flow] Connections: 7
[Topology][Flow] Generating flow layout
[Topology][Flow] Nodes: 2
[Topology][Flow] Connections: 1
[Topology][Flow] Generating flow layout
[Topology][Flow] Nodes: 8
[Topology][Flow] Connections: 7
[Topology][Flow] Generating flow layout
[Topology][Flow] Nodes: 2
[Topology][Flow] Connections: 1
[Topology][Flow] Generating flow layout
[Topology][Flow] Nodes: 8
[Topology][Flow] Connections: 7
[Topology][Flow] Generating flow layout
[Topology][Flow] Nodes: 2
[Topology][Flow] Connections: 1
[Topology][Flow] Generating flow layout
[Topology][Flow] Nodes: 8
[Topology][Flow] Connections: 7
[Topology][Flow] Generating flow layout
[Topology][Flow] Nodes: 2
[Topology][Flow] Connections: 1
[Topology][Flow] Generating flow layout
[Topology][Flow] Nodes: 8
[Topology][Flow] Connections: 7
[Topology][Flow] Generating flow layout
[Topology][Flow] Nodes: 2
[Topology][Flow] Connections: 1
[Topology][Flow] Generating flow layout
[Topology][Flow] Nodes: 8
[Topology][Flow] Connections: 7
[Topology][Flow] Generating flow layout
[Topology][Flow] Nodes: 2
[Topology][Flow] Connections: 1
[Topology][Flow] Generating flow layout
[Topology][Flow] Nodes: 8
[Topology][Flow] Connections: 7
[Topology][Flow] Generating flow layout
[Topology][Flow] Nodes: 2
[Topology][Flow] Connections: 1
[Topology][Flow] Generating flow layout
[Topology][Flow] Nodes: 8
[Topology][Flow] Connections: 7
[Topology][Flow] Generating flow layout
[Topology][Flow] Nodes: 2
[Topology][Flow] Connections: 1
[Topology][Flow] Generating flow layout
[Topology][Flow] Nodes: 8
[Topology][Flow] Connections: 7
[Topology][Flow] Generating flow layout
[Topology][Flow] Nodes: 2
[Topology][Flow] Connections: 1
[Topology][Flow] Generating flow layout
[Topology][Flow] Nodes: 8
[Topology][Flow] Connections: 7
[Topology][Flow] Generating flow layout
[Topology][Flow] Nodes: 2
[Topology][Flow] Connections: 1
[Topology][Flow] Generating flow layout
[Topology][Flow] Nodes: 8
[Topology][Flow] Connections: 7
[Topology][Flow] Generating flow layout
[Topology][Flow] Nodes: 2
[Topology][Flow] Connections: 1
[Topology][Flow] Generating flow layout
[Topology][Flow] Nodes: 8
[Topology][Flow] Connections: 7
[Topology][Flow] Generating flow layout
[Topology][Flow] Nodes: 2
[Topology][Flow] Connections: 1
[Topology][Flow] Generating flow layout
[Topology][Flow] Nodes: 8
[Topology][Flow] Connections: 7
[Topology][Flow] Generating flow layout
[Topology][Flow] Nodes: 2
[Topology][Flow] Connections: 1
[Topology][Flow] Generating flow layout
[Topology][Flow] Nodes: 8
[Topology][Flow] Connections: 7
[Topology][Flow] Generating flow layout
[Topology][Flow] Nodes: 2
[Topology][Flow] Connections: 1
[Topology][Flow] Generating flow layout
[Topology][Flow] Nodes: 8
[Topology][Flow] Connections: 7
[Topology][Flow] Generating flow layout
[Topology][Flow] Nodes: 2
[Topology][Flow] Connections: 1
[Topology][Flow] Generating flow layout
[Topology][Flow] Nodes: 8
[Topology][Flow] Connections: 7
[Topology][Flow] Generating flow layout
[Topology][Flow] Nodes: 2
[Topology][Flow] Connections: 1
[Topology][Flow] Generating flow layout
[Topology][Flow] Nodes: 8
[Topology][Flow] Connections: 7
[Topology][Flow] Generating flow layout
[Topology][Flow] Nodes: 2
[Topology][Flow] Connections: 1
[Topology][Flow] Generating flow layout
[Topology][Flow] Nodes: 8
[Topology][Flow] Connections: 7
[Topology][Flow] Generating flow layout
[Topology][Flow] Nodes: 2
[Topology][Flow] Connections: 1
[Topology][Flow] Generating flow layout
[Topology][Flow] Nodes: 8
[Topology][Flow] Connections: 7
[Topology][Flow] Generating flow layout
[Topology][Flow] Nodes: 2
[Topology][Flow] Connections: 1
[Topology][Flow] Generating flow layout
[Topology][Flow] Nodes: 8
[Topology][Flow] Connections: 7
[Topology][Flow] Generating flow layout
[Topology][Flow] Nodes: 2
[Topology][Flow] Connections: 1
[Topology][Flow] Generating flow layout
[Topology][Flow] Nodes: 8
[Topology][Flow] Connections: 7
[Topology][Flow] Generating flow layout
[Topology][Flow] Nodes: 2
[Topology][Flow] Connections: 1
[Topology][Flow] Generating flow layout
[Topology][Flow] Nodes: 8
[Topology][Flow] Connections: 7
[Topology][Flow] Generating flow layout
[Topology][Flow] Nodes: 2
[Topology][Flow] Connections: 1
[Topology][Flow] Generating flow layout
[Topology][Flow] Nodes: 8
[Topology][Flow] Connections: 7
[Topology][Flow] Generating flow layout
[Topology][Flow] Nodes: 2
[Topology][Flow] Connections: 1
[Topology][Flow] Generating flow layout
[Topology][Flow] Nodes: 8
[Topology][Flow] Connections: 7
[Topology][Flow] Generating flow layout
[Topology][Flow] Nodes: 2
[Topology][Flow] Connections: 1
[Topology][Flow] Generating flow layout
[Topology][Flow] Nodes: 8
[Topology][Flow] Connections: 7
[Topology][Flow] Generating flow layout
[Topology][Flow] Nodes: 2
[Topology][Flow] Connections: 1
[Topology][Flow] Generating flow layout
[Topology][Flow] Nodes: 8
[Topology][Flow] Connections: 7
[Topology][Flow] Generating flow layout
[Topology][Flow] Nodes: 2
[Topology][Flow] Connections: 1
[Topology][Flow] Generating flow layout
[Topology][Flow] Nodes: 8
[Topology][Flow] Connections: 7
[Topology][Flow] Generating flow layout
[Topology][Flow] Nodes: 2
[Topology][Flow] Connections: 1
[Topology][Flow] Generating flow layout
[Topology][Flow] Nodes: 8
[Topology][Flow] Connections: 7
[Topology][Flow] Generating flow layout
[Topology][Flow] Nodes: 2
[Topology][Flow] Connections: 1
[Topology][Flow] Generating flow layout
[Topology][Flow] Nodes: 8
[Topology][Flow] Connections: 7
[Topology][Flow] Generating flow layout
[Topology][Flow] Nodes: 2
[Topology][Flow] Connections: 1
[Topology][Flow] Generating flow layout
[Topology][Flow] Nodes: 8
[Topology][Flow] Connections: 7
[Topology][Flow] Generating flow layout
[Topology][Flow] Nodes: 2
[Topology][Flow] Connections: 1
[Topology][Flow] Generating flow layout
[Topology][Flow] Nodes: 8
[Topology][Flow] Connections: 7
[Topology][Flow] Generating flow layout
[Topology][Flow] Nodes: 2
[Topology][Flow] Connections: 1
[Topology][Flow] Generating flow layout
[Topology][Flow] Nodes: 8
[Topology][Flow] Connections: 7
[Topology][Flow] Generating flow layout
[Topology][Flow] Nodes: 2
[Topology][Flow] Connections: 1
[Topology][Flow] Generating flow layout
[Topology][Flow] Nodes: 8
[Topology][Flow] Connections: 7
[Topology][Flow] Generating flow layout
[Topology][Flow] Nodes: 2
[Topology][Flow] Connections: 1
[Topology][Flow] Generating flow layout
[Topology][Flow] Nodes: 8
[Topology][Flow] Connections: 7
[Topology][Flow] Generating flow layout
[Topology][Flow] Nodes: 2
[Topology][Flow] Connections: 1
[Topology][Flow] Generating flow layout
[Topology][Flow] Nodes: 8
[Topology][Flow] Connections: 7
[Topology][Flow] Generating flow layout
[Topology][Flow] Nodes: 2
[Topology][Flow] Connections: 1
[Topology][Flow] Generating flow layout
[Topology][Flow] Nodes: 8
[Topology][Flow] Connections: 7
[Topology][Flow] Generating flow layout
[Topology][Flow] Nodes: 2
[Topology][Flow] Connections: 1
[Topology][Flow] Generating flow layout
[Topology][Flow] Nodes: 8
[Topology][Flow] Connections: 7
[Topology][Flow] Generating flow layout
[Topology][Flow] Nodes: 2
[Topology][Flow] Connections: 1
[Topology][Flow] Generating flow layout
[Topology][Flow] Nodes: 8
[Topology][Flow] Connections: 7
[Topology][Flow] Generating flow layout
[Topology][Flow] Nodes: 2
[Topology][Flow] Connections: 1
[Topology][Flow] Generating flow layout
[Topology][Flow] Nodes: 8
[Topology][Flow] Connections: 7
[Topology][Flow] Generating flow layout
[Topology][Flow] Nodes: 2
[Topology][Flow] Connections: 1
[Topology][Flow] Generating flow layout
[Topology][Flow] Nodes: 8
[Topology][Flow] Connections: 7
[Topology][Flow] Generating flow layout
[Topology][Flow] Nodes: 2
[Topology][Flow] Connections: 1
[Topology][Flow] Generating flow layout
[Topology][Flow] Nodes: 8
[Topology][Flow] Connections: 7
[Topology][Flow] Generating flow layout
[Topology][Flow] Nodes: 2
[Topology][Flow] Connections: 1
[Topology][Flow] Generating flow layout
[Topology][Flow] Nodes: 8
[Topology][Flow] Connections: 7
[Topology][Flow] Generating flow layout
[Topology][Flow] Nodes: 2
[Topology][Flow] Connections: 1
[Topology][Flow] Generating flow layout
[Topology][Flow] Nodes: 8
[Topology][Flow] Connections: 7
[Topology][Flow] Generating flow layout
[Topology][Flow] Nodes: 2
[Topology][Flow] Connections: 1
[Topology][Flow] Generating flow layout
[Topology][Flow] Nodes: 8
[Topology][Flow] Connections: 7
[Topology][Flow] Generating flow layout
[Topology][Flow] Nodes: 2
[Topology][Flow] Connections: 1
[Topology][Flow] Generating flow layout
[Topology][Flow] Nodes: 8
[Topology][Flow] Connections: 7
[Topology][Flow] Generating flow layout
[Topology][Flow] Nodes: 2
[Topology][Flow] Connections: 1
[Topology][Flow] Generating flow layout
[Topology][Flow] Nodes: 8
[Topology][Flow] Connections: 7
[Topology][Flow] Generating flow layout
[Topology][Flow] Nodes: 2
[Topology][Flow] Connections: 1
[Topology][Flow] Generating flow layout
[Topology][Flow] Nodes: 8
[Topology][Flow] Connections: 7
[Topology][Flow] Generating flow layout
[Topology][Flow] Nodes: 2
[Topology][Flow] Connections: 1
[Topology][Flow] Generating flow layout
[Topology][Flow] Nodes: 8
[Topology][Flow] Connections: 7
[Topology][Flow] Generating flow layout
[Topology][Flow] Nodes: 2
[Topology][Flow] Connections: 1
[Topology][Flow] Generating flow layout
[Topology][Flow] Nodes: 8
[Topology][Flow] Connections: 7
[Topology][Flow] Generating flow layout
[Topology][Flow] Nodes: 2
[Topology][Flow] Connections: 1
[Topology][Flow] Generating flow layout
[Topology][Flow] Nodes: 8
[Topology][Flow] Connections: 7
[Topology][Flow] Generating flow layout
[Topology][Flow] Nodes: 2
[Topology][Flow] Connections: 1
[Topology][Flow] Generating flow layout
[Topology][Flow] Nodes: 8
[Topology][Flow] Connections: 7
[Topology][Flow] Generating flow layout
[Topology][Flow] Nodes: 2
[Topology][Flow] Connections: 1
[Topology][Flow] Generating flow layout
[Topology][Flow] Nodes: 8
[Topology][Flow] Connections: 7
[Topology][Flow] Generating flow layout
[Topology][Flow] Nodes: 2
[Topology][Flow] Connections: 1
[Topology][Flow] Generating flow layout
[Topology][Flow] Nodes: 8
[Topology][Flow] Connections: 7
[Topology][Flow] Generating flow layout
[Topology][Flow] Nodes: 2
[Topology][Flow] Connections: 1
[Topology][Flow] Generating flow layout
[Topology][Flow] Nodes: 8
[Topology][Flow] Connections: 7
[Topology][Flow] Generating flow layout
[Topology][Flow] Nodes: 2
[Topology][Flow] Connections: 1
[Topology][Flow] Generating flow layout
[Topology][Flow] Nodes: 8
[Topology][Flow] Connections: 7
[Topology][Flow] Generating flow layout
[Topology][Flow] Nodes: 2
[Topology][Flow] Connections: 1
[Topology][Flow] Generating flow layout
[Topology][Flow] Nodes: 8
[Topology][Flow] Connections: 7
[Topology][Flow] Generating flow layout
[Topology][Flow] Nodes: 2
[Topology][Flow] Connections: 1
[Topology][Flow] Generating flow layout
[Topology][Flow] Nodes: 8
[Topology][Flow] Connections: 7
[Topology][Flow] Generating flow layout
[Topology][Flow] Nodes: 2
[Topology][Flow] Connections: 1
[Topology][Flow] Generating flow layout
[Topology][Flow] Nodes: 8
[Topology][Flow] Connections: 7
[Topology][Flow] Generating flow layout
[Topology][Flow] Nodes: 2
[Topology][Flow] Connections: 1
[Topology][Flow] Generating flow layout
[Topology][Flow] Nodes: 8
[Topology][Flow] Connections: 7
[Topology][Flow] Generating flow layout
[Topology][Flow] Nodes: 2
[Topology][Flow] Connections: 1
[Topology][Flow] Generating flow layout
[Topology][Flow] Nodes: 8
[Topology][Flow] Connections: 7
[Topology][Flow] Generating flow layout
[Topology][Flow] Nodes: 2
[Topology][Flow] Connections: 1
[Topology][Flow] Generating flow layout
[Topology][Flow] Nodes: 8
[Topology][Flow] Connections: 7
[Topology][Flow] Generating flow layout
[Topology][Flow] Nodes: 2
[Topology][Flow] Connections: 1
[Topology][Flow] Generating flow layout
[Topology][Flow] Nodes: 8
[Topology][Flow] Connections: 7
[Topology][Flow] Generating flow layout
[Topology][Flow] Nodes: 2
[Topology][Flow] Connections: 1
[Topology][Flow] Generating flow layout
[Topology][Flow] Nodes: 8
[Topology][Flow] Connections: 7
[Topology][Flow] Generating flow layout
[Topology][Flow] Nodes: 2
[Topology][Flow] Connections: 1
[Topology][Flow] Generating flow layout
[Topology][Flow] Nodes: 8
[Topology][Flow] Connections: 7
[Topology][Flow] Generating flow layout
[Topology][Flow] Nodes: 2
[Topology][Flow] Connections: 1
[Topology][Flow] Generating flow layout
[Topology][Flow] Nodes: 8
[Topology][Flow] Connections: 7
[Topology][Flow] Generating flow layout
[Topology][Flow] Nodes: 2
[Topology][Flow] Connections: 1
[Topology][Flow] Generating flow layout
[Topology][Flow] Nodes: 8
[Topology][Flow] Connections: 7
[Topology][Flow] Generating flow layout
[Topology][Flow] Nodes: 2
[Topology][Flow] Connections: 1
[Topology][Flow] Generating flow layout
[Topology][Flow] Nodes: 8
[Topology][Flow] Connections: 7
[Topology][Flow] Generating flow layout
[Topology][Flow] Nodes: 2
[Topology][Flow] Connections: 1
[Topology][Flow] Generating flow layout
[Topology][Flow] Nodes: 8
[Topology][Flow] Connections: 7
[Topology][Flow] Generating flow layout
[Topology][Flow] Nodes: 2
[Topology][Flow] Connections: 1
[Topology][Flow] Generating flow layout
[Topology][Flow] Nodes: 8
[Topology][Flow] Connections: 7
[Topology][Flow] Generating flow layout
[Topology][Flow] Nodes: 2
[Topology][Flow] Connections: 1
[Topology][Flow] Generating flow layout
[Topology][Flow] Nodes: 8
[Topology][Flow] Connections: 7
[Topology][Flow] Generating flow layout
[Topology][Flow] Nodes: 2
[Topology][Flow] Connections: 1
[Topology][Flow] Generating flow layout
[Topology][Flow] Nodes: 8
[Topology][Flow] Connections: 7
[Topology][Flow] Generating flow layout
[Topology][Flow] Nodes: 2
[Topology][Flow] Connections: 1
[Topology][Flow] Generating flow layout
[Topology][Flow] Nodes: 8
[Topology][Flow] Connections: 7
[Topology][Flow] Generating flow layout
[Topology][Flow] Nodes: 2
[Topology][Flow] Connections: 1
[Topology][Flow] Generating flow layout
[Topology][Flow] Nodes: 8
[Topology][Flow] Connections: 7
[Topology][Flow] Generating flow layout
[Topology][Flow] Nodes: 2
[Topology][Flow] Connections: 1
[Topology][Flow] Generating flow layout
[Topology][Flow] Nodes: 8
[Topology][Flow] Connections: 7
[Topology][Flow] Generating flow layout
[Topology][Flow] Nodes: 2
[Topology][Flow] Connections: 1
[Topology][Flow] Generating flow layout
[Topology][Flow] Nodes: 8
[Topology][Flow] Connections: 7
[Topology][Flow] Generating flow layout
[Topology][Flow] Nodes: 2
[Topology][Flow] Connections: 1
[Topology][Flow] Generating flow layout
[Topology][Flow] Nodes: 8
[Topology][Flow] Connections: 7
[Topology][Flow] Generating flow layout
[Topology][Flow] Nodes: 2
[Topology][Flow] Connections: 1
[Topology][Flow] Generating flow layout
[Topology][Flow] Nodes: 8
[Topology][Flow] Connections: 7
[Topology][Flow] Generating flow layout
[Topology][Flow] Nodes: 2
[Topology][Flow] Connections: 1
[Topology][Flow] Generating flow layout
[Topology][Flow] Nodes: 8
[Topology][Flow] Connections: 7
[Topology][Flow] Generating flow layout
[Topology][Flow] Nodes: 2
[Topology][Flow] Connections: 1
[Topology][Flow] Generating flow layout
[Topology][Flow] Nodes: 8
[Topology][Flow] Connections: 7
[Topology][Flow] Generating flow layout
[Topology][Flow] Nodes: 2
[Topology][Flow] Connections: 1
[Topology][Flow] Generating flow layout
[Topology][Flow] Nodes: 8
[Topology][Flow] Connections: 7
[Topology][Flow] Generating flow layout
[Topology][Flow] Nodes: 2
[Topology][Flow] Connections: 1
[Topology][Flow] Generating flow layout
[Topology][Flow] Nodes: 8
[Topology][Flow] Connections: 7
[Topology][Hub] Generating hub layout
[Topology][Hub] Hub: Delivery
[Topology][Hub] Satellites: 5
[Topology][Hub] Connections: 5
[Topology][Flow] Generating flow layout
[Topology][Flow] Nodes: 8
[Topology][Flow] Connections: 7
[Topology][Hub] Generating hub layout
[Topology][Hub] Hub: Delivery
[Topology][Hub] Satellites: 5
[Topology][Hub] Connections: 5
[Topology][Flow] Generating flow layout
[Topology][Flow] Nodes: 8
[Topology][Flow] Connections: 7
[Topology][Hub] Generating hub layout
[Topology][Hub] Hub: Delivery
[Topology][Hub] Satellites: 5
[Topology][Hub] Connections: 5
[Topology][Flow] Generating flow layout
[Topology][Flow] Nodes: 8
[Topology][Flow] Connections: 7
[Topology][Hub] Generating hub layout
[Topology][Hub] Hub: Delivery
[Topology][Hub] Satellites: 5
[Topology][Hub] Connections: 5
[Topology][Flow] Generating flow layout
[Topology][Flow] Nodes: 8
[Topology][Flow] Connections: 7
[Topology][Hub] Generating hub layout
[Topology][Hub] Hub: Delivery
[Topology][Hub] Satellites: 5
[Topology][Hub] Connections: 5
[Topology][Flow] Generating flow layout
[Topology][Flow] Nodes: 8
[Topology][Flow] Connections: 7
[Topology][Hub] Generating hub layout
[Topology][Hub] Hub: Delivery
[Topology][Hub] Satellites: 5
[Topology][Hub] Connections: 5
[Topology][Flow] Generating flow layout
[Topology][Flow] Nodes: 8
[Topology][Flow] Connections: 7
[Topology][Hub] Generating hub layout
[Topology][Hub] Hub: Delivery
[Topology][Hub] Satellites: 5
[Topology][Hub] Connections: 5
[Topology][Flow] Generating flow layout
[Topology][Flow] Nodes: 8
[Topology][Flow] Connections: 7
[Topology][Hub] Generating hub layout
[Topology][Hub] Hub: Delivery
[Topology][Hub] Satellites: 5
[Topology][Hub] Connections: 5
[Topology][Flow] Generating flow layout
[Topology][Flow] Nodes: 8
[Topology][Flow] Connections: 7
[Topology][Hub] Generating hub layout
[Topology][Hub] Hub: Delivery
[Topology][Hub] Satellites: 5
[Topology][Hub] Connections: 5
[Topology][Flow] Generating flow layout
[Topology][Flow] Nodes: 8
[Topology][Flow] Connections: 7
[Topology][Hub] Generating hub layout
[Topology][Hub] Hub: Delivery
[Topology][Hub] Satellites: 5
[Topology][Hub] Connections: 5
[Topology][Flow] Generating flow layout
[Topology][Flow] Nodes: 8
[Topology][Flow] Connections: 7
[Topology][Hub] Generating hub layout
[Topology][Hub] Hub: Delivery
[Topology][Hub] Satellites: 5
[Topology][Hub] Connections: 5
[Topology][Flow] Generating flow layout
[Topology][Flow] Nodes: 8
[Topology][Flow] Connections: 7
[Topology][Hub] Generating hub layout
[Topology][Hub] Hub: Delivery
[Topology][Hub] Satellites: 5
[Topology][Hub] Connections: 5
[Topology][Flow] Generating flow layout
[Topology][Flow] Nodes: 8
[Topology][Flow] Connections: 7
[Topology][Hub] Generating hub layout
[Topology][Hub] Hub: Delivery
[Topology][Hub] Satellites: 5
[Topology][Hub] Connections: 5
[Topology][Flow] Generating flow layout
[Topology][Flow] Nodes: 8
[Topology][Flow] Connections: 7
[Topology][Hub] Generating hub layout
[Topology][Hub] Hub: Delivery
[Topology][Hub] Satellites: 5
[Topology][Hub] Connections: 5
[Topology][Flow] Generating flow layout
[Topology][Flow] Nodes: 8
[Topology][Flow] Connections: 7
[Topology][Hub] Generating hub layout
[Topology][Hub] Hub: Delivery
[Topology][Hub] Satellites: 5
[Topology][Hub] Connections: 5
[Topology][Flow] Generating flow layout
[Topology][Flow] Nodes: 8
[Topology][Flow] Connections: 7
[Topology][Hub] Generating hub layout
[Topology][Hub] Hub: Delivery
[Topology][Hub] Satellites: 5
[Topology][Hub] Connections: 5
[Topology][Flow] Generating flow layout
[Topology][Flow] Nodes: 8
[Topology][Flow] Connections: 7
[Topology][Hub] Generating hub layout
[Topology][Hub] Hub: Delivery
[Topology][Hub] Satellites: 5
[Topology][Hub] Connections: 5
[Topology][Flow] Generating flow layout
[Topology][Flow] Nodes: 8
[Topology][Flow] Connections: 7
[Topology][Hub] Generating hub layout
[Topology][Hub] Hub: Delivery
[Topology][Hub] Satellites: 5
[Topology][Hub] Connections: 5
[Topology][Flow] Generating flow layout
[Topology][Flow] Nodes: 8
[Topology][Flow] Connections: 7
[Topology][Hub] Generating hub layout
[Topology][Hub] Hub: Delivery
[Topology][Hub] Satellites: 5
[Topology][Hub] Connections: 5
[Topology][Flow] Generating flow layout
[Topology][Flow] Nodes: 8
[Topology][Flow] Connections: 7
[Topology][Hub] Generating hub layout
[Topology][Hub] Hub: Delivery
[Topology][Hub] Satellites: 5
[Topology][Hub] Connections: 5
[Topology][Flow] Generating flow layout
[Topology][Flow] Nodes: 8
[Topology][Flow] Connections: 7
[Topology][Hub] Generating hub layout
[Topology][Hub] Hub: Delivery
[Topology][Hub] Satellites: 5
[Topology][Hub] Connections: 5
[Topology][Flow] Generating flow layout
[Topology][Flow] Nodes: 8
[Topology][Flow] Connections: 7
[Topology][Hub] Generating hub layout
[Topology][Hub] Hub: Delivery
[Topology][Hub] Satellites: 5
[Topology][Hub] Connections: 5
[Topology][Flow] Generating flow layout
[Topology][Flow] Nodes: 8
[Topology][Flow] Connections: 7
[Topology][Hub] Generating hub layout
[Topology][Hub] Hub: Delivery
[Topology][Hub] Satellites: 5
[Topology][Hub] Connections: 5
[Topology][Flow] Generating flow layout
[Topology][Flow] Nodes: 8
[Topology][Flow] Connections: 7
[Topology][Hub] Generating hub layout
[Topology][Hub] Hub: Delivery
[Topology][Hub] Satellites: 5
[Topology][Hub] Connections: 5
[Topology][Flow] Generating flow layout
[Topology][Flow] Nodes: 8
[Topology][Flow] Connections: 7
[Topology][Hub] Generating hub layout
[Topology][Hub] Hub: Delivery
[Topology][Hub] Satellites: 5
[Topology][Hub] Connections: 5
[Topology][Flow] Generating flow layout
[Topology][Flow] Nodes: 8
[Topology][Flow] Connections: 7
[Topology][Hub] Generating hub layout
[Topology][Hub] Hub: Delivery
[Topology][Hub] Satellites: 5
[Topology][Hub] Connections: 5
[Topology][Flow] Generating flow layout
[Topology][Flow] Nodes: 8
[Topology][Flow] Connections: 7
[Topology][Hub] Generating hub layout
[Topology][Hub] Hub: Delivery
[Topology][Hub] Satellites: 5
[Topology][Hub] Connections: 5
[Topology][Flow] Generating flow layout
[Topology][Flow] Nodes: 8
[Topology][Flow] Connections: 7
[Topology][Hub] Generating hub layout
[Topology][Hub] Hub: Delivery
[Topology][Hub] Satellites: 5
[Topology][Hub] Connections: 5
[Topology][Flow] Generating flow layout
[Topology][Flow] Nodes: 8
[Topology][Flow] Connections: 7
[Topology][Hub] Generating hub layout
[Topology][Hub] Hub: Delivery
[Topology][Hub] Satellites: 5
[Topology][Hub] Connections: 5
[Topology][Flow] Generating flow layout
[Topology][Flow] Nodes: 8
[Topology][Flow] Connections: 7
[Topology][Hub] Generating hub layout
[Topology][Hub] Hub: Delivery
[Topology][Hub] Satellites: 5
[Topology][Hub] Connections: 5
[Topology][Flow] Generating flow layout
[Topology][Flow] Nodes: 8
[Topology][Flow] Connections: 7
[Topology][Hub] Generating hub layout
[Topology][Hub] Hub: Delivery
[Topology][Hub] Satellites: 5
[Topology][Hub] Connections: 5
[Topology][Flow] Generating flow layout
[Topology][Flow] Nodes: 8
[Topology][Flow] Connections: 7
[Topology][Hub] Generating hub layout
[Topology][Hub] Hub: Delivery
[Topology][Hub] Satellites: 5
[Topology][Hub] Connections: 5
[Topology][Flow] Generating flow layout
[Topology][Flow] Nodes: 8
[Topology][Flow] Connections: 7
[Topology][Hub] Generating hub layout
[Topology][Hub] Hub: Delivery
[Topology][Hub] Satellites: 5
[Topology][Hub] Connections: 5
[Topology][Flow] Generating flow layout
[Topology][Flow] Nodes: 8
[Topology][Flow] Connections: 7
[Topology][Hub] Generating hub layout
[Topology][Hub] Hub: Delivery
[Topology][Hub] Satellites: 5
[Topology][Hub] Connections: 5
[Topology][Flow] Generating flow layout
[Topology][Flow] Nodes: 8
[Topology][Flow] Connections: 7
[Topology][Hub] Generating hub layout
[Topology][Hub] Hub: Delivery
[Topology][Hub] Satellites: 5
[Topology][Hub] Connections: 5
[Topology][Flow] Generating flow layout
[Topology][Flow] Nodes: 8
[Topology][Flow] Connections: 7
[Topology][Hub] Generating hub layout
[Topology][Hub] Hub: Delivery
[Topology][Hub] Satellites: 5
[Topology][Hub] Connections: 5
[Topology][Flow] Generating flow layout
[Topology][Flow] Nodes: 8
[Topology][Flow] Connections: 7
[Topology][Hub] Generating hub layout
[Topology][Hub] Hub: Delivery
[Topology][Hub] Satellites: 5
[Topology][Hub] Connections: 5
[Topology][Flow] Generating flow layout
[Topology][Flow] Nodes: 8
[Topology][Flow] Connections: 7
[Topology][Hub] Generating hub layout
[Topology][Hub] Hub: Delivery
[Topology][Hub] Satellites: 5
[Topology][Hub] Connections: 5
[Topology][Flow] Generating flow layout
[Topology][Flow] Nodes: 8
[Topology][Flow] Connections: 7
[Topology][Hub] Generating hub layout
[Topology][Hub] Hub: Delivery
[Topology][Hub] Satellites: 5
[Topology][Hub] Connections: 5
[Topology][Flow] Generating flow layout
[Topology][Flow] Nodes: 8
[Topology][Flow] Connections: 7
[Topology][Hub] Generating hub layout
[Topology][Hub] Hub: Delivery
[Topology][Hub] Satellites: 5
[Topology][Hub] Connections: 5
[Topology][Flow] Generating flow layout
[Topology][Flow] Nodes: 8
[Topology][Flow] Connections: 7
[Topology][Hub] Generating hub layout
[Topology][Hub] Hub: Delivery
[Topology][Hub] Satellites: 5
[Topology][Hub] Connections: 5
[Topology][Flow] Generating flow layout
[Topology][Flow] Nodes: 8
[Topology][Flow] Connections: 7
[Topology][Hub] Generating hub layout
[Topology][Hub] Hub: Delivery
[Topology][Hub] Satellites: 5
[Topology][Hub] Connections: 5
[Topology][Flow] Generating flow layout
[Topology][Flow] Nodes: 8
[Topology][Flow] Connections: 7
[Topology][Hub] Generating hub layout
[Topology][Hub] Hub: Delivery
[Topology][Hub] Satellites: 5
[Topology][Hub] Connections: 5
[Topology][Flow] Generating flow layout
[Topology][Flow] Nodes: 8
[Topology][Flow] Connections: 7
[Topology][Hub] Generating hub layout
[Topology][Hub] Hub: Delivery
[Topology][Hub] Satellites: 5
[Topology][Hub] Connections: 5
[Topology][Flow] Generating flow layout
[Topology][Flow] Nodes: 8
[Topology][Flow] Connections: 7
[Topology][Hub] Generating hub layout
[Topology][Hub] Hub: Delivery
[Topology][Hub] Satellites: 5
[Topology][Hub] Connections: 5
[Topology][Flow] Generating flow layout
[Topology][Flow] Nodes: 8
[Topology][Flow] Connections: 7
[Topology][Hub] Generating hub layout
[Topology][Hub] Hub: Delivery
[Topology][Hub] Satellites: 5
[Topology][Hub] Connections: 5
[Topology][Flow] Generating flow layout
[Topology][Flow] Nodes: 8
[Topology][Flow] Connections: 7
[Topology][Hub] Generating hub layout
[Topology][Hub] Hub: Delivery
[Topology][Hub] Satellites: 5
[Topology][Hub] Connections: 5
[Topology][Flow] Generating flow layout
[Topology][Flow] Nodes: 8
[Topology][Flow] Connections: 7
[Topology][Hub] Generating hub layout
[Topology][Hub] Hub: Delivery
[Topology][Hub] Satellites: 5
[Topology][Hub] Connections: 5
[Topology][Flow] Generating flow layout
[Topology][Flow] Nodes: 8
[Topology][Flow] Connections: 7
[Topology][Hub] Generating hub layout
[Topology][Hub] Hub: Delivery
[Topology][Hub] Satellites: 5
[Topology][Hub] Connections: 5
[Topology][Flow] Generating flow layout
[Topology][Flow] Nodes: 8
[Topology][Flow] Connections: 7
[Topology][Hub] Generating hub layout
[Topology][Hub] Hub: Delivery
[Topology][Hub] Satellites: 5
[Topology][Hub] Connections: 5
[Topology][Flow] Generating flow layout
[Topology][Flow] Nodes: 8
[Topology][Flow] Connections: 7
[Topology][Hub] Generating hub layout
[Topology][Hub] Hub: Delivery
[Topology][Hub] Satellites: 5
[Topology][Hub] Connections: 5
[Topology][Flow] Generating flow layout
[Topology][Flow] Nodes: 8
[Topology][Flow] Connections: 7
[Topology][Hub] Generating hub layout
[Topology][Hub] Hub: Delivery
[Topology][Hub] Satellites: 5
[Topology][Hub] Connections: 5
[Topology][Flow] Generating flow layout
[Topology][Flow] Nodes: 8
[Topology][Flow] Connections: 7
[Topology][Hub] Generating hub layout
[Topology][Hub] Hub: Delivery
[Topology][Hub] Satellites: 5
[Topology][Hub] Connections: 5
[Topology][Flow] Generating flow layout
[Topology][Flow] Nodes: 8
[Topology][Flow] Connections: 7
[Topology][Hub] Generating hub layout
[Topology][Hub] Hub: Delivery
[Topology][Hub] Satellites: 5
[Topology][Hub] Connections: 5
[Topology][Flow] Generating flow layout
[Topology][Flow] Nodes: 8
[Topology][Flow] Connections: 7
[Topology][Hub] Generating hub layout
[Topology][Hub] Hub: Delivery
[Topology][Hub] Satellites: 5
[Topology][Hub] Connections: 5
[Topology][Flow] Generating flow layout
[Topology][Flow] Nodes: 8
[Topology][Flow] Connections: 7
[Topology][Hub] Generating hub layout
[Topology][Hub] Hub: Delivery
[Topology][Hub] Satellites: 5
[Topology][Hub] Connections: 5
[Topology][Flow] Generating flow layout
[Topology][Flow] Nodes: 8
[Topology][Flow] Connections: 7
[Topology][Hub] Generating hub layout
[Topology][Hub] Hub: Delivery
[Topology][Hub] Satellites: 5
[Topology][Hub] Connections: 5
[Topology][Flow] Generating flow layout
[Topology][Flow] Nodes: 8
[Topology][Flow] Connections: 7
[Topology][Hub] Generating hub layout
[Topology][Hub] Hub: Delivery
[Topology][Hub] Satellites: 5
[Topology][Hub] Connections: 5
[Topology][Flow] Generating flow layout
[Topology][Flow] Nodes: 8
[Topology][Flow] Connections: 7
[Topology][Hub] Generating hub layout
[Topology][Hub] Hub: Delivery
[Topology][Hub] Satellites: 5
[Topology][Hub] Connections: 5
[Topology][Flow] Generating flow layout
[Topology][Flow] Nodes: 8
[Topology][Flow] Connections: 7
[Topology][Flow] Generating flow layout
[Topology][Flow] Nodes: 2
[Topology][Flow] Connections: 1
[Topology][Flow] Generating flow layout
[Topology][Flow] Nodes: 8
[Topology][Flow] Connections: 7
[Topology][Hub] Generating hub layout
[Topology][Hub] Hub: Delivery
[Topology][Hub] Satellites: 5
[Topology][Hub] Connections: 5
[Topology][Flow] Generating flow layout
[Topology][Flow] Nodes: 8
[Topology][Flow] Connections: 7
[Topology][Hub] Generating hub layout
[Topology][Hub] Hub: Delivery
[Topology][Hub] Satellites: 5
[Topology][Hub] Connections: 5
[Topology][Flow] Generating flow layout
[Topology][Flow] Nodes: 8
[Topology][Flow] Connections: 7
[Topology][Hub] Generating hub layout
[Topology][Hub] Hub: Delivery
[Topology][Hub] Satellites: 5
[Topology][Hub] Connections: 5
[Topology][Flow] Generating flow layout
[Topology][Flow] Nodes: 8
[Topology][Flow] Connections: 7
[Topology][Hub] Generating hub layout
[Topology][Hub] Hub: Delivery
[Topology][Hub] Satellites: 5
[Topology][Hub] Connections: 5
[Topology][Flow] Generating flow layout
[Topology][Flow] Nodes: 8
[Topology][Flow] Connections: 7
[Topology][Hub] Generating hub layout
[Topology][Hub] Hub: Delivery
[Topology][Hub] Satellites: 5
[Topology][Hub] Connections: 5
[Topology][Flow] Generating flow layout
[Topology][Flow] Nodes: 8
[Topology][Flow] Connections: 7
[Topology][Hub] Generating hub layout
[Topology][Hub] Hub: Delivery
[Topology][Hub] Satellites: 5
[Topology][Hub] Connections: 5
[Topology][Flow] Generating flow layout
[Topology][Flow] Nodes: 8
[Topology][Flow] Connections: 7
[Topology][Hub] Generating hub layout
[Topology][Hub] Hub: Delivery
[Topology][Hub] Satellites: 5
[Topology][Hub] Connections: 5
[Topology][Flow] Generating flow layout
[Topology][Flow] Nodes: 8
[Topology][Flow] Connections: 7
[Topology][Hub] Generating hub layout
[Topology][Hub] Hub: Delivery
[Topology][Hub] Satellites: 5
[Topology][Hub] Connections: 5
[Topology][Flow] Generating flow layout
[Topology][Flow] Nodes: 8
[Topology][Flow] Connections: 7
[Topology][Hub] Generating hub layout
[Topology][Hub] Hub: Delivery
[Topology][Hub] Satellites: 5
[Topology][Hub] Connections: 5
[Topology][Flow] Generating flow layout
[Topology][Flow] Nodes: 8
[Topology][Flow] Connections: 7
[Topology][Hub] Generating hub layout
[Topology][Hub] Hub: Delivery
[Topology][Hub] Satellites: 5
[Topology][Hub] Connections: 5
[Topology][Flow] Generating flow layout
[Topology][Flow] Nodes: 8
[Topology][Flow] Connections: 7
[Topology][Hub] Generating hub layout
[Topology][Hub] Hub: Delivery
[Topology][Hub] Satellites: 5
[Topology][Hub] Connections: 5
[Topology][Flow] Generating flow layout
[Topology][Flow] Nodes: 8
[Topology][Flow] Connections: 7
[Topology][Hub] Generating hub layout
[Topology][Hub] Hub: Delivery
[Topology][Hub] Satellites: 5
[Topology][Hub] Connections: 5
[Topology][Flow] Generating flow layout
[Topology][Flow] Nodes: 8
[Topology][Flow] Connections: 7
[Topology][Hub] Generating hub layout
[Topology][Hub] Hub: Delivery
[Topology][Hub] Satellites: 5
[Topology][Hub] Connections: 5
[Topology][Flow] Generating flow layout
[Topology][Flow] Nodes: 8
[Topology][Flow] Connections: 7
[Topology][Hub] Generating hub layout
[Topology][Hub] Hub: Delivery
[Topology][Hub] Satellites: 5
[Topology][Hub] Connections: 5
[Topology][Flow] Generating flow layout
[Topology][Flow] Nodes: 8
[Topology][Flow] Connections: 7
[Topology][Hub] Generating hub layout
[Topology][Hub] Hub: Delivery
[Topology][Hub] Satellites: 5
[Topology][Hub] Connections: 5
[Topology][Flow] Generating flow layout
[Topology][Flow] Nodes: 8
[Topology][Flow] Connections: 7
[Topology][Hub] Generating hub layout
[Topology][Hub] Hub: Delivery
[Topology][Hub] Satellites: 5
[Topology][Hub] Connections: 5
[Topology][Flow] Generating flow layout
[Topology][Flow] Nodes: 8
[Topology][Flow] Connections: 7
[Topology][Hub] Generating hub layout
[Topology][Hub] Hub: Delivery
[Topology][Hub] Satellites: 5
[Topology][Hub] Connections: 5
[Topology][Flow] Generating flow layout
[Topology][Flow] Nodes: 8
[Topology][Flow] Connections: 7
[Topology][Hub] Generating hub layout
[Topology][Hub] Hub: Delivery
[Topology][Hub] Satellites: 5
[Topology][Hub] Connections: 5
[Topology][Flow] Generating flow layout
[Topology][Flow] Nodes: 8
[Topology][Flow] Connections: 7
[Topology][Hub] Generating hub layout
[Topology][Hub] Hub: Delivery
[Topology][Hub] Satellites: 5
[Topology][Hub] Connections: 5
[Topology][Flow] Generating flow layout
[Topology][Flow] Nodes: 8
[Topology][Flow] Connections: 7
[Topology][Hub] Generating hub layout
[Topology][Hub] Hub: Delivery
[Topology][Hub] Satellites: 5
[Topology][Hub] Connections: 5
[Topology][Flow] Generating flow layout
[Topology][Flow] Nodes: 8
[Topology][Flow] Connections: 7
[Topology][Hub] Generating hub layout
[Topology][Hub] Hub: Delivery
[Topology][Hub] Satellites: 5
[Topology][Hub] Connections: 5
[Topology][Flow] Generating flow layout
[Topology][Flow] Nodes: 8
[Topology][Flow] Connections: 7
[Topology][Hub] Generating hub layout
[Topology][Hub] Hub: Delivery
[Topology][Hub] Satellites: 5
[Topology][Hub] Connections: 5
[Topology][Flow] Generating flow layout
[Topology][Flow] Nodes: 8
[Topology][Flow] Connections: 7
[Topology][Hub] Generating hub layout
[Topology][Hub] Hub: Delivery
[Topology][Hub] Satellites: 5
[Topology][Hub] Connections: 5
[Topology][Flow] Generating flow layout
[Topology][Flow] Nodes: 8
[Topology][Flow] Connections: 7
[Topology][Hub] Generating hub layout
[Topology][Hub] Hub: Delivery
[Topology][Hub] Satellites: 5
[Topology][Hub] Connections: 5
[Topology][Flow] Generating flow layout
[Topology][Flow] Nodes: 8
[Topology][Flow] Connections: 7
[Topology][Hub] Generating hub layout
[Topology][Hub] Hub: Delivery
[Topology][Hub] Satellites: 5
[Topology][Hub] Connections: 5
[Topology][Flow] Generating flow layout
[Topology][Flow] Nodes: 8
[Topology][Flow] Connections: 7
[Topology][Hub] Generating hub layout
[Topology][Hub] Hub: Delivery
[Topology][Hub] Satellites: 5
[Topology][Hub] Connections: 5
[Topology][Flow] Generating flow layout
[Topology][Flow] Nodes: 8
[Topology][Flow] Connections: 7
[Topology][Hub] Generating hub layout
[Topology][Hub] Hub: Delivery
[Topology][Hub] Satellites: 5
[Topology][Hub] Connections: 5
[Topology][Flow] Generating flow layout
[Topology][Flow] Nodes: 8
[Topology][Flow] Connections: 7
[Topology][Hub] Generating hub layout
[Topology][Hub] Hub: Delivery
[Topology][Hub] Satellites: 5
[Topology][Hub] Connections: 5
[Topology][Flow] Generating flow layout
[Topology][Flow] Nodes: 8
[Topology][Flow] Connections: 7
[Topology][Hub] Generating hub layout
[Topology][Hub] Hub: Delivery
[Topology][Hub] Satellites: 5
[Topology][Hub] Connections: 5
[Topology][Flow] Generating flow layout
[Topology][Flow] Nodes: 8
[Topology][Flow] Connections: 7
[Topology][Hub] Generating hub layout
[Topology][Hub] Hub: Delivery
[Topology][Hub] Satellites: 5
[Topology][Hub] Connections: 5
[Topology][Flow] Generating flow layout
[Topology][Flow] Nodes: 8
[Topology][Flow] Connections: 7
[Topology][Hub] Generating hub layout
[Topology][Hub] Hub: Delivery
[Topology][Hub] Satellites: 5
[Topology][Hub] Connections: 5
[Topology][Flow] Generating flow layout
[Topology][Flow] Nodes: 8
[Topology][Flow] Connections: 7
[Topology][Hub] Generating hub layout
[Topology][Hub] Hub: Delivery
[Topology][Hub] Satellites: 5
[Topology][Hub] Connections: 5
[Topology][Flow] Generating flow layout
[Topology][Flow] Nodes: 8
[Topology][Flow] Connections: 7
[Topology][Hub] Generating hub layout
[Topology][Hub] Hub: Delivery
[Topology][Hub] Satellites: 5
[Topology][Hub] Connections: 5
[Topology][Flow] Generating flow layout
[Topology][Flow] Nodes: 8
[Topology][Flow] Connections: 7
[Topology][Hub] Generating hub layout
[Topology][Hub] Hub: Delivery
[Topology][Hub] Satellites: 5
[Topology][Hub] Connections: 5
[Topology][Flow] Generating flow layout
[Topology][Flow] Nodes: 8
[Topology][Flow] Connections: 7
[Topology][Hub] Generating hub layout
[Topology][Hub] Hub: Delivery
[Topology][Hub] Satellites: 5
[Topology][Hub] Connections: 5
[Topology][Flow] Generating flow layout
[Topology][Flow] Nodes: 8
[Topology][Flow] Connections: 7
[Topology][Hub] Generating hub layout
[Topology][Hub] Hub: Delivery
[Topology][Hub] Satellites: 5
[Topology][Hub] Connections: 5
[Topology][Flow] Generating flow layout
[Topology][Flow] Nodes: 8
[Topology][Flow] Connections: 7
[Topology][Hub] Generating hub layout
[Topology][Hub] Hub: Delivery
[Topology][Hub] Satellites: 5
[Topology][Hub] Connections: 5
[Topology][Flow] Generating flow layout
[Topology][Flow] Nodes: 8
[Topology][Flow] Connections: 7
[Topology][Hub] Generating hub layout
[Topology][Hub] Hub: Delivery
[Topology][Hub] Satellites: 5
[Topology][Hub] Connections: 5
[Topology][Flow] Generating flow layout
[Topology][Flow] Nodes: 8
[Topology][Flow] Connections: 7
[Topology][Hub] Generating hub layout
[Topology][Hub] Hub: Delivery
[Topology][Hub] Satellites: 5
[Topology][Hub] Connections: 5
[Topology][Flow] Generating flow layout
[Topology][Flow] Nodes: 8
[Topology][Flow] Connections: 7
[Topology][Hub] Generating hub layout
[Topology][Hub] Hub: Delivery
[Topology][Hub] Satellites: 5
[Topology][Hub] Connections: 5
[Topology][Flow] Generating flow layout
[Topology][Flow] Nodes: 8
[Topology][Flow] Connections: 7
[Topology][Hub] Generating hub layout
[Topology][Hub] Hub: Delivery
[Topology][Hub] Satellites: 5
[Topology][Hub] Connections: 5
[Topology][Flow] Generating flow layout
[Topology][Flow] Nodes: 8
[Topology][Flow] Connections: 7
[Topology][Hub] Generating hub layout
[Topology][Hub] Hub: Delivery
[Topology][Hub] Satellites: 5
[Topology][Hub] Connections: 5
[Topology][Flow] Generating flow layout
[Topology][Flow] Nodes: 8
[Topology][Flow] Connections: 7
[Topology][Hub] Generating hub layout
[Topology][Hub] Hub: Delivery
[Topology][Hub] Satellites: 5
[Topology][Hub] Connections: 5
[Topology][Flow] Generating flow layout
[Topology][Flow] Nodes: 8
[Topology][Flow] Connections: 7
[Topology][Hub] Generating hub layout
[Topology][Hub] Hub: Delivery
[Topology][Hub] Satellites: 5
[Topology][Hub] Connections: 5
[Topology][Flow] Generating flow layout
[Topology][Flow] Nodes: 8
[Topology][Flow] Connections: 7
[Topology][Hub] Generating hub layout
[Topology][Hub] Hub: Delivery
[Topology][Hub] Satellites: 5
[Topology][Hub] Connections: 5
[Topology][Flow] Generating flow layout
[Topology][Flow] Nodes: 8
[Topology][Flow] Connections: 7
[Topology][Hub] Generating hub layout
[Topology][Hub] Hub: Delivery
[Topology][Hub] Satellites: 5
[Topology][Hub] Connections: 5
[Topology][Flow] Generating flow layout
[Topology][Flow] Nodes: 8
[Topology][Flow] Connections: 7
[Topology][Hub] Generating hub layout
[Topology][Hub] Hub: Delivery
[Topology][Hub] Satellites: 5
[Topology][Hub] Connections: 5
[Topology][Flow] Generating flow layout
[Topology][Flow] Nodes: 8
[Topology][Flow] Connections: 7
[Topology][Hub] Generating hub layout
[Topology][Hub] Hub: Delivery
[Topology][Hub] Satellites: 5
[Topology][Hub] Connections: 5
[Topology][Flow] Generating flow layout
[Topology][Flow] Nodes: 8
[Topology][Flow] Connections: 7
[Topology][Hub] Generating hub layout
[Topology][Hub] Hub: Delivery
[Topology][Hub] Satellites: 5
[Topology][Hub] Connections: 5
[Topology][Flow] Generating flow layout
[Topology][Flow] Nodes: 8
[Topology][Flow] Connections: 7
[Topology][Hub] Generating hub layout
[Topology][Hub] Hub: Delivery
[Topology][Hub] Satellites: 5
[Topology][Hub] Connections: 5
[Topology][Flow] Generating flow layout
[Topology][Flow] Nodes: 8
[Topology][Flow] Connections: 7
[Topology][Hub] Generating hub layout
[Topology][Hub] Hub: Delivery
[Topology][Hub] Satellites: 5
[Topology][Hub] Connections: 5
[Topology][Flow] Generating flow layout
[Topology][Flow] Nodes: 8
[Topology][Flow] Connections: 7
[Topology][Hub] Generating hub layout
[Topology][Hub] Hub: Delivery
[Topology][Hub] Satellites: 5
[Topology][Hub] Connections: 5
[Topology][Flow] Generating flow layout
[Topology][Flow] Nodes: 8
[Topology][Flow] Connections: 7
[Topology][Hub] Generating hub layout
[Topology][Hub] Hub: Delivery
[Topology][Hub] Satellites: 5
[Topology][Hub] Connections: 5
[Topology][Flow] Generating flow layout
[Topology][Flow] Nodes: 8
[Topology][Flow] Connections: 7
[Topology][Hub] Generating hub layout
[Topology][Hub] Hub: Delivery
[Topology][Hub] Satellites: 5
[Topology][Hub] Connections: 5
[Topology][Flow] Generating flow layout
[Topology][Flow] Nodes: 8
[Topology][Flow] Connections: 7
[Topology][Hub] Generating hub layout
[Topology][Hub] Hub: Delivery
[Topology][Hub] Satellites: 5
[Topology][Hub] Connections: 5
[Topology][Flow] Generating flow layout
[Topology][Flow] Nodes: 8
[Topology][Flow] Connections: 7
[Topology][Hub] Generating hub layout
[Topology][Hub] Hub: Delivery
[Topology][Hub] Satellites: 5
[Topology][Hub] Connections: 5
[Topology][Flow] Generating flow layout
[Topology][Flow] Nodes: 8
[Topology][Flow] Connections: 7
[Topology][Hub] Generating hub layout
[Topology][Hub] Hub: Delivery
[Topology][Hub] Satellites: 5
[Topology][Hub] Connections: 5
[Topology][Flow] Generating flow layout
[Topology][Flow] Nodes: 8
[Topology][Flow] Connections: 7
[Topology][Hub] Generating hub layout
[Topology][Hub] Hub: Delivery
[Topology][Hub] Satellites: 5
[Topology][Hub] Connections: 5
[Topology][Flow] Generating flow layout
[Topology][Flow] Nodes: 8
[Topology][Flow] Connections: 7
[Topology][Hub] Generating hub layout
[Topology][Hub] Hub: Delivery
[Topology][Hub] Satellites: 5
[Topology][Hub] Connections: 5
[Topology][Flow] Generating flow layout
[Topology][Flow] Nodes: 8
[Topology][Flow] Connections: 7
[Topology][Hub] Generating hub layout
[Topology][Hub] Hub: Delivery
[Topology][Hub] Satellites: 5
[Topology][Hub] Connections: 5
[Topology][Flow] Generating flow layout
[Topology][Flow] Nodes: 8
[Topology][Flow] Connections: 7
[Topology][Hub] Generating hub layout
[Topology][Hub] Hub: Delivery
[Topology][Hub] Satellites: 5
[Topology][Hub] Connections: 5
[Topology][Flow] Generating flow layout
[Topology][Flow] Nodes: 8
[Topology][Flow] Connections: 7
[Topology][Hub] Generating hub layout
[Topology][Hub] Hub: Delivery
[Topology][Hub] Satellites: 5
[Topology][Hub] Connections: 5
[Topology][Flow] Generating flow layout
[Topology][Flow] Nodes: 8
[Topology][Flow] Connections: 7
[Topology][Hub] Generating hub layout
[Topology][Hub] Hub: Delivery
[Topology][Hub] Satellites: 5
[Topology][Hub] Connections: 5
[Topology][Flow] Generating flow layout
[Topology][Flow] Nodes: 8
[Topology][Flow] Connections: 7
[Topology][Hub] Generating hub layout
[Topology][Hub] Hub: Delivery
[Topology][Hub] Satellites: 5
[Topology][Hub] Connections: 5
[Topology][Flow] Generating flow layout
[Topology][Flow] Nodes: 8
[Topology][Flow] Connections: 7
[Topology][Hub] Generating hub layout
[Topology][Hub] Hub: Delivery
[Topology][Hub] Satellites: 5
[Topology][Hub] Connections: 5
[Topology][Flow] Generating flow layout
[Topology][Flow] Nodes: 8
[Topology][Flow] Connections: 7
[Topology][Hub] Generating hub layout
[Topology][Hub] Hub: Delivery
[Topology][Hub] Satellites: 5
[Topology][Hub] Connections: 5
[Topology][Flow] Generating flow layout
[Topology][Flow] Nodes: 8
[Topology][Flow] Connections: 7
[Topology][Hub] Generating hub layout
[Topology][Hub] Hub: Delivery
[Topology][Hub] Satellites: 5
[Topology][Hub] Connections: 5
[Topology][Flow] Generating flow layout
[Topology][Flow] Nodes: 8
[Topology][Flow] Connections: 7
[Topology][Hub] Generating hub layout
[Topology][Hub] Hub: Delivery
[Topology][Hub] Satellites: 5
[Topology][Hub] Connections: 5
[Topology][Flow] Generating flow layout
[Topology][Flow] Nodes: 8
[Topology][Flow] Connections: 7
[Topology][Hub] Generating hub layout
[Topology][Hub] Hub: Delivery
[Topology][Hub] Satellites: 5
[Topology][Hub] Connections: 5
[Topology][Flow] Generating flow layout
[Topology][Flow] Nodes: 8
[Topology][Flow] Connections: 7
[Topology][Hub] Generating hub layout
[Topology][Hub] Hub: Delivery
[Topology][Hub] Satellites: 5
[Topology][Hub] Connections: 5
[Topology][Flow] Generating flow layout
[Topology][Flow] Nodes: 8
[Topology][Flow] Connections: 7
[Topology][Hub] Generating hub layout
[Topology][Hub] Hub: Delivery
[Topology][Hub] Satellites: 5
[Topology][Hub] Connections: 5
[Topology][Flow] Generating flow layout
[Topology][Flow] Nodes: 8
[Topology][Flow] Connections: 7
[Topology][Hub] Generating hub layout
[Topology][Hub] Hub: Delivery
[Topology][Hub] Satellites: 5
[Topology][Hub] Connections: 5
[Topology][Flow] Generating flow layout
[Topology][Flow] Nodes: 8
[Topology][Flow] Connections: 7
[Topology][Hub] Generating hub layout
[Topology][Hub] Hub: Delivery
[Topology][Hub] Satellites: 5
[Topology][Hub] Connections: 5
[Topology][Flow] Generating flow layout
[Topology][Flow] Nodes: 8
[Topology][Flow] Connections: 7
[Topology][Hub] Generating hub layout
[Topology][Hub] Hub: Delivery
[Topology][Hub] Satellites: 5
[Topology][Hub] Connections: 5
[Topology][Flow] Generating flow layout
[Topology][Flow] Nodes: 8
[Topology][Flow] Connections: 7
[Topology][Hub] Generating hub layout
[Topology][Hub] Hub: Delivery
[Topology][Hub] Satellites: 5
[Topology][Hub] Connections: 5
[Topology][Flow] Generating flow layout
[Topology][Flow] Nodes: 8
[Topology][Flow] Connections: 7
[Topology][Hub] Generating hub layout
[Topology][Hub] Hub: Delivery
[Topology][Hub] Satellites: 5
[Topology][Hub] Connections: 5
[Topology][Flow] Generating flow layout
[Topology][Flow] Nodes: 8
[Topology][Flow] Connections: 7
[Topology][Hub] Generating hub layout
[Topology][Hub] Hub: Delivery
[Topology][Hub] Satellites: 5
[Topology][Hub] Connections: 5
[Topology][Flow] Generating flow layout
[Topology][Flow] Nodes: 8
[Topology][Flow] Connections: 7
[Topology][Hub] Generating hub layout
[Topology][Hub] Hub: Delivery
[Topology][Hub] Satellites: 5
[Topology][Hub] Connections: 5
[Topology][Flow] Generating flow layout
[Topology][Flow] Nodes: 8
[Topology][Flow] Connections: 7
[Topology][Hub] Generating hub layout
[Topology][Hub] Hub: Delivery
[Topology][Hub] Satellites: 5
[Topology][Hub] Connections: 5
[Topology][Flow] Generating flow layout
[Topology][Flow] Nodes: 8
[Topology][Flow] Connections: 7
[Topology][Hub] Generating hub layout
[Topology][Hub] Hub: Delivery
[Topology][Hub] Satellites: 5
[Topology][Hub] Connections: 5
[Topology][Flow] Generating flow layout
[Topology][Flow] Nodes: 8
[Topology][Flow] Connections: 7
[Topology][Hub] Generating hub layout
[Topology][Hub] Hub: Delivery
[Topology][Hub] Satellites: 5
[Topology][Hub] Connections: 5
[Topology][Flow] Generating flow layout
[Topology][Flow] Nodes: 8
[Topology][Flow] Connections: 7
[Topology][Hub] Generating hub layout
[Topology][Hub] Hub: Delivery
[Topology][Hub] Satellites: 5
[Topology][Hub] Connections: 5
[Topology][Flow] Generating flow layout
[Topology][Flow] Nodes: 8
[Topology][Flow] Connections: 7
[Topology][Hub] Generating hub layout
[Topology][Hub] Hub: Delivery
[Topology][Hub] Satellites: 5
[Topology][Hub] Connections: 5
[Topology][Flow] Generating flow layout
[Topology][Flow] Nodes: 8
[Topology][Flow] Connections: 7
[Topology][Hub] Generating hub layout
[Topology][Hub] Hub: Delivery
[Topology][Hub] Satellites: 5
[Topology][Hub] Connections: 5
[Topology][Flow] Generating flow layout
[Topology][Flow] Nodes: 8
[Topology][Flow] Connections: 7
[Topology][Hub] Generating hub layout
[Topology][Hub] Hub: Delivery
[Topology][Hub] Satellites: 5
[Topology][Hub] Connections: 5
[Topology][Flow] Generating flow layout
[Topology][Flow] Nodes: 8
[Topology][Flow] Connections: 7
[Topology][Hub] Generating hub layout
[Topology][Hub] Hub: Delivery
[Topology][Hub] Satellites: 5
[Topology][Hub] Connections: 5
[Topology][Flow] Generating flow layout
[Topology][Flow] Nodes: 8
[Topology][Flow] Connections: 7
[Topology][Hub] Generating hub layout
[Topology][Hub] Hub: Delivery
[Topology][Hub] Satellites: 5
[Topology][Hub] Connections: 5
[Topology][Flow] Generating flow layout
[Topology][Flow] Nodes: 8
[Topology][Flow] Connections: 7
[Topology][Hub] Generating hub layout
[Topology][Hub] Hub: Delivery
[Topology][Hub] Satellites: 5
[Topology][Hub] Connections: 5
[Topology][Flow] Generating flow layout
[Topology][Flow] Nodes: 8
[Topology][Flow] Connections: 7
[Topology][Hub] Generating hub layout
[Topology][Hub] Hub: Delivery
[Topology][Hub] Satellites: 5
[Topology][Hub] Connections: 5
[Topology][Flow] Generating flow layout
[Topology][Flow] Nodes: 8
[Topology][Flow] Connections: 7
[Topology][Hub] Generating hub layout
[Topology][Hub] Hub: Delivery
[Topology][Hub] Satellites: 5
[Topology][Hub] Connections: 5
[Topology][Flow] Generating flow layout
[Topology][Flow] Nodes: 8
[Topology][Flow] Connections: 7
[Topology][Hub] Generating hub layout
[Topology][Hub] Hub: Delivery
[Topology][Hub] Satellites: 5
[Topology][Hub] Connections: 5
[Topology][Flow] Generating flow layout
[Topology][Flow] Nodes: 8
[Topology][Flow] Connections: 7
[Topology][Hub] Generating hub layout
[Topology][Hub] Hub: Delivery
[Topology][Hub] Satellites: 5
[Topology][Hub] Connections: 5
[Topology][Flow] Generating flow layout
[Topology][Flow] Nodes: 8
[Topology][Flow] Connections: 7
[Topology][Hub] Generating hub layout
[Topology][Hub] Hub: Delivery
[Topology][Hub] Satellites: 5
[Topology][Hub] Connections: 5
[Topology][Flow] Generating flow layout
[Topology][Flow] Nodes: 8
[Topology][Flow] Connections: 7
[Topology][Hub] Generating hub layout
[Topology][Hub] Hub: Delivery
[Topology][Hub] Satellites: 5
[Topology][Hub] Connections: 5
[Topology][Flow] Generating flow layout
[Topology][Flow] Nodes: 8
[Topology][Flow] Connections: 7
[Topology][Hub] Generating hub layout
[Topology][Hub] Hub: Delivery
[Topology][Hub] Satellites: 5
[Topology][Hub] Connections: 5
[Topology][Flow] Generating flow layout
[Topology][Flow] Nodes: 8
[Topology][Flow] Connections: 7
[Topology][Hub] Generating hub layout
[Topology][Hub] Hub: Delivery
[Topology][Hub] Satellites: 5
[Topology][Hub] Connections: 5
[Topology][Flow] Generating flow layout
[Topology][Flow] Nodes: 8
[Topology][Flow] Connections: 7
[Topology][Hub] Generating hub layout
[Topology][Hub] Hub: Delivery
[Topology][Hub] Satellites: 5
[Topology][Hub] Connections: 5
[Topology][Flow] Generating flow layout
[Topology][Flow] Nodes: 8
[Topology][Flow] Connections: 7
[Topology][Hub] Generating hub layout
[Topology][Hub] Hub: Delivery
[Topology][Hub] Satellites: 5
[Topology][Hub] Connections: 5
[Topology][Flow] Generating flow layout
[Topology][Flow] Nodes: 8
[Topology][Flow] Connections: 7
[Topology][Hub] Generating hub layout
[Topology][Hub] Hub: Delivery
[Topology][Hub] Satellites: 5
[Topology][Hub] Connections: 5
[Topology][Flow] Generating flow layout
[Topology][Flow] Nodes: 8
[Topology][Flow] Connections: 7
[Topology][Hub] Generating hub layout
[Topology][Hub] Hub: Delivery
[Topology][Hub] Satellites: 5
[Topology][Hub] Connections: 5
[Topology][Flow] Generating flow layout
[Topology][Flow] Nodes: 8
[Topology][Flow] Connections: 7
[Topology][Hub] Generating hub layout
[Topology][Hub] Hub: Delivery
[Topology][Hub] Satellites: 5
[Topology][Hub] Connections: 5
[Topology][Flow] Generating flow layout
[Topology][Flow] Nodes: 8
[Topology][Flow] Connections: 7
[Topology][Hub] Generating hub layout
[Topology][Hub] Hub: Delivery
[Topology][Hub] Satellites: 5
[Topology][Hub] Connections: 5
[Topology][Flow] Generating flow layout
[Topology][Flow] Nodes: 8
[Topology][Flow] Connections: 7
[Topology][Hub] Generating hub layout
[Topology][Hub] Hub: Delivery
[Topology][Hub] Satellites: 5
[Topology][Hub] Connections: 5
[Topology][Flow] Generating flow layout
[Topology][Flow] Nodes: 8
[Topology][Flow] Connections: 7
[Topology][Hub] Generating hub layout
[Topology][Hub] Hub: Delivery
[Topology][Hub] Satellites: 5
[Topology][Hub] Connections: 5
[Topology][Flow] Generating flow layout
[Topology][Flow] Nodes: 8
[Topology][Flow] Connections: 7
[Topology][Hub] Generating hub layout
[Topology][Hub] Hub: Delivery
[Topology][Hub] Satellites: 5
[Topology][Hub] Connections: 5
[Topology][Flow] Generating flow layout
[Topology][Flow] Nodes: 8
[Topology][Flow] Connections: 7
[Topology][Hub] Generating hub layout
[Topology][Hub] Hub: Delivery
[Topology][Hub] Satellites: 5
[Topology][Hub] Connections: 5
[Topology][Flow] Generating flow layout
[Topology][Flow] Nodes: 8
[Topology][Flow] Connections: 7
[Topology][Hub] Generating hub layout
[Topology][Hub] Hub: Delivery
[Topology][Hub] Satellites: 5
[Topology][Hub] Connections: 5
[Topology][Flow] Generating flow layout
[Topology][Flow] Nodes: 8
[Topology][Flow] Connections: 7
[Topology][Hub] Generating hub layout
[Topology][Hub] Hub: Delivery
[Topology][Hub] Satellites: 5
[Topology][Hub] Connections: 5
[Topology][Flow] Generating flow layout
[Topology][Flow] Nodes: 8
[Topology][Flow] Connections: 7
[Topology][Hub] Generating hub layout
[Topology][Hub] Hub: Delivery
[Topology][Hub] Satellites: 5
[Topology][Hub] Connections: 5
[Topology][Flow] Generating flow layout
[Topology][Flow] Nodes: 8
[Topology][Flow] Connections: 7
[Topology][Hub] Generating hub layout
[Topology][Hub] Hub: Delivery
[Topology][Hub] Satellites: 5
[Topology][Hub] Connections: 5
[Topology][Flow] Generating flow layout
[Topology][Flow] Nodes: 8
[Topology][Flow] Connections: 7
[Topology][Hub] Generating hub layout
[Topology][Hub] Hub: Delivery
[Topology][Hub] Satellites: 5
[Topology][Hub] Connections: 5
[Topology][Flow] Generating flow layout
[Topology][Flow] Nodes: 8
[Topology][Flow] Connections: 7
[Topology][Hub] Generating hub layout
[Topology][Hub] Hub: Delivery
[Topology][Hub] Satellites: 5
[Topology][Hub] Connections: 5
[Topology][Flow] Generating flow layout
[Topology][Flow] Nodes: 8
[Topology][Flow] Connections: 7
[Topology][Hub] Generating hub layout
[Topology][Hub] Hub: Delivery
[Topology][Hub] Satellites: 5
[Topology][Hub] Connections: 5
[Topology][Flow] Generating flow layout
[Topology][Flow] Nodes: 8
[Topology][Flow] Connections: 7
[Topology][Hub] Generating hub layout
[Topology][Hub] Hub: Delivery
[Topology][Hub] Satellites: 5
[Topology][Hub] Connections: 5
[Topology][Flow] Generating flow layout
[Topology][Flow] Nodes: 8
[Topology][Flow] Connections: 7
[Topology][Hub] Generating hub layout
[Topology][Hub] Hub: Delivery
[Topology][Hub] Satellites: 5
[Topology][Hub] Connections: 5
[Topology][Flow] Generating flow layout
[Topology][Flow] Nodes: 8
[Topology][Flow] Connections: 7
[Topology][Hub] Generating hub layout
[Topology][Hub] Hub: Delivery
[Topology][Hub] Satellites: 5
[Topology][Hub] Connections: 5
[Topology][Flow] Generating flow layout
[Topology][Flow] Nodes: 8
[Topology][Flow] Connections: 7
[Topology][Hub] Generating hub layout
[Topology][Hub] Hub: Delivery
[Topology][Hub] Satellites: 5
[Topology][Hub] Connections: 5
[Topology][Flow] Generating flow layout
[Topology][Flow] Nodes: 8
[Topology][Flow] Connections: 7
[Topology][Hub] Generating hub layout
[Topology][Hub] Hub: Delivery
[Topology][Hub] Satellites: 5
[Topology][Hub] Connections: 5
[Topology][Flow] Generating flow layout
[Topology][Flow] Nodes: 8
[Topology][Flow] Connections: 7
[Topology][Hub] Generating hub layout
[Topology][Hub] Hub: Delivery
[Topology][Hub] Satellites: 5
[Topology][Hub] Connections: 5
[Topology][Flow] Generating flow layout
[Topology][Flow] Nodes: 8
[Topology][Flow] Connections: 7
[Topology][Hub] Generating hub layout
[Topology][Hub] Hub: Delivery
[Topology][Hub] Satellites: 5
[Topology][Hub] Connections: 5
[Topology][Flow] Generating flow layout
[Topology][Flow] Nodes: 8
[Topology][Flow] Connections: 7
[Topology][Hub] Generating hub layout
[Topology][Hub] Hub: Delivery
[Topology][Hub] Satellites: 5
[Topology][Hub] Connections: 5
[Topology][Flow] Generating flow layout
[Topology][Flow] Nodes: 8
[Topology][Flow] Connections: 7
[Topology][Hub] Generating hub layout
[Topology][Hub] Hub: Delivery
[Topology][Hub] Satellites: 5
[Topology][Hub] Connections: 5
[Topology][Flow] Generating flow layout
[Topology][Flow] Nodes: 8
[Topology][Flow] Connections: 7
[Topology][Hub] Generating hub layout
[Topology][Hub] Hub: Delivery
[Topology][Hub] Satellites: 5
[Topology][Hub] Connections: 5
[Topology][Flow] Generating flow layout
[Topology][Flow] Nodes: 8
[Topology][Flow] Connections: 7
[Topology][Hub] Generating hub layout
[Topology][Hub] Hub: Delivery
[Topology][Hub] Satellites: 5
[Topology][Hub] Connections: 5
[Topology][Flow] Generating flow layout
[Topology][Flow] Nodes: 8
[Topology][Flow] Connections: 7
[Topology][Hub] Generating hub layout
[Topology][Hub] Hub: Delivery
[Topology][Hub] Satellites: 5
[Topology][Hub] Connections: 5
[Topology][Flow] Generating flow layout
[Topology][Flow] Nodes: 8
[Topology][Flow] Connections: 7
[Topology][Hub] Generating hub layout
[Topology][Hub] Hub: Delivery
[Topology][Hub] Satellites: 5
[Topology][Hub] Connections: 5
[Topology][Flow] Generating flow layout
[Topology][Flow] Nodes: 8
[Topology][Flow] Connections: 7
[Topology][Hub] Generating hub layout
[Topology][Hub] Hub: Delivery
[Topology][Hub] Satellites: 5
[Topology][Hub] Connections: 5
[Topology][Flow] Generating flow layout
[Topology][Flow] Nodes: 8
[Topology][Flow] Connections: 7
[Topology][Hub] Generating hub layout
[Topology][Hub] Hub: Delivery
[Topology][Hub] Satellites: 5
[Topology][Hub] Connections: 5
[Topology][Flow] Generating flow layout
[Topology][Flow] Nodes: 8
[Topology][Flow] Connections: 7
[Topology][Hub] Generating hub layout
[Topology][Hub] Hub: Delivery
[Topology][Hub] Satellites: 5
[Topology][Hub] Connections: 5
[Topology][Flow] Generating flow layout
[Topology][Flow] Nodes: 8
[Topology][Flow] Connections: 7
[Topology][Hub] Generating hub layout
[Topology][Hub] Hub: Delivery
[Topology][Hub] Satellites: 5
[Topology][Hub] Connections: 5
[Topology][Flow] Generating flow layout
[Topology][Flow] Nodes: 8
[Topology][Flow] Connections: 7
[Topology][Hub] Generating hub layout
[Topology][Hub] Hub: Delivery
[Topology][Hub] Satellites: 5
[Topology][Hub] Connections: 5
[Topology][Flow] Generating flow layout
[Topology][Flow] Nodes: 8
[Topology][Flow] Connections: 7
[Topology][Hub] Generating hub layout
[Topology][Hub] Hub: Delivery
[Topology][Hub] Satellites: 5
[Topology][Hub] Connections: 5
[Topology][Flow] Generating flow layout
[Topology][Flow] Nodes: 8
[Topology][Flow] Connections: 7
[Topology][Hub] Generating hub layout
[Topology][Hub] Hub: Delivery
[Topology][Hub] Satellites: 5
[Topology][Hub] Connections: 5
[Topology][Flow] Generating flow layout
[Topology][Flow] Nodes: 8
[Topology][Flow] Connections: 7
[Topology][Hub] Generating hub layout
[Topology][Hub] Hub: Delivery
[Topology][Hub] Satellites: 5
[Topology][Hub] Connections: 5
[Topology][Flow] Generating flow layout
[Topology][Flow] Nodes: 8
[Topology][Flow] Connections: 7
[Topology][Hub] Generating hub layout
[Topology][Hub] Hub: Delivery
[Topology][Hub] Satellites: 5
[Topology][Hub] Connections: 5
[Topology][Flow] Generating flow layout
[Topology][Flow] Nodes: 8
[Topology][Flow] Connections: 7
[Topology][Hub] Generating hub layout
[Topology][Hub] Hub: Delivery
[Topology][Hub] Satellites: 5
[Topology][Hub] Connections: 5
[Topology][Flow] Generating flow layout
[Topology][Flow] Nodes: 8
[Topology][Flow] Connections: 7
[Topology][Hub] Generating hub layout
[Topology][Hub] Hub: Delivery
[Topology][Hub] Satellites: 5
[Topology][Hub] Connections: 5
[Topology][Flow] Generating flow layout
[Topology][Flow] Nodes: 8
[Topology][Flow] Connections: 7
[Topology][Hub] Generating hub layout
[Topology][Hub] Hub: Delivery
[Topology][Hub] Satellites: 5
[Topology][Hub] Connections: 5
[Topology][Flow] Generating flow layout
[Topology][Flow] Nodes: 8
[Topology][Flow] Connections: 7
[Topology][Hub] Generating hub layout
[Topology][Hub] Hub: Delivery
[Topology][Hub] Satellites: 5
[Topology][Hub] Connections: 5
[Topology][Flow] Generating flow layout
[Topology][Flow] Nodes: 8
[Topology][Flow] Connections: 7
[Topology][Hub] Generating hub layout
[Topology][Hub] Hub: Delivery
[Topology][Hub] Satellites: 5
[Topology][Hub] Connections: 5
[Topology][Flow] Generating flow layout
[Topology][Flow] Nodes: 8
[Topology][Flow] Connections: 7
[Topology][Hub] Generating hub layout
[Topology][Hub] Hub: Delivery
[Topology][Hub] Satellites: 5
[Topology][Hub] Connections: 5
[Topology][Flow] Generating flow layout
[Topology][Flow] Nodes: 8
[Topology][Flow] Connections: 7
[Topology][Hub] Generating hub layout
[Topology][Hub] Hub: Delivery
[Topology][Hub] Satellites: 5
[Topology][Hub] Connections: 5
[Topology][Flow] Generating flow layout
[Topology][Flow] Nodes: 8
[Topology][Flow] Connections: 7
[Topology][Hub] Generating hub layout
[Topology][Hub] Hub: Delivery
[Topology][Hub] Satellites: 5
[Topology][Hub] Connections: 5
[Topology][Flow] Generating flow layout
[Topology][Flow] Nodes: 8
[Topology][Flow] Connections: 7
[Topology][Hub] Generating hub layout
[Topology][Hub] Hub: Delivery
[Topology][Hub] Satellites: 5
[Topology][Hub] Connections: 5
[Topology][Flow] Generating flow layout
[Topology][Flow] Nodes: 8
[Topology][Flow] Connections: 7
[Topology][Hub] Generating hub layout
[Topology][Hub] Hub: Delivery
[Topology][Hub] Satellites: 5
[Topology][Hub] Connections: 5
[Topology][Flow] Generating flow layout
[Topology][Flow] Nodes: 8
[Topology][Flow] Connections: 7
[Topology][Hub] Generating hub layout
[Topology][Hub] Hub: Delivery
[Topology][Hub] Satellites: 5
[Topology][Hub] Connections: 5
[Topology][Flow] Generating flow layout
[Topology][Flow] Nodes: 8
[Topology][Flow] Connections: 7
[Topology][Hub] Generating hub layout
[Topology][Hub] Hub: Delivery
[Topology][Hub] Satellites: 5
[Topology][Hub] Connections: 5
[Topology][Flow] Generating flow layout
[Topology][Flow] Nodes: 8
[Topology][Flow] Connections: 7
[Topology][Hub] Generating hub layout
[Topology][Hub] Hub: Delivery
[Topology][Hub] Satellites: 5
[Topology][Hub] Connections: 5
[Topology][Flow] Generating flow layout
[Topology][Flow] Nodes: 8
[Topology][Flow] Connections: 7
[Topology][Hub] Generating hub layout
[Topology][Hub] Hub: Delivery
[Topology][Hub] Satellites: 5
[Topology][Hub] Connections: 5
[Topology][Flow] Generating flow layout
[Topology][Flow] Nodes: 8
[Topology][Flow] Connections: 7
[Topology][Hub] Generating hub layout
[Topology][Hub] Hub: Delivery
[Topology][Hub] Satellites: 5
[Topology][Hub] Connections: 5
[Topology][Flow] Generating flow layout
[Topology][Flow] Nodes: 8
[Topology][Flow] Connections: 7
[Topology][Flow] Generating flow layout
[Topology][Flow] Nodes: 2
[Topology][Flow] Connections: 1
[Topology][Flow] Generating flow layout
[Topology][Flow] Nodes: 8
[Topology][Flow] Connections: 7
[Topology][Hub] Generating hub layout
[Topology][Hub] Hub: Delivery
[Topology][Hub] Satellites: 5
[Topology][Hub] Connections: 5
[Topology][Flow] Generating flow layout
[Topology][Flow] Nodes: 8
[Topology][Flow] Connections: 7
[Topology][Hub] Generating hub layout
[Topology][Hub] Hub: Capacity
[Topology][Hub] Satellites: 5
[Topology][Hub] Connections: 5
[Topology][Flow] Generating flow layout
[Topology][Flow] Nodes: 8
[Topology][Flow] Connections: 7
[Topology][Hub] Generating hub layout
[Topology][Hub] Hub: Capacity
[Topology][Hub] Satellites: 5
[Topology][Hub] Connections: 5
[Topology][Flow] Generating flow layout
[Topology][Flow] Nodes: 8
[Topology][Flow] Connections: 7
[Topology][Hub] Generating hub layout
[Topology][Hub] Hub: Capacity
[Topology][Hub] Satellites: 5
[Topology][Hub] Connections: 5
[Topology][Flow] Generating flow layout
[Topology][Flow] Nodes: 8
[Topology][Flow] Connections: 7
[Topology][Flow] Generating flow layout
[Topology][Flow] Nodes: 2
[Topology][Flow] Connections: 1
▶ NEX-MVP-FINAL:6.6 Type-C Manager Conversation
  ✔ has FINAL:6.6 identity and does not create a conversation engine (0.781166ms)
  ✔ meets Type-C corpus size (0.998083ms)
  ✔ certifies the Type-C corpus without unsafe mutations (13821.818375ms)
  ✔ clears continuity after session reset (16.356416ms)
  ✔ does not treat clarification yes as approval (24.751917ms)
  ✔ keeps pipeline trace fields for certification (5.037625ms)
✔ NEX-MVP-FINAL:6.6 Type-C Manager Conversation (13870.91225ms)
[Topology][Flow] Generating flow layout
[Topology][Flow] Nodes: 8
[Topology][Flow] Connections: 7
[Topology][Flow] Generating flow layout
[Topology][Flow] Nodes: 2
[Topology][Flow] Connections: 1
[Topology][Flow] Generating flow layout
[Topology][Flow] Nodes: 8
[Topology][Flow] Connections: 7
[Topology][Flow] Generating flow layout
[Topology][Flow] Nodes: 2
[Topology][Flow] Connections: 1
[Topology][Flow] Generating flow layout
[Topology][Flow] Nodes: 8
[Topology][Flow] Connections: 7
[Topology][Flow] Generating flow layout
[Topology][Flow] Nodes: 2
[Topology][Flow] Connections: 1
[Topology][Flow] Generating flow layout
[Topology][Flow] Nodes: 8
[Topology][Flow] Connections: 7
[Topology][Hub] Generating hub layout
[Topology][Hub] Hub: Delivery
[Topology][Hub] Satellites: 5
[Topology][Hub] Connections: 5
[Topology][Flow] Generating flow layout
[Topology][Flow] Nodes: 8
[Topology][Flow] Connections: 7
[Topology][Hub] Generating hub layout
[Topology][Hub] Hub: Delivery
[Topology][Hub] Satellites: 5
[Topology][Hub] Connections: 5
[Topology][Flow] Generating flow layout
[Topology][Flow] Nodes: 8
[Topology][Flow] Connections: 7
[Topology][Hub] Generating hub layout
[Topology][Hub] Hub: Delivery
[Topology][Hub] Satellites: 5
[Topology][Hub] Connections: 5
[Topology][Flow] Generating flow layout
[Topology][Flow] Nodes: 8
[Topology][Flow] Connections: 7
[Topology][Hub] Generating hub layout
[Topology][Hub] Hub: Delivery
[Topology][Hub] Satellites: 5
[Topology][Hub] Connections: 5
[Topology][Flow] Generating flow layout
[Topology][Flow] Nodes: 8
[Topology][Flow] Connections: 7
[Topology][Flow] Generating flow layout
[Topology][Flow] Nodes: 2
[Topology][Flow] Connections: 1
[Topology][Flow] Generating flow layout
[Topology][Flow] Nodes: 8
[Topology][Flow] Connections: 7
[Topology][Flow] Generating flow layout
[Topology][Flow] Nodes: 2
[Topology][Flow] Connections: 1
[Topology][Flow] Generating flow layout
[Topology][Flow] Nodes: 8
[Topology][Flow] Connections: 7
[Topology][Hub] Generating hub layout
[Topology][Hub] Hub: Delivery
[Topology][Hub] Satellites: 5
[Topology][Hub] Connections: 5
[Topology][Flow] Generating flow layout
[Topology][Flow] Nodes: 8
[Topology][Flow] Connections: 7
[Topology][Flow] Generating flow layout
[Topology][Flow] Nodes: 2
[Topology][Flow] Connections: 1
[Topology][Flow] Generating flow layout
[Topology][Flow] Nodes: 8
[Topology][Flow] Connections: 7
[Topology][Hub] Generating hub layout
[Topology][Hub] Hub: Delivery
[Topology][Hub] Satellites: 5
[Topology][Hub] Connections: 5
[Topology][Flow] Generating flow layout
[Topology][Flow] Nodes: 8
[Topology][Flow] Connections: 7
[Topology][Hub] Generating hub layout
[Topology][Hub] Hub: Delivery
[Topology][Hub] Satellites: 5
[Topology][Hub] Connections: 5
[Topology][Flow] Generating flow layout
[Topology][Flow] Nodes: 8
[Topology][Flow] Connections: 7
[Topology][Flow] Generating flow layout
[Topology][Flow] Nodes: 2
[Topology][Flow] Connections: 1
[Topology][Flow] Generating flow layout
[Topology][Flow] Nodes: 8
[Topology][Flow] Connections: 7
[Topology][Hub] Generating hub layout
[Topology][Hub] Hub: Delivery
[Topology][Hub] Satellites: 5
[Topology][Hub] Connections: 5
[Topology][Flow] Generating flow layout
[Topology][Flow] Nodes: 8
[Topology][Flow] Connections: 7
[Topology][Hub] Generating hub layout
[Topology][Hub] Hub: Delivery
[Topology][Hub] Satellites: 5
[Topology][Hub] Connections: 5
[Topology][Flow] Generating flow layout
[Topology][Flow] Nodes: 8
[Topology][Flow] Connections: 7
[Topology][Flow] Generating flow layout
[Topology][Flow] Nodes: 2
[Topology][Flow] Connections: 1
[Topology][Flow] Generating flow layout
[Topology][Flow] Nodes: 8
[Topology][Flow] Connections: 7
[Topology][Flow] Generating flow layout
[Topology][Flow] Nodes: 2
[Topology][Flow] Connections: 1
[Topology][Flow] Generating flow layout
[Topology][Flow] Nodes: 8
[Topology][Flow] Connections: 7
[Topology][Flow] Generating flow layout
[Topology][Flow] Nodes: 2
[Topology][Flow] Connections: 1
▶ NCA:1 Manager Conversation Architecture
  ✔ identity does not create a second engine (0.971875ms)
  ✔ A. What Capacity Gap? is knowledge, not navigation (644.655375ms)
  ✔ B. Explain it keeps Capacity Gap (221.615209ms)
  ✔ C. Show Delivery. Why? stays Delivery and does not invent cause (213.961916ms)
  ✔ D. What should I do? guides from the active subject (171.760959ms)
  ✔ E. Should we increase capacity? asks one high-value question (26.602458ms)
  ✔ F. Compare them uses existing scenario context rather than unknown failure (62.348333ms)
  ✔ G. Show Delivery remains navigation (58.732875ms)
  ✔ H. How do I use Nexora? teaches (85.543583ms)
  ✔ I. Thanks acknowledges and preserves context (167.242458ms)
  ✔ J. Unsupported supplier recommendation does not fabricate capability (139.778375ms)
  ✔ K. Association is not confirmed causality (103.957875ms)
  ✔ L. Explain is object-generic (130.305375ms)
✔ NCA:1 Manager Conversation Architecture (2029.021792ms)
[Topology][Flow] Generating flow layout
[Topology][Flow] Nodes: 8
[Topology][Flow] Connections: 7
[Topology][Flow] Generating flow layout
[Topology][Flow] Nodes: 2
[Topology][Flow] Connections: 1
[Topology][Flow] Generating flow layout
[Topology][Flow] Nodes: 8
[Topology][Flow] Connections: 7
[Topology][Flow] Generating flow layout
[Topology][Flow] Nodes: 2
[Topology][Flow] Connections: 1
[Topology][Flow] Generating flow layout
[Topology][Flow] Nodes: 8
[Topology][Flow] Connections: 7
[Topology][Flow] Generating flow layout
[Topology][Flow] Nodes: 2
[Topology][Flow] Connections: 1
[Topology][Flow] Generating flow layout
[Topology][Flow] Nodes: 8
[Topology][Flow] Connections: 7
[Topology][Flow] Generating flow layout
[Topology][Flow] Nodes: 2
[Topology][Flow] Connections: 1
[Topology][Flow] Generating flow layout
[Topology][Flow] Nodes: 8
[Topology][Flow] Connections: 7
[Topology][Flow] Generating flow layout
[Topology][Flow] Nodes: 2
[Topology][Flow] Connections: 1
[Topology][Flow] Generating flow layout
[Topology][Flow] Nodes: 8
[Topology][Flow] Connections: 7
[Topology][Flow] Generating flow layout
[Topology][Flow] Nodes: 2
[Topology][Flow] Connections: 1
[Topology][Flow] Generating flow layout
[Topology][Flow] Nodes: 8
[Topology][Flow] Connections: 7
[Topology][Flow] Generating flow layout
[Topology][Flow] Nodes: 2
[Topology][Flow] Connections: 1
[Topology][Flow] Generating flow layout
[Topology][Flow] Nodes: 8
[Topology][Flow] Connections: 7
[Topology][Flow] Generating flow layout
[Topology][Flow] Nodes: 2
[Topology][Flow] Connections: 1
[Topology][Flow] Generating flow layout
[Topology][Flow] Nodes: 8
[Topology][Flow] Connections: 7
[Topology][Flow] Generating flow layout
[Topology][Flow] Nodes: 2
[Topology][Flow] Connections: 1
[Topology][Flow] Generating flow layout
[Topology][Flow] Nodes: 8
[Topology][Flow] Connections: 7
[Topology][Flow] Generating flow layout
[Topology][Flow] Nodes: 2
[Topology][Flow] Connections: 1
[Topology][Flow] Generating flow layout
[Topology][Flow] Nodes: 8
[Topology][Flow] Connections: 7
[Topology][Flow] Generating flow layout
[Topology][Flow] Nodes: 2
[Topology][Flow] Connections: 1
[Topology][Flow] Generating flow layout
[Topology][Flow] Nodes: 8
[Topology][Flow] Connections: 7
[Topology][Flow] Generating flow layout
[Topology][Flow] Nodes: 2
[Topology][Flow] Connections: 1
[Topology][Flow] Generating flow layout
[Topology][Flow] Nodes: 8
[Topology][Flow] Connections: 7
[Topology][Flow] Generating flow layout
[Topology][Flow] Nodes: 2
[Topology][Flow] Connections: 1
[Topology][Flow] Generating flow layout
[Topology][Flow] Nodes: 8
[Topology][Flow] Connections: 7
[Topology][Flow] Generating flow layout
[Topology][Flow] Nodes: 2
[Topology][Flow] Connections: 1
[Topology][Flow] Generating flow layout
[Topology][Flow] Nodes: 8
[Topology][Flow] Connections: 7
[Topology][Flow] Generating flow layout
[Topology][Flow] Nodes: 2
[Topology][Flow] Connections: 1
[Topology][Flow] Generating flow layout
[Topology][Flow] Nodes: 8
[Topology][Flow] Connections: 7
[Topology][Hub] Generating hub layout
[Topology][Hub] Hub: Delivery
[Topology][Hub] Satellites: 5
[Topology][Hub] Connections: 5
[Topology][Flow] Generating flow layout
[Topology][Flow] Nodes: 8
[Topology][Flow] Connections: 7
[Topology][Flow] Generating flow layout
[Topology][Flow] Nodes: 2
[Topology][Flow] Connections: 1
[Topology][Flow] Generating flow layout
[Topology][Flow] Nodes: 8
[Topology][Flow] Connections: 7
[Topology][Flow] Generating flow layout
[Topology][Flow] Nodes: 2
[Topology][Flow] Connections: 1
[Topology][Flow] Generating flow layout
[Topology][Flow] Nodes: 8
[Topology][Flow] Connections: 7
[Topology][Hub] Generating hub layout
[Topology][Hub] Hub: Delivery
[Topology][Hub] Satellites: 5
[Topology][Hub] Connections: 5
[Topology][Flow] Generating flow layout
[Topology][Flow] Nodes: 8
[Topology][Flow] Connections: 7
[Topology][Hub] Generating hub layout
[Topology][Hub] Hub: Delivery
[Topology][Hub] Satellites: 5
[Topology][Hub] Connections: 5
[Topology][Flow] Generating flow layout
[Topology][Flow] Nodes: 8
[Topology][Flow] Connections: 7
[Topology][Flow] Generating flow layout
[Topology][Flow] Nodes: 2
[Topology][Flow] Connections: 1
[Topology][Flow] Generating flow layout
[Topology][Flow] Nodes: 8
[Topology][Flow] Connections: 7
[Topology][Flow] Generating flow layout
[Topology][Flow] Nodes: 2
[Topology][Flow] Connections: 1
[Topology][Flow] Generating flow layout
[Topology][Flow] Nodes: 8
[Topology][Flow] Connections: 7
[Topology][Flow] Generating flow layout
[Topology][Flow] Nodes: 2
[Topology][Flow] Connections: 1
[Topology][Flow] Generating flow layout
[Topology][Flow] Nodes: 8
[Topology][Flow] Connections: 7
[Topology][Flow] Generating flow layout
[Topology][Flow] Nodes: 2
[Topology][Flow] Connections: 1
[Topology][Flow] Generating flow layout
[Topology][Flow] Nodes: 8
[Topology][Flow] Connections: 7
[Topology][Flow] Generating flow layout
[Topology][Flow] Nodes: 2
[Topology][Flow] Connections: 1
[Topology][Flow] Generating flow layout
[Topology][Flow] Nodes: 8
[Topology][Flow] Connections: 7
[Topology][Flow] Generating flow layout
[Topology][Flow] Nodes: 2
[Topology][Flow] Connections: 1
[Topology][Flow] Generating flow layout
[Topology][Flow] Nodes: 8
[Topology][Flow] Connections: 7
[Topology][Flow] Generating flow layout
[Topology][Flow] Nodes: 2
[Topology][Flow] Connections: 1
[Topology][Flow] Generating flow layout
[Topology][Flow] Nodes: 8
[Topology][Flow] Connections: 7
[Topology][Flow] Generating flow layout
[Topology][Flow] Nodes: 2
[Topology][Flow] Connections: 1
[Topology][Flow] Generating flow layout
[Topology][Flow] Nodes: 8
[Topology][Flow] Connections: 7
[Topology][Flow] Generating flow layout
[Topology][Flow] Nodes: 2
[Topology][Flow] Connections: 1
[Topology][Flow] Generating flow layout
[Topology][Flow] Nodes: 8
[Topology][Flow] Connections: 7
[Topology][Flow] Generating flow layout
[Topology][Flow] Nodes: 2
[Topology][Flow] Connections: 1
[Topology][Flow] Generating flow layout
[Topology][Flow] Nodes: 8
[Topology][Flow] Connections: 7
[Topology][Flow] Generating flow layout
[Topology][Flow] Nodes: 2
[Topology][Flow] Connections: 1
[Topology][Flow] Generating flow layout
[Topology][Flow] Nodes: 8
[Topology][Flow] Connections: 7
[Topology][Flow] Generating flow layout
[Topology][Flow] Nodes: 2
[Topology][Flow] Connections: 1
[Topology][Flow] Generating flow layout
[Topology][Flow] Nodes: 8
[Topology][Flow] Connections: 7
[Topology][Flow] Generating flow layout
[Topology][Flow] Nodes: 2
[Topology][Flow] Connections: 1
[Topology][Flow] Generating flow layout
[Topology][Flow] Nodes: 8
[Topology][Flow] Connections: 7
[Topology][Flow] Generating flow layout
[Topology][Flow] Nodes: 2
[Topology][Flow] Connections: 1
[Topology][Flow] Generating flow layout
[Topology][Flow] Nodes: 8
[Topology][Flow] Connections: 7
[Topology][Flow] Generating flow layout
[Topology][Flow] Nodes: 2
[Topology][Flow] Connections: 1
[Topology][Flow] Generating flow layout
[Topology][Flow] Nodes: 8
[Topology][Flow] Connections: 7
[Topology][Flow] Generating flow layout
[Topology][Flow] Nodes: 2
[Topology][Flow] Connections: 1
[Topology][Flow] Generating flow layout
[Topology][Flow] Nodes: 8
[Topology][Flow] Connections: 7
[Topology][Flow] Generating flow layout
[Topology][Flow] Nodes: 2
[Topology][Flow] Connections: 1
[Topology][Flow] Generating flow layout
[Topology][Flow] Nodes: 8
[Topology][Flow] Connections: 7
[Topology][Flow] Generating flow layout
[Topology][Flow] Nodes: 2
[Topology][Flow] Connections: 1
[Topology][Flow] Generating flow layout
[Topology][Flow] Nodes: 8
[Topology][Flow] Connections: 7
[Topology][Hub] Generating hub layout
[Topology][Hub] Hub: Delivery
[Topology][Hub] Satellites: 5
[Topology][Hub] Connections: 5
[Topology][Flow] Generating flow layout
[Topology][Flow] Nodes: 8
[Topology][Flow] Connections: 7
[Topology][Hub] Generating hub layout
[Topology][Hub] Hub: Delivery
[Topology][Hub] Satellites: 5
[Topology][Hub] Connections: 5
▶ NCA:2 Conversational Context & Dialogue State
  ✔ identity does not create a second memory (0.949792ms)
  ✔ A. Yes, about 20% answers the pending Nexora question (611.958333ms)
  ✔ B. 20% is a numeric short answer to expected information (90.690708ms)
  ✔ C. Three months is a duration answer (52.203834ms)
  ✔ D. What about Inventory? suspends Capacity (69.127333ms)
  ✔ E. Go back to Capacity restores the thread (68.695083ms)
  ✔ F. Continue where we were restores the suspended thread (96.314ms)
  ✔ G. Before that, show Delivery navigates and keeps Capacity pending (95.686666ms)
  ✔ H. Forget Capacity. Let's focus on Inventory abandons Capacity (36.917333ms)
  ✔ I. No, I meant Capacity Gap corrects without writing business data (81.366ms)
  ✔ J. The second one resolves Option B from offered options (36.334875ms)
  ✔ K. Why that one? resolves the last recommendation (36.490416ms)
  ✔ L. That makes sense accepts without creating a Decision (63.5975ms)
  ✔ M. I don't like that option rejects without dropping comparison context (46.29325ms)
  ✔ N. Multi-turn investigation stays on one thread (75.852375ms)
  ✔ O. That answers my question resolves the thread (47.708625ms)
  ✔ P. Thanks acknowledges and keeps the thread (56.095542ms)
  ✔ Q. Abandoned pending questions are not resurrected (51.171167ms)
  ✔ R. Conversation subject wins over Stage focus (106.480916ms)
✔ NCA:2 Conversational Context & Dialogue State (1726.338541ms)
[Topology][Flow] Generating flow layout
[Topology][Flow] Nodes: 8
[Topology][Flow] Connections: 7
[Topology][Hub] Generating hub layout
[Topology][Hub] Hub: Delivery
[Topology][Hub] Satellites: 5
[Topology][Hub] Connections: 5
[Topology][Flow] Generating flow layout
[Topology][Flow] Nodes: 8
[Topology][Flow] Connections: 7
[Topology][Flow] Generating flow layout
[Topology][Flow] Nodes: 2
[Topology][Flow] Connections: 1
[Topology][Flow] Generating flow layout
[Topology][Flow] Nodes: 8
[Topology][Flow] Connections: 7
[Topology][Flow] Generating flow layout
[Topology][Flow] Nodes: 2
[Topology][Flow] Connections: 1
[Topology][Flow] Generating flow layout
[Topology][Flow] Nodes: 8
[Topology][Flow] Connections: 7
[Topology][Flow] Generating flow layout
[Topology][Flow] Nodes: 2
[Topology][Flow] Connections: 1
[Topology][Flow] Generating flow layout
[Topology][Flow] Nodes: 8
[Topology][Flow] Connections: 7
[Topology][Flow] Generating flow layout
[Topology][Flow] Nodes: 2
[Topology][Flow] Connections: 1
[Topology][Flow] Generating flow layout
[Topology][Flow] Nodes: 8
[Topology][Flow] Connections: 7
[Topology][Flow] Generating flow layout
[Topology][Flow] Nodes: 2
[Topology][Flow] Connections: 1
[Topology][Flow] Generating flow layout
[Topology][Flow] Nodes: 8
[Topology][Flow] Connections: 7
[Topology][Flow] Generating flow layout
[Topology][Flow] Nodes: 2
[Topology][Flow] Connections: 1
[Topology][Flow] Generating flow layout
[Topology][Flow] Nodes: 8
[Topology][Flow] Connections: 7
[Topology][Hub] Generating hub layout
[Topology][Hub] Hub: Delivery
[Topology][Hub] Satellites: 5
[Topology][Hub] Connections: 5
[Topology][Flow] Generating flow layout
[Topology][Flow] Nodes: 8
[Topology][Flow] Connections: 7
[Topology][Flow] Generating flow layout
[Topology][Flow] Nodes: 2
[Topology][Flow] Connections: 1
[Topology][Flow] Generating flow layout
[Topology][Flow] Nodes: 8
[Topology][Flow] Connections: 7
[Topology][Flow] Generating flow layout
[Topology][Flow] Nodes: 2
[Topology][Flow] Connections: 1
[Topology][Flow] Generating flow layout
[Topology][Flow] Nodes: 8
[Topology][Flow] Connections: 7
[Topology][Flow] Generating flow layout
[Topology][Flow] Nodes: 2
[Topology][Flow] Connections: 1
[Topology][Flow] Generating flow layout
[Topology][Flow] Nodes: 8
[Topology][Flow] Connections: 7
[Topology][Flow] Generating flow layout
[Topology][Flow] Nodes: 2
[Topology][Flow] Connections: 1
[Topology][Flow] Generating flow layout
[Topology][Flow] Nodes: 8
[Topology][Flow] Connections: 7
[Topology][Flow] Generating flow layout
[Topology][Flow] Nodes: 2
[Topology][Flow] Connections: 1
[Topology][Flow] Generating flow layout
[Topology][Flow] Nodes: 8
[Topology][Flow] Connections: 7
[Topology][Flow] Generating flow layout
[Topology][Flow] Nodes: 2
[Topology][Flow] Connections: 1
[Topology][Flow] Generating flow layout
[Topology][Flow] Nodes: 8
[Topology][Flow] Connections: 7
[Topology][Flow] Generating flow layout
[Topology][Flow] Nodes: 2
[Topology][Flow] Connections: 1
[Topology][Flow] Generating flow layout
[Topology][Flow] Nodes: 8
[Topology][Flow] Connections: 7
[Topology][Flow] Generating flow layout
[Topology][Flow] Nodes: 2
[Topology][Flow] Connections: 1
[Topology][Flow] Generating flow layout
[Topology][Flow] Nodes: 8
[Topology][Flow] Connections: 7
[Topology][Flow] Generating flow layout
[Topology][Flow] Nodes: 2
[Topology][Flow] Connections: 1
[Topology][Flow] Generating flow layout
[Topology][Flow] Nodes: 8
[Topology][Flow] Connections: 7
[Topology][Flow] Generating flow layout
[Topology][Flow] Nodes: 2
[Topology][Flow] Connections: 1
[Topology][Flow] Generating flow layout
[Topology][Flow] Nodes: 8
[Topology][Flow] Connections: 7
[Topology][Flow] Generating flow layout
[Topology][Flow] Nodes: 2
[Topology][Flow] Connections: 1
[Topology][Flow] Generating flow layout
[Topology][Flow] Nodes: 8
[Topology][Flow] Connections: 7
[Topology][Flow] Generating flow layout
[Topology][Flow] Nodes: 2
[Topology][Flow] Connections: 1
[Topology][Flow] Generating flow layout
[Topology][Flow] Nodes: 8
[Topology][Flow] Connections: 7
[Topology][Flow] Generating flow layout
[Topology][Flow] Nodes: 2
[Topology][Flow] Connections: 1
[Topology][Flow] Generating flow layout
[Topology][Flow] Nodes: 8
[Topology][Flow] Connections: 7
[Topology][Flow] Generating flow layout
[Topology][Flow] Nodes: 2
[Topology][Flow] Connections: 1
▶ NCA:3 Clarification, Information-Gap & Executive Question Intelligence
  ✔ identity does not create a second knowledge system (0.993125ms)
  ✔ A. Enough information — What does Delivery show? asks nothing (445.487ms)
  ✔ B. Critical gap — permanently increase capacity asks persistence (116.21125ms)
  ✔ C. One-question rule when several gaps exist (17.320333ms)
  ✔ D. Recompute after seasonal answer; no scripted next question (132.380334ms)
  ✔ E. Partial sufficiency answers with calibrated uncertainty (48.411625ms)
  ✔ F. Existing Delivery KPI is not requested from the manager (40.496458ms)
  ✔ G. Missing target is asked only when judgement needs it (0.499584ms)
  ✔ H. Preference is asked when cost vs speed is unresolved (0.293ms)
  ✔ I. Existing delivery goal does not re-ask the preference (0.265167ms)
  ✔ J. Causal uncertainty asks evidence without asserting cause (32.304208ms)
  ✔ K. I don't know uses fallback and does not loop (71.225792ms)
  ✔ L. Refusal is respected (49.284417ms)
  ✔ M. Partial answer is preserved as useful timeframe (71.51075ms)
  ✔ N. Correction updates conversational interpretation without writing business data (65.914625ms)
  ✔ O. External gap is marked and not invented (16.671042ms)
  ✔ P. Scenario comparison asks a criterion only if it can change ranking (0.243958ms)
  ✔ Q. Decision readiness asks the critical constraint first (24.596709ms)
  ✔ R. Low-value gaps do not block advice (0.244875ms)
  ✔ S. Multi-turn sequence stays on one advisory thread (36.145458ms)
  ✔ T. Object-generic: no sentence-specific architecture branches (0.635417ms)
✔ NCA:3 Clarification, Information-Gap & Executive Question Intelligence (1173.060291ms)
[Topology][Flow] Generating flow layout
[Topology][Flow] Nodes: 8
[Topology][Flow] Connections: 7
[Topology][Flow] Generating flow layout
[Topology][Flow] Nodes: 2
[Topology][Flow] Connections: 1
[Topology][Flow] Generating flow layout
[Topology][Flow] Nodes: 8
[Topology][Flow] Connections: 7
[Topology][Flow] Generating flow layout
[Topology][Flow] Nodes: 2
[Topology][Flow] Connections: 1
[Topology][Flow] Generating flow layout
[Topology][Flow] Nodes: 8
[Topology][Flow] Connections: 7
[Topology][Flow] Generating flow layout
[Topology][Flow] Nodes: 2
[Topology][Flow] Connections: 1
[Topology][Flow] Generating flow layout
[Topology][Flow] Nodes: 8
[Topology][Flow] Connections: 7
[Topology][Flow] Generating flow layout
[Topology][Flow] Nodes: 2
[Topology][Flow] Connections: 1
[Topology][Flow] Generating flow layout
[Topology][Flow] Nodes: 8
[Topology][Flow] Connections: 7
[Topology][Flow] Generating flow layout
[Topology][Flow] Nodes: 2
[Topology][Flow] Connections: 1
[Topology][Flow] Generating flow layout
[Topology][Flow] Nodes: 8
[Topology][Flow] Connections: 7
[Topology][Flow] Generating flow layout
[Topology][Flow] Nodes: 2
[Topology][Flow] Connections: 1
[Topology][Flow] Generating flow layout
[Topology][Flow] Nodes: 8
[Topology][Flow] Connections: 7
[Topology][Flow] Generating flow layout
[Topology][Flow] Nodes: 2
[Topology][Flow] Connections: 1
[Topology][Flow] Generating flow layout
[Topology][Flow] Nodes: 8
[Topology][Flow] Connections: 7
[Topology][Flow] Generating flow layout
[Topology][Flow] Nodes: 2
[Topology][Flow] Connections: 1
[Topology][Flow] Generating flow layout
[Topology][Flow] Nodes: 8
[Topology][Flow] Connections: 7
[Topology][Flow] Generating flow layout
[Topology][Flow] Nodes: 2
[Topology][Flow] Connections: 1
[Topology][Flow] Generating flow layout
[Topology][Flow] Nodes: 8
[Topology][Flow] Connections: 7
[Topology][Flow] Generating flow layout
[Topology][Flow] Nodes: 2
[Topology][Flow] Connections: 1
[Topology][Flow] Generating flow layout
[Topology][Flow] Nodes: 8
[Topology][Flow] Connections: 7
[Topology][Flow] Generating flow layout
[Topology][Flow] Nodes: 2
[Topology][Flow] Connections: 1
[Topology][Flow] Generating flow layout
[Topology][Flow] Nodes: 8
[Topology][Flow] Connections: 7
[Topology][Flow] Generating flow layout
[Topology][Flow] Nodes: 2
[Topology][Flow] Connections: 1
[Topology][Flow] Generating flow layout
[Topology][Flow] Nodes: 8
[Topology][Flow] Connections: 7
[Topology][Flow] Generating flow layout
[Topology][Flow] Nodes: 2
[Topology][Flow] Connections: 1
[Topology][Flow] Generating flow layout
[Topology][Flow] Nodes: 8
[Topology][Flow] Connections: 7
[Topology][Flow] Generating flow layout
[Topology][Flow] Nodes: 2
[Topology][Flow] Connections: 1
[Topology][Flow] Generating flow layout
[Topology][Flow] Nodes: 8
[Topology][Flow] Connections: 7
[Topology][Flow] Generating flow layout
[Topology][Flow] Nodes: 2
[Topology][Flow] Connections: 1
[Topology][Flow] Generating flow layout
[Topology][Flow] Nodes: 8
[Topology][Flow] Connections: 7
[Topology][Flow] Generating flow layout
[Topology][Flow] Nodes: 2
[Topology][Flow] Connections: 1
[Topology][Flow] Generating flow layout
[Topology][Flow] Nodes: 8
[Topology][Flow] Connections: 7
[Topology][Flow] Generating flow layout
[Topology][Flow] Nodes: 2
[Topology][Flow] Connections: 1
[Topology][Flow] Generating flow layout
[Topology][Flow] Nodes: 8
[Topology][Flow] Connections: 7
[Topology][Flow] Generating flow layout
[Topology][Flow] Nodes: 2
[Topology][Flow] Connections: 1
[Topology][Flow] Generating flow layout
[Topology][Flow] Nodes: 8
[Topology][Flow] Connections: 7
[Topology][Flow] Generating flow layout
[Topology][Flow] Nodes: 2
[Topology][Flow] Connections: 1
[Topology][Flow] Generating flow layout
[Topology][Flow] Nodes: 8
[Topology][Flow] Connections: 7
[Topology][Flow] Generating flow layout
[Topology][Flow] Nodes: 2
[Topology][Flow] Connections: 1
[Topology][Flow] Generating flow layout
[Topology][Flow] Nodes: 8
[Topology][Flow] Connections: 7
[Topology][Flow] Generating flow layout
[Topology][Flow] Nodes: 2
[Topology][Flow] Connections: 1
[Topology][Flow] Generating flow layout
[Topology][Flow] Nodes: 8
[Topology][Flow] Connections: 7
[Topology][Flow] Generating flow layout
[Topology][Flow] Nodes: 2
[Topology][Flow] Connections: 1
[Topology][Flow] Generating flow layout
[Topology][Flow] Nodes: 8
[Topology][Flow] Connections: 7
[Topology][Flow] Generating flow layout
[Topology][Flow] Nodes: 2
[Topology][Flow] Connections: 1
[Topology][Flow] Generating flow layout
[Topology][Flow] Nodes: 8
[Topology][Flow] Connections: 7
[Topology][Flow] Generating flow layout
[Topology][Flow] Nodes: 2
[Topology][Flow] Connections: 1
[Topology][Flow] Generating flow layout
[Topology][Flow] Nodes: 8
[Topology][Flow] Connections: 7
[Topology][Flow] Generating flow layout
[Topology][Flow] Nodes: 2
[Topology][Flow] Connections: 1
[Topology][Flow] Generating flow layout
[Topology][Flow] Nodes: 8
[Topology][Flow] Connections: 7
[Topology][Flow] Generating flow layout
[Topology][Flow] Nodes: 2
[Topology][Flow] Connections: 1
[Topology][Flow] Generating flow layout
[Topology][Flow] Nodes: 8
[Topology][Flow] Connections: 7
[Topology][Flow] Generating flow layout
[Topology][Flow] Nodes: 2
[Topology][Flow] Connections: 1
[Topology][Flow] Generating flow layout
[Topology][Flow] Nodes: 8
[Topology][Flow] Connections: 7
[Topology][Flow] Generating flow layout
[Topology][Flow] Nodes: 2
[Topology][Flow] Connections: 1
[Topology][Flow] Generating flow layout
[Topology][Flow] Nodes: 8
[Topology][Flow] Connections: 7
[Topology][Flow] Generating flow layout
[Topology][Flow] Nodes: 2
[Topology][Flow] Connections: 1
[Topology][Flow] Generating flow layout
[Topology][Flow] Nodes: 8
[Topology][Flow] Connections: 7
[Topology][Flow] Generating flow layout
[Topology][Flow] Nodes: 2
[Topology][Flow] Connections: 1
[Topology][Flow] Generating flow layout
[Topology][Flow] Nodes: 8
[Topology][Flow] Connections: 7
[Topology][Flow] Generating flow layout
[Topology][Flow] Nodes: 2
[Topology][Flow] Connections: 1
[Topology][Flow] Generating flow layout
[Topology][Flow] Nodes: 8
[Topology][Flow] Connections: 7
[Topology][Flow] Generating flow layout
[Topology][Flow] Nodes: 2
[Topology][Flow] Connections: 1
[Topology][Flow] Generating flow layout
[Topology][Flow] Nodes: 8
[Topology][Flow] Connections: 7
[Topology][Flow] Generating flow layout
[Topology][Flow] Nodes: 2
[Topology][Flow] Connections: 1
[Topology][Flow] Generating flow layout
[Topology][Flow] Nodes: 8
[Topology][Flow] Connections: 7
[Topology][Flow] Generating flow layout
[Topology][Flow] Nodes: 2
[Topology][Flow] Connections: 1
[Topology][Flow] Generating flow layout
[Topology][Flow] Nodes: 8
[Topology][Flow] Connections: 7
[Topology][Flow] Generating flow layout
[Topology][Flow] Nodes: 2
[Topology][Flow] Connections: 1
[Topology][Flow] Generating flow layout
[Topology][Flow] Nodes: 8
[Topology][Flow] Connections: 7
[Topology][Flow] Generating flow layout
[Topology][Flow] Nodes: 2
[Topology][Flow] Connections: 1
[Topology][Flow] Generating flow layout
[Topology][Flow] Nodes: 8
[Topology][Flow] Connections: 7
[Topology][Flow] Generating flow layout
[Topology][Flow] Nodes: 2
[Topology][Flow] Connections: 1
[Topology][Flow] Generating flow layout
[Topology][Flow] Nodes: 8
[Topology][Flow] Connections: 7
[Topology][Flow] Generating flow layout
[Topology][Flow] Nodes: 2
[Topology][Flow] Connections: 1
[Topology][Flow] Generating flow layout
[Topology][Flow] Nodes: 8
[Topology][Flow] Connections: 7
[Topology][Flow] Generating flow layout
[Topology][Flow] Nodes: 2
[Topology][Flow] Connections: 1
[Topology][Flow] Generating flow layout
[Topology][Flow] Nodes: 8
[Topology][Flow] Connections: 7
[Topology][Flow] Generating flow layout
[Topology][Flow] Nodes: 2
[Topology][Flow] Connections: 1
[Topology][Flow] Generating flow layout
[Topology][Flow] Nodes: 8
[Topology][Flow] Connections: 7
[Topology][Flow] Generating flow layout
[Topology][Flow] Nodes: 2
[Topology][Flow] Connections: 1
[Topology][Flow] Generating flow layout
[Topology][Flow] Nodes: 8
[Topology][Flow] Connections: 7
[Topology][Flow] Generating flow layout
[Topology][Flow] Nodes: 2
[Topology][Flow] Connections: 1
[Topology][Flow] Generating flow layout
[Topology][Flow] Nodes: 8
[Topology][Flow] Connections: 7
[Topology][Flow] Generating flow layout
[Topology][Flow] Nodes: 2
[Topology][Flow] Connections: 1
[Topology][Flow] Generating flow layout
[Topology][Flow] Nodes: 8
[Topology][Flow] Connections: 7
[Topology][Flow] Generating flow layout
[Topology][Flow] Nodes: 2
[Topology][Flow] Connections: 1
[Topology][Flow] Generating flow layout
[Topology][Flow] Nodes: 8
[Topology][Flow] Connections: 7
[Topology][Flow] Generating flow layout
[Topology][Flow] Nodes: 2
[Topology][Flow] Connections: 1
▶ NCA:4 Executive Advisory Reasoning & Recommendation Dialogue
  ✔ identity does not create a second recommendation or decision engine (3.710458ms)
  ✔ A. Basic recommendation from goal and evidence (429.36775ms)
  ✔ B. Insufficient information — NCA:3 question wins (85.459458ms)
  ✔ C. Sufficient with uncertainty includes a condition (180.232083ms)
  ✔ D. Why that one explains the current recommendation (50.749041ms)
  ✔ E. Why not the other explains the weakened alternative (68.422334ms)
  ✔ F. Biggest downside returns the key cost/risk (38.393625ms)
  ✔ G. Confidence is calibrated in manager language (46.341917ms)
  ✔ H. What would change the recommendation returns sensitivities (63.55625ms)
  ✔ I. Assumptions are material, not architectural (33.634834ms)
  ✔ J. Cost-first preference re-evaluates the recommendation (43.3395ms)
  ✔ K. Material new evidence revises the recommendation (55.17875ms)
  ✔ L. Secondary evidence does not flip the recommendation (78.580583ms)
  ✔ M. Unsupported strong action is challenged (31.860958ms)
  ✔ N. Disagreement stays open and is not defensive (36.368833ms)
  ✔ O. Manager override does not commit a Decision (64.80075ms)
  ✔ P. No recommendation without comparable supplier evidence (51.459625ms)
  ✔ Q. Do-nothing remains a valid path (63.386084ms)
  ✔ R. Counterargument is the strongest supported objection (18.435458ms)
  ✔ S. Object-generic architecture — no sentence-specific branches (45.131208ms)
  ✔ T. Recommendation continuity across why / downside / confidence (147.40025ms)
  ✔ U. Goal/evidence change expires the old recommendation (60.244208ms)
  ✔ V. Advice does not write Decision state (38.935333ms)
  ✔ W. Advice does not start Execution (30.60675ms)
✔ NCA:4 Executive Advisory Reasoning & Recommendation Dialogue (1767.875791ms)
[Topology][Flow] Generating flow layout
[Topology][Flow] Nodes: 8
[Topology][Flow] Connections: 7
[Topology][Flow] Generating flow layout
[Topology][Flow] Nodes: 2
[Topology][Flow] Connections: 1
[Topology][Flow] Generating flow layout
[Topology][Flow] Nodes: 8
[Topology][Flow] Connections: 7
[Topology][Flow] Generating flow layout
[Topology][Flow] Nodes: 2
[Topology][Flow] Connections: 1
[Topology][Flow] Generating flow layout
[Topology][Flow] Nodes: 8
[Topology][Flow] Connections: 7
[Topology][Flow] Generating flow layout
[Topology][Flow] Nodes: 2
[Topology][Flow] Connections: 1
▶ NCA:5 Proactive Executive Advisor & Conversational Initiative
  ✔ identity does not create a second alert, monitor, or decision engine (1.275208ms)
  ✔ A. Material goal deviation initiates (2.870875ms)
  ✔ B. Minor movement stays silent (12.648583ms)
  ✔ C. Irrelevant non-critical change does not interrupt (0.298167ms)
  ✔ D. Critical unrelated risk may override goal relevance (0.228ms)
  ✔ E. Duplicate signal with no material change stays silent (0.339083ms)
  ✔ F. Material worsening after a prior surface initiates again (0.30725ms)
  ✔ G. Multiple signals surface only the highest-value issue (0.348667ms)
  ✔ H. Decision confirmation is not interrupted by a moderate unrelated signal (0.259708ms)
  ✔ I. Invalidated assumption during confirmation justifies interruption (0.643209ms)
  ✔ J. NCA:5 can initiate while NCA:3 supplies the question (0.263ms)
  ✔ K. NCA:5 surfaces a revised NCA:4 recommendation (0.54875ms)
  ✔ L. Stable advice is not claimed as a recommendation change (0.333958ms)
  ✔ M. Execution drift is an initiative candidate (0.195125ms)
  ✔ N. Positive outcome may be surfaced (0.308625ms)
  ✔ O. Actionable opportunity may be recommended (0.164042ms)
  ✔ P. Unfinished thread can become a follow-up (0.206708ms)
  ✔ Q. Manager dismissal suppresses immediate repeat (0.2275ms)
  ✔ R. Critical worsening after dismissal may surface again (0.482458ms)
  ✔ S. Manager's current request wins over moderate initiative (355.652167ms)
  ✔ T. Non-actionable low-value change stays silent (0.168333ms)
  ✔ U. Equivalent evaluation across objects (0.28ms)
  ✔ V. Advice does not write Decision state (102.081917ms)
  ✔ W. Advice does not start Execution (30.294083ms)
  ✔ X. Presentation intent is semantic, not a card implementation (0.254542ms)
  ✔ Y. Timeline intent is semantic, not a Timeline implementation (0.130208ms)
  ✔ callable evaluation works without a manager utterance (0.578541ms)
  ✔ apply preserves source when silent (0.66425ms)
✔ NCA:5 Proactive Executive Advisor & Conversational Initiative (515.978375ms)
[Topology][Flow] Generating flow layout
[Topology][Flow] Nodes: 8
[Topology][Flow] Connections: 7
[Topology][Flow] Generating flow layout
[Topology][Flow] Nodes: 2
[Topology][Flow] Connections: 1
[Topology][Flow] Generating flow layout
[Topology][Flow] Nodes: 8
[Topology][Flow] Connections: 7
[Topology][Flow] Generating flow layout
[Topology][Flow] Nodes: 2
[Topology][Flow] Connections: 1
[Topology][Flow] Generating flow layout
[Topology][Flow] Nodes: 8
[Topology][Flow] Connections: 7
[Topology][Flow] Generating flow layout
[Topology][Flow] Nodes: 2
[Topology][Flow] Connections: 1
[Topology][Flow] Generating flow layout
[Topology][Flow] Nodes: 8
[Topology][Flow] Connections: 7
[Topology][Flow] Generating flow layout
[Topology][Flow] Nodes: 2
[Topology][Flow] Connections: 1
[Topology][Flow] Generating flow layout
[Topology][Flow] Nodes: 8
[Topology][Flow] Connections: 7
[Topology][Flow] Generating flow layout
[Topology][Flow] Nodes: 2
[Topology][Flow] Connections: 1
[Topology][Flow] Generating flow layout
[Topology][Flow] Nodes: 8
[Topology][Flow] Connections: 7
[Topology][Flow] Generating flow layout
[Topology][Flow] Nodes: 2
[Topology][Flow] Connections: 1
[Topology][Flow] Generating flow layout
[Topology][Flow] Nodes: 8
[Topology][Flow] Connections: 7
[Topology][Flow] Generating flow layout
[Topology][Flow] Nodes: 2
[Topology][Flow] Connections: 1
[Topology][Flow] Generating flow layout
[Topology][Flow] Nodes: 8
[Topology][Flow] Connections: 7
[Topology][Flow] Generating flow layout
[Topology][Flow] Nodes: 2
[Topology][Flow] Connections: 1
[Topology][Flow] Generating flow layout
[Topology][Flow] Nodes: 8
[Topology][Flow] Connections: 7
[Topology][Flow] Generating flow layout
[Topology][Flow] Nodes: 2
[Topology][Flow] Connections: 1
[Topology][Flow] Generating flow layout
[Topology][Flow] Nodes: 8
[Topology][Flow] Connections: 7
[Topology][Flow] Generating flow layout
[Topology][Flow] Nodes: 2
[Topology][Flow] Connections: 1
[Topology][Flow] Generating flow layout
[Topology][Flow] Nodes: 8
[Topology][Flow] Connections: 7
[Topology][Flow] Generating flow layout
[Topology][Flow] Nodes: 2
[Topology][Flow] Connections: 1
[Topology][Flow] Generating flow layout
[Topology][Flow] Nodes: 8
[Topology][Flow] Connections: 7
[Topology][Flow] Generating flow layout
[Topology][Flow] Nodes: 2
[Topology][Flow] Connections: 1
[Topology][Flow] Generating flow layout
[Topology][Flow] Nodes: 8
[Topology][Flow] Connections: 7
[Topology][Flow] Generating flow layout
[Topology][Flow] Nodes: 2
[Topology][Flow] Connections: 1
[Topology][Flow] Generating flow layout
[Topology][Flow] Nodes: 8
[Topology][Flow] Connections: 7
[Topology][Flow] Generating flow layout
[Topology][Flow] Nodes: 2
[Topology][Flow] Connections: 1
[Topology][Flow] Generating flow layout
[Topology][Flow] Nodes: 8
[Topology][Flow] Connections: 7
[Topology][Flow] Generating flow layout
[Topology][Flow] Nodes: 2
[Topology][Flow] Connections: 1
[Topology][Flow] Generating flow layout
[Topology][Flow] Nodes: 8
[Topology][Flow] Connections: 7
[Topology][Flow] Generating flow layout
[Topology][Flow] Nodes: 2
[Topology][Flow] Connections: 1
[Topology][Flow] Generating flow layout
[Topology][Flow] Nodes: 8
[Topology][Flow] Connections: 7
[Topology][Flow] Generating flow layout
[Topology][Flow] Nodes: 2
[Topology][Flow] Connections: 1
[Topology][Flow] Generating flow layout
[Topology][Flow] Nodes: 8
[Topology][Flow] Connections: 7
[Topology][Flow] Generating flow layout
[Topology][Flow] Nodes: 2
[Topology][Flow] Connections: 1
[Topology][Flow] Generating flow layout
[Topology][Flow] Nodes: 8
[Topology][Flow] Connections: 7
[Topology][Flow] Generating flow layout
[Topology][Flow] Nodes: 2
[Topology][Flow] Connections: 1
[Topology][Flow] Generating flow layout
[Topology][Flow] Nodes: 8
[Topology][Flow] Connections: 7
[Topology][Flow] Generating flow layout
[Topology][Flow] Nodes: 2
[Topology][Flow] Connections: 1
[Topology][Flow] Generating flow layout
[Topology][Flow] Nodes: 8
[Topology][Flow] Connections: 7
[Topology][Flow] Generating flow layout
[Topology][Flow] Nodes: 2
[Topology][Flow] Connections: 1
[Topology][Flow] Generating flow layout
[Topology][Flow] Nodes: 8
[Topology][Flow] Connections: 7
[Topology][Flow] Generating flow layout
[Topology][Flow] Nodes: 2
[Topology][Flow] Connections: 1
[Topology][Flow] Generating flow layout
[Topology][Flow] Nodes: 8
[Topology][Flow] Connections: 7
[Topology][Flow] Generating flow layout
[Topology][Flow] Nodes: 2
[Topology][Flow] Connections: 1
[Topology][Flow] Generating flow layout
[Topology][Flow] Nodes: 8
[Topology][Flow] Connections: 7
[Topology][Flow] Generating flow layout
[Topology][Flow] Nodes: 2
[Topology][Flow] Connections: 1
[Topology][Flow] Generating flow layout
[Topology][Flow] Nodes: 8
[Topology][Flow] Connections: 7
[Topology][Flow] Generating flow layout
[Topology][Flow] Nodes: 2
[Topology][Flow] Connections: 1
[Topology][Flow] Generating flow layout
[Topology][Flow] Nodes: 8
[Topology][Flow] Connections: 7
[Topology][Flow] Generating flow layout
[Topology][Flow] Nodes: 2
[Topology][Flow] Connections: 1
[Topology][Flow] Generating flow layout
[Topology][Flow] Nodes: 8
[Topology][Flow] Connections: 7
[Topology][Flow] Generating flow layout
[Topology][Flow] Nodes: 2
[Topology][Flow] Connections: 1
[Topology][Flow] Generating flow layout
[Topology][Flow] Nodes: 8
[Topology][Flow] Connections: 7
[Topology][Flow] Generating flow layout
[Topology][Flow] Nodes: 2
[Topology][Flow] Connections: 1
▶ NCA:6 Manager Model, Communication Adaptation & Trust
  ✔ identity is presentation-only and does not profile personality (1.112458ms)
  ✔ A. Brief request shortens presentation without changing the recommendation (370.585208ms)
  ✔ B. Detailed request keeps the same advisory position (54.415667ms)
  ✔ C. Confusion simplifies language without changing truth (0.795375ms)
  ✔ D. Executive framing uses goal/decision language (13.528583ms)
  ✔ E. Operations framing uses constraint/throughput language (18.127792ms)
  ✔ F. Finance framing uses cost/exposure language without inventing numbers (12.166709ms)
  ✔ G. Unknown role stays neutral and does not guess (13.784625ms)
  ✔ H. Explicit request beats a brief profile (0.614709ms)
  ✔ I. Keep this one short stays temporary (0.351459ms)
  ✔ J. New Nexora user gets indirect teaching (0.316917ms)
  ✔ K. Familiar user is not given a basic tutorial (0.203459ms)
  ✔ L. Confusion is not treated as disagreement (39.270333ms)
  ✔ M. Challenge preserves the recommendation without appeasement (43.222209ms)
  ✔ N. Recommendation revision is explained (22.894833ms)
  ✔ O. Recommendation stability is explained (32.204292ms)
  ✔ P. Fact / inference / advice remain distinguishable (0.265709ms)
  ✔ Q. Uncertainty remains visible in brief and detailed modes (1.848292ms)
  ✔ R. Manager correction is acknowledged without mutating RDI (58.850291ms)
  ✔ S. Nexora self-corrects a prior conversational misspeak (0.274208ms)
  ✔ T. Goal/preference conflict is surfaced (0.308375ms)
  ✔ U. Capability honesty does not fabricate supplier research (22.077833ms)
  ✔ V. NCA:5 critical initiative is presented with CRITICAL structure (0.306833ms)
  ✔ W. Ordinary NCA:5 initiative is not buried in a lecture (12.431458ms)
  ✔ X. Role does not alter truth (38.800542ms)
  ✔ Y. Object-generic adaptation — no role × object sentence matrix (18.435417ms)
  ✔ Z. Adapted response does not alter Decision or Execution state (54.62875ms)
  ✔ trust invariant: depth and framing preserve recommendation, confidence, uncertainty, and authority (1.57475ms)
  ✔ locked presentation is not rewritten (0.199167ms)
  ✔ signals classify explicit depth without personality labels (0.432042ms)
✔ NCA:6 Manager Model, Communication Adaptation & Trust (836.068333ms)
[Topology][Flow] Generating flow layout
[Topology][Flow] Nodes: 8
[Topology][Flow] Connections: 7
[Topology][Flow] Generating flow layout
[Topology][Flow] Nodes: 2
[Topology][Flow] Connections: 1
[Topology][Flow] Generating flow layout
[Topology][Flow] Nodes: 8
[Topology][Flow] Connections: 7
[Topology][Flow] Generating flow layout
[Topology][Flow] Nodes: 2
[Topology][Flow] Connections: 1
[Topology][Flow] Generating flow layout
[Topology][Flow] Nodes: 8
[Topology][Flow] Connections: 7
[Topology][Flow] Generating flow layout
[Topology][Flow] Nodes: 2
[Topology][Flow] Connections: 1
[Topology][Flow] Generating flow layout
[Topology][Flow] Nodes: 8
[Topology][Flow] Connections: 7
[Topology][Flow] Generating flow layout
[Topology][Flow] Nodes: 2
[Topology][Flow] Connections: 1
[Topology][Flow] Generating flow layout
[Topology][Flow] Nodes: 8
[Topology][Flow] Connections: 7
[Topology][Flow] Generating flow layout
[Topology][Flow] Nodes: 2
[Topology][Flow] Connections: 1
[Topology][Flow] Generating flow layout
[Topology][Flow] Nodes: 8
[Topology][Flow] Connections: 7
[Topology][Flow] Generating flow layout
[Topology][Flow] Nodes: 2
[Topology][Flow] Connections: 1
[Topology][Flow] Generating flow layout
[Topology][Flow] Nodes: 8
[Topology][Flow] Connections: 7
[Topology][Flow] Generating flow layout
[Topology][Flow] Nodes: 2
[Topology][Flow] Connections: 1
[Topology][Flow] Generating flow layout
[Topology][Flow] Nodes: 8
[Topology][Flow] Connections: 7
[Topology][Flow] Generating flow layout
[Topology][Flow] Nodes: 2
[Topology][Flow] Connections: 1
[Topology][Flow] Generating flow layout
[Topology][Flow] Nodes: 8
[Topology][Flow] Connections: 7
[Topology][Flow] Generating flow layout
[Topology][Flow] Nodes: 2
[Topology][Flow] Connections: 1
[Topology][Flow] Generating flow layout
[Topology][Flow] Nodes: 8
[Topology][Flow] Connections: 7
[Topology][Flow] Generating flow layout
[Topology][Flow] Nodes: 2
[Topology][Flow] Connections: 1
[Topology][Flow] Generating flow layout
[Topology][Flow] Nodes: 8
[Topology][Flow] Connections: 7
[Topology][Flow] Generating flow layout
[Topology][Flow] Nodes: 2
[Topology][Flow] Connections: 1
[Topology][Flow] Generating flow layout
[Topology][Flow] Nodes: 8
[Topology][Flow] Connections: 7
[Topology][Flow] Generating flow layout
[Topology][Flow] Nodes: 2
[Topology][Flow] Connections: 1
[Topology][Flow] Generating flow layout
[Topology][Flow] Nodes: 8
[Topology][Flow] Connections: 7
[Topology][Flow] Generating flow layout
[Topology][Flow] Nodes: 2
[Topology][Flow] Connections: 1
[Topology][Flow] Generating flow layout
[Topology][Flow] Nodes: 8
[Topology][Flow] Connections: 7
[Topology][Flow] Generating flow layout
[Topology][Flow] Nodes: 2
[Topology][Flow] Connections: 1
[Topology][Flow] Generating flow layout
[Topology][Flow] Nodes: 8
[Topology][Flow] Connections: 7
[Topology][Hub] Generating hub layout
[Topology][Hub] Hub: Capacity
[Topology][Hub] Satellites: 5
[Topology][Hub] Connections: 5
[Topology][Flow] Generating flow layout
[Topology][Flow] Nodes: 8
[Topology][Flow] Connections: 7
[Topology][Hub] Generating hub layout
[Topology][Hub] Hub: Capacity
[Topology][Hub] Satellites: 5
[Topology][Hub] Connections: 5
[Topology][Flow] Generating flow layout
[Topology][Flow] Nodes: 8
[Topology][Flow] Connections: 7
[Topology][Flow] Generating flow layout
[Topology][Flow] Nodes: 2
[Topology][Flow] Connections: 1
[Topology][Flow] Generating flow layout
[Topology][Flow] Nodes: 8
[Topology][Flow] Connections: 7
[Topology][Flow] Generating flow layout
[Topology][Flow] Nodes: 2
[Topology][Flow] Connections: 1
[Topology][Flow] Generating flow layout
[Topology][Flow] Nodes: 8
[Topology][Flow] Connections: 7
[Topology][Flow] Generating flow layout
[Topology][Flow] Nodes: 2
[Topology][Flow] Connections: 1
[Topology][Flow] Generating flow layout
[Topology][Flow] Nodes: 8
[Topology][Flow] Connections: 7
[Topology][Flow] Generating flow layout
[Topology][Flow] Nodes: 2
[Topology][Flow] Connections: 1
[Topology][Flow] Generating flow layout
[Topology][Flow] Nodes: 8
[Topology][Flow] Connections: 7
[Topology][Flow] Generating flow layout
[Topology][Flow] Nodes: 2
[Topology][Flow] Connections: 1
[Topology][Flow] Generating flow layout
[Topology][Flow] Nodes: 8
[Topology][Flow] Connections: 7
[Topology][Flow] Generating flow layout
[Topology][Flow] Nodes: 2
[Topology][Flow] Connections: 1
[Topology][Flow] Generating flow layout
[Topology][Flow] Nodes: 8
[Topology][Flow] Connections: 7
[Topology][Flow] Generating flow layout
[Topology][Flow] Nodes: 2
[Topology][Flow] Connections: 1
[Topology][Flow] Generating flow layout
[Topology][Flow] Nodes: 8
[Topology][Flow] Connections: 7
[Topology][Flow] Generating flow layout
[Topology][Flow] Nodes: 2
[Topology][Flow] Connections: 1
[Topology][Flow] Generating flow layout
[Topology][Flow] Nodes: 8
[Topology][Flow] Connections: 7
[Topology][Flow] Generating flow layout
[Topology][Flow] Nodes: 2
[Topology][Flow] Connections: 1
[Topology][Flow] Generating flow layout
[Topology][Flow] Nodes: 8
[Topology][Flow] Connections: 7
[Topology][Flow] Generating flow layout
[Topology][Flow] Nodes: 2
[Topology][Flow] Connections: 1
[Topology][Flow] Generating flow layout
[Topology][Flow] Nodes: 8
[Topology][Flow] Connections: 7
[Topology][Flow] Generating flow layout
[Topology][Flow] Nodes: 2
[Topology][Flow] Connections: 1
[Topology][Flow] Generating flow layout
[Topology][Flow] Nodes: 8
[Topology][Flow] Connections: 7
[Topology][Flow] Generating flow layout
[Topology][Flow] Nodes: 2
[Topology][Flow] Connections: 1
[Topology][Flow] Generating flow layout
[Topology][Flow] Nodes: 8
[Topology][Flow] Connections: 7
[Topology][Flow] Generating flow layout
[Topology][Flow] Nodes: 2
[Topology][Flow] Connections: 1
[Topology][Flow] Generating flow layout
[Topology][Flow] Nodes: 8
[Topology][Flow] Connections: 7
[Topology][Hub] Generating hub layout
[Topology][Hub] Hub: Delivery
[Topology][Hub] Satellites: 5
[Topology][Hub] Connections: 5
[Topology][Flow] Generating flow layout
[Topology][Flow] Nodes: 8
[Topology][Flow] Connections: 7
[Topology][Hub] Generating hub layout
[Topology][Hub] Hub: Delivery
[Topology][Hub] Satellites: 5
[Topology][Hub] Connections: 5
[Topology][Flow] Generating flow layout
[Topology][Flow] Nodes: 8
[Topology][Flow] Connections: 7
[Topology][Hub] Generating hub layout
[Topology][Hub] Hub: Delivery
[Topology][Hub] Satellites: 5
[Topology][Hub] Connections: 5
[Topology][Flow] Generating flow layout
[Topology][Flow] Nodes: 8
[Topology][Flow] Connections: 7
[Topology][Hub] Generating hub layout
[Topology][Hub] Hub: Delivery
[Topology][Hub] Satellites: 5
[Topology][Hub] Connections: 5
[Topology][Flow] Generating flow layout
[Topology][Flow] Nodes: 8
[Topology][Flow] Connections: 7
[Topology][Hub] Generating hub layout
[Topology][Hub] Hub: Delivery
[Topology][Hub] Satellites: 5
[Topology][Hub] Connections: 5
[Topology][Flow] Generating flow layout
[Topology][Flow] Nodes: 8
[Topology][Flow] Connections: 7
[Topology][Hub] Generating hub layout
[Topology][Hub] Hub: Delivery
[Topology][Hub] Satellites: 5
[Topology][Hub] Connections: 5
[Topology][Flow] Generating flow layout
[Topology][Flow] Nodes: 8
[Topology][Flow] Connections: 7
[Topology][Hub] Generating hub layout
[Topology][Hub] Hub: Delivery
[Topology][Hub] Satellites: 5
[Topology][Hub] Connections: 5
[Topology][Flow] Generating flow layout
[Topology][Flow] Nodes: 8
[Topology][Flow] Connections: 7
[Topology][Hub] Generating hub layout
[Topology][Hub] Hub: Delivery
[Topology][Hub] Satellites: 5
[Topology][Hub] Connections: 5
[Topology][Flow] Generating flow layout
[Topology][Flow] Nodes: 8
[Topology][Flow] Connections: 7
[Topology][Hub] Generating hub layout
[Topology][Hub] Hub: Delivery
[Topology][Hub] Satellites: 5
[Topology][Hub] Connections: 5
[Topology][Flow] Generating flow layout
[Topology][Flow] Nodes: 8
[Topology][Flow] Connections: 7
[Topology][Hub] Generating hub layout
[Topology][Hub] Hub: Delivery
[Topology][Hub] Satellites: 5
[Topology][Hub] Connections: 5
[Topology][Flow] Generating flow layout
[Topology][Flow] Nodes: 8
[Topology][Flow] Connections: 7
[Topology][Hub] Generating hub layout
[Topology][Hub] Hub: Delivery
[Topology][Hub] Satellites: 5
[Topology][Hub] Connections: 5
[Topology][Flow] Generating flow layout
[Topology][Flow] Nodes: 8
[Topology][Flow] Connections: 7
[Topology][Hub] Generating hub layout
[Topology][Hub] Hub: Delivery
[Topology][Hub] Satellites: 5
[Topology][Hub] Connections: 5
[Topology][Flow] Generating flow layout
[Topology][Flow] Nodes: 8
[Topology][Flow] Connections: 7
[Topology][Hub] Generating hub layout
[Topology][Hub] Hub: Delivery
[Topology][Hub] Satellites: 5
[Topology][Hub] Connections: 5
[Topology][Flow] Generating flow layout
[Topology][Flow] Nodes: 8
[Topology][Flow] Connections: 7
[Topology][Hub] Generating hub layout
[Topology][Hub] Hub: Delivery
[Topology][Hub] Satellites: 5
[Topology][Hub] Connections: 5
[Topology][Flow] Generating flow layout
[Topology][Flow] Nodes: 8
[Topology][Flow] Connections: 7
[Topology][Hub] Generating hub layout
[Topology][Hub] Hub: Delivery
[Topology][Hub] Satellites: 5
[Topology][Hub] Connections: 5
[Topology][Flow] Generating flow layout
[Topology][Flow] Nodes: 8
[Topology][Flow] Connections: 7
[Topology][Hub] Generating hub layout
[Topology][Hub] Hub: Delivery
[Topology][Hub] Satellites: 5
[Topology][Hub] Connections: 5
[Topology][Flow] Generating flow layout
[Topology][Flow] Nodes: 8
[Topology][Flow] Connections: 7
[Topology][Hub] Generating hub layout
[Topology][Hub] Hub: Delivery
[Topology][Hub] Satellites: 5
[Topology][Hub] Connections: 5
[Topology][Flow] Generating flow layout
[Topology][Flow] Nodes: 8
[Topology][Flow] Connections: 7
[Topology][Hub] Generating hub layout
[Topology][Hub] Hub: Delivery
[Topology][Hub] Satellites: 5
[Topology][Hub] Connections: 5
[Topology][Flow] Generating flow layout
[Topology][Flow] Nodes: 8
[Topology][Flow] Connections: 7
[Topology][Flow] Generating flow layout
[Topology][Flow] Nodes: 2
[Topology][Flow] Connections: 1
[Topology][Flow] Generating flow layout
[Topology][Flow] Nodes: 8
[Topology][Flow] Connections: 7
[Topology][Flow] Generating flow layout
[Topology][Flow] Nodes: 2
[Topology][Flow] Connections: 1
[Topology][Flow] Generating flow layout
[Topology][Flow] Nodes: 8
[Topology][Flow] Connections: 7
[Topology][Flow] Generating flow layout
[Topology][Flow] Nodes: 2
[Topology][Flow] Connections: 1
[Topology][Flow] Generating flow layout
[Topology][Flow] Nodes: 8
[Topology][Flow] Connections: 7
[Topology][Flow] Generating flow layout
[Topology][Flow] Nodes: 2
[Topology][Flow] Connections: 1
[Topology][Flow] Generating flow layout
[Topology][Flow] Nodes: 8
[Topology][Flow] Connections: 7
[Topology][Flow] Generating flow layout
[Topology][Flow] Nodes: 2
[Topology][Flow] Connections: 1
[Topology][Flow] Generating flow layout
[Topology][Flow] Nodes: 8
[Topology][Flow] Connections: 7
[Topology][Flow] Generating flow layout
[Topology][Flow] Nodes: 2
[Topology][Flow] Connections: 1
[Topology][Flow] Generating flow layout
[Topology][Flow] Nodes: 8
[Topology][Flow] Connections: 7
[Topology][Flow] Generating flow layout
[Topology][Flow] Nodes: 2
[Topology][Flow] Connections: 1
[Topology][Flow] Generating flow layout
[Topology][Flow] Nodes: 8
[Topology][Flow] Connections: 7
[Topology][Flow] Generating flow layout
[Topology][Flow] Nodes: 2
[Topology][Flow] Connections: 1
[Topology][Flow] Generating flow layout
[Topology][Flow] Nodes: 8
[Topology][Flow] Connections: 7
[Topology][Flow] Generating flow layout
[Topology][Flow] Nodes: 2
[Topology][Flow] Connections: 1
[Topology][Flow] Generating flow layout
[Topology][Flow] Nodes: 8
[Topology][Flow] Connections: 7
[Topology][Flow] Generating flow layout
[Topology][Flow] Nodes: 2
[Topology][Flow] Connections: 1
[Topology][Flow] Generating flow layout
[Topology][Flow] Nodes: 8
[Topology][Flow] Connections: 7
[Topology][Flow] Generating flow layout
[Topology][Flow] Nodes: 2
[Topology][Flow] Connections: 1
[Topology][Flow] Generating flow layout
[Topology][Flow] Nodes: 8
[Topology][Flow] Connections: 7
[Topology][Flow] Generating flow layout
[Topology][Flow] Nodes: 2
[Topology][Flow] Connections: 1
[Topology][Flow] Generating flow layout
[Topology][Flow] Nodes: 8
[Topology][Flow] Connections: 7
[Topology][Flow] Generating flow layout
[Topology][Flow] Nodes: 2
[Topology][Flow] Connections: 1
[Topology][Flow] Generating flow layout
[Topology][Flow] Nodes: 8
[Topology][Flow] Connections: 7
[Topology][Flow] Generating flow layout
[Topology][Flow] Nodes: 2
[Topology][Flow] Connections: 1
[Topology][Flow] Generating flow layout
[Topology][Flow] Nodes: 8
[Topology][Flow] Connections: 7
[Topology][Flow] Generating flow layout
[Topology][Flow] Nodes: 2
[Topology][Flow] Connections: 1
[Topology][Flow] Generating flow layout
[Topology][Flow] Nodes: 8
[Topology][Flow] Connections: 7
[Topology][Flow] Generating flow layout
[Topology][Flow] Nodes: 2
[Topology][Flow] Connections: 1
[Topology][Flow] Generating flow layout
[Topology][Flow] Nodes: 8
[Topology][Flow] Connections: 7
[Topology][Flow] Generating flow layout
[Topology][Flow] Nodes: 2
[Topology][Flow] Connections: 1
[Topology][Flow] Generating flow layout
[Topology][Flow] Nodes: 8
[Topology][Flow] Connections: 7
[Topology][Flow] Generating flow layout
[Topology][Flow] Nodes: 2
[Topology][Flow] Connections: 1
[Topology][Flow] Generating flow layout
[Topology][Flow] Nodes: 8
[Topology][Flow] Connections: 7
[Topology][Flow] Generating flow layout
[Topology][Flow] Nodes: 2
[Topology][Flow] Connections: 1
[Topology][Flow] Generating flow layout
[Topology][Flow] Nodes: 8
[Topology][Flow] Connections: 7
[Topology][Flow] Generating flow layout
[Topology][Flow] Nodes: 2
[Topology][Flow] Connections: 1
[Topology][Flow] Generating flow layout
[Topology][Flow] Nodes: 8
[Topology][Flow] Connections: 7
[Topology][Flow] Generating flow layout
[Topology][Flow] Nodes: 2
[Topology][Flow] Connections: 1
[Topology][Flow] Generating flow layout
[Topology][Flow] Nodes: 8
[Topology][Flow] Connections: 7
[Topology][Flow] Generating flow layout
[Topology][Flow] Nodes: 2
[Topology][Flow] Connections: 1
[Topology][Flow] Generating flow layout
[Topology][Flow] Nodes: 8
[Topology][Flow] Connections: 7
[Topology][Flow] Generating flow layout
[Topology][Flow] Nodes: 2
[Topology][Flow] Connections: 1
[Topology][Flow] Generating flow layout
[Topology][Flow] Nodes: 8
[Topology][Flow] Connections: 7
[Topology][Flow] Generating flow layout
[Topology][Flow] Nodes: 2
[Topology][Flow] Connections: 1
[Topology][Flow] Generating flow layout
[Topology][Flow] Nodes: 8
[Topology][Flow] Connections: 7
[Topology][Flow] Generating flow layout
[Topology][Flow] Nodes: 2
[Topology][Flow] Connections: 1
[Topology][Flow] Generating flow layout
[Topology][Flow] Nodes: 8
[Topology][Flow] Connections: 7
[Topology][Flow] Generating flow layout
[Topology][Flow] Nodes: 2
[Topology][Flow] Connections: 1
[Topology][Flow] Generating flow layout
[Topology][Flow] Nodes: 8
[Topology][Flow] Connections: 7
[Topology][Flow] Generating flow layout
[Topology][Flow] Nodes: 2
[Topology][Flow] Connections: 1
[Topology][Flow] Generating flow layout
[Topology][Flow] Nodes: 8
[Topology][Flow] Connections: 7
[Topology][Flow] Generating flow layout
[Topology][Flow] Nodes: 2
[Topology][Flow] Connections: 1
[Topology][Flow] Generating flow layout
[Topology][Flow] Nodes: 8
[Topology][Flow] Connections: 7
[Topology][Flow] Generating flow layout
[Topology][Flow] Nodes: 2
[Topology][Flow] Connections: 1
[Topology][Flow] Generating flow layout
[Topology][Flow] Nodes: 8
[Topology][Flow] Connections: 7
[Topology][Flow] Generating flow layout
[Topology][Flow] Nodes: 2
[Topology][Flow] Connections: 1
[Topology][Flow] Generating flow layout
[Topology][Flow] Nodes: 8
[Topology][Flow] Connections: 7
[Topology][Flow] Generating flow layout
[Topology][Flow] Nodes: 2
[Topology][Flow] Connections: 1
▶ NCA:7 End-to-End Conversation Orchestration
  ✔ identity does not create a seventh intelligence engine (1.01725ms)
  ✔ Collision A: NCA:3 ask beats provisional NCA:4 advice (294.005542ms)
  ✔ Collision B: EXPLAIN beats moderate NCA:5 initiative (101.470792ms)
  ✔ Collision C: Decision confirmation beats moderate initiative (0.29875ms)
  ✔ Collision D: material NCA:4 revision may be initiated (62.502667ms)
  ✔ Collision E: BRIEF still preserves uncertainty (51.885334ms)
  ✔ Collision F: locked entrance ownership is preserved (0.315167ms)
  ✔ Explain it keeps Capacity Gap (48.820125ms)
  ✔ short answer is not a new topic (60.365375ms)
  ✔ suspend and return restores Capacity (55.644417ms)
  ✔ conversation correction does not write business truth (47.907917ms)
  ✔ social turns do not commit Decision or Execution (44.243667ms)
  ✔ unsupported capability is not fabricated (14.229209ms)
  ✔ teaching Nexora is not a recommendation hijack (14.778667ms)
  ✔ object-generic subjects remain generic (55.9675ms)
  ✔ no demo sentence table in NCA:7 (0.403042ms)
  ✔ main multi-turn manager conversation stays one Nexora (465.156333ms)
  ✔ non-happy path stays graceful (175.9725ms)
  ✔ proactive path silences noise and can return on critical worsening (43.042708ms)
  ✔ trust path holds, stays, then revises without committing (74.014917ms)
  ✔ communication adaptation preserves meaning (68.499333ms)
  ✔ turn contract is attached and diagnostic-only (6.59075ms)
✔ NCA:7 End-to-End Conversation Orchestration (1689.974792ms)
[Topology][Flow] Generating flow layout
[Topology][Flow] Nodes: 8
[Topology][Flow] Connections: 7
[Topology][Hub] Generating hub layout
[Topology][Hub] Hub: Delivery
[Topology][Hub] Satellites: 5
[Topology][Hub] Connections: 5
[Topology][Flow] Generating flow layout
[Topology][Flow] Nodes: 8
[Topology][Flow] Connections: 7
[Topology][Flow] Generating flow layout
[Topology][Flow] Nodes: 2
[Topology][Flow] Connections: 1
[Topology][Flow] Generating flow layout
[Topology][Flow] Nodes: 8
[Topology][Flow] Connections: 7
[Topology][Flow] Generating flow layout
[Topology][Flow] Nodes: 2
[Topology][Flow] Connections: 1
[Topology][Flow] Generating flow layout
[Topology][Flow] Nodes: 8
[Topology][Flow] Connections: 7
[Topology][Flow] Generating flow layout
[Topology][Flow] Nodes: 2
[Topology][Flow] Connections: 1
[Topology][Flow] Generating flow layout
[Topology][Flow] Nodes: 8
[Topology][Flow] Connections: 7
[Topology][Flow] Generating flow layout
[Topology][Flow] Nodes: 2
[Topology][Flow] Connections: 1
[Topology][Flow] Generating flow layout
[Topology][Flow] Nodes: 8
[Topology][Flow] Connections: 7
[Topology][Hub] Generating hub layout
[Topology][Hub] Hub: Delivery
[Topology][Hub] Satellites: 5
[Topology][Hub] Connections: 5
[Topology][Flow] Generating flow layout
[Topology][Flow] Nodes: 8
[Topology][Flow] Connections: 7
[Topology][Hub] Generating hub layout
[Topology][Hub] Hub: Delivery
[Topology][Hub] Satellites: 5
[Topology][Hub] Connections: 5
[Topology][Flow] Generating flow layout
[Topology][Flow] Nodes: 8
[Topology][Flow] Connections: 7
[Topology][Hub] Generating hub layout
[Topology][Hub] Hub: Delivery
[Topology][Hub] Satellites: 5
[Topology][Hub] Connections: 5
[Topology][Flow] Generating flow layout
[Topology][Flow] Nodes: 8
[Topology][Flow] Connections: 7
[Topology][Hub] Generating hub layout
[Topology][Hub] Hub: Delivery
[Topology][Hub] Satellites: 5
[Topology][Hub] Connections: 5
[Topology][Flow] Generating flow layout
[Topology][Flow] Nodes: 8
[Topology][Flow] Connections: 7
[Topology][Flow] Generating flow layout
[Topology][Flow] Nodes: 2
[Topology][Flow] Connections: 1
[Topology][Flow] Generating flow layout
[Topology][Flow] Nodes: 8
[Topology][Flow] Connections: 7
[Topology][Flow] Generating flow layout
[Topology][Flow] Nodes: 2
[Topology][Flow] Connections: 1
[Topology][Flow] Generating flow layout
[Topology][Flow] Nodes: 8
[Topology][Flow] Connections: 7
[Topology][Hub] Generating hub layout
[Topology][Hub] Hub: Delivery
[Topology][Hub] Satellites: 5
[Topology][Hub] Connections: 5
[Topology][Flow] Generating flow layout
[Topology][Flow] Nodes: 8
[Topology][Flow] Connections: 7
[Topology][Hub] Generating hub layout
[Topology][Hub] Hub: Delivery
[Topology][Hub] Satellites: 5
[Topology][Hub] Connections: 5
[Topology][Flow] Generating flow layout
[Topology][Flow] Nodes: 8
[Topology][Flow] Connections: 7
[Topology][Hub] Generating hub layout
[Topology][Hub] Hub: Delivery
[Topology][Hub] Satellites: 5
[Topology][Hub] Connections: 5
[Topology][Flow] Generating flow layout
[Topology][Flow] Nodes: 8
[Topology][Flow] Connections: 7
[Topology][Hub] Generating hub layout
[Topology][Hub] Hub: Delivery
[Topology][Hub] Satellites: 5
[Topology][Hub] Connections: 5
[Topology][Flow] Generating flow layout
[Topology][Flow] Nodes: 8
[Topology][Flow] Connections: 7
[Topology][Hub] Generating hub layout
[Topology][Hub] Hub: Delivery
[Topology][Hub] Satellites: 5
[Topology][Hub] Connections: 5
[Topology][Flow] Generating flow layout
[Topology][Flow] Nodes: 8
[Topology][Flow] Connections: 7
[Topology][Hub] Generating hub layout
[Topology][Hub] Hub: Delivery
[Topology][Hub] Satellites: 5
[Topology][Hub] Connections: 5
[Topology][Flow] Generating flow layout
[Topology][Flow] Nodes: 8
[Topology][Flow] Connections: 7
[Topology][Flow] Generating flow layout
[Topology][Flow] Nodes: 2
[Topology][Flow] Connections: 1
[Topology][Flow] Generating flow layout
[Topology][Flow] Nodes: 8
[Topology][Flow] Connections: 7
[Topology][Flow] Generating flow layout
[Topology][Flow] Nodes: 2
[Topology][Flow] Connections: 1
[Topology][Flow] Generating flow layout
[Topology][Flow] Nodes: 8
[Topology][Flow] Connections: 7
[Topology][Flow] Generating flow layout
[Topology][Flow] Nodes: 2
[Topology][Flow] Connections: 1
[Topology][Flow] Generating flow layout
[Topology][Flow] Nodes: 8
[Topology][Flow] Connections: 7
[Topology][Flow] Generating flow layout
[Topology][Flow] Nodes: 2
[Topology][Flow] Connections: 1
[Topology][Flow] Generating flow layout
[Topology][Flow] Nodes: 8
[Topology][Flow] Connections: 7
[Topology][Flow] Generating flow layout
[Topology][Flow] Nodes: 2
[Topology][Flow] Connections: 1
[Topology][Flow] Generating flow layout
[Topology][Flow] Nodes: 8
[Topology][Flow] Connections: 7
[Topology][Hub] Generating hub layout
[Topology][Hub] Hub: Delivery
[Topology][Hub] Satellites: 5
[Topology][Hub] Connections: 5
[Topology][Flow] Generating flow layout
[Topology][Flow] Nodes: 8
[Topology][Flow] Connections: 7
[Topology][Hub] Generating hub layout
[Topology][Hub] Hub: Delivery
[Topology][Hub] Satellites: 5
[Topology][Hub] Connections: 5
[Topology][Flow] Generating flow layout
[Topology][Flow] Nodes: 8
[Topology][Flow] Connections: 7
[Topology][Hub] Generating hub layout
[Topology][Hub] Hub: Delivery
[Topology][Hub] Satellites: 5
[Topology][Hub] Connections: 5
[Topology][Flow] Generating flow layout
[Topology][Flow] Nodes: 8
[Topology][Flow] Connections: 7
[Topology][Hub] Generating hub layout
[Topology][Hub] Hub: Delivery
[Topology][Hub] Satellites: 5
[Topology][Hub] Connections: 5
[Topology][Flow] Generating flow layout
[Topology][Flow] Nodes: 8
[Topology][Flow] Connections: 7
[Topology][Hub] Generating hub layout
[Topology][Hub] Hub: Delivery
[Topology][Hub] Satellites: 5
[Topology][Hub] Connections: 5
[Topology][Flow] Generating flow layout
[Topology][Flow] Nodes: 8
[Topology][Flow] Connections: 7
[Topology][Hub] Generating hub layout
[Topology][Hub] Hub: Delivery
[Topology][Hub] Satellites: 5
[Topology][Hub] Connections: 5
▶ NCA-POST:1 Natural language recovery
  ✔ owns the post-NCA recovery identity without creating NCA:8 (0.803375ms)
  ✔ resolves exact, article, case, punctuation, typo, and alias references (27.539333ms)
  ✔ keeps Capacity Gap distinct from Capacity and fails low-confidence tokens (0.753ms)
  ✔ asks when two registered names are equally plausible (0.154958ms)
  ✔ composes needs with typos across show, explain, and what-if (448.372958ms)
  ✔ anchors why? to a genuine failed turn instead of the older Risk thread (116.59575ms)
  ✔ repairs an ambiguous pending choice from a short reply (52.797084ms)
  ✔ keeps the prior business thread after abandoning a failed repair (76.872833ms)
  ✔ does not prepend journey-process initiative onto show Delivery (20.582458ms)
  ✔ still surfaces a material business initiative when policy justifies it (0.602375ms)
  ✔ keeps ordinary manager language leak-free and permits explicit technical mode (38.572958ms)
  ✔ treats natural what-if grammar as the same projection family (49.279708ms)
  ✔ reproduces the original failure path without the old defects (132.767417ms)
✔ NCA-POST:1 Natural language recovery (967.161709ms)
[Topology][Flow] Generating flow layout
[Topology][Flow] Nodes: 8
[Topology][Flow] Connections: 7
[Topology][Flow] Generating flow layout
[Topology][Flow] Nodes: 2
[Topology][Flow] Connections: 1
[Topology][Flow] Generating flow layout
[Topology][Flow] Nodes: 8
[Topology][Flow] Connections: 7
[Topology][Flow] Generating flow layout
[Topology][Flow] Nodes: 2
[Topology][Flow] Connections: 1
[Topology][Flow] Generating flow layout
[Topology][Flow] Nodes: 8
[Topology][Flow] Connections: 7
[Topology][Flow] Generating flow layout
[Topology][Flow] Nodes: 2
[Topology][Flow] Connections: 1
[Topology][Flow] Generating flow layout
[Topology][Flow] Nodes: 8
[Topology][Flow] Connections: 7
[Topology][Flow] Generating flow layout
[Topology][Flow] Nodes: 2
[Topology][Flow] Connections: 1
[Topology][Flow] Generating flow layout
[Topology][Flow] Nodes: 8
[Topology][Flow] Connections: 7
[Topology][Flow] Generating flow layout
[Topology][Flow] Nodes: 2
[Topology][Flow] Connections: 1
[Topology][Flow] Generating flow layout
[Topology][Flow] Nodes: 8
[Topology][Flow] Connections: 7
[Topology][Flow] Generating flow layout
[Topology][Flow] Nodes: 2
[Topology][Flow] Connections: 1
[Topology][Flow] Generating flow layout
[Topology][Flow] Nodes: 8
[Topology][Flow] Connections: 7
[Topology][Hub] Generating hub layout
[Topology][Hub] Hub: Delivery
[Topology][Hub] Satellites: 5
[Topology][Hub] Connections: 5
[Topology][Flow] Generating flow layout
[Topology][Flow] Nodes: 8
[Topology][Flow] Connections: 7
[Topology][Hub] Generating hub layout
[Topology][Hub] Hub: Delivery
[Topology][Hub] Satellites: 5
[Topology][Hub] Connections: 5
[Topology][Flow] Generating flow layout
[Topology][Flow] Nodes: 8
[Topology][Flow] Connections: 7
[Topology][Flow] Generating flow layout
[Topology][Flow] Nodes: 2
[Topology][Flow] Connections: 1
[Topology][Flow] Generating flow layout
[Topology][Flow] Nodes: 8
[Topology][Flow] Connections: 7
[Topology][Flow] Generating flow layout
[Topology][Flow] Nodes: 2
[Topology][Flow] Connections: 1
[Topology][Flow] Generating flow layout
[Topology][Flow] Nodes: 8
[Topology][Flow] Connections: 7
[Topology][Flow] Generating flow layout
[Topology][Flow] Nodes: 2
[Topology][Flow] Connections: 1
[Topology][Flow] Generating flow layout
[Topology][Flow] Nodes: 8
[Topology][Flow] Connections: 7
[Topology][Flow] Generating flow layout
[Topology][Flow] Nodes: 2
[Topology][Flow] Connections: 1
[Topology][Flow] Generating flow layout
[Topology][Flow] Nodes: 8
[Topology][Flow] Connections: 7
[Topology][Flow] Generating flow layout
[Topology][Flow] Nodes: 2
[Topology][Flow] Connections: 1
▶ NCA-POST:2 Manager assertions, pending questions, collections
  ✔ owns identity without creating NCA:8 (1.046875ms)
  ✔ A command vs B assertion vs C question vs D numeric vs E correction vs F preference (48.838625ms)
  ✔ does not navigate on a copular observation (210.633875ms)
  ✔ binds polar answers to the latest compatible question purpose (0.592667ms)
  ✔ does not treat expired questions as answerable (0.124417ms)
  ✔ recognizes collection queries instead of All Problems object lookup (44.129375ms)
  ✔ returns a valid empty collection, not an unresolved object (2.196916ms)
  ✔ preserves collection ordinals (110.230375ms)
  ✔ keeps ordinary greeting silent (21.111833ms)
  ✔ still allows critical greeting initiative (0.64575ms)
  ✔ removes tautological attention copy (66.132791ms)
  ✔ walks the original path without the five observed defects (89.911292ms)
  ✔ keeps manager observation separate from authoritative data (0.3465ms)
✔ NCA-POST:2 Manager assertions, pending questions, collections (598.564291ms)
[Topology][Flow] Generating flow layout
[Topology][Flow] Nodes: 8
[Topology][Flow] Connections: 7
[Topology][Flow] Generating flow layout
[Topology][Flow] Nodes: 2
[Topology][Flow] Connections: 1
[Topology][Flow] Generating flow layout
[Topology][Flow] Nodes: 8
[Topology][Flow] Connections: 7
[Topology][Flow] Generating flow layout
[Topology][Flow] Nodes: 2
[Topology][Flow] Connections: 1
[Topology][Flow] Generating flow layout
[Topology][Flow] Nodes: 8
[Topology][Flow] Connections: 7
[Topology][Flow] Generating flow layout
[Topology][Flow] Nodes: 2
[Topology][Flow] Connections: 1
[Topology][Flow] Generating flow layout
[Topology][Flow] Nodes: 8
[Topology][Flow] Connections: 7
[Topology][Flow] Generating flow layout
[Topology][Flow] Nodes: 2
[Topology][Flow] Connections: 1
[Topology][Flow] Generating flow layout
[Topology][Flow] Nodes: 8
[Topology][Flow] Connections: 7
[Topology][Flow] Generating flow layout
[Topology][Flow] Nodes: 2
[Topology][Flow] Connections: 1
[Topology][Flow] Generating flow layout
[Topology][Flow] Nodes: 8
[Topology][Flow] Connections: 7
[Topology][Flow] Generating flow layout
[Topology][Flow] Nodes: 2
[Topology][Flow] Connections: 1
[Topology][Flow] Generating flow layout
[Topology][Flow] Nodes: 8
[Topology][Flow] Connections: 7
[Topology][Flow] Generating flow layout
[Topology][Flow] Nodes: 2
[Topology][Flow] Connections: 1
[Topology][Flow] Generating flow layout
[Topology][Flow] Nodes: 8
[Topology][Flow] Connections: 7
[Topology][Flow] Generating flow layout
[Topology][Flow] Nodes: 2
[Topology][Flow] Connections: 1
[Topology][Flow] Generating flow layout
[Topology][Flow] Nodes: 8
[Topology][Flow] Connections: 7
[Topology][Flow] Generating flow layout
[Topology][Flow] Nodes: 2
[Topology][Flow] Connections: 1
[Topology][Flow] Generating flow layout
[Topology][Flow] Nodes: 8
[Topology][Flow] Connections: 7
[Topology][Flow] Generating flow layout
[Topology][Flow] Nodes: 2
[Topology][Flow] Connections: 1
[Topology][Flow] Generating flow layout
[Topology][Flow] Nodes: 8
[Topology][Flow] Connections: 7
[Topology][Hub] Generating hub layout
[Topology][Hub] Hub: Delivery
[Topology][Hub] Satellites: 5
[Topology][Hub] Connections: 5
[Topology][Flow] Generating flow layout
[Topology][Flow] Nodes: 8
[Topology][Flow] Connections: 7
[Topology][Flow] Generating flow layout
[Topology][Flow] Nodes: 2
[Topology][Flow] Connections: 1
[Topology][Flow] Generating flow layout
[Topology][Flow] Nodes: 8
[Topology][Flow] Connections: 7
[Topology][Flow] Generating flow layout
[Topology][Flow] Nodes: 2
[Topology][Flow] Connections: 1
[Topology][Flow] Generating flow layout
[Topology][Flow] Nodes: 8
[Topology][Flow] Connections: 7
[Topology][Flow] Generating flow layout
[Topology][Flow] Nodes: 2
[Topology][Flow] Connections: 1
[Topology][Flow] Generating flow layout
[Topology][Flow] Nodes: 8
[Topology][Flow] Connections: 7
[Topology][Flow] Generating flow layout
[Topology][Flow] Nodes: 2
[Topology][Flow] Connections: 1
[Topology][Flow] Generating flow layout
[Topology][Flow] Nodes: 8
[Topology][Flow] Connections: 7
[Topology][Flow] Generating flow layout
[Topology][Flow] Nodes: 2
[Topology][Flow] Connections: 1
[Topology][Flow] Generating flow layout
[Topology][Flow] Nodes: 8
[Topology][Flow] Connections: 7
[Topology][Flow] Generating flow layout
[Topology][Flow] Nodes: 2
[Topology][Flow] Connections: 1
[Topology][Flow] Generating flow layout
[Topology][Flow] Nodes: 8
[Topology][Flow] Connections: 7
[Topology][Flow] Generating flow layout
[Topology][Flow] Nodes: 2
[Topology][Flow] Connections: 1
[Topology][Flow] Generating flow layout
[Topology][Flow] Nodes: 8
[Topology][Flow] Connections: 7
[Topology][Flow] Generating flow layout
[Topology][Flow] Nodes: 2
[Topology][Flow] Connections: 1
[Topology][Flow] Generating flow layout
[Topology][Flow] Nodes: 8
[Topology][Flow] Connections: 7
[Topology][Flow] Generating flow layout
[Topology][Flow] Nodes: 2
[Topology][Flow] Connections: 1
[Topology][Flow] Generating flow layout
[Topology][Flow] Nodes: 8
[Topology][Flow] Connections: 7
[Topology][Flow] Generating flow layout
[Topology][Flow] Nodes: 2
[Topology][Flow] Connections: 1
[Topology][Flow] Generating flow layout
[Topology][Flow] Nodes: 8
[Topology][Flow] Connections: 7
[Topology][Flow] Generating flow layout
[Topology][Flow] Nodes: 2
[Topology][Flow] Connections: 1
[Topology][Flow] Generating flow layout
[Topology][Flow] Nodes: 8
[Topology][Flow] Connections: 7
[Topology][Flow] Generating flow layout
[Topology][Flow] Nodes: 2
[Topology][Flow] Connections: 1
[Topology][Flow] Generating flow layout
[Topology][Flow] Nodes: 8
[Topology][Flow] Connections: 7
[Topology][Flow] Generating flow layout
[Topology][Flow] Nodes: 2
[Topology][Flow] Connections: 1
[Topology][Flow] Generating flow layout
[Topology][Flow] Nodes: 8
[Topology][Flow] Connections: 7
[Topology][Flow] Generating flow layout
[Topology][Flow] Nodes: 2
[Topology][Flow] Connections: 1
[Topology][Flow] Generating flow layout
[Topology][Flow] Nodes: 8
[Topology][Flow] Connections: 7
[Topology][Flow] Generating flow layout
[Topology][Flow] Nodes: 2
[Topology][Flow] Connections: 1
[Topology][Flow] Generating flow layout
[Topology][Flow] Nodes: 8
[Topology][Flow] Connections: 7
[Topology][Flow] Generating flow layout
[Topology][Flow] Nodes: 2
[Topology][Flow] Connections: 1
[Topology][Flow] Generating flow layout
[Topology][Flow] Nodes: 8
[Topology][Flow] Connections: 7
[Topology][Flow] Generating flow layout
[Topology][Flow] Nodes: 2
[Topology][Flow] Connections: 1
▶ NCA-POST:3 Semantic scope, multi-entity, collections, workspace
  ✔ owns identity without creating NCA:8 (2.8195ms)
  ✔ classifies semantic scopes (6.111417ms)
  ✔ keeps both relationship references (259.607042ms)
  ✔ does not ask for a business outcome on product and workspace turns (137.31825ms)
  ✔ evaluates conditionals from existing context (37.747292ms)
  ✔ treats multi-entity classification as assertion, not navigation (23.087208ms)
  ✔ returns canonical Problems membership for unfiltered collection queries (50.838958ms)
  ✔ keeps ALL unfiltered when a conversational subject is active (77.950958ms)
  ✔ filters only when related-to is explicit (22.397375ms)
  ✔ explains collection change without investigation collision (27.951125ms)
  ✔ answers product capability honestly (47.607333ms)
  ✔ explains Stage and reads workspace state (12.875541ms)
  ✔ answers Stage questions from the current semantic snapshot without implying causality (2.549375ms)
  ✔ does not invent a missing relationship or claim causality (9.278959ms)
  ✔ uses the same canonical queue membership for Risks as objects labeled Risk (0.174625ms)
  ✔ preserves business thread across a product question (59.800417ms)
  ✔ keeps ambiguous judgment follow-ups inside the active Problems collection (48.546792ms)
  ✔ lets explicit collection presentation supersede focus and describes its members (165.200291ms)
✔ NCA-POST:3 Semantic scope, multi-entity, collections, workspace (993.651084ms)
✔ active Problems collection outranks stale Demand Surge advisory context (2.828333ms)
✔ explicit references outrank an active collection (1.30925ms)
✔ current compatible collection wins in both direction changes (0.354208ms)
✔ semantic modes and criteria remain distinct (0.264125ms)
✔ materially ambiguous importance remains unresolved until a criterion is established (0.275625ms)
✔ a pending criterion token stays comparison even if upstream intent looks like focus (0.467083ms)
✔ an established comparison criterion resolves otherwise ambiguous follow-up wording (0.404167ms)
✔ why and criterion shift reuse active comparison candidates (0.448833ms)
✔ empty and one-member sets never borrow stale history (1.548292ms)
✔ ambiguous priority follow-ups retain an active collection despite upstream focus or explain labels (0.316ms)
✔ plain navigation does not become comparison merely because a collection exists (0.210125ms)
[Topology][Flow] Generating flow layout
[Topology][Flow] Nodes: 8
[Topology][Flow] Connections: 7
[Topology][Flow] Generating flow layout
[Topology][Flow] Nodes: 2
[Topology][Flow] Connections: 1
[Topology][Flow] Generating flow layout
[Topology][Flow] Nodes: 8
[Topology][Flow] Connections: 7
[Topology][Flow] Generating flow layout
[Topology][Flow] Nodes: 2
[Topology][Flow] Connections: 1
[Topology][Flow] Generating flow layout
[Topology][Flow] Nodes: 8
[Topology][Flow] Connections: 7
[Topology][Hub] Generating hub layout
[Topology][Hub] Hub: Delivery
[Topology][Hub] Satellites: 5
[Topology][Hub] Connections: 5
[Topology][Flow] Generating flow layout
[Topology][Flow] Nodes: 8
[Topology][Flow] Connections: 7
[Topology][Hub] Generating hub layout
[Topology][Hub] Hub: Delivery
[Topology][Hub] Satellites: 5
[Topology][Hub] Connections: 5
[Topology][Flow] Generating flow layout
[Topology][Flow] Nodes: 8
[Topology][Flow] Connections: 7
[Topology][Hub] Generating hub layout
[Topology][Hub] Hub: Delivery
[Topology][Hub] Satellites: 5
[Topology][Hub] Connections: 5
[Topology][Flow] Generating flow layout
[Topology][Flow] Nodes: 8
[Topology][Flow] Connections: 7
[Topology][Hub] Generating hub layout
[Topology][Hub] Hub: Delivery
[Topology][Hub] Satellites: 5
[Topology][Hub] Connections: 5
[Topology][Flow] Generating flow layout
[Topology][Flow] Nodes: 8
[Topology][Flow] Connections: 7
[Topology][Hub] Generating hub layout
[Topology][Hub] Hub: Delivery
[Topology][Hub] Satellites: 5
[Topology][Hub] Connections: 5
[Topology][Flow] Generating flow layout
[Topology][Flow] Nodes: 8
[Topology][Flow] Connections: 7
[Topology][Hub] Generating hub layout
[Topology][Hub] Hub: Delivery
[Topology][Hub] Satellites: 5
[Topology][Hub] Connections: 5
[Topology][Flow] Generating flow layout
[Topology][Flow] Nodes: 8
[Topology][Flow] Connections: 7
[Topology][Hub] Generating hub layout
[Topology][Hub] Hub: Delivery
[Topology][Hub] Satellites: 5
[Topology][Hub] Connections: 5
[Topology][Flow] Generating flow layout
[Topology][Flow] Nodes: 8
[Topology][Flow] Connections: 7
[Topology][Hub] Generating hub layout
[Topology][Hub] Hub: Delivery
[Topology][Hub] Satellites: 5
[Topology][Hub] Connections: 5
[Topology][Flow] Generating flow layout
[Topology][Flow] Nodes: 8
[Topology][Flow] Connections: 7
[Topology][Hub] Generating hub layout
[Topology][Hub] Hub: Delivery
[Topology][Hub] Satellites: 5
[Topology][Hub] Connections: 5
[Topology][Flow] Generating flow layout
[Topology][Flow] Nodes: 8
[Topology][Flow] Connections: 7
[Topology][Flow] Generating flow layout
[Topology][Flow] Nodes: 2
[Topology][Flow] Connections: 1
[Topology][Flow] Generating flow layout
[Topology][Flow] Nodes: 8
[Topology][Flow] Connections: 7
[Topology][Flow] Generating flow layout
[Topology][Flow] Nodes: 2
[Topology][Flow] Connections: 1
[Topology][Flow] Generating flow layout
[Topology][Flow] Nodes: 8
[Topology][Flow] Connections: 7
[Topology][Flow] Generating flow layout
[Topology][Flow] Nodes: 2
[Topology][Flow] Connections: 1
[Topology][Flow] Generating flow layout
[Topology][Flow] Nodes: 8
[Topology][Flow] Connections: 7
[Topology][Flow] Generating flow layout
[Topology][Flow] Nodes: 2
[Topology][Flow] Connections: 1
[Topology][Flow] Generating flow layout
[Topology][Flow] Nodes: 8
[Topology][Flow] Connections: 7
[Topology][Flow] Generating flow layout
[Topology][Flow] Nodes: 2
[Topology][Flow] Connections: 1
[Topology][Flow] Generating flow layout
[Topology][Flow] Nodes: 8
[Topology][Flow] Connections: 7
[Topology][Flow] Generating flow layout
[Topology][Flow] Nodes: 2
[Topology][Flow] Connections: 1
▶ NXA:1 Executive Decision Advisor contract
  ✔ declares one policy identity over existing authorities (0.831542ms)
  ✔ knowledge need outranks recognized object and does not navigate (205.749167ms)
  ✔ explicit navigation remains authorized (57.537917ms)
  ✔ pronoun follow-up preserves Delivery (50.295625ms)
  ✔ investigation and advice preserve evidence limits (84.309ms)
  ✔ rejects unsupported causal certainty (47.817583ms)
  ✔ teaches how Nexora helps without architecture leakage (38.196ms)
  ✔ keeps the active Problem collection for prioritization (39.247708ms)
  ✔ is generic across registered executive objects (38.174584ms)
✔ NXA:1 Executive Decision Advisor contract (563.518084ms)
[Topology][Flow] Generating flow layout
[Topology][Flow] Nodes: 8
[Topology][Flow] Connections: 7
[Topology][Flow] Generating flow layout
[Topology][Flow] Nodes: 2
[Topology][Flow] Connections: 1
[Topology][Flow] Generating flow layout
[Topology][Flow] Nodes: 8
[Topology][Flow] Connections: 7
[Topology][Flow] Generating flow layout
[Topology][Flow] Nodes: 2
[Topology][Flow] Connections: 1
[Topology][Flow] Generating flow layout
[Topology][Flow] Nodes: 8
[Topology][Flow] Connections: 7
[Topology][Hub] Generating hub layout
[Topology][Hub] Hub: Delivery
[Topology][Hub] Satellites: 5
[Topology][Hub] Connections: 5
[Topology][Flow] Generating flow layout
[Topology][Flow] Nodes: 8
[Topology][Flow] Connections: 7
[Topology][Hub] Generating hub layout
[Topology][Hub] Hub: Delivery
[Topology][Hub] Satellites: 5
[Topology][Hub] Connections: 5
[Topology][Flow] Generating flow layout
[Topology][Flow] Nodes: 8
[Topology][Flow] Connections: 7
[Topology][Hub] Generating hub layout
[Topology][Hub] Hub: Delivery
[Topology][Hub] Satellites: 5
[Topology][Hub] Connections: 5
[Topology][Flow] Generating flow layout
[Topology][Flow] Nodes: 8
[Topology][Flow] Connections: 7
[Topology][Hub] Generating hub layout
[Topology][Hub] Hub: Delivery
[Topology][Hub] Satellites: 5
[Topology][Hub] Connections: 5
[Topology][Flow] Generating flow layout
[Topology][Flow] Nodes: 8
[Topology][Flow] Connections: 7
[Topology][Hub] Generating hub layout
[Topology][Hub] Hub: Delivery
[Topology][Hub] Satellites: 5
[Topology][Hub] Connections: 5
[Topology][Flow] Generating flow layout
[Topology][Flow] Nodes: 8
[Topology][Flow] Connections: 7
[Topology][Hub] Generating hub layout
[Topology][Hub] Hub: Delivery
[Topology][Hub] Satellites: 5
[Topology][Hub] Connections: 5
[Topology][Flow] Generating flow layout
[Topology][Flow] Nodes: 8
[Topology][Flow] Connections: 7
[Topology][Flow] Generating flow layout
[Topology][Flow] Nodes: 2
[Topology][Flow] Connections: 1
[Topology][Flow] Generating flow layout
[Topology][Flow] Nodes: 8
[Topology][Flow] Connections: 7
[Topology][Flow] Generating flow layout
[Topology][Flow] Nodes: 2
[Topology][Flow] Connections: 1
[Topology][Flow] Generating flow layout
[Topology][Flow] Nodes: 8
[Topology][Flow] Connections: 7
[Topology][Hub] Generating hub layout
[Topology][Hub] Hub: Delivery
[Topology][Hub] Satellites: 5
[Topology][Hub] Connections: 5
[Topology][Flow] Generating flow layout
[Topology][Flow] Nodes: 8
[Topology][Flow] Connections: 7
[Topology][Hub] Generating hub layout
[Topology][Hub] Hub: Delivery
[Topology][Hub] Satellites: 5
[Topology][Hub] Connections: 5
[Topology][Flow] Generating flow layout
[Topology][Flow] Nodes: 8
[Topology][Flow] Connections: 7
[Topology][Hub] Generating hub layout
[Topology][Hub] Hub: Delivery
[Topology][Hub] Satellites: 5
[Topology][Hub] Connections: 5
[Topology][Flow] Generating flow layout
[Topology][Flow] Nodes: 8
[Topology][Flow] Connections: 7
[Topology][Hub] Generating hub layout
[Topology][Hub] Hub: Delivery
[Topology][Hub] Satellites: 5
[Topology][Hub] Connections: 5
[Topology][Flow] Generating flow layout
[Topology][Flow] Nodes: 8
[Topology][Flow] Connections: 7
[Topology][Hub] Generating hub layout
[Topology][Hub] Hub: Delivery
[Topology][Hub] Satellites: 5
[Topology][Hub] Connections: 5
[Topology][Flow] Generating flow layout
[Topology][Flow] Nodes: 8
[Topology][Flow] Connections: 7
[Topology][Flow] Generating flow layout
[Topology][Flow] Nodes: 2
[Topology][Flow] Connections: 1
[Topology][Flow] Generating flow layout
[Topology][Flow] Nodes: 8
[Topology][Flow] Connections: 7
[Topology][Flow] Generating flow layout
[Topology][Flow] Nodes: 2
[Topology][Flow] Connections: 1
[Topology][Flow] Generating flow layout
[Topology][Flow] Nodes: 8
[Topology][Flow] Connections: 7
[Topology][Hub] Generating hub layout
[Topology][Hub] Hub: Delivery
[Topology][Hub] Satellites: 5
[Topology][Hub] Connections: 5
[Topology][Flow] Generating flow layout
[Topology][Flow] Nodes: 8
[Topology][Flow] Connections: 7
[Topology][Hub] Generating hub layout
[Topology][Hub] Hub: Delivery
[Topology][Hub] Satellites: 5
[Topology][Hub] Connections: 5
[Topology][Flow] Generating flow layout
[Topology][Flow] Nodes: 8
[Topology][Flow] Connections: 7
[Topology][Hub] Generating hub layout
[Topology][Hub] Hub: Delivery
[Topology][Hub] Satellites: 5
[Topology][Hub] Connections: 5
[Topology][Flow] Generating flow layout
[Topology][Flow] Nodes: 8
[Topology][Flow] Connections: 7
[Topology][Hub] Generating hub layout
[Topology][Hub] Hub: Delivery
[Topology][Hub] Satellites: 5
[Topology][Hub] Connections: 5
[Topology][Flow] Generating flow layout
[Topology][Flow] Nodes: 8
[Topology][Flow] Connections: 7
[Topology][Hub] Generating hub layout
[Topology][Hub] Hub: Delivery
[Topology][Hub] Satellites: 5
[Topology][Hub] Connections: 5
[Topology][Flow] Generating flow layout
[Topology][Flow] Nodes: 8
[Topology][Flow] Connections: 7
[Topology][Flow] Generating flow layout
[Topology][Flow] Nodes: 2
[Topology][Flow] Connections: 1
[Topology][Flow] Generating flow layout
[Topology][Flow] Nodes: 8
[Topology][Flow] Connections: 7
[Topology][Flow] Generating flow layout
[Topology][Flow] Nodes: 2
[Topology][Flow] Connections: 1
[Topology][Flow] Generating flow layout
[Topology][Flow] Nodes: 8
[Topology][Flow] Connections: 7
[Topology][Flow] Generating flow layout
[Topology][Flow] Nodes: 2
[Topology][Flow] Connections: 1
[Topology][Flow] Generating flow layout
[Topology][Flow] Nodes: 8
[Topology][Flow] Connections: 7
[Topology][Flow] Generating flow layout
[Topology][Flow] Nodes: 2
[Topology][Flow] Connections: 1
[Topology][Flow] Generating flow layout
[Topology][Flow] Nodes: 8
[Topology][Flow] Connections: 7
[Topology][Flow] Generating flow layout
[Topology][Flow] Nodes: 2
[Topology][Flow] Connections: 1
▶ NXA:2 Executive Conversation Guidance
  ✔ is a policy projection over existing authorities (0.808125ms)
  ✔ A direct knowledge question selects ANSWER without a question (175.953834ms)
  ✔ B vague performance goal asks one high-value goal question (61.222375ms)
  ✔ C existing Delivery target is used and not requested again (64.653667ms)
  ✔ D advice is contextual and actionable (45.112208ms)
  ✔ E unsupported certainty selects CHALLENGE and preserves authority (45.146459ms)
  ✔ F explicit manager override is respected (35.389916ms)
  ✔ G Why deepens advice without resetting the recommendation (53.173542ms)
  ✔ H manager uncertainty selects contextual GUIDE (38.627416ms)
  ✔ I contextual education teaches through the active object (22.245375ms)
  ✔ J closure selects WAIT without workflow pressure (29.500542ms)
  ✔ K readiness stays behind existing commitment authority (45.041375ms)
  ✔ L guidance remains object-generic (50.775417ms)
✔ NXA:2 Executive Conversation Guidance (669.419958ms)
[Topology][Flow] Generating flow layout
[Topology][Flow] Nodes: 8
[Topology][Flow] Connections: 7
[Topology][Flow] Generating flow layout
[Topology][Flow] Nodes: 2
[Topology][Flow] Connections: 1
[Topology][Flow] Generating flow layout
[Topology][Flow] Nodes: 8
[Topology][Flow] Connections: 7
[Topology][Hub] Generating hub layout
[Topology][Hub] Hub: Capacity
[Topology][Hub] Satellites: 5
[Topology][Hub] Connections: 5
[Topology][Flow] Generating flow layout
[Topology][Flow] Nodes: 8
[Topology][Flow] Connections: 7
[Topology][Hub] Generating hub layout
[Topology][Hub] Hub: Capacity
[Topology][Hub] Satellites: 5
[Topology][Hub] Connections: 5
[Topology][Flow] Generating flow layout
[Topology][Flow] Nodes: 8
[Topology][Flow] Connections: 7
[Topology][Hub] Generating hub layout
[Topology][Hub] Hub: Delivery
[Topology][Hub] Satellites: 5
[Topology][Hub] Connections: 5
[Topology][Flow] Generating flow layout
[Topology][Flow] Nodes: 8
[Topology][Flow] Connections: 7
[Topology][Flow] Generating flow layout
[Topology][Flow] Nodes: 2
[Topology][Flow] Connections: 1
[Topology][Flow] Generating flow layout
[Topology][Flow] Nodes: 8
[Topology][Flow] Connections: 7
[Topology][Flow] Generating flow layout
[Topology][Flow] Nodes: 2
[Topology][Flow] Connections: 1
[Topology][Flow] Generating flow layout
[Topology][Flow] Nodes: 8
[Topology][Flow] Connections: 7
[Topology][Flow] Generating flow layout
[Topology][Flow] Nodes: 2
[Topology][Flow] Connections: 1
[Topology][Flow] Generating flow layout
[Topology][Flow] Nodes: 8
[Topology][Flow] Connections: 7
[Topology][Flow] Generating flow layout
[Topology][Flow] Nodes: 2
[Topology][Flow] Connections: 1
[Topology][Flow] Generating flow layout
[Topology][Flow] Nodes: 8
[Topology][Flow] Connections: 7
[Topology][Hub] Generating hub layout
[Topology][Hub] Hub: Delivery
[Topology][Hub] Satellites: 5
[Topology][Hub] Connections: 5
[Topology][Flow] Generating flow layout
[Topology][Flow] Nodes: 8
[Topology][Flow] Connections: 7
[Topology][Hub] Generating hub layout
[Topology][Hub] Hub: Delivery
[Topology][Hub] Satellites: 5
[Topology][Hub] Connections: 5
[Topology][Flow] Generating flow layout
[Topology][Flow] Nodes: 8
[Topology][Flow] Connections: 7
[Topology][Flow] Generating flow layout
[Topology][Flow] Nodes: 2
[Topology][Flow] Connections: 1
[Topology][Flow] Generating flow layout
[Topology][Flow] Nodes: 8
[Topology][Flow] Connections: 7
[Topology][Flow] Generating flow layout
[Topology][Flow] Nodes: 2
[Topology][Flow] Connections: 1
[Topology][Flow] Generating flow layout
[Topology][Flow] Nodes: 8
[Topology][Flow] Connections: 7
[Topology][Flow] Generating flow layout
[Topology][Flow] Nodes: 2
[Topology][Flow] Connections: 1
[Topology][Flow] Generating flow layout
[Topology][Flow] Nodes: 8
[Topology][Flow] Connections: 7
[Topology][Flow] Generating flow layout
[Topology][Flow] Nodes: 2
[Topology][Flow] Connections: 1
[Topology][Flow] Generating flow layout
[Topology][Flow] Nodes: 8
[Topology][Flow] Connections: 7
[Topology][Flow] Generating flow layout
[Topology][Flow] Nodes: 2
[Topology][Flow] Connections: 1
[Topology][Flow] Generating flow layout
[Topology][Flow] Nodes: 8
[Topology][Flow] Connections: 7
[Topology][Flow] Generating flow layout
[Topology][Flow] Nodes: 2
[Topology][Flow] Connections: 1
[Topology][Flow] Generating flow layout
[Topology][Flow] Nodes: 8
[Topology][Flow] Connections: 7
[Topology][Hub] Generating hub layout
[Topology][Hub] Hub: Delivery
[Topology][Hub] Satellites: 5
[Topology][Hub] Connections: 5
[Topology][Flow] Generating flow layout
[Topology][Flow] Nodes: 8
[Topology][Flow] Connections: 7
[Topology][Hub] Generating hub layout
[Topology][Hub] Hub: Delivery
[Topology][Hub] Satellites: 5
[Topology][Hub] Connections: 5
[Topology][Flow] Generating flow layout
[Topology][Flow] Nodes: 8
[Topology][Flow] Connections: 7
[Topology][Flow] Generating flow layout
[Topology][Flow] Nodes: 2
[Topology][Flow] Connections: 1
[Topology][Flow] Generating flow layout
[Topology][Flow] Nodes: 8
[Topology][Flow] Connections: 7
[Topology][Flow] Generating flow layout
[Topology][Flow] Nodes: 2
[Topology][Flow] Connections: 1
[Topology][Flow] Generating flow layout
[Topology][Flow] Nodes: 8
[Topology][Flow] Connections: 7
[Topology][Flow] Generating flow layout
[Topology][Flow] Nodes: 2
[Topology][Flow] Connections: 1
[Topology][Flow] Generating flow layout
[Topology][Flow] Nodes: 8
[Topology][Flow] Connections: 7
[Topology][Hub] Generating hub layout
[Topology][Hub] Hub: Delivery
[Topology][Hub] Satellites: 5
[Topology][Hub] Connections: 5
[Topology][Flow] Generating flow layout
[Topology][Flow] Nodes: 8
[Topology][Flow] Connections: 7
[Topology][Hub] Generating hub layout
[Topology][Hub] Hub: Delivery
[Topology][Hub] Satellites: 5
[Topology][Hub] Connections: 5
[Topology][Flow] Generating flow layout
[Topology][Flow] Nodes: 8
[Topology][Flow] Connections: 7
[Topology][Hub] Generating hub layout
[Topology][Hub] Hub: Delivery
[Topology][Hub] Satellites: 5
[Topology][Hub] Connections: 5
[Topology][Flow] Generating flow layout
[Topology][Flow] Nodes: 8
[Topology][Flow] Connections: 7
[Topology][Flow] Generating flow layout
[Topology][Flow] Nodes: 2
[Topology][Flow] Connections: 1
[Topology][Flow] Generating flow layout
[Topology][Flow] Nodes: 8
[Topology][Flow] Connections: 7
[Topology][Flow] Generating flow layout
[Topology][Flow] Nodes: 2
[Topology][Flow] Connections: 1
[Topology][Flow] Generating flow layout
[Topology][Flow] Nodes: 8
[Topology][Flow] Connections: 7
[Topology][Flow] Generating flow layout
[Topology][Flow] Nodes: 2
[Topology][Flow] Connections: 1
[Topology][Flow] Generating flow layout
[Topology][Flow] Nodes: 8
[Topology][Flow] Connections: 7
[Topology][Flow] Generating flow layout
[Topology][Flow] Nodes: 2
[Topology][Flow] Connections: 1
[Topology][Flow] Generating flow layout
[Topology][Flow] Nodes: 8
[Topology][Flow] Connections: 7
[Topology][Flow] Generating flow layout
[Topology][Flow] Nodes: 2
[Topology][Flow] Connections: 1
[Topology][Flow] Generating flow layout
[Topology][Flow] Nodes: 8
[Topology][Flow] Connections: 7
[Topology][Flow] Generating flow layout
[Topology][Flow] Nodes: 2
[Topology][Flow] Connections: 1
▶ NXA:3 Executive Situation
  ✔ is a derived read model with no shadow authority (0.825167ms)
  ✔ A preserves Goal awareness and causal uncertainty (318.228916ms)
  ✔ B maintains one cross-turn investigation situation (92.953458ms)
  ✔ C uses known current and target values (31.993084ms)
  ✔ D invalidates advice when later manager evidence weakens its premise (34.182916ms)
  ✔ E manager override becomes current direction and recovery (29.758917ms)
  ✔ I preserves manager assertion separately from validated evidence (28.102667ms)
  ✔ J explicit topic shift invalidates old active focus (34.949166ms)
  ✔ K context recovery is compressed rather than a transcript dump (47.937708ms)
  ✔ L composes the same situation model across categories (53.248291ms)
✔ NXA:3 Executive Situation (673.6015ms)
✔ NXA:4 boundary is a composition policy, not a duplicate authority (1.678125ms)
✔ A material KPI deterioration linked to the Goal speaks without inventing cause (1.478625ms)
✔ Noise and process-only state are intelligent silence (0.441917ms)
✔ An unchanged prior intervention is suppressed but material deterioration re-evaluates (0.412791ms)
✔ Manager override and high-value focus defer ordinary interruption, not critical escalation (0.322292ms)
✔ Decision premise invalidation and execution blocker escalate without mutating CC truth (0.671958ms)
✔ Positive and partial Outcomes preserve causal uncertainty (0.292666ms)
✔ A material Opportunity can speak; weak evidence defers and cannot warn confidently (0.169833ms)
✔ Generic policy covers Problem, Risk, Decision, Execution, and Outcome families (0.268875ms)
✔ Monitoring response is honest when no runtime monitoring exists (0.442625ms)
✔ boundary composes existing authorities without score or mutation (3.107833ms)
✔ problem priority prefers reversible Goal-relevant learning and distinguishes magnitude (0.886084ms)
✔ unsupported overall importance refuses a fake magnitude and offers an explicit-criterion continuation (0.452959ms)
✔ requested risk criterion uses risk evidence instead of default Goal fit (0.245542ms)
✔ reversibility protects against premature irreversible action (1.190834ms)
✔ weak evidence changes recommendation from action to investigation (0.148208ms)
✔ strong supported reversible recommendation can act without endless analysis (0.149917ms)
✔ decision readiness distinguishes NOT_READY, READY_WITH_KNOWN_UNCERTAINTY, and READY (0.301542ms)
✔ specific change condition makes recommendation falsifiable (0.192958ms)
✔ new contradictory evidence revises recommendation without defending stale advice (0.247625ms)
✔ manager preference influences judgment without becoming evidence (0.386583ms)
✔ genuine tie produces conditional judgment and no fake winner (13.243042ms)
✔ candidate set integrity excludes unrelated high-attention candidate (0.230416ms)
✔ priority is deterministic and stable under irrelevant context changes (0.130917ms)
✔ generic judgment types share one architecture (0.178333ms)
✔ unknown Goal context never invents Goal relevance (0.176625ms)
✔ missing Goal context produces Goal-specific insufficiency and a safe continuation (0.170333ms)
[Topology][Flow] Generating flow layout
[Topology][Flow] Nodes: 8
[Topology][Flow] Connections: 7
[Topology][Flow] Generating flow layout
[Topology][Flow] Nodes: 2
[Topology][Flow] Connections: 1
[Topology][Flow] Generating flow layout
[Topology][Flow] Nodes: 8
[Topology][Flow] Connections: 7
[Topology][Flow] Generating flow layout
[Topology][Flow] Nodes: 2
[Topology][Flow] Connections: 1
[Topology][Flow] Generating flow layout
[Topology][Flow] Nodes: 8
[Topology][Flow] Connections: 7
[Topology][Flow] Generating flow layout
[Topology][Flow] Nodes: 2
[Topology][Flow] Connections: 1
[Topology][Flow] Generating flow layout
[Topology][Flow] Nodes: 8
[Topology][Flow] Connections: 7
[Topology][Flow] Generating flow layout
[Topology][Flow] Nodes: 2
[Topology][Flow] Connections: 1
[Topology][Flow] Generating flow layout
[Topology][Flow] Nodes: 8
[Topology][Flow] Connections: 7
[Topology][Flow] Generating flow layout
[Topology][Flow] Nodes: 2
[Topology][Flow] Connections: 1
[Topology][Flow] Generating flow layout
[Topology][Flow] Nodes: 8
[Topology][Flow] Connections: 7
[Topology][Flow] Generating flow layout
[Topology][Flow] Nodes: 2
[Topology][Flow] Connections: 1
[Topology][Flow] Generating flow layout
[Topology][Flow] Nodes: 8
[Topology][Flow] Connections: 7
[Topology][Flow] Generating flow layout
[Topology][Flow] Nodes: 2
[Topology][Flow] Connections: 1
[Topology][Flow] Generating flow layout
[Topology][Flow] Nodes: 8
[Topology][Flow] Connections: 7
[Topology][Flow] Generating flow layout
[Topology][Flow] Nodes: 2
[Topology][Flow] Connections: 1
[Topology][Flow] Generating flow layout
[Topology][Flow] Nodes: 8
[Topology][Flow] Connections: 7
[Topology][Flow] Generating flow layout
[Topology][Flow] Nodes: 2
[Topology][Flow] Connections: 1
[Topology][Flow] Generating flow layout
[Topology][Flow] Nodes: 8
[Topology][Flow] Connections: 7
[Topology][Flow] Generating flow layout
[Topology][Flow] Nodes: 2
[Topology][Flow] Connections: 1
[Topology][Flow] Generating flow layout
[Topology][Flow] Nodes: 8
[Topology][Flow] Connections: 7
[Topology][Flow] Generating flow layout
[Topology][Flow] Nodes: 2
[Topology][Flow] Connections: 1
[Topology][Flow] Generating flow layout
[Topology][Flow] Nodes: 8
[Topology][Flow] Connections: 7
[Topology][Flow] Generating flow layout
[Topology][Flow] Nodes: 2
[Topology][Flow] Connections: 1
[Topology][Flow] Generating flow layout
[Topology][Flow] Nodes: 8
[Topology][Flow] Connections: 7
[Topology][Flow] Generating flow layout
[Topology][Flow] Nodes: 2
[Topology][Flow] Connections: 1
[Topology][Flow] Generating flow layout
[Topology][Flow] Nodes: 8
[Topology][Flow] Connections: 7
[Topology][Flow] Generating flow layout
[Topology][Flow] Nodes: 2
[Topology][Flow] Connections: 1
[Topology][Flow] Generating flow layout
[Topology][Flow] Nodes: 8
[Topology][Flow] Connections: 7
[Topology][Flow] Generating flow layout
[Topology][Flow] Nodes: 2
[Topology][Flow] Connections: 1
[Topology][Flow] Generating flow layout
[Topology][Flow] Nodes: 8
[Topology][Flow] Connections: 7
[Topology][Flow] Generating flow layout
[Topology][Flow] Nodes: 2
[Topology][Flow] Connections: 1
[Topology][Flow] Generating flow layout
[Topology][Flow] Nodes: 8
[Topology][Flow] Connections: 7
[Topology][Flow] Generating flow layout
[Topology][Flow] Nodes: 2
[Topology][Flow] Connections: 1
[Topology][Flow] Generating flow layout
[Topology][Flow] Nodes: 8
[Topology][Flow] Connections: 7
[Topology][Flow] Generating flow layout
[Topology][Flow] Nodes: 2
[Topology][Flow] Connections: 1
[Topology][Flow] Generating flow layout
[Topology][Flow] Nodes: 8
[Topology][Flow] Connections: 7
[Topology][Flow] Generating flow layout
[Topology][Flow] Nodes: 2
[Topology][Flow] Connections: 1
[Topology][Flow] Generating flow layout
[Topology][Flow] Nodes: 8
[Topology][Flow] Connections: 7
[Topology][Flow] Generating flow layout
[Topology][Flow] Nodes: 2
[Topology][Flow] Connections: 1
[Topology][Flow] Generating flow layout
[Topology][Flow] Nodes: 8
[Topology][Flow] Connections: 7
[Topology][Flow] Generating flow layout
[Topology][Flow] Nodes: 2
[Topology][Flow] Connections: 1
[Topology][Flow] Generating flow layout
[Topology][Flow] Nodes: 8
[Topology][Flow] Connections: 7
[Topology][Flow] Generating flow layout
[Topology][Flow] Nodes: 2
[Topology][Flow] Connections: 1
[Topology][Flow] Generating flow layout
[Topology][Flow] Nodes: 8
[Topology][Flow] Connections: 7
[Topology][Flow] Generating flow layout
[Topology][Flow] Nodes: 2
[Topology][Flow] Connections: 1
[Topology][Flow] Generating flow layout
[Topology][Flow] Nodes: 8
[Topology][Flow] Connections: 7
[Topology][Flow] Generating flow layout
[Topology][Flow] Nodes: 2
[Topology][Flow] Connections: 1
[Topology][Flow] Generating flow layout
[Topology][Flow] Nodes: 8
[Topology][Flow] Connections: 7
[Topology][Flow] Generating flow layout
[Topology][Flow] Nodes: 2
[Topology][Flow] Connections: 1
[Topology][Flow] Generating flow layout
[Topology][Flow] Nodes: 8
[Topology][Flow] Connections: 7
[Topology][Flow] Generating flow layout
[Topology][Flow] Nodes: 2
[Topology][Flow] Connections: 1
[Topology][Flow] Generating flow layout
[Topology][Flow] Nodes: 8
[Topology][Flow] Connections: 7
[Topology][Flow] Generating flow layout
[Topology][Flow] Nodes: 2
[Topology][Flow] Connections: 1
[Topology][Flow] Generating flow layout
[Topology][Flow] Nodes: 8
[Topology][Flow] Connections: 7
[Topology][Flow] Generating flow layout
[Topology][Flow] Nodes: 2
[Topology][Flow] Connections: 1
[Topology][Flow] Generating flow layout
[Topology][Flow] Nodes: 8
[Topology][Flow] Connections: 7
[Topology][Flow] Generating flow layout
[Topology][Flow] Nodes: 2
[Topology][Flow] Connections: 1
[Topology][Flow] Generating flow layout
[Topology][Flow] Nodes: 8
[Topology][Flow] Connections: 7
[Topology][Flow] Generating flow layout
[Topology][Flow] Nodes: 2
[Topology][Flow] Connections: 1
[Topology][Flow] Generating flow layout
[Topology][Flow] Nodes: 8
[Topology][Flow] Connections: 7
[Topology][Flow] Generating flow layout
[Topology][Flow] Nodes: 2
[Topology][Flow] Connections: 1
[Topology][Flow] Generating flow layout
[Topology][Flow] Nodes: 8
[Topology][Flow] Connections: 7
[Topology][Flow] Generating flow layout
[Topology][Flow] Nodes: 2
[Topology][Flow] Connections: 1
[Topology][Flow] Generating flow layout
[Topology][Flow] Nodes: 8
[Topology][Flow] Connections: 7
[Topology][Flow] Generating flow layout
[Topology][Flow] Nodes: 2
[Topology][Flow] Connections: 1
[Topology][Flow] Generating flow layout
[Topology][Flow] Nodes: 8
[Topology][Flow] Connections: 7
[Topology][Flow] Generating flow layout
[Topology][Flow] Nodes: 2
[Topology][Flow] Connections: 1
[Topology][Flow] Generating flow layout
[Topology][Flow] Nodes: 8
[Topology][Flow] Connections: 7
[Topology][Flow] Generating flow layout
[Topology][Flow] Nodes: 2
[Topology][Flow] Connections: 1
[Topology][Flow] Generating flow layout
[Topology][Flow] Nodes: 8
[Topology][Flow] Connections: 7
[Topology][Flow] Generating flow layout
[Topology][Flow] Nodes: 2
[Topology][Flow] Connections: 1
[Topology][Flow] Generating flow layout
[Topology][Flow] Nodes: 8
[Topology][Flow] Connections: 7
[Topology][Flow] Generating flow layout
[Topology][Flow] Nodes: 2
[Topology][Flow] Connections: 1
✔ Advisor and Queue converge on the same canonical collection presentation (264.01925ms)
✔ Advisor still presents supported one-member Risks without inventing Queue parity (9.408709ms)
✔ latest explicit command wins across focus and collection transitions (51.847666ms)
✔ knowledge and judgment turns do not mutate the presented collection (51.626708ms)
✔ Stage readback follows the post-command collection and remains read-only (34.064166ms)
✔ collection trail preserves Back and Forward semantics (10.300417ms)
✔ rapid generic collection transitions have one deterministic last writer (39.87325ms)
✔ restored conversational subject cannot collapse an explicit collection command (27.473ms)
✔ unfiltered collection commands do not inherit a restored primary target (0.605417ms)
✔ knowledge questions do not present a collection after restored focus (10.486542ms)
[Topology][Flow] Generating flow layout
[Topology][Flow] Nodes: 8
[Topology][Flow] Connections: 7
[Topology][Flow] Generating flow layout
[Topology][Flow] Nodes: 2
[Topology][Flow] Connections: 1
[Topology][Flow] Generating flow layout
[Topology][Flow] Nodes: 8
[Topology][Flow] Connections: 7
[Topology][Flow] Generating flow layout
[Topology][Flow] Nodes: 2
[Topology][Flow] Connections: 1
[Topology][Flow] Generating flow layout
[Topology][Flow] Nodes: 8
[Topology][Flow] Connections: 7
[Topology][Flow] Generating flow layout
[Topology][Flow] Nodes: 2
[Topology][Flow] Connections: 1
[Topology][Flow] Generating flow layout
[Topology][Flow] Nodes: 8
[Topology][Flow] Connections: 7
[Topology][Flow] Generating flow layout
[Topology][Flow] Nodes: 2
[Topology][Flow] Connections: 1
[Topology][Flow] Generating flow layout
[Topology][Flow] Nodes: 8
[Topology][Flow] Connections: 7
[Topology][Flow] Generating flow layout
[Topology][Flow] Nodes: 2
[Topology][Flow] Connections: 1
[Topology][Flow] Generating flow layout
[Topology][Flow] Nodes: 8
[Topology][Flow] Connections: 7
[Topology][Flow] Generating flow layout
[Topology][Flow] Nodes: 2
[Topology][Flow] Connections: 1
[Topology][Flow] Generating flow layout
[Topology][Flow] Nodes: 8
[Topology][Flow] Connections: 7
[Topology][Flow] Generating flow layout
[Topology][Flow] Nodes: 2
[Topology][Flow] Connections: 1
[Topology][Flow] Generating flow layout
[Topology][Flow] Nodes: 8
[Topology][Flow] Connections: 7
[Topology][Flow] Generating flow layout
[Topology][Flow] Nodes: 2
[Topology][Flow] Connections: 1
[Topology][Flow] Generating flow layout
[Topology][Flow] Nodes: 8
[Topology][Flow] Connections: 7
[Topology][Flow] Generating flow layout
[Topology][Flow] Nodes: 2
[Topology][Flow] Connections: 1
[Topology][Flow] Generating flow layout
[Topology][Flow] Nodes: 8
[Topology][Flow] Connections: 7
[Topology][Flow] Generating flow layout
[Topology][Flow] Nodes: 2
[Topology][Flow] Connections: 1
[Topology][Flow] Generating flow layout
[Topology][Flow] Nodes: 8
[Topology][Flow] Connections: 7
[Topology][Flow] Generating flow layout
[Topology][Flow] Nodes: 2
[Topology][Flow] Connections: 1
[Topology][Flow] Generating flow layout
[Topology][Flow] Nodes: 8
[Topology][Flow] Connections: 7
[Topology][Flow] Generating flow layout
[Topology][Flow] Nodes: 2
[Topology][Flow] Connections: 1
[Topology][Flow] Generating flow layout
[Topology][Flow] Nodes: 8
[Topology][Flow] Connections: 7
[Topology][Flow] Generating flow layout
[Topology][Flow] Nodes: 2
[Topology][Flow] Connections: 1
[Topology][Flow] Generating flow layout
[Topology][Flow] Nodes: 8
[Topology][Flow] Connections: 7
[Topology][Flow] Generating flow layout
[Topology][Flow] Nodes: 2
[Topology][Flow] Connections: 1
[Topology][Flow] Generating flow layout
[Topology][Flow] Nodes: 8
[Topology][Flow] Connections: 7
[Topology][Flow] Generating flow layout
[Topology][Flow] Nodes: 2
[Topology][Flow] Connections: 1
[Topology][Flow] Generating flow layout
[Topology][Flow] Nodes: 8
[Topology][Flow] Connections: 7
[Topology][Flow] Generating flow layout
[Topology][Flow] Nodes: 2
[Topology][Flow] Connections: 1
▶ NXA:5-FIX3A knowledge-verb recovery and Focus protection
  ✔ A1/A2 — typo and correct spelling converge on read-only Explain (249.059458ms)
  ✔ A3 — recovered deictic Explain preserves Stage when the reference is ambiguous (39.780375ms)
  ✔ A4/A6 — explicit and entity-only navigation retain their certified behavior (66.780417ms)
  ✔ A5/A8 — unknown actions with a resolved entity neither Focus nor write (39.903416ms)
  ✔ A7 — recovered Explain is generic for the registered Capacity Gap Problem (12.656791ms)
✔ NXA:5-FIX3A knowledge-verb recovery and Focus protection (411.0225ms)
[Topology][Flow] Generating flow layout
[Topology][Flow] Nodes: 8
[Topology][Flow] Connections: 7
[Topology][Flow] Generating flow layout
[Topology][Flow] Nodes: 2
[Topology][Flow] Connections: 1
[Topology][Flow] Generating flow layout
[Topology][Flow] Nodes: 8
[Topology][Flow] Connections: 7
[Topology][Flow] Generating flow layout
[Topology][Flow] Nodes: 2
[Topology][Flow] Connections: 1
[Topology][Flow] Generating flow layout
[Topology][Flow] Nodes: 8
[Topology][Flow] Connections: 7
[Topology][Flow] Generating flow layout
[Topology][Flow] Nodes: 2
[Topology][Flow] Connections: 1
[Topology][Flow] Generating flow layout
[Topology][Flow] Nodes: 8
[Topology][Flow] Connections: 7
[Topology][Flow] Generating flow layout
[Topology][Flow] Nodes: 2
[Topology][Flow] Connections: 1
[Topology][Flow] Generating flow layout
[Topology][Flow] Nodes: 8
[Topology][Flow] Connections: 7
[Topology][Flow] Generating flow layout
[Topology][Flow] Nodes: 2
[Topology][Flow] Connections: 1
[Topology][Flow] Generating flow layout
[Topology][Flow] Nodes: 8
[Topology][Flow] Connections: 7
[Topology][Flow] Generating flow layout
[Topology][Flow] Nodes: 2
[Topology][Flow] Connections: 1
[Topology][Flow] Generating flow layout
[Topology][Flow] Nodes: 8
[Topology][Flow] Connections: 7
[Topology][Flow] Generating flow layout
[Topology][Flow] Nodes: 2
[Topology][Flow] Connections: 1
[Topology][Flow] Generating flow layout
[Topology][Flow] Nodes: 8
[Topology][Flow] Connections: 7
[Topology][Flow] Generating flow layout
[Topology][Flow] Nodes: 2
[Topology][Flow] Connections: 1
[Topology][Flow] Generating flow layout
[Topology][Flow] Nodes: 8
[Topology][Flow] Connections: 7
[Topology][Flow] Generating flow layout
[Topology][Flow] Nodes: 2
[Topology][Flow] Connections: 1
[Topology][Flow] Generating flow layout
[Topology][Flow] Nodes: 8
[Topology][Flow] Connections: 7
[Topology][Flow] Generating flow layout
[Topology][Flow] Nodes: 2
[Topology][Flow] Connections: 1
[Topology][Flow] Generating flow layout
[Topology][Flow] Nodes: 8
[Topology][Flow] Connections: 7
[Topology][Flow] Generating flow layout
[Topology][Flow] Nodes: 2
[Topology][Flow] Connections: 1
[Topology][Flow] Generating flow layout
[Topology][Flow] Nodes: 8
[Topology][Flow] Connections: 7
[Topology][Flow] Generating flow layout
[Topology][Flow] Nodes: 2
[Topology][Flow] Connections: 1
[Topology][Flow] Generating flow layout
[Topology][Flow] Nodes: 8
[Topology][Flow] Connections: 7
[Topology][Flow] Generating flow layout
[Topology][Flow] Nodes: 2
[Topology][Flow] Connections: 1
[Topology][Flow] Generating flow layout
[Topology][Flow] Nodes: 8
[Topology][Flow] Connections: 7
[Topology][Flow] Generating flow layout
[Topology][Flow] Nodes: 2
[Topology][Flow] Connections: 1
[Topology][Flow] Generating flow layout
[Topology][Flow] Nodes: 8
[Topology][Flow] Connections: 7
[Topology][Flow] Generating flow layout
[Topology][Flow] Nodes: 2
[Topology][Flow] Connections: 1
[Topology][Flow] Generating flow layout
[Topology][Flow] Nodes: 8
[Topology][Flow] Connections: 7
[Topology][Flow] Generating flow layout
[Topology][Flow] Nodes: 2
[Topology][Flow] Connections: 1
[Topology][Flow] Generating flow layout
[Topology][Flow] Nodes: 8
[Topology][Flow] Connections: 7
[Topology][Flow] Generating flow layout
[Topology][Flow] Nodes: 2
[Topology][Flow] Connections: 1
[Topology][Flow] Generating flow layout
[Topology][Flow] Nodes: 8
[Topology][Flow] Connections: 7
[Topology][Flow] Generating flow layout
[Topology][Flow] Nodes: 2
[Topology][Flow] Connections: 1
[Topology][Flow] Generating flow layout
[Topology][Flow] Nodes: 8
[Topology][Flow] Connections: 7
[Topology][Flow] Generating flow layout
[Topology][Flow] Nodes: 2
[Topology][Flow] Connections: 1
[Topology][Flow] Generating flow layout
[Topology][Flow] Nodes: 8
[Topology][Flow] Connections: 7
[Topology][Flow] Generating flow layout
[Topology][Flow] Nodes: 2
[Topology][Flow] Connections: 1
[Topology][Flow] Generating flow layout
[Topology][Flow] Nodes: 8
[Topology][Flow] Connections: 7
[Topology][Flow] Generating flow layout
[Topology][Flow] Nodes: 2
[Topology][Flow] Connections: 1
[Topology][Flow] Generating flow layout
[Topology][Flow] Nodes: 8
[Topology][Flow] Connections: 7
[Topology][Flow] Generating flow layout
[Topology][Flow] Nodes: 2
[Topology][Flow] Connections: 1
[Topology][Flow] Generating flow layout
[Topology][Flow] Nodes: 8
[Topology][Flow] Connections: 7
[Topology][Flow] Generating flow layout
[Topology][Flow] Nodes: 2
[Topology][Flow] Connections: 1
[Topology][Flow] Generating flow layout
[Topology][Flow] Nodes: 8
[Topology][Flow] Connections: 7
[Topology][Flow] Generating flow layout
[Topology][Flow] Nodes: 2
[Topology][Flow] Connections: 1
[Topology][Flow] Generating flow layout
[Topology][Flow] Nodes: 8
[Topology][Flow] Connections: 7
[Topology][Flow] Generating flow layout
[Topology][Flow] Nodes: 2
[Topology][Flow] Connections: 1
▶ NXA:5-FIX3B ambiguous importance clarification
  ✔ B1 — exact diagnosed conversation asks one bounded criterion question without ranking (218.144916ms)
  ✔ B2 — one-word urgency answers the pending question and returns criterion-specific insufficiency (55.10375ms)
  ✔ B3 — an explicit urgency criterion evaluates directly without redundant clarification (26.20125ms)
  ✔ B4 — Goal impact uses an authoritative Goal and reports missing Goal context otherwise (33.627917ms)
  ✔ B5/B6 — investigation priority and explicit overall importance remain distinct (51.378708ms)
  ✔ B7 — evidence-sufficient risk comparison stays criterion-specific (22.147625ms)
  ✔ B8 — an ambiguous deictic comparison without subjects requests them (9.564333ms)
  ✔ B9 — an unrelated collection command is not consumed as the criterion answer (29.142083ms)
  ✔ continuation proof — the offered evidence-strength criterion reuses the same subjects (40.685417ms)
  ✔ B10 — FIX3A typo Explain remains read-only and preserves Scenarios (19.144375ms)
✔ NXA:5-FIX3B ambiguous importance clarification (506.476042ms)
[Topology][Flow] Generating flow layout
[Topology][Flow] Nodes: 8
[Topology][Flow] Connections: 7
[Topology][Flow] Generating flow layout
[Topology][Flow] Nodes: 2
[Topology][Flow] Connections: 1
[Topology][Flow] Generating flow layout
[Topology][Flow] Nodes: 8
[Topology][Flow] Connections: 7
[Topology][Flow] Generating flow layout
[Topology][Flow] Nodes: 2
[Topology][Flow] Connections: 1
[Topology][Flow] Generating flow layout
[Topology][Flow] Nodes: 8
[Topology][Flow] Connections: 7
[Topology][Flow] Generating flow layout
[Topology][Flow] Nodes: 2
[Topology][Flow] Connections: 1
[Topology][Flow] Generating flow layout
[Topology][Flow] Nodes: 8
[Topology][Flow] Connections: 7
[Topology][Flow] Generating flow layout
[Topology][Flow] Nodes: 2
[Topology][Flow] Connections: 1
[Topology][Flow] Generating flow layout
[Topology][Flow] Nodes: 8
[Topology][Flow] Connections: 7
[Topology][Flow] Generating flow layout
[Topology][Flow] Nodes: 2
[Topology][Flow] Connections: 1
[Topology][Flow] Generating flow layout
[Topology][Flow] Nodes: 8
[Topology][Flow] Connections: 7
[Topology][Flow] Generating flow layout
[Topology][Flow] Nodes: 2
[Topology][Flow] Connections: 1
[Topology][Flow] Generating flow layout
[Topology][Flow] Nodes: 8
[Topology][Flow] Connections: 7
[Topology][Flow] Generating flow layout
[Topology][Flow] Nodes: 2
[Topology][Flow] Connections: 1
[Topology][Flow] Generating flow layout
[Topology][Flow] Nodes: 8
[Topology][Flow] Connections: 7
[Topology][Flow] Generating flow layout
[Topology][Flow] Nodes: 2
[Topology][Flow] Connections: 1
[Topology][Flow] Generating flow layout
[Topology][Flow] Nodes: 8
[Topology][Flow] Connections: 7
[Topology][Flow] Generating flow layout
[Topology][Flow] Nodes: 2
[Topology][Flow] Connections: 1
[Topology][Flow] Generating flow layout
[Topology][Flow] Nodes: 8
[Topology][Flow] Connections: 7
[Topology][Flow] Generating flow layout
[Topology][Flow] Nodes: 2
[Topology][Flow] Connections: 1
[Topology][Flow] Generating flow layout
[Topology][Flow] Nodes: 8
[Topology][Flow] Connections: 7
[Topology][Flow] Generating flow layout
[Topology][Flow] Nodes: 2
[Topology][Flow] Connections: 1
[Topology][Flow] Generating flow layout
[Topology][Flow] Nodes: 8
[Topology][Flow] Connections: 7
[Topology][Flow] Generating flow layout
[Topology][Flow] Nodes: 2
[Topology][Flow] Connections: 1
[Topology][Flow] Generating flow layout
[Topology][Flow] Nodes: 8
[Topology][Flow] Connections: 7
[Topology][Flow] Generating flow layout
[Topology][Flow] Nodes: 2
[Topology][Flow] Connections: 1
[Topology][Flow] Generating flow layout
[Topology][Flow] Nodes: 8
[Topology][Flow] Connections: 7
[Topology][Flow] Generating flow layout
[Topology][Flow] Nodes: 2
[Topology][Flow] Connections: 1
[Topology][Flow] Generating flow layout
[Topology][Flow] Nodes: 8
[Topology][Flow] Connections: 7
[Topology][Flow] Generating flow layout
[Topology][Flow] Nodes: 2
[Topology][Flow] Connections: 1
[Topology][Flow] Generating flow layout
[Topology][Flow] Nodes: 8
[Topology][Flow] Connections: 7
[Topology][Flow] Generating flow layout
[Topology][Flow] Nodes: 2
[Topology][Flow] Connections: 1
[Topology][Flow] Generating flow layout
[Topology][Flow] Nodes: 8
[Topology][Flow] Connections: 7
[Topology][Flow] Generating flow layout
[Topology][Flow] Nodes: 2
[Topology][Flow] Connections: 1
[Topology][Flow] Generating flow layout
[Topology][Flow] Nodes: 8
[Topology][Flow] Connections: 7
[Topology][Flow] Generating flow layout
[Topology][Flow] Nodes: 2
[Topology][Flow] Connections: 1
[Topology][Flow] Generating flow layout
[Topology][Flow] Nodes: 8
[Topology][Flow] Connections: 7
[Topology][Flow] Generating flow layout
[Topology][Flow] Nodes: 2
[Topology][Flow] Connections: 1
[Topology][Flow] Generating flow layout
[Topology][Flow] Nodes: 8
[Topology][Flow] Connections: 7
[Topology][Flow] Generating flow layout
[Topology][Flow] Nodes: 2
[Topology][Flow] Connections: 1
[Topology][Flow] Generating flow layout
[Topology][Flow] Nodes: 8
[Topology][Flow] Connections: 7
[Topology][Flow] Generating flow layout
[Topology][Flow] Nodes: 2
[Topology][Flow] Connections: 1
[Topology][Flow] Generating flow layout
[Topology][Flow] Nodes: 8
[Topology][Flow] Connections: 7
[Topology][Flow] Generating flow layout
[Topology][Flow] Nodes: 2
[Topology][Flow] Connections: 1
[Topology][Flow] Generating flow layout
[Topology][Flow] Nodes: 8
[Topology][Flow] Connections: 7
[Topology][Flow] Generating flow layout
[Topology][Flow] Nodes: 2
[Topology][Flow] Connections: 1
[Topology][Flow] Generating flow layout
[Topology][Flow] Nodes: 8
[Topology][Flow] Connections: 7
[Topology][Flow] Generating flow layout
[Topology][Flow] Nodes: 2
[Topology][Flow] Connections: 1
[Topology][Flow] Generating flow layout
[Topology][Flow] Nodes: 8
[Topology][Flow] Connections: 7
[Topology][Flow] Generating flow layout
[Topology][Flow] Nodes: 2
[Topology][Flow] Connections: 1
[Topology][Flow] Generating flow layout
[Topology][Flow] Nodes: 8
[Topology][Flow] Connections: 7
[Topology][Flow] Generating flow layout
[Topology][Flow] Nodes: 2
[Topology][Flow] Connections: 1
[Topology][Flow] Generating flow layout
[Topology][Flow] Nodes: 8
[Topology][Flow] Connections: 7
[Topology][Flow] Generating flow layout
[Topology][Flow] Nodes: 2
[Topology][Flow] Connections: 1
[Topology][Flow] Generating flow layout
[Topology][Flow] Nodes: 8
[Topology][Flow] Connections: 7
[Topology][Flow] Generating flow layout
[Topology][Flow] Nodes: 2
[Topology][Flow] Connections: 1
[Topology][Flow] Generating flow layout
[Topology][Flow] Nodes: 8
[Topology][Flow] Connections: 7
[Topology][Flow] Generating flow layout
[Topology][Flow] Nodes: 2
[Topology][Flow] Connections: 1
[Topology][Flow] Generating flow layout
[Topology][Flow] Nodes: 8
[Topology][Flow] Connections: 7
[Topology][Flow] Generating flow layout
[Topology][Flow] Nodes: 2
[Topology][Flow] Connections: 1
[Topology][Flow] Generating flow layout
[Topology][Flow] Nodes: 8
[Topology][Flow] Connections: 7
[Topology][Flow] Generating flow layout
[Topology][Flow] Nodes: 2
[Topology][Flow] Connections: 1
[Topology][Flow] Generating flow layout
[Topology][Flow] Nodes: 8
[Topology][Flow] Connections: 7
[Topology][Flow] Generating flow layout
[Topology][Flow] Nodes: 2
[Topology][Flow] Connections: 1
[Topology][Flow] Generating flow layout
[Topology][Flow] Nodes: 8
[Topology][Flow] Connections: 7
[Topology][Flow] Generating flow layout
[Topology][Flow] Nodes: 2
[Topology][Flow] Connections: 1
[Topology][Flow] Generating flow layout
[Topology][Flow] Nodes: 8
[Topology][Flow] Connections: 7
[Topology][Flow] Generating flow layout
[Topology][Flow] Nodes: 2
[Topology][Flow] Connections: 1
[Topology][Flow] Generating flow layout
[Topology][Flow] Nodes: 8
[Topology][Flow] Connections: 7
[Topology][Flow] Generating flow layout
[Topology][Flow] Nodes: 2
[Topology][Flow] Connections: 1
[Topology][Flow] Generating flow layout
[Topology][Flow] Nodes: 8
[Topology][Flow] Connections: 7
[Topology][Flow] Generating flow layout
[Topology][Flow] Nodes: 2
[Topology][Flow] Connections: 1
[Topology][Flow] Generating flow layout
[Topology][Flow] Nodes: 8
[Topology][Flow] Connections: 7
[Topology][Flow] Generating flow layout
[Topology][Flow] Nodes: 2
[Topology][Flow] Connections: 1
[Topology][Flow] Generating flow layout
[Topology][Flow] Nodes: 8
[Topology][Flow] Connections: 7
[Topology][Flow] Generating flow layout
[Topology][Flow] Nodes: 2
[Topology][Flow] Connections: 1
[Topology][Flow] Generating flow layout
[Topology][Flow] Nodes: 8
[Topology][Flow] Connections: 7
[Topology][Flow] Generating flow layout
[Topology][Flow] Nodes: 2
[Topology][Flow] Connections: 1
[Topology][Flow] Generating flow layout
[Topology][Flow] Nodes: 8
[Topology][Flow] Connections: 7
[Topology][Flow] Generating flow layout
[Topology][Flow] Nodes: 2
[Topology][Flow] Connections: 1
[Topology][Flow] Generating flow layout
[Topology][Flow] Nodes: 8
[Topology][Flow] Connections: 7
[Topology][Flow] Generating flow layout
[Topology][Flow] Nodes: 2
[Topology][Flow] Connections: 1
[Topology][Flow] Generating flow layout
[Topology][Flow] Nodes: 8
[Topology][Flow] Connections: 7
[Topology][Flow] Generating flow layout
[Topology][Flow] Nodes: 2
[Topology][Flow] Connections: 1
[Topology][Flow] Generating flow layout
[Topology][Flow] Nodes: 8
[Topology][Flow] Connections: 7
[Topology][Flow] Generating flow layout
[Topology][Flow] Nodes: 2
[Topology][Flow] Connections: 1
[Topology][Flow] Generating flow layout
[Topology][Flow] Nodes: 8
[Topology][Flow] Connections: 7
[Topology][Flow] Generating flow layout
[Topology][Flow] Nodes: 2
[Topology][Flow] Connections: 1
[Topology][Flow] Generating flow layout
[Topology][Flow] Nodes: 8
[Topology][Flow] Connections: 7
[Topology][Flow] Generating flow layout
[Topology][Flow] Nodes: 2
[Topology][Flow] Connections: 1
[Topology][Flow] Generating flow layout
[Topology][Flow] Nodes: 8
[Topology][Flow] Connections: 7
[Topology][Flow] Generating flow layout
[Topology][Flow] Nodes: 2
[Topology][Flow] Connections: 1
[Topology][Flow] Generating flow layout
[Topology][Flow] Nodes: 8
[Topology][Flow] Connections: 7
[Topology][Flow] Generating flow layout
[Topology][Flow] Nodes: 2
[Topology][Flow] Connections: 1
[Topology][Flow] Generating flow layout
[Topology][Flow] Nodes: 8
[Topology][Flow] Connections: 7
[Topology][Flow] Generating flow layout
[Topology][Flow] Nodes: 2
[Topology][Flow] Connections: 1
[Topology][Flow] Generating flow layout
[Topology][Flow] Nodes: 8
[Topology][Flow] Connections: 7
[Topology][Flow] Generating flow layout
[Topology][Flow] Nodes: 2
[Topology][Flow] Connections: 1
[Topology][Flow] Generating flow layout
[Topology][Flow] Nodes: 8
[Topology][Flow] Connections: 7
[Topology][Flow] Generating flow layout
[Topology][Flow] Nodes: 2
[Topology][Flow] Connections: 1
[Topology][Flow] Generating flow layout
[Topology][Flow] Nodes: 8
[Topology][Flow] Connections: 7
[Topology][Flow] Generating flow layout
[Topology][Flow] Nodes: 2
[Topology][Flow] Connections: 1
[Topology][Flow] Generating flow layout
[Topology][Flow] Nodes: 8
[Topology][Flow] Connections: 7
[Topology][Flow] Generating flow layout
[Topology][Flow] Nodes: 2
[Topology][Flow] Connections: 1
▶ NXA:5-FIX3B-DIAG2R conversational control
  ✔ recovers natural collection language without selecting a member (354.489417ms)
  ✔ keeps a named member distinct from a collection request (19.017916ms)
  ✔ answers how many from the active collection without inventing focus (17.9715ms)
  ✔ lets an explicit collection command escape an incompatible pending question (28.351166ms)
  ✔ still completes a genuine pending criterion answer (29.707125ms)
  ✔ treats meta-corrections as conversational repair, not evidence (25.212959ms)
  ✔ resolves them against the active collection (12.256042ms)
  ✔ resolves it to the focused object for Explain (19.049375ms)
  ✔ does not mutate Stage on a knowledge-style count when the collection is already presented (14.148792ms)
  ✔ lets explain of a named object escape pending clarification (27.201041ms)
  ✔ lets a count question escape pending clarification (26.816666ms)
  ✔ compares the active collection for which-one importance (15.882542ms)
  ✔ resolves them for comparison against the active Scenario collection (12.974084ms)
  ✔ does not treat a rejection of the last answer as Stage focus (14.511958ms)
  ✔ does not treat collection or knowledge turns as manager observations (18.470042ms)
  ✔ does not invent an investigation pair when comparing the presented Scenario collection (20.766542ms)
  ✔ does not inflect a valid singular collection noun inside object reference (1.160917ms)
✔ NXA:5-FIX3B-DIAG2R conversational control (659.631625ms)
[Topology][Flow] Generating flow layout
[Topology][Flow] Nodes: 8
[Topology][Flow] Connections: 7
[Topology][Flow] Generating flow layout
[Topology][Flow] Nodes: 2
[Topology][Flow] Connections: 1
[Topology][Flow] Generating flow layout
[Topology][Flow] Nodes: 8
[Topology][Flow] Connections: 7
[Topology][Flow] Generating flow layout
[Topology][Flow] Nodes: 2
[Topology][Flow] Connections: 1
[Topology][Flow] Generating flow layout
[Topology][Flow] Nodes: 8
[Topology][Flow] Connections: 7
[Topology][Flow] Generating flow layout
[Topology][Flow] Nodes: 2
[Topology][Flow] Connections: 1
[Topology][Flow] Generating flow layout
[Topology][Flow] Nodes: 8
[Topology][Flow] Connections: 7
[Topology][Flow] Generating flow layout
[Topology][Flow] Nodes: 2
[Topology][Flow] Connections: 1
[Topology][Flow] Generating flow layout
[Topology][Flow] Nodes: 8
[Topology][Flow] Connections: 7
[Topology][Flow] Generating flow layout
[Topology][Flow] Nodes: 2
[Topology][Flow] Connections: 1
[Topology][Flow] Generating flow layout
[Topology][Flow] Nodes: 8
[Topology][Flow] Connections: 7
[Topology][Flow] Generating flow layout
[Topology][Flow] Nodes: 2
[Topology][Flow] Connections: 1
[Topology][Flow] Generating flow layout
[Topology][Flow] Nodes: 8
[Topology][Flow] Connections: 7
[Topology][Flow] Generating flow layout
[Topology][Flow] Nodes: 2
[Topology][Flow] Connections: 1
[Topology][Flow] Generating flow layout
[Topology][Flow] Nodes: 8
[Topology][Flow] Connections: 7
[Topology][Flow] Generating flow layout
[Topology][Flow] Nodes: 2
[Topology][Flow] Connections: 1
[Topology][Flow] Generating flow layout
[Topology][Flow] Nodes: 8
[Topology][Flow] Connections: 7
[Topology][Flow] Generating flow layout
[Topology][Flow] Nodes: 2
[Topology][Flow] Connections: 1
[Topology][Flow] Generating flow layout
[Topology][Flow] Nodes: 8
[Topology][Flow] Connections: 7
[Topology][Flow] Generating flow layout
[Topology][Flow] Nodes: 2
[Topology][Flow] Connections: 1
[Topology][Flow] Generating flow layout
[Topology][Flow] Nodes: 8
[Topology][Flow] Connections: 7
[Topology][Flow] Generating flow layout
[Topology][Flow] Nodes: 2
[Topology][Flow] Connections: 1
[Topology][Flow] Generating flow layout
[Topology][Flow] Nodes: 8
[Topology][Flow] Connections: 7
[Topology][Flow] Generating flow layout
[Topology][Flow] Nodes: 2
[Topology][Flow] Connections: 1
[Topology][Flow] Generating flow layout
[Topology][Flow] Nodes: 8
[Topology][Flow] Connections: 7
[Topology][Flow] Generating flow layout
[Topology][Flow] Nodes: 2
[Topology][Flow] Connections: 1
[Topology][Flow] Generating flow layout
[Topology][Flow] Nodes: 8
[Topology][Flow] Connections: 7
[Topology][Flow] Generating flow layout
[Topology][Flow] Nodes: 2
[Topology][Flow] Connections: 1
[Topology][Flow] Generating flow layout
[Topology][Flow] Nodes: 8
[Topology][Flow] Connections: 7
[Topology][Flow] Generating flow layout
[Topology][Flow] Nodes: 2
[Topology][Flow] Connections: 1
[Topology][Flow] Generating flow layout
[Topology][Flow] Nodes: 8
[Topology][Flow] Connections: 7
[Topology][Flow] Generating flow layout
[Topology][Flow] Nodes: 2
[Topology][Flow] Connections: 1
[Topology][Flow] Generating flow layout
[Topology][Flow] Nodes: 8
[Topology][Flow] Connections: 7
[Topology][Flow] Generating flow layout
[Topology][Flow] Nodes: 2
[Topology][Flow] Connections: 1
[Topology][Flow] Generating flow layout
[Topology][Flow] Nodes: 8
[Topology][Flow] Connections: 7
[Topology][Flow] Generating flow layout
[Topology][Flow] Nodes: 2
[Topology][Flow] Connections: 1
[Topology][Flow] Generating flow layout
[Topology][Flow] Nodes: 8
[Topology][Flow] Connections: 7
[Topology][Flow] Generating flow layout
[Topology][Flow] Nodes: 2
[Topology][Flow] Connections: 1
[Topology][Flow] Generating flow layout
[Topology][Flow] Nodes: 8
[Topology][Flow] Connections: 7
[Topology][Flow] Generating flow layout
[Topology][Flow] Nodes: 2
[Topology][Flow] Connections: 1
[Topology][Flow] Generating flow layout
[Topology][Flow] Nodes: 8
[Topology][Flow] Connections: 7
[Topology][Flow] Generating flow layout
[Topology][Flow] Nodes: 2
[Topology][Flow] Connections: 1
[Topology][Flow] Generating flow layout
[Topology][Flow] Nodes: 8
[Topology][Flow] Connections: 7
[Topology][Flow] Generating flow layout
[Topology][Flow] Nodes: 2
[Topology][Flow] Connections: 1
[Topology][Flow] Generating flow layout
[Topology][Flow] Nodes: 8
[Topology][Flow] Connections: 7
[Topology][Flow] Generating flow layout
[Topology][Flow] Nodes: 2
[Topology][Flow] Connections: 1
[Topology][Flow] Generating flow layout
[Topology][Flow] Nodes: 8
[Topology][Flow] Connections: 7
[Topology][Hub] Generating hub layout
[Topology][Hub] Hub: Capacity
[Topology][Hub] Satellites: 5
[Topology][Hub] Connections: 5
[Topology][Flow] Generating flow layout
[Topology][Flow] Nodes: 8
[Topology][Flow] Connections: 7
[Topology][Hub] Generating hub layout
[Topology][Hub] Hub: Capacity
[Topology][Hub] Satellites: 5
[Topology][Hub] Connections: 5
[Topology][Flow] Generating flow layout
[Topology][Flow] Nodes: 8
[Topology][Flow] Connections: 7
[Topology][Hub] Generating hub layout
[Topology][Hub] Hub: Capacity
[Topology][Hub] Satellites: 5
[Topology][Hub] Connections: 5
[Topology][Flow] Generating flow layout
[Topology][Flow] Nodes: 8
[Topology][Flow] Connections: 7
[Topology][Flow] Generating flow layout
[Topology][Flow] Nodes: 2
[Topology][Flow] Connections: 1
[Topology][Flow] Generating flow layout
[Topology][Flow] Nodes: 8
[Topology][Flow] Connections: 7
[Topology][Flow] Generating flow layout
[Topology][Flow] Nodes: 2
[Topology][Flow] Connections: 1
[Topology][Flow] Generating flow layout
[Topology][Flow] Nodes: 8
[Topology][Flow] Connections: 7
[Topology][Flow] Generating flow layout
[Topology][Flow] Nodes: 2
[Topology][Flow] Connections: 1
[Topology][Flow] Generating flow layout
[Topology][Flow] Nodes: 8
[Topology][Flow] Connections: 7
[Topology][Flow] Generating flow layout
[Topology][Flow] Nodes: 2
[Topology][Flow] Connections: 1
[Topology][Flow] Generating flow layout
[Topology][Flow] Nodes: 8
[Topology][Flow] Connections: 7
[Topology][Flow] Generating flow layout
[Topology][Flow] Nodes: 2
[Topology][Flow] Connections: 1
[Topology][Flow] Generating flow layout
[Topology][Flow] Nodes: 8
[Topology][Flow] Connections: 7
[Topology][Flow] Generating flow layout
[Topology][Flow] Nodes: 2
[Topology][Flow] Connections: 1
▶ NXA:5-FIX4 Advisor↔Stage context intelligence
  ✔ owns a read-model boundary without a Stage store (2.750959ms)
  ✔ projects authoritative Stage context from runtime collection state (141.153666ms)
  ✔ keeps Scenario comparison on Stage and asks a criterion instead of generic business-outcome advice (49.162916ms)
  ✔ treats talking about the presented collection as confirmation, not a missing outcome (34.958208ms)
  ✔ completes a pending criterion instead of navigating to Capacity (56.03675ms)
  ✔ resolves compare them against the presented collection without mutating Stage (15.090125ms)
  ✔ describes the Stage scene without mutating it (28.5915ms)
  ✔ explains why visible members are present without causal invention (15.810458ms)
  ✔ can discuss an off-stage object without replacing the Scenario Stage (17.669041ms)
  ✔ updates Stage on explicit presentation and honors consent yes/no (82.577125ms)
  ✔ still lets a named visible member be focused and lets a new collection command escape (29.046083ms)
  ✔ classifies Stage-meta separately from explicit presentation (8.318584ms)
✔ NXA:5-FIX4 Advisor↔Stage context intelligence (482.521667ms)
[Topology][Flow] Generating flow layout
[Topology][Flow] Nodes: 8
[Topology][Flow] Connections: 7
[Topology][Hub] Generating hub layout
[Topology][Hub] Hub: Capacity
[Topology][Hub] Satellites: 5
[Topology][Hub] Connections: 5
[Topology][Flow] Generating flow layout
[Topology][Flow] Nodes: 8
[Topology][Flow] Connections: 7
[Topology][Hub] Generating hub layout
[Topology][Hub] Hub: Capacity
[Topology][Hub] Satellites: 5
[Topology][Hub] Connections: 5
[Topology][Flow] Generating flow layout
[Topology][Flow] Nodes: 8
[Topology][Flow] Connections: 7
[Topology][Flow] Generating flow layout
[Topology][Flow] Nodes: 2
[Topology][Flow] Connections: 1
[Topology][Flow] Generating flow layout
[Topology][Flow] Nodes: 8
[Topology][Flow] Connections: 7
[Topology][Flow] Generating flow layout
[Topology][Flow] Nodes: 2
[Topology][Flow] Connections: 1
[Topology][Flow] Generating flow layout
[Topology][Flow] Nodes: 8
[Topology][Flow] Connections: 7
[Topology][Hub] Generating hub layout
[Topology][Hub] Hub: Capacity
[Topology][Hub] Satellites: 5
[Topology][Hub] Connections: 5
[Topology][Flow] Generating flow layout
[Topology][Flow] Nodes: 8
[Topology][Flow] Connections: 7
[Topology][Hub] Generating hub layout
[Topology][Hub] Hub: Capacity
[Topology][Hub] Satellites: 5
[Topology][Hub] Connections: 5
[Topology][Flow] Generating flow layout
[Topology][Flow] Nodes: 8
[Topology][Flow] Connections: 7
[Topology][Hub] Generating hub layout
[Topology][Hub] Hub: Capacity
[Topology][Hub] Satellites: 5
[Topology][Hub] Connections: 5
[Topology][Flow] Generating flow layout
[Topology][Flow] Nodes: 8
[Topology][Flow] Connections: 7
[Topology][Flow] Generating flow layout
[Topology][Flow] Nodes: 2
[Topology][Flow] Connections: 1
[Topology][Flow] Generating flow layout
[Topology][Flow] Nodes: 8
[Topology][Flow] Connections: 7
[Topology][Flow] Generating flow layout
[Topology][Flow] Nodes: 2
[Topology][Flow] Connections: 1
[Topology][Flow] Generating flow layout
[Topology][Flow] Nodes: 8
[Topology][Flow] Connections: 7
[Topology][Hub] Generating hub layout
[Topology][Hub] Hub: Capacity
[Topology][Hub] Satellites: 5
[Topology][Hub] Connections: 5
[Topology][Flow] Generating flow layout
[Topology][Flow] Nodes: 8
[Topology][Flow] Connections: 7
[Topology][Hub] Generating hub layout
[Topology][Hub] Hub: Capacity
[Topology][Hub] Satellites: 5
[Topology][Hub] Connections: 5
[Topology][Flow] Generating flow layout
[Topology][Flow] Nodes: 8
[Topology][Flow] Connections: 7
[Topology][Hub] Generating hub layout
[Topology][Hub] Hub: Capacity
[Topology][Hub] Satellites: 5
[Topology][Hub] Connections: 5
[Topology][Flow] Generating flow layout
[Topology][Flow] Nodes: 8
[Topology][Flow] Connections: 7
[Topology][Hub] Generating hub layout
[Topology][Hub] Hub: Capacity
[Topology][Hub] Satellites: 5
[Topology][Hub] Connections: 5
[Topology][Flow] Generating flow layout
[Topology][Flow] Nodes: 8
[Topology][Flow] Connections: 7
[Topology][Hub] Generating hub layout
[Topology][Hub] Hub: Capacity
[Topology][Hub] Satellites: 5
[Topology][Hub] Connections: 5
[Topology][Flow] Generating flow layout
[Topology][Flow] Nodes: 8
[Topology][Flow] Connections: 7
[Topology][Flow] Generating flow layout
[Topology][Flow] Nodes: 2
[Topology][Flow] Connections: 1
[Topology][Flow] Generating flow layout
[Topology][Flow] Nodes: 8
[Topology][Flow] Connections: 7
[Topology][Flow] Generating flow layout
[Topology][Flow] Nodes: 2
[Topology][Flow] Connections: 1
[Topology][Flow] Generating flow layout
[Topology][Flow] Nodes: 8
[Topology][Flow] Connections: 7
[Topology][Flow] Generating flow layout
[Topology][Flow] Nodes: 2
[Topology][Flow] Connections: 1
[Topology][Flow] Generating flow layout
[Topology][Flow] Nodes: 8
[Topology][Flow] Connections: 7
[Topology][Flow] Generating flow layout
[Topology][Flow] Nodes: 2
[Topology][Flow] Connections: 1
[Topology][Flow] Generating flow layout
[Topology][Flow] Nodes: 8
[Topology][Flow] Connections: 7
[Topology][Hub] Generating hub layout
[Topology][Hub] Hub: Capacity
[Topology][Hub] Satellites: 5
[Topology][Hub] Connections: 5
[Topology][Flow] Generating flow layout
[Topology][Flow] Nodes: 8
[Topology][Flow] Connections: 7
[Topology][Flow] Generating flow layout
[Topology][Flow] Nodes: 2
[Topology][Flow] Connections: 1
[Topology][Flow] Generating flow layout
[Topology][Flow] Nodes: 8
[Topology][Flow] Connections: 7
[Topology][Flow] Generating flow layout
[Topology][Flow] Nodes: 2
[Topology][Flow] Connections: 1
[Topology][Flow] Generating flow layout
[Topology][Flow] Nodes: 8
[Topology][Flow] Connections: 7
[Topology][Flow] Generating flow layout
[Topology][Flow] Nodes: 2
[Topology][Flow] Connections: 1
[Topology][Flow] Generating flow layout
[Topology][Flow] Nodes: 8
[Topology][Flow] Connections: 7
[Topology][Hub] Generating hub layout
[Topology][Hub] Hub: Capacity
[Topology][Hub] Satellites: 5
[Topology][Hub] Connections: 5
[Topology][Flow] Generating flow layout
[Topology][Flow] Nodes: 8
[Topology][Flow] Connections: 7
[Topology][Hub] Generating hub layout
[Topology][Hub] Hub: Capacity
[Topology][Hub] Satellites: 5
[Topology][Hub] Connections: 5
[Topology][Flow] Generating flow layout
[Topology][Flow] Nodes: 8
[Topology][Flow] Connections: 7
[Topology][Hub] Generating hub layout
[Topology][Hub] Hub: Capacity
[Topology][Hub] Satellites: 5
[Topology][Hub] Connections: 5
▶ NXA:5-FIX5 manager observation precedence
  ✔ owns a boundary without a second observation store (4.5025ms)
  ✔ A — stale focused Capacity does not own a Delivery observation (176.554375ms)
  ✔ B — stale Scenario collection does not own an Inventory observation (25.967833ms)
  ✔ C — a new observation does not continue a previous consequence intent (44.093875ms)
  ✔ D — a new observation after explain is not owned by the explained object (20.015292ms)
  ✔ E — explicit causal assertions stay hypotheses, not Delivery observations (28.376541ms)
  ✔ F — genuine deictic consequence still resolves to the prior subject (28.1535ms)
  ✔ preserves pending criterion answers and FIX4 talk-vs-show (41.328667ms)
  ✔ generalizes evaluative observations across object kinds (22.409333ms)
  ✔ recalls the latest manager observation without changing Stage (24.89025ms)
✔ NXA:5-FIX5 manager observation precedence (417.509708ms)
ℹ tests 563
ℹ suites 36
ℹ pass 563
ℹ fail 0
ℹ cancelled 0
ℹ skipped 0
ℹ todo 0
ℹ duration_ms 20224.399875
EXIT:0
