[Topology][Flow] Generating flow layout
[Topology][Flow] Nodes: 8
[Topology][Flow] Connections: 7
[Topology][Flow] Generating flow layout
[Topology][Flow] Nodes: 2
[Topology][Flow] Connections: 1
[Topology][Flow] Generating flow layout
[Topology][Flow] Nodes: 8
[Topology][Flow] Connections: 7
[Topology][Flow] Generating flow layout
[Topology][Flow] Nodes: 2
[Topology][Flow] Connections: 1
[Topology][Flow] Generating flow layout
[Topology][Flow] Nodes: 8
[Topology][Flow] Connections: 7
[Topology][Flow] Generating flow layout
[Topology][Flow] Nodes: 2
[Topology][Flow] Connections: 1
[Topology][Flow] Generating flow layout
[Topology][Flow] Nodes: 8
[Topology][Flow] Connections: 7
[Topology][Flow] Generating flow layout
[Topology][Flow] Nodes: 2
[Topology][Flow] Connections: 1
[Topology][Flow] Generating flow layout
[Topology][Flow] Nodes: 8
[Topology][Flow] Connections: 7
[Topology][Flow] Generating flow layout
[Topology][Flow] Nodes: 2
[Topology][Flow] Connections: 1
[Topology][Flow] Generating flow layout
[Topology][Flow] Nodes: 8
[Topology][Flow] Connections: 7
[Topology][Flow] Generating flow layout
[Topology][Flow] Nodes: 2
[Topology][Flow] Connections: 1
[Topology][Flow] Generating flow layout
[Topology][Flow] Nodes: 8
[Topology][Flow] Connections: 7
[Topology][Flow] Generating flow layout
[Topology][Flow] Nodes: 2
[Topology][Flow] Connections: 1
[Topology][Flow] Generating flow layout
[Topology][Flow] Nodes: 8
[Topology][Flow] Connections: 7
[Topology][Flow] Generating flow layout
[Topology][Flow] Nodes: 2
[Topology][Flow] Connections: 1
▶ MO:6 Executive Attention & Intervention Intelligence
  ✔ identity and boundary (0.975125ms)
  ✔ generic engine has no object-specific attention hardcoding (0.627917ms)
  ✔ 1-3. severity is not attention; critical does not auto-URGENT (297.676583ms)
  ✔ 4-6. goal-blocking moderate can outrank unrelated critical; goal and journey affect rank (25.003208ms)
  ✔ 7-8. new change ranks above stable ongoing; stable does not re-escalate (55.016417ms)
  ✔ 9-10. manager authority vs owner-handled operational blocker (31.480209ms)
  ✔ 11-13. pending decision, committed decision, healthy execution (49.669084ms)
  ✔ 14-17. blocked execution, missing outcome UNKNOWN, deviation only with comparison, stale evidence (24.7235ms)
  ✔ 18-20. unknown goal, opportunity, goal conflict (73.721625ms)
  ✔ 21-25. no invented deadline/consequence; ranking is not causal; focus and queue safety (6.672042ms)
  ✔ escalated vs de-escalated risk and safe-to-continue (6.984709ms)
  ✔ attention budget prefers one primary; comparable items stay undistinguished (39.219667ms)
  ✔ conversation: attention, why this, why not, intervene, continue, inaction (1054.563208ms)
✔ MO:6 Executive Attention & Intervention Intelligence (1668.808583ms)
[Topology][Flow] Generating flow layout
[Topology][Flow] Nodes: 8
[Topology][Flow] Connections: 7
[Topology][Flow] Generating flow layout
[Topology][Flow] Nodes: 2
[Topology][Flow] Connections: 1
[Topology][Flow] Generating flow layout
[Topology][Flow] Nodes: 8
[Topology][Flow] Connections: 7
[Topology][Flow] Generating flow layout
[Topology][Flow] Nodes: 2
[Topology][Flow] Connections: 1
[Topology][Flow] Generating flow layout
[Topology][Flow] Nodes: 8
[Topology][Flow] Connections: 7
[Topology][Flow] Generating flow layout
[Topology][Flow] Nodes: 2
[Topology][Flow] Connections: 1
[Topology][Flow] Generating flow layout
[Topology][Flow] Nodes: 8
[Topology][Flow] Connections: 7
[Topology][Flow] Generating flow layout
[Topology][Flow] Nodes: 2
[Topology][Flow] Connections: 1
[Topology][Flow] Generating flow layout
[Topology][Flow] Nodes: 8
[Topology][Flow] Connections: 7
[Topology][Flow] Generating flow layout
[Topology][Flow] Nodes: 2
[Topology][Flow] Connections: 1
[Topology][Flow] Generating flow layout
[Topology][Flow] Nodes: 8
[Topology][Flow] Connections: 7
[Topology][Flow] Generating flow layout
[Topology][Flow] Nodes: 2
[Topology][Flow] Connections: 1
[Topology][Flow] Generating flow layout
[Topology][Flow] Nodes: 8
[Topology][Flow] Connections: 7
[Topology][Flow] Generating flow layout
[Topology][Flow] Nodes: 2
[Topology][Flow] Connections: 1
[Topology][Flow] Generating flow layout
[Topology][Flow] Nodes: 8
[Topology][Flow] Connections: 7
[Topology][Flow] Generating flow layout
[Topology][Flow] Nodes: 2
[Topology][Flow] Connections: 1
[Topology][Flow] Generating flow layout
[Topology][Flow] Nodes: 8
[Topology][Flow] Connections: 7
[Topology][Flow] Generating flow layout
[Topology][Flow] Nodes: 2
[Topology][Flow] Connections: 1
[Topology][Flow] Generating flow layout
[Topology][Flow] Nodes: 8
[Topology][Flow] Connections: 7
[Topology][Hub] Generating hub layout
[Topology][Hub] Hub: Capacity
[Topology][Hub] Satellites: 5
[Topology][Hub] Connections: 5
[Topology][Flow] Generating flow layout
[Topology][Flow] Nodes: 8
[Topology][Flow] Connections: 7
[Topology][Hub] Generating hub layout
[Topology][Hub] Hub: Capacity
[Topology][Hub] Satellites: 5
[Topology][Hub] Connections: 5
[Topology][Flow] Generating flow layout
[Topology][Flow] Nodes: 8
[Topology][Flow] Connections: 7
[Topology][Hub] Generating hub layout
[Topology][Hub] Hub: Capacity
[Topology][Hub] Satellites: 5
[Topology][Hub] Connections: 5
[Topology][Flow] Generating flow layout
[Topology][Flow] Nodes: 8
[Topology][Flow] Connections: 7
[Topology][Hub] Generating hub layout
[Topology][Hub] Hub: Capacity
[Topology][Hub] Satellites: 5
[Topology][Hub] Connections: 5
[Topology][Flow] Generating flow layout
[Topology][Flow] Nodes: 8
[Topology][Flow] Connections: 7
[Topology][Hub] Generating hub layout
[Topology][Hub] Hub: Capacity
[Topology][Hub] Satellites: 5
[Topology][Hub] Connections: 5
[Topology][Flow] Generating flow layout
[Topology][Flow] Nodes: 8
[Topology][Flow] Connections: 7
[Topology][Flow] Generating flow layout
[Topology][Flow] Nodes: 2
[Topology][Flow] Connections: 1
[Topology][Flow] Generating flow layout
[Topology][Flow] Nodes: 8
[Topology][Flow] Connections: 7
[Topology][Flow] Generating flow layout
[Topology][Flow] Nodes: 2
[Topology][Flow] Connections: 1
[Topology][Flow] Generating flow layout
[Topology][Flow] Nodes: 8
[Topology][Flow] Connections: 7
[Topology][Flow] Generating flow layout
[Topology][Flow] Nodes: 2
[Topology][Flow] Connections: 1
[Topology][Flow] Generating flow layout
[Topology][Flow] Nodes: 8
[Topology][Flow] Connections: 7
[Topology][Flow] Generating flow layout
[Topology][Flow] Nodes: 2
[Topology][Flow] Connections: 1
[Topology][Flow] Generating flow layout
[Topology][Flow] Nodes: 8
[Topology][Flow] Connections: 7
[Topology][Flow] Generating flow layout
[Topology][Flow] Nodes: 2
[Topology][Flow] Connections: 1
[Topology][Flow] Generating flow layout
[Topology][Flow] Nodes: 8
[Topology][Flow] Connections: 7
[Topology][Flow] Generating flow layout
[Topology][Flow] Nodes: 2
[Topology][Flow] Connections: 1
[Topology][Flow] Generating flow layout
[Topology][Flow] Nodes: 8
[Topology][Flow] Connections: 7
[Topology][Flow] Generating flow layout
[Topology][Flow] Nodes: 2
[Topology][Flow] Connections: 1
[Topology][Flow] Generating flow layout
[Topology][Flow] Nodes: 8
[Topology][Flow] Connections: 7
[Topology][Flow] Generating flow layout
[Topology][Flow] Nodes: 2
[Topology][Flow] Connections: 1
[Topology][Flow] Generating flow layout
[Topology][Flow] Nodes: 8
[Topology][Flow] Connections: 7
[Topology][Flow] Generating flow layout
[Topology][Flow] Nodes: 2
[Topology][Flow] Connections: 1
[Topology][Flow] Generating flow layout
[Topology][Flow] Nodes: 8
[Topology][Flow] Connections: 7
[Topology][Flow] Generating flow layout
[Topology][Flow] Nodes: 2
[Topology][Flow] Connections: 1
[Topology][Flow] Generating flow layout
[Topology][Flow] Nodes: 8
[Topology][Flow] Connections: 7
[Topology][Hub] Generating hub layout
[Topology][Hub] Hub: Capacity
[Topology][Hub] Satellites: 5
[Topology][Hub] Connections: 5
[Topology][Flow] Generating flow layout
[Topology][Flow] Nodes: 8
[Topology][Flow] Connections: 7
[Topology][Flow] Generating flow layout
[Topology][Flow] Nodes: 2
[Topology][Flow] Connections: 1
▶ MO-INT:1 Manager–Object Executive Experience Integration
  ✔ identity and boundary — not MO:7 (3.626792ms)
  ✔ generic composer has no object-identity routing (0.676208ms)
  ✔ manager-facing copy does not expose engine ids (1124.329791ms)
  ✔ duplicate guidance is collapsed to one next step on journey questions (84.660833ms)
  ✔ full conversation remains one experience (873.478375ms)
  ✔ what about compares without stealing focus (133.086542ms)
  ✔ generic object types stay on one engine (23.857709ms)
  ✔ click activation matches show navigation for active object (56.384292ms)
  ✔ explain named object does not require a new Stage writer (18.486458ms)
✔ MO-INT:1 Manager–Object Executive Experience Integration (2356.31275ms)
[Topology][Flow] Generating flow layout
[Topology][Flow] Nodes: 8
[Topology][Flow] Connections: 7
[Topology][Flow] Generating flow layout
[Topology][Flow] Nodes: 2
[Topology][Flow] Connections: 1
[Topology][Flow] Generating flow layout
[Topology][Flow] Nodes: 8
[Topology][Flow] Connections: 7
[Topology][Flow] Generating flow layout
[Topology][Flow] Nodes: 2
[Topology][Flow] Connections: 1
[Topology][Flow] Generating flow layout
[Topology][Flow] Nodes: 8
[Topology][Flow] Connections: 7
[Topology][Flow] Generating flow layout
[Topology][Flow] Nodes: 2
[Topology][Flow] Connections: 1
[Topology][Flow] Generating flow layout
[Topology][Flow] Nodes: 8
[Topology][Flow] Connections: 7
[Topology][Flow] Generating flow layout
[Topology][Flow] Nodes: 2
[Topology][Flow] Connections: 1
[Topology][Flow] Generating flow layout
[Topology][Flow] Nodes: 8
[Topology][Flow] Connections: 7
[Topology][Flow] Generating flow layout
[Topology][Flow] Nodes: 2
[Topology][Flow] Connections: 1
[Topology][Flow] Generating flow layout
[Topology][Flow] Nodes: 8
[Topology][Flow] Connections: 7
[Topology][Flow] Generating flow layout
[Topology][Flow] Nodes: 2
[Topology][Flow] Connections: 1
[Topology][Flow] Generating flow layout
[Topology][Flow] Nodes: 8
[Topology][Flow] Connections: 7
[Topology][Flow] Generating flow layout
[Topology][Flow] Nodes: 2
[Topology][Flow] Connections: 1
[Topology][Flow] Generating flow layout
[Topology][Flow] Nodes: 8
[Topology][Flow] Connections: 7
[Topology][Flow] Generating flow layout
[Topology][Flow] Nodes: 2
[Topology][Flow] Connections: 1
[Topology][Flow] Generating flow layout
[Topology][Flow] Nodes: 8
[Topology][Flow] Connections: 7
[Topology][Flow] Generating flow layout
[Topology][Flow] Nodes: 2
[Topology][Flow] Connections: 1
[Topology][Flow] Generating flow layout
[Topology][Flow] Nodes: 8
[Topology][Flow] Connections: 7
[Topology][Flow] Generating flow layout
[Topology][Flow] Nodes: 2
[Topology][Flow] Connections: 1
▶ MO:2 Generic Explain Engine
  ✔ identity and boundary (0.72575ms)
  ✔ one engine source has no per-object explanation branches (0.47425ms)
  ✔ 1-7. Generic engine explains Capacity, Delivery, Goal, Risk, Scenario, Decision, Execution (340.91225ms)
  ✔ also explains Revenue through the same engine (88.335292ms)
  ✔ 8. Why is this important uses significance without inventing cause (29.654166ms)
  ✔ 9. Why is this happening keeps relationship ≠ confirmed cause (28.665583ms)
  ✔ 10. What is connected explains relationship meaning, not raw ids (8.395958ms)
  ✔ 11. What evidence do we have stays traceable (4.722375ms)
  ✔ 12. What don't we know remains UNKNOWN (1.855708ms)
  ✔ 13. What happens if this continues is PREDICTED or UNKNOWN, never fact (9.303584ms)
  ✔ 14. What should I do does not invent a decision (3.879125ms)
  ✔ 15-17. Explain this, named switching, and deictic continuity (836.072125ms)
  ✔ 18. UNKNOWN evidence is not filled with generic advice (0.389541ms)
  ✔ 19. INFERRED is not promoted to KNOWN (0.340333ms)
  ✔ 20. Relationship ≠ causality protection (2.214ms)
  ✔ 21-22. Explanation does not commit a decision or start execution (169.137917ms)
  ✔ depth only exposes existing intelligence (0.47825ms)
  ✔ available actions are capability gated (4.252542ms)
  ✔ conversation overlay presents relationship explanation without Advisor duplication (34.227667ms)
✔ MO:2 Generic Explain Engine (1568.340084ms)
[Topology][Flow] Generating flow layout
[Topology][Flow] Nodes: 8
[Topology][Flow] Connections: 7
[Topology][Flow] Generating flow layout
[Topology][Flow] Nodes: 2
[Topology][Flow] Connections: 1
[Topology][Flow] Generating flow layout
[Topology][Flow] Nodes: 8
[Topology][Flow] Connections: 7
[Topology][Flow] Generating flow layout
[Topology][Flow] Nodes: 2
[Topology][Flow] Connections: 1
[Topology][Flow] Generating flow layout
[Topology][Flow] Nodes: 8
[Topology][Flow] Connections: 7
[Topology][Flow] Generating flow layout
[Topology][Flow] Nodes: 2
[Topology][Flow] Connections: 1
[Topology][Flow] Generating flow layout
[Topology][Flow] Nodes: 8
[Topology][Flow] Connections: 7
[Topology][Flow] Generating flow layout
[Topology][Flow] Nodes: 2
[Topology][Flow] Connections: 1
[Topology][Flow] Generating flow layout
[Topology][Flow] Nodes: 8
[Topology][Flow] Connections: 7
[Topology][Flow] Generating flow layout
[Topology][Flow] Nodes: 2
[Topology][Flow] Connections: 1
[Topology][Flow] Generating flow layout
[Topology][Flow] Nodes: 8
[Topology][Flow] Connections: 7
[Topology][Flow] Generating flow layout
[Topology][Flow] Nodes: 2
[Topology][Flow] Connections: 1
[Topology][Flow] Generating flow layout
[Topology][Flow] Nodes: 8
[Topology][Flow] Connections: 7
[Topology][Flow] Generating flow layout
[Topology][Flow] Nodes: 2
[Topology][Flow] Connections: 1
[Topology][Flow] Generating flow layout
[Topology][Flow] Nodes: 8
[Topology][Flow] Connections: 7
[Topology][Flow] Generating flow layout
[Topology][Flow] Nodes: 2
[Topology][Flow] Connections: 1
▶ MO:3 Object-Guided Executive Exploration
  ✔ identity and boundary (1.011667ms)
  ✔ one engine has no per-object exploration branches (0.575958ms)
  ✔ 1. Capacity → related Problem (171.756291ms)
  ✔ 2. Capacity → Delivery (38.603ms)
  ✔ 3. Problem → evidence (26.168209ms)
  ✔ 4. Problem → Risk where available (12.829875ms)
  ✔ 5. Problem → Scenario where available (29.997792ms)
  ✔ 6. Scenario → comparison (38.432542ms)
  ✔ 7. Scenario → recommendation (4.214417ms)
  ✔ 8. Scenario → Decision (4.718ms)
  ✔ 9. Decision → evidence/rationale (11.025666ms)
  ✔ 10. Decision → Execution (13.402666ms)
  ✔ 11. Execution → Decision (1.9365ms)
  ✔ 12. Execution → Outcome remains UNKNOWN when missing (1.270917ms)
  ✔ 13. Goal → relevant executive object (2.862334ms)
  ✔ 14. Goal relevance influences ranking (39.001958ms)
  ✔ 15. UNKNOWN outcome remains UNKNOWN (1.578916ms)
  ✔ 16. Unrelated object is not recommended without support (22.698084ms)
  ✔ 17. Relationship does not become causality (9.496959ms)
  ✔ 18. Inferred path stays INFERRED (1.305958ms)
  ✔ 19. No accidental decision commitment (637.803417ms)
  ✔ 20. No accidental execution start (162.797209ms)
  ✔ generic engine derives Revenue paths from Revenue context (2.388542ms)
  ✔ conversation loop: understand → explore → why → select problem (215.254708ms)
  ✔ requires manager choice and never uses graph-score copy (6.278458ms)
✔ MO:3 Object-Guided Executive Exploration (1471.710583ms)
[Topology][Flow] Generating flow layout
[Topology][Flow] Nodes: 8
[Topology][Flow] Connections: 7
[Topology][Flow] Generating flow layout
[Topology][Flow] Nodes: 2
[Topology][Flow] Connections: 1
[Topology][Flow] Generating flow layout
[Topology][Flow] Nodes: 8
[Topology][Flow] Connections: 7
[Topology][Flow] Generating flow layout
[Topology][Flow] Nodes: 2
[Topology][Flow] Connections: 1
[Topology][Flow] Generating flow layout
[Topology][Flow] Nodes: 8
[Topology][Flow] Connections: 7
[Topology][Flow] Generating flow layout
[Topology][Flow] Nodes: 2
[Topology][Flow] Connections: 1
[Topology][Flow] Generating flow layout
[Topology][Flow] Nodes: 8
[Topology][Flow] Connections: 7
[Topology][Flow] Generating flow layout
[Topology][Flow] Nodes: 2
[Topology][Flow] Connections: 1
[Topology][Flow] Generating flow layout
[Topology][Flow] Nodes: 8
[Topology][Flow] Connections: 7
[Topology][Flow] Generating flow layout
[Topology][Flow] Nodes: 2
[Topology][Flow] Connections: 1
[Topology][Flow] Generating flow layout
[Topology][Flow] Nodes: 8
[Topology][Flow] Connections: 7
[Topology][Flow] Generating flow layout
[Topology][Flow] Nodes: 2
[Topology][Flow] Connections: 1
[Topology][Flow] Generating flow layout
[Topology][Flow] Nodes: 8
[Topology][Flow] Connections: 7
[Topology][Flow] Generating flow layout
[Topology][Flow] Nodes: 2
[Topology][Flow] Connections: 1
▶ MO:4 Goal-Directed Executive Navigation
  ✔ identity and boundary (0.942542ms)
  ✔ generic engine has no hardcoded goal-to-object branches (0.859584ms)
  ✔ parses explicit goals without confirming inferred ones (0.613958ms)
  ✔ 1. Goal → KPI / Reality when a related measured signal exists (186.314291ms)
  ✔ 2. Goal → relevant business object (10.687ms)
  ✔ 3. Goal → Problem (67.798958ms)
  ✔ 4. Goal → Risk when a risk path exists (2.028583ms)
  ✔ 5. Problem → Scenario (22.948417ms)
  ✔ 6. Scenario → Decision (15.079917ms)
  ✔ 7. Decision → Execution (5.22775ms)
  ✔ 8. Execution → Outcome (5.509125ms)
  ✔ 9. Outcome → Goal comparison stays UNKNOWN without recorded outcome (41.719708ms)
  ✔ 10. Active goal influences ranking of valid MO:3 paths (25.245417ms)
  ✔ 11. Changing goal changes ranking (16.458542ms)
  ✔ 12. Multiple goals do not collapse into one (13.249167ms)
  ✔ 13. Goal conflict is exposed rather than auto-resolved (30.059125ms)
  ✔ 14. Missing success signal stays UNKNOWN (12.209042ms)
  ✔ 15. Missing outcome stays UNKNOWN (1.977959ms)
  ✔ 16. Unrelated object is not recommended from semantic similarity alone (3.160042ms)
  ✔ 17. Inferred relevance stays INFERRED (50.888375ms)
  ✔ 18. Path relevance is not converted into causal certainty (3.792792ms)
  ✔ 19. No accidental decision commitment (2.552ms)
  ✔ 20. No accidental execution start (8.163083ms)
  ✔ explicit vs inferred vs unknown goal behavior (16.379166ms)
  ✔ conversation: goal continuity, guidance, and goal change (908.615541ms)
  ✔ does not write Stage coordinates (3.5605ms)
✔ MO:4 Goal-Directed Executive Navigation (1458.130584ms)
[Topology][Flow] Generating flow layout
[Topology][Flow] Nodes: 8
[Topology][Flow] Connections: 7
[Topology][Hub] Generating hub layout
[Topology][Hub] Hub: Capacity
[Topology][Hub] Satellites: 5
[Topology][Hub] Connections: 5
[Topology][Flow] Generating flow layout
[Topology][Flow] Nodes: 8
[Topology][Flow] Connections: 7
[Topology][Hub] Generating hub layout
[Topology][Hub] Hub: Delivery
[Topology][Hub] Satellites: 5
[Topology][Hub] Connections: 5
[Topology][Flow] Generating flow layout
[Topology][Flow] Nodes: 8
[Topology][Flow] Connections: 7
[Topology][Flow] Generating flow layout
[Topology][Flow] Nodes: 2
[Topology][Flow] Connections: 1
[Topology][Flow] Generating flow layout
[Topology][Flow] Nodes: 8
[Topology][Flow] Connections: 7
[Topology][Flow] Generating flow layout
[Topology][Flow] Nodes: 2
[Topology][Flow] Connections: 1
[Topology][Flow] Generating flow layout
[Topology][Flow] Nodes: 8
[Topology][Flow] Connections: 7
[Topology][Hub] Generating hub layout
[Topology][Hub] Hub: Risk
[Topology][Hub] Satellites: 3
[Topology][Hub] Connections: 3
[Topology][Flow] Generating flow layout
[Topology][Flow] Nodes: 8
[Topology][Flow] Connections: 7
[Topology][Flow] Generating flow layout
[Topology][Flow] Nodes: 2
[Topology][Flow] Connections: 1
[Topology][Flow] Generating flow layout
[Topology][Flow] Nodes: 8
[Topology][Flow] Connections: 7
[Topology][Flow] Generating flow layout
[Topology][Flow] Nodes: 2
[Topology][Flow] Connections: 1
[Topology][Flow] Generating flow layout
[Topology][Flow] Nodes: 8
[Topology][Flow] Connections: 7
[Topology][Flow] Generating flow layout
[Topology][Flow] Nodes: 2
[Topology][Flow] Connections: 1
[Topology][Flow] Generating flow layout
[Topology][Flow] Nodes: 8
[Topology][Flow] Connections: 7
[Topology][Flow] Generating flow layout
[Topology][Flow] Nodes: 2
[Topology][Flow] Connections: 1
[Topology][Flow] Generating flow layout
[Topology][Flow] Nodes: 8
[Topology][Flow] Connections: 7
[Topology][Flow] Generating flow layout
[Topology][Flow] Nodes: 2
[Topology][Flow] Connections: 1
[Topology][Flow] Generating flow layout
[Topology][Flow] Nodes: 8
[Topology][Flow] Connections: 7
[Topology][Hub] Generating hub layout
[Topology][Hub] Hub: Capacity
[Topology][Hub] Satellites: 5
[Topology][Hub] Connections: 5
[Topology][Flow] Generating flow layout
[Topology][Flow] Nodes: 8
[Topology][Flow] Connections: 7
[Topology][Hub] Generating hub layout
[Topology][Hub] Hub: Capacity
[Topology][Hub] Satellites: 5
[Topology][Hub] Connections: 5
[Topology][Flow] Generating flow layout
[Topology][Flow] Nodes: 8
[Topology][Flow] Connections: 7
[Topology][Hub] Generating hub layout
[Topology][Hub] Hub: Capacity
[Topology][Hub] Satellites: 5
[Topology][Hub] Connections: 5
[Topology][Flow] Generating flow layout
[Topology][Flow] Nodes: 8
[Topology][Flow] Connections: 7
[Topology][Hub] Generating hub layout
[Topology][Hub] Hub: Capacity
[Topology][Hub] Satellites: 5
[Topology][Hub] Connections: 5
[Topology][Flow] Generating flow layout
[Topology][Flow] Nodes: 8
[Topology][Flow] Connections: 7
[Topology][Hub] Generating hub layout
[Topology][Hub] Hub: Capacity
[Topology][Hub] Satellites: 5
[Topology][Hub] Connections: 5
[Topology][Flow] Generating flow layout
[Topology][Flow] Nodes: 8
[Topology][Flow] Connections: 7
[Topology][Hub] Generating hub layout
[Topology][Hub] Hub: Capacity
[Topology][Hub] Satellites: 5
[Topology][Hub] Connections: 5
[Topology][Flow] Generating flow layout
[Topology][Flow] Nodes: 8
[Topology][Flow] Connections: 7
[Topology][Hub] Generating hub layout
[Topology][Hub] Hub: Capacity
[Topology][Hub] Satellites: 5
[Topology][Hub] Connections: 5
[Topology][Flow] Generating flow layout
[Topology][Flow] Nodes: 8
[Topology][Flow] Connections: 7
[Topology][Hub] Generating hub layout
[Topology][Hub] Hub: Delivery
[Topology][Hub] Satellites: 5
[Topology][Hub] Connections: 5
▶ MO:1 Manager–Object Interaction Foundation
  ✔ identity, boundary, and verify gate (0.944334ms)
  ✔ 1. Capacity can become active (755.706166ms)
  ✔ 2. Delivery can become active (169.800958ms)
  ✔ 3. Goal can become active (84.965792ms)
  ✔ 4. Problem/Risk can become active (136.0795ms)
  ✔ 5. Scenario can become active (15.610458ms)
  ✔ 6. Decision can become active (12.782333ms)
  ✔ 7. Execution can become active (20.440791ms)
  ✔ 8. Explain X resolves the requested object rather than a hard-coded default (168.060333ms)
  ✔ 9. Explain this uses the current active object (263.211959ms)
  ✔ 10. Follow-up questions preserve object context (138.76625ms)
  ✔ 11. Switching objects replaces active context correctly (69.251042ms)
  ✔ 12. Related objects are discoverable through the generic relationship contract (0.350292ms)
  ✔ 13. Missing evidence is reported as unknown rather than fabricated (1.033541ms)
  ✔ 14. Existing Stage click-to-center behavior remains intact (79.797625ms)
  ✔ 15. UX:1–UX:6 certified identities remain imported by live tests (0.451666ms)
  ✔ generic intents work across object types without per-object branches (6.018083ms)
✔ MO:1 Manager–Object Interaction Foundation (1925.379042ms)
[Topology][Flow] Generating flow layout
[Topology][Flow] Nodes: 8
[Topology][Flow] Connections: 7
[Topology][Flow] Generating flow layout
[Topology][Flow] Nodes: 2
[Topology][Flow] Connections: 1
[Topology][Flow] Generating flow layout
[Topology][Flow] Nodes: 8
[Topology][Flow] Connections: 7
[Topology][Flow] Generating flow layout
[Topology][Flow] Nodes: 2
[Topology][Flow] Connections: 1
[Topology][Flow] Generating flow layout
[Topology][Flow] Nodes: 8
[Topology][Flow] Connections: 7
[Topology][Flow] Generating flow layout
[Topology][Flow] Nodes: 2
[Topology][Flow] Connections: 1
[Topology][Flow] Generating flow layout
[Topology][Flow] Nodes: 8
[Topology][Flow] Connections: 7
[Topology][Flow] Generating flow layout
[Topology][Flow] Nodes: 2
[Topology][Flow] Connections: 1
[Topology][Flow] Generating flow layout
[Topology][Flow] Nodes: 8
[Topology][Flow] Connections: 7
[Topology][Flow] Generating flow layout
[Topology][Flow] Nodes: 2
[Topology][Flow] Connections: 1
[Topology][Flow] Generating flow layout
[Topology][Flow] Nodes: 8
[Topology][Flow] Connections: 7
[Topology][Flow] Generating flow layout
[Topology][Flow] Nodes: 2
[Topology][Flow] Connections: 1
[Topology][Flow] Generating flow layout
[Topology][Flow] Nodes: 8
[Topology][Flow] Connections: 7
[Topology][Flow] Generating flow layout
[Topology][Flow] Nodes: 2
[Topology][Flow] Connections: 1
[Topology][Flow] Generating flow layout
[Topology][Flow] Nodes: 8
[Topology][Flow] Connections: 7
[Topology][Flow] Generating flow layout
[Topology][Flow] Nodes: 2
[Topology][Flow] Connections: 1
▶ MO:5 Executive Journey & Progress Intelligence
  ✔ identity and boundary (0.932709ms)
  ✔ 30. generic engine has no object-specific journey hardcoding (0.647708ms)
  ✔ 1-2. Goal confirmed begins a journey; missing goal is MISSING_GOAL (280.120584ms)
  ✔ 3. Reality known is recognized (33.141417ms)
  ✔ 4-6. Problem / risk / scenario phases (47.552042ms)
  ✔ 7-8. Viewed scenario/decision is not resolved or committed (14.038333ms)
  ✔ 9-12. Committed decision, execution states, blocked execution (20.93825ms)
  ✔ 13-16. Completed execution without outcome; observed outcome; no fabricated learning (5.869083ms)
  ✔ 17-19. Visited is not resolved; unrelated click does not advance; back keeps truth (51.586583ms)
  ✔ 20-22. Goal change recalculates; history retained; multiple goals stay separate (27.960375ms)
  ✔ 23-24. Scenario branches remain alternatives; revisited decision supported (4.110958ms)
  ✔ 25-29. Blocker is not a business cause; no fake percent; no commit/start/close (19.925541ms)
  ✔ conversation: where we are, remains, blocker, next, fit, continuity (1060.554542ms)
✔ MO:5 Executive Journey & Progress Intelligence (1568.995708ms)
[Topology][Flow] Generating flow layout
[Topology][Flow] Nodes: 8
[Topology][Flow] Connections: 7
[Topology][Hub] Generating hub layout
[Topology][Hub] Hub: Inventory
[Topology][Hub] Satellites: 3
[Topology][Hub] Connections: 3
[Topology][Flow] Generating flow layout
[Topology][Flow] Nodes: 8
[Topology][Flow] Connections: 7
[Topology][Hub] Generating hub layout
[Topology][Hub] Hub: Inventory
[Topology][Hub] Satellites: 3
[Topology][Hub] Connections: 3
[Topology][Flow] Generating flow layout
[Topology][Flow] Nodes: 8
[Topology][Flow] Connections: 7
[Topology][Hub] Generating hub layout
[Topology][Hub] Hub: Capacity
[Topology][Hub] Satellites: 5
[Topology][Hub] Connections: 5
[Topology][Flow] Generating flow layout
[Topology][Flow] Nodes: 8
[Topology][Flow] Connections: 7
[Topology][Hub] Generating hub layout
[Topology][Hub] Hub: Capacity
[Topology][Hub] Satellites: 5
[Topology][Hub] Connections: 5
[Topology][Flow] Generating flow layout
[Topology][Flow] Nodes: 8
[Topology][Flow] Connections: 7
[Topology][Hub] Generating hub layout
[Topology][Hub] Hub: Delivery
[Topology][Hub] Satellites: 5
[Topology][Hub] Connections: 5
[Topology][Flow] Generating flow layout
[Topology][Flow] Nodes: 8
[Topology][Flow] Connections: 7
[Topology][Hub] Generating hub layout
[Topology][Hub] Hub: Delivery
[Topology][Hub] Satellites: 5
[Topology][Hub] Connections: 5
[Topology][Flow] Generating flow layout
[Topology][Flow] Nodes: 8
[Topology][Flow] Connections: 7
[Topology][Flow] Generating flow layout
[Topology][Flow] Nodes: 2
[Topology][Flow] Connections: 1
[Topology][Flow] Generating flow layout
[Topology][Flow] Nodes: 8
[Topology][Flow] Connections: 7
[Topology][Flow] Generating flow layout
[Topology][Flow] Nodes: 2
[Topology][Flow] Connections: 1
[Topology][Flow] Generating flow layout
[Topology][Flow] Nodes: 8
[Topology][Flow] Connections: 7
[Topology][Hub] Generating hub layout
[Topology][Hub] Hub: Inventory
[Topology][Hub] Satellites: 3
[Topology][Hub] Connections: 3
[Topology][Flow] Generating flow layout
[Topology][Flow] Nodes: 8
[Topology][Flow] Connections: 7
[Topology][Hub] Generating hub layout
[Topology][Hub] Hub: Capacity
[Topology][Hub] Satellites: 5
[Topology][Hub] Connections: 5
[Topology][Flow] Generating flow layout
[Topology][Flow] Nodes: 8
[Topology][Flow] Connections: 7
[Topology][Hub] Generating hub layout
[Topology][Hub] Hub: Capacity
[Topology][Hub] Satellites: 5
[Topology][Hub] Connections: 5
[Topology][Flow] Generating flow layout
[Topology][Flow] Nodes: 8
[Topology][Flow] Connections: 7
[Topology][Hub] Generating hub layout
[Topology][Hub] Hub: Risk
[Topology][Hub] Satellites: 3
[Topology][Hub] Connections: 3
[Topology][Flow] Generating flow layout
[Topology][Flow] Nodes: 8
[Topology][Flow] Connections: 7
[Topology][Flow] Generating flow layout
[Topology][Flow] Nodes: 2
[Topology][Flow] Connections: 1
▶ NEX-MVP-FINAL:2 Manager Object Explain Quality
  ✔ does not classify Explain as EXI change (10.077792ms)
  ✔ show inventory then explain it explains Inventory, not prior-state comparison (901.259791ms)
  ✔ named Explain uses the same engine path for representative objects (407.305917ms)
  ✔ deictic it follows the latest focused object (193.873625ms)
  ✔ show risk problem does not silently pick Margin Pressure (31.628709ms)
  ✔ show Margin Pressure still focuses that problem (45.224292ms)
  ✔ generic explain engine has no Inventory branch (0.44ms)
✔ NEX-MVP-FINAL:2 Manager Object Explain Quality (1596.857875ms)
[Topology][Flow] Generating flow layout
[Topology][Flow] Nodes: 8
[Topology][Flow] Connections: 7
[Topology][Flow] Generating flow layout
[Topology][Flow] Nodes: 2
[Topology][Flow] Connections: 1
[Topology][Flow] Generating flow layout
[Topology][Flow] Nodes: 8
[Topology][Flow] Connections: 7
[Topology][Flow] Generating flow layout
[Topology][Flow] Nodes: 2
[Topology][Flow] Connections: 1
[Topology][Flow] Generating flow layout
[Topology][Flow] Nodes: 8
[Topology][Flow] Connections: 7
[Topology][Flow] Generating flow layout
[Topology][Flow] Nodes: 2
[Topology][Flow] Connections: 1
[Topology][Flow] Generating flow layout
[Topology][Flow] Nodes: 8
[Topology][Flow] Connections: 7
[Topology][Hub] Generating hub layout
[Topology][Hub] Hub: Risk
[Topology][Hub] Satellites: 3
[Topology][Hub] Connections: 3
[Topology][Flow] Generating flow layout
[Topology][Flow] Nodes: 8
[Topology][Flow] Connections: 7
[Topology][Hub] Generating hub layout
[Topology][Hub] Hub: Risk
[Topology][Hub] Satellites: 3
[Topology][Hub] Connections: 3
[Topology][Flow] Generating flow layout
[Topology][Flow] Nodes: 8
[Topology][Flow] Connections: 7
[Topology][Flow] Generating flow layout
[Topology][Flow] Nodes: 2
[Topology][Flow] Connections: 1
[Topology][Flow] Generating flow layout
[Topology][Flow] Nodes: 8
[Topology][Flow] Connections: 7
[Topology][Hub] Generating hub layout
[Topology][Hub] Hub: Risk
[Topology][Hub] Satellites: 3
[Topology][Hub] Connections: 3
[Topology][Flow] Generating flow layout
[Topology][Flow] Nodes: 8
[Topology][Flow] Connections: 7
[Topology][Hub] Generating hub layout
[Topology][Hub] Hub: Risk
[Topology][Hub] Satellites: 3
[Topology][Hub] Connections: 3
[Topology][Flow] Generating flow layout
[Topology][Flow] Nodes: 8
[Topology][Flow] Connections: 7
[Topology][Hub] Generating hub layout
[Topology][Hub] Hub: Risk
[Topology][Hub] Satellites: 3
[Topology][Hub] Connections: 3
[Topology][Flow] Generating flow layout
[Topology][Flow] Nodes: 8
[Topology][Flow] Connections: 7
[Topology][Hub] Generating hub layout
[Topology][Hub] Hub: Delivery
[Topology][Hub] Satellites: 5
[Topology][Hub] Connections: 5
[Topology][Flow] Generating flow layout
[Topology][Flow] Nodes: 8
[Topology][Flow] Connections: 7
[Topology][Hub] Generating hub layout
[Topology][Hub] Hub: Delivery
[Topology][Hub] Satellites: 5
[Topology][Hub] Connections: 5
[Topology][Flow] Generating flow layout
[Topology][Flow] Nodes: 8
[Topology][Flow] Connections: 7
[Topology][Hub] Generating hub layout
[Topology][Hub] Hub: Delivery
[Topology][Hub] Satellites: 5
[Topology][Hub] Connections: 5
[Topology][Flow] Generating flow layout
[Topology][Flow] Nodes: 8
[Topology][Flow] Connections: 7
[Topology][Hub] Generating hub layout
[Topology][Hub] Hub: Delivery
[Topology][Hub] Satellites: 5
[Topology][Hub] Connections: 5
[Topology][Flow] Generating flow layout
[Topology][Flow] Nodes: 8
[Topology][Flow] Connections: 7
[Topology][Hub] Generating hub layout
[Topology][Hub] Hub: Delivery
[Topology][Hub] Satellites: 5
[Topology][Hub] Connections: 5
[Topology][Flow] Generating flow layout
[Topology][Flow] Nodes: 8
[Topology][Flow] Connections: 7
[Topology][Hub] Generating hub layout
[Topology][Hub] Hub: Delivery
[Topology][Hub] Satellites: 5
[Topology][Hub] Connections: 5
[Topology][Flow] Generating flow layout
[Topology][Flow] Nodes: 8
[Topology][Flow] Connections: 7
[Topology][Hub] Generating hub layout
[Topology][Hub] Hub: Delivery
[Topology][Hub] Satellites: 5
[Topology][Hub] Connections: 5
[Topology][Flow] Generating flow layout
[Topology][Flow] Nodes: 8
[Topology][Flow] Connections: 7
[Topology][Hub] Generating hub layout
[Topology][Hub] Hub: Risk
[Topology][Hub] Satellites: 3
[Topology][Hub] Connections: 3
[Topology][Flow] Generating flow layout
[Topology][Flow] Nodes: 8
[Topology][Flow] Connections: 7
[Topology][Hub] Generating hub layout
[Topology][Hub] Hub: Risk
[Topology][Hub] Satellites: 3
[Topology][Hub] Connections: 3
[Topology][Flow] Generating flow layout
[Topology][Flow] Nodes: 8
[Topology][Flow] Connections: 7
[Topology][Hub] Generating hub layout
[Topology][Hub] Hub: Risk
[Topology][Hub] Satellites: 3
[Topology][Hub] Connections: 3
[Topology][Flow] Generating flow layout
[Topology][Flow] Nodes: 8
[Topology][Flow] Connections: 7
[Topology][Hub] Generating hub layout
[Topology][Hub] Hub: Risk
[Topology][Hub] Satellites: 3
[Topology][Hub] Connections: 3
[Topology][Flow] Generating flow layout
[Topology][Flow] Nodes: 8
[Topology][Flow] Connections: 7
[Topology][Hub] Generating hub layout
[Topology][Hub] Hub: Risk
[Topology][Hub] Satellites: 3
[Topology][Hub] Connections: 3
[Topology][Flow] Generating flow layout
[Topology][Flow] Nodes: 8
[Topology][Flow] Connections: 7
[Topology][Hub] Generating hub layout
[Topology][Hub] Hub: Risk
[Topology][Hub] Satellites: 3
[Topology][Hub] Connections: 3
[Topology][Flow] Generating flow layout
[Topology][Flow] Nodes: 8
[Topology][Flow] Connections: 7
[Topology][Hub] Generating hub layout
[Topology][Hub] Hub: Risk
[Topology][Hub] Satellites: 3
[Topology][Hub] Connections: 3
[Topology][Flow] Generating flow layout
[Topology][Flow] Nodes: 8
[Topology][Flow] Connections: 7
[Topology][Hub] Generating hub layout
[Topology][Hub] Hub: Risk
[Topology][Hub] Satellites: 3
[Topology][Hub] Connections: 3
[Topology][Flow] Generating flow layout
[Topology][Flow] Nodes: 8
[Topology][Flow] Connections: 7
[Topology][Hub] Generating hub layout
[Topology][Hub] Hub: Capacity
[Topology][Hub] Satellites: 5
[Topology][Hub] Connections: 5
[Topology][Flow] Generating flow layout
[Topology][Flow] Nodes: 8
[Topology][Flow] Connections: 7
[Topology][Hub] Generating hub layout
[Topology][Hub] Hub: Capacity
[Topology][Hub] Satellites: 5
[Topology][Hub] Connections: 5
[Topology][Flow] Generating flow layout
[Topology][Flow] Nodes: 8
[Topology][Flow] Connections: 7
[Topology][Hub] Generating hub layout
[Topology][Hub] Hub: Inventory
[Topology][Hub] Satellites: 3
[Topology][Hub] Connections: 3
[Topology][Flow] Generating flow layout
[Topology][Flow] Nodes: 8
[Topology][Flow] Connections: 7
[Topology][Hub] Generating hub layout
[Topology][Hub] Hub: Inventory
[Topology][Hub] Satellites: 3
[Topology][Hub] Connections: 3
[Topology][Flow] Generating flow layout
[Topology][Flow] Nodes: 8
[Topology][Flow] Connections: 7
[Topology][Flow] Generating flow layout
[Topology][Flow] Nodes: 2
[Topology][Flow] Connections: 1
[Topology][Flow] Generating flow layout
[Topology][Flow] Nodes: 8
[Topology][Flow] Connections: 7
[Topology][Flow] Generating flow layout
[Topology][Flow] Nodes: 2
[Topology][Flow] Connections: 1
[Topology][Flow] Generating flow layout
[Topology][Flow] Nodes: 8
[Topology][Flow] Connections: 7
[Topology][Flow] Generating flow layout
[Topology][Flow] Nodes: 2
[Topology][Flow] Connections: 1
[Topology][Flow] Generating flow layout
[Topology][Flow] Nodes: 8
[Topology][Flow] Connections: 7
[Topology][Flow] Generating flow layout
[Topology][Flow] Nodes: 2
[Topology][Flow] Connections: 1
[Topology][Flow] Generating flow layout
[Topology][Flow] Nodes: 8
[Topology][Flow] Connections: 7
[Topology][Flow] Generating flow layout
[Topology][Flow] Nodes: 2
[Topology][Flow] Connections: 1
[Topology][Flow] Generating flow layout
[Topology][Flow] Nodes: 8
[Topology][Flow] Connections: 7
[Topology][Flow] Generating flow layout
[Topology][Flow] Nodes: 2
[Topology][Flow] Connections: 1
[Topology][Flow] Generating flow layout
[Topology][Flow] Nodes: 8
[Topology][Flow] Connections: 7
[Topology][Flow] Generating flow layout
[Topology][Flow] Nodes: 2
[Topology][Flow] Connections: 1
[Topology][Flow] Generating flow layout
[Topology][Flow] Nodes: 8
[Topology][Flow] Connections: 7
[Topology][Flow] Generating flow layout
[Topology][Flow] Nodes: 2
[Topology][Flow] Connections: 1
[Topology][Flow] Generating flow layout
[Topology][Flow] Nodes: 8
[Topology][Flow] Connections: 7
[Topology][Hub] Generating hub layout
[Topology][Hub] Hub: Inventory
[Topology][Hub] Satellites: 3
[Topology][Hub] Connections: 3
[Topology][Flow] Generating flow layout
[Topology][Flow] Nodes: 8
[Topology][Flow] Connections: 7
[Topology][Hub] Generating hub layout
[Topology][Hub] Hub: Capacity
[Topology][Hub] Satellites: 5
[Topology][Hub] Connections: 5
[Topology][Flow] Generating flow layout
[Topology][Flow] Nodes: 8
[Topology][Flow] Connections: 7
[Topology][Hub] Generating hub layout
[Topology][Hub] Hub: Capacity
[Topology][Hub] Satellites: 5
[Topology][Hub] Connections: 5
[Topology][Flow] Generating flow layout
[Topology][Flow] Nodes: 8
[Topology][Flow] Connections: 7
[Topology][Hub] Generating hub layout
[Topology][Hub] Hub: Risk
[Topology][Hub] Satellites: 3
[Topology][Hub] Connections: 3
[Topology][Flow] Generating flow layout
[Topology][Flow] Nodes: 8
[Topology][Flow] Connections: 7
[Topology][Hub] Generating hub layout
[Topology][Hub] Hub: Risk
[Topology][Hub] Satellites: 3
[Topology][Hub] Connections: 3
[Topology][Flow] Generating flow layout
[Topology][Flow] Nodes: 8
[Topology][Flow] Connections: 7
[Topology][Hub] Generating hub layout
[Topology][Hub] Hub: Risk
[Topology][Hub] Satellites: 3
[Topology][Hub] Connections: 3
[Topology][Flow] Generating flow layout
[Topology][Flow] Nodes: 8
[Topology][Flow] Connections: 7
[Topology][Hub] Generating hub layout
[Topology][Hub] Hub: Risk
[Topology][Hub] Satellites: 3
[Topology][Hub] Connections: 3
[Topology][Flow] Generating flow layout
[Topology][Flow] Nodes: 8
[Topology][Flow] Connections: 7
[Topology][Hub] Generating hub layout
[Topology][Hub] Hub: Risk
[Topology][Hub] Satellites: 3
[Topology][Hub] Connections: 3
[Topology][Flow] Generating flow layout
[Topology][Flow] Nodes: 8
[Topology][Flow] Connections: 7
[Topology][Hub] Generating hub layout
[Topology][Hub] Hub: Risk
[Topology][Hub] Satellites: 3
[Topology][Hub] Connections: 3
[Topology][Flow] Generating flow layout
[Topology][Flow] Nodes: 8
[Topology][Flow] Connections: 7
[Topology][Hub] Generating hub layout
[Topology][Hub] Hub: Risk
[Topology][Hub] Satellites: 3
[Topology][Hub] Connections: 3
[Topology][Flow] Generating flow layout
[Topology][Flow] Nodes: 8
[Topology][Flow] Connections: 7
[Topology][Hub] Generating hub layout
[Topology][Hub] Hub: Risk
[Topology][Hub] Satellites: 3
[Topology][Hub] Connections: 3
[Topology][Flow] Generating flow layout
[Topology][Flow] Nodes: 8
[Topology][Flow] Connections: 7
[Topology][Hub] Generating hub layout
[Topology][Hub] Hub: Risk
[Topology][Hub] Satellites: 3
[Topology][Hub] Connections: 3
[Topology][Flow] Generating flow layout
[Topology][Flow] Nodes: 8
[Topology][Flow] Connections: 7
[Topology][Hub] Generating hub layout
[Topology][Hub] Hub: Risk
[Topology][Hub] Satellites: 3
[Topology][Hub] Connections: 3
[Topology][Flow] Generating flow layout
[Topology][Flow] Nodes: 8
[Topology][Flow] Connections: 7
[Topology][Hub] Generating hub layout
[Topology][Hub] Hub: Risk
[Topology][Hub] Satellites: 3
[Topology][Hub] Connections: 3
[Topology][Flow] Generating flow layout
[Topology][Flow] Nodes: 8
[Topology][Flow] Connections: 7
[Topology][Flow] Generating flow layout
[Topology][Flow] Nodes: 2
[Topology][Flow] Connections: 1
▶ NEX-MVP-FINAL:3 Natural Object Reference & Executive Explanation
  ✔ exact-first matching preserves a real name that contains object (15.553375ms)
  ✔ natural phrase variations resolve to the same Risk subject (1154.875583ms)
  ✔ delivery object phrases resolve to canonical Delivery (337.108208ms)
  ✔ deliver object uses controlled er→ery manager language, not a Delivery branch (49.091125ms)
  ✔ explain variants stay on Risk after natural focus (387.197709ms)
  ✔ representative types resolve through object filler when unambiguous (360.26525ms)
  ✔ Goal natural-reference resolves the registered Goal when unambiguous (77.840084ms)
  ✔ does not fabricate a unique Scenario from show the Scenario object (25.027292ms)
  ✔ keeps deictic continuity across Inventory then Capacity (88.843875ms)
  ✔ Stage click and Chat natural reference share the same Risk subject (19.410458ms)
  ✔ Explain vs Change remains separated (95.290791ms)
  ✔ Risk explain is concise, executive, and evidence-honest (57.745333ms)
  ✔ progressive follow-up keeps Risk and deepens without dumping (91.681125ms)
  ✔ show risk problem stays ambiguous (40.863417ms)
  ✔ contains no object-specific canned explanation branches (1.139167ms)
✔ NEX-MVP-FINAL:3 Natural Object Reference & Executive Explanation (2803.911833ms)
▶ NEX-MVP-FINAL:3R runtime parity invariants
  ✔ exposes FINAL:3 runtime identities for browser proof (7.699833ms)
  ✔ er→ery is general and does not hard-code Delivery (35.925167ms)
  ✔ browser cert harness cannot pass on couldn't-find Risk Object (1.025959ms)
✔ NEX-MVP-FINAL:3R runtime parity invariants (50.414875ms)
[Topology][Flow] Generating flow layout
[Topology][Flow] Nodes: 8
[Topology][Flow] Connections: 7
[Topology][Flow] Generating flow layout
[Topology][Flow] Nodes: 2
[Topology][Flow] Connections: 1
[Topology][Flow] Generating flow layout
[Topology][Flow] Nodes: 8
[Topology][Flow] Connections: 7
[Topology][Flow] Generating flow layout
[Topology][Flow] Nodes: 2
[Topology][Flow] Connections: 1
[Topology][Flow] Generating flow layout
[Topology][Flow] Nodes: 8
[Topology][Flow] Connections: 7
[Topology][Flow] Generating flow layout
[Topology][Flow] Nodes: 2
[Topology][Flow] Connections: 1
[Topology][Flow] Generating flow layout
[Topology][Flow] Nodes: 8
[Topology][Flow] Connections: 7
[Topology][Flow] Generating flow layout
[Topology][Flow] Nodes: 2
[Topology][Flow] Connections: 1
[Topology][Flow] Generating flow layout
[Topology][Flow] Nodes: 8
[Topology][Flow] Connections: 7
[Topology][Flow] Generating flow layout
[Topology][Flow] Nodes: 2
[Topology][Flow] Connections: 1
[Topology][Flow] Generating flow layout
[Topology][Flow] Nodes: 8
[Topology][Flow] Connections: 7
[Topology][Flow] Generating flow layout
[Topology][Flow] Nodes: 2
[Topology][Flow] Connections: 1
[Topology][Flow] Generating flow layout
[Topology][Flow] Nodes: 8
[Topology][Flow] Connections: 7
[Topology][Flow] Generating flow layout
[Topology][Flow] Nodes: 2
[Topology][Flow] Connections: 1
[Topology][Flow] Generating flow layout
[Topology][Flow] Nodes: 8
[Topology][Flow] Connections: 7
[Topology][Flow] Generating flow layout
[Topology][Flow] Nodes: 2
[Topology][Flow] Connections: 1
[Topology][Flow] Generating flow layout
[Topology][Flow] Nodes: 8
[Topology][Flow] Connections: 7
[Topology][Flow] Generating flow layout
[Topology][Flow] Nodes: 2
[Topology][Flow] Connections: 1
[Topology][Flow] Generating flow layout
[Topology][Flow] Nodes: 8
[Topology][Flow] Connections: 7
[Topology][Flow] Generating flow layout
[Topology][Flow] Nodes: 2
[Topology][Flow] Connections: 1
[Topology][Flow] Generating flow layout
[Topology][Flow] Nodes: 8
[Topology][Flow] Connections: 7
[Topology][Flow] Generating flow layout
[Topology][Flow] Nodes: 2
[Topology][Flow] Connections: 1
[Topology][Flow] Generating flow layout
[Topology][Flow] Nodes: 8
[Topology][Flow] Connections: 7
[Topology][Hub] Generating hub layout
[Topology][Hub] Hub: Delivery
[Topology][Hub] Satellites: 5
[Topology][Hub] Connections: 5
[Topology][Flow] Generating flow layout
[Topology][Flow] Nodes: 8
[Topology][Flow] Connections: 7
[Topology][Hub] Generating hub layout
[Topology][Hub] Hub: Delivery
[Topology][Hub] Satellites: 5
[Topology][Hub] Connections: 5
[Topology][Flow] Generating flow layout
[Topology][Flow] Nodes: 8
[Topology][Flow] Connections: 7
[Topology][Hub] Generating hub layout
[Topology][Hub] Hub: Capacity
[Topology][Hub] Satellites: 5
[Topology][Hub] Connections: 5
[Topology][Flow] Generating flow layout
[Topology][Flow] Nodes: 8
[Topology][Flow] Connections: 7
[Topology][Hub] Generating hub layout
[Topology][Hub] Hub: Capacity
[Topology][Hub] Satellites: 5
[Topology][Hub] Connections: 5
[Topology][Flow] Generating flow layout
[Topology][Flow] Nodes: 8
[Topology][Flow] Connections: 7
[Topology][Flow] Generating flow layout
[Topology][Flow] Nodes: 2
[Topology][Flow] Connections: 1
[Topology][Flow] Generating flow layout
[Topology][Flow] Nodes: 8
[Topology][Flow] Connections: 7
[Topology][Flow] Generating flow layout
[Topology][Flow] Nodes: 2
[Topology][Flow] Connections: 1
[Topology][Flow] Generating flow layout
[Topology][Flow] Nodes: 8
[Topology][Flow] Connections: 7
[Topology][Flow] Generating flow layout
[Topology][Flow] Nodes: 2
[Topology][Flow] Connections: 1
[Topology][Flow] Generating flow layout
[Topology][Flow] Nodes: 8
[Topology][Flow] Connections: 7
[Topology][Flow] Generating flow layout
[Topology][Flow] Nodes: 2
[Topology][Flow] Connections: 1
▶ NEX-MVP-FINAL:4 Executive Investigation Continuity
  ✔ assigns no-action family to explore-scenario, not unknown (27.009583ms)
  ✔ Risk investigation continues through ignore, options, compare, recommend (885.258125ms)
  ✔ does not hard-code a Risk ignore branch (1.150209ms)
  ✔ works for Delivery, Capacity, and Margin Pressure (225.895667ms)
  ✔ keeps architecture leaks out of manager copy (39.060083ms)
✔ NEX-MVP-FINAL:4 Executive Investigation Continuity (1179.7365ms)
[Topology][Flow] Generating flow layout
[Topology][Flow] Nodes: 8
[Topology][Flow] Connections: 7
[Topology][Hub] Generating hub layout
[Topology][Hub] Hub: Delivery
[Topology][Hub] Satellites: 5
[Topology][Hub] Connections: 5
[Topology][Flow] Generating flow layout
[Topology][Flow] Nodes: 8
[Topology][Flow] Connections: 7
[Topology][Hub] Generating hub layout
[Topology][Hub] Hub: Delivery
[Topology][Hub] Satellites: 5
[Topology][Hub] Connections: 5
[Topology][Flow] Generating flow layout
[Topology][Flow] Nodes: 8
[Topology][Flow] Connections: 7
[Topology][Hub] Generating hub layout
[Topology][Hub] Hub: Delivery
[Topology][Hub] Satellites: 5
[Topology][Hub] Connections: 5
[Topology][Flow] Generating flow layout
[Topology][Flow] Nodes: 8
[Topology][Flow] Connections: 7
[Topology][Hub] Generating hub layout
[Topology][Hub] Hub: Delivery
[Topology][Hub] Satellites: 5
[Topology][Hub] Connections: 5
[Topology][Flow] Generating flow layout
[Topology][Flow] Nodes: 8
[Topology][Flow] Connections: 7
[Topology][Hub] Generating hub layout
[Topology][Hub] Hub: Capacity
[Topology][Hub] Satellites: 5
[Topology][Hub] Connections: 5
[Topology][Flow] Generating flow layout
[Topology][Flow] Nodes: 8
[Topology][Flow] Connections: 7
[Topology][Hub] Generating hub layout
[Topology][Hub] Hub: Capacity
[Topology][Hub] Satellites: 5
[Topology][Hub] Connections: 5
[Topology][Flow] Generating flow layout
[Topology][Flow] Nodes: 8
[Topology][Flow] Connections: 7
[Topology][Hub] Generating hub layout
[Topology][Hub] Hub: Delivery
[Topology][Hub] Satellites: 5
[Topology][Hub] Connections: 5
[Topology][Flow] Generating flow layout
[Topology][Flow] Nodes: 8
[Topology][Flow] Connections: 7
[Topology][Hub] Generating hub layout
[Topology][Hub] Hub: Delivery
[Topology][Hub] Satellites: 5
[Topology][Hub] Connections: 5
[Topology][Flow] Generating flow layout
[Topology][Flow] Nodes: 8
[Topology][Flow] Connections: 7
[Topology][Hub] Generating hub layout
[Topology][Hub] Hub: Delivery
[Topology][Hub] Satellites: 5
[Topology][Hub] Connections: 5
[Topology][Flow] Generating flow layout
[Topology][Flow] Nodes: 8
[Topology][Flow] Connections: 7
[Topology][Hub] Generating hub layout
[Topology][Hub] Hub: Delivery
[Topology][Hub] Satellites: 5
[Topology][Hub] Connections: 5
[Topology][Flow] Generating flow layout
[Topology][Flow] Nodes: 8
[Topology][Flow] Connections: 7
[Topology][Hub] Generating hub layout
[Topology][Hub] Hub: Delivery
[Topology][Hub] Satellites: 5
[Topology][Hub] Connections: 5
[Topology][Flow] Generating flow layout
[Topology][Flow] Nodes: 8
[Topology][Flow] Connections: 7
[Topology][Hub] Generating hub layout
[Topology][Hub] Hub: Delivery
[Topology][Hub] Satellites: 5
[Topology][Hub] Connections: 5
[Topology][Flow] Generating flow layout
[Topology][Flow] Nodes: 8
[Topology][Flow] Connections: 7
[Topology][Hub] Generating hub layout
[Topology][Hub] Hub: Delivery
[Topology][Hub] Satellites: 5
[Topology][Hub] Connections: 5
[Topology][Flow] Generating flow layout
[Topology][Flow] Nodes: 8
[Topology][Flow] Connections: 7
[Topology][Hub] Generating hub layout
[Topology][Hub] Hub: Delivery
[Topology][Hub] Satellites: 5
[Topology][Hub] Connections: 5
[Topology][Flow] Generating flow layout
[Topology][Flow] Nodes: 8
[Topology][Flow] Connections: 7
[Topology][Hub] Generating hub layout
[Topology][Hub] Hub: Delivery
[Topology][Hub] Satellites: 5
[Topology][Hub] Connections: 5
[Topology][Flow] Generating flow layout
[Topology][Flow] Nodes: 8
[Topology][Flow] Connections: 7
[Topology][Hub] Generating hub layout
[Topology][Hub] Hub: Delivery
[Topology][Hub] Satellites: 5
[Topology][Hub] Connections: 5
[Topology][Flow] Generating flow layout
[Topology][Flow] Nodes: 8
[Topology][Flow] Connections: 7
[Topology][Flow] Generating flow layout
[Topology][Flow] Nodes: 2
[Topology][Flow] Connections: 1
[Topology][Flow] Generating flow layout
[Topology][Flow] Nodes: 8
[Topology][Flow] Connections: 7
[Topology][Flow] Generating flow layout
[Topology][Flow] Nodes: 2
[Topology][Flow] Connections: 1
[Topology][Flow] Generating flow layout
[Topology][Flow] Nodes: 8
[Topology][Flow] Connections: 7
[Topology][Flow] Generating flow layout
[Topology][Flow] Nodes: 2
[Topology][Flow] Connections: 1
[Topology][Flow] Generating flow layout
[Topology][Flow] Nodes: 8
[Topology][Flow] Connections: 7
[Topology][Flow] Generating flow layout
[Topology][Flow] Nodes: 2
[Topology][Flow] Connections: 1
[Topology][Flow] Generating flow layout
[Topology][Flow] Nodes: 8
[Topology][Flow] Connections: 7
[Topology][Flow] Generating flow layout
[Topology][Flow] Nodes: 2
[Topology][Flow] Connections: 1
▶ NEX-MVP-FINAL:5 Executive Investigation Intelligence
  ✔ does not collapse Delivery why to a single confirmed cause (595.771958ms)
  ✔ keeps the Delivery investigation after focusing Capacity (203.470667ms)
  ✔ separates evidence, strength, manager-reported provenance, and recommendation uncertainty (327.605916ms)
  ✔ reopens a new investigation when the manager asks why on another object (71.666333ms)
  ✔ generalizes to Risk without Delivery-specific conclusions (95.638333ms)
  ✔ contains no object-name investigation branches (0.381541ms)
  ✔ resolves why-is-below-target to Delivery (0.198458ms)
✔ NEX-MVP-FINAL:5 Executive Investigation Intelligence (1296.0145ms)
[Topology][Flow] Generating flow layout
[Topology][Flow] Nodes: 8
[Topology][Flow] Connections: 7
[Topology][Flow] Generating flow layout
[Topology][Flow] Nodes: 2
[Topology][Flow] Connections: 1
[Topology][Flow] Generating flow layout
[Topology][Flow] Nodes: 8
[Topology][Flow] Connections: 7
[Topology][Hub] Generating hub layout
[Topology][Hub] Hub: Delivery
[Topology][Hub] Satellites: 5
[Topology][Hub] Connections: 5
[Topology][Flow] Generating flow layout
[Topology][Flow] Nodes: 8
[Topology][Flow] Connections: 7
[Topology][Hub] Generating hub layout
[Topology][Hub] Hub: Delivery
[Topology][Hub] Satellites: 5
[Topology][Hub] Connections: 5
[Topology][Flow] Generating flow layout
[Topology][Flow] Nodes: 8
[Topology][Flow] Connections: 7
[Topology][Hub] Generating hub layout
[Topology][Hub] Hub: Delivery
[Topology][Hub] Satellites: 5
[Topology][Hub] Connections: 5
[Topology][Flow] Generating flow layout
[Topology][Flow] Nodes: 8
[Topology][Flow] Connections: 7
[Topology][Hub] Generating hub layout
[Topology][Hub] Hub: Risk
[Topology][Hub] Satellites: 3
[Topology][Hub] Connections: 3
[Topology][Flow] Generating flow layout
[Topology][Flow] Nodes: 8
[Topology][Flow] Connections: 7
[Topology][Hub] Generating hub layout
[Topology][Hub] Hub: Risk
[Topology][Hub] Satellites: 3
[Topology][Hub] Connections: 3
[Topology][Flow] Generating flow layout
[Topology][Flow] Nodes: 8
[Topology][Flow] Connections: 7
[Topology][Hub] Generating hub layout
[Topology][Hub] Hub: Risk
[Topology][Hub] Satellites: 3
[Topology][Hub] Connections: 3
[Topology][Flow] Generating flow layout
[Topology][Flow] Nodes: 8
[Topology][Flow] Connections: 7
[Topology][Hub] Generating hub layout
[Topology][Hub] Hub: Risk
[Topology][Hub] Satellites: 3
[Topology][Hub] Connections: 3
[Topology][Flow] Generating flow layout
[Topology][Flow] Nodes: 8
[Topology][Flow] Connections: 7
[Topology][Hub] Generating hub layout
[Topology][Hub] Hub: Risk
[Topology][Hub] Satellites: 3
[Topology][Hub] Connections: 3
[Topology][Flow] Generating flow layout
[Topology][Flow] Nodes: 8
[Topology][Flow] Connections: 7
[Topology][Hub] Generating hub layout
[Topology][Hub] Hub: Risk
[Topology][Hub] Satellites: 3
[Topology][Hub] Connections: 3
[Topology][Flow] Generating flow layout
[Topology][Flow] Nodes: 8
[Topology][Flow] Connections: 7
[Topology][Hub] Generating hub layout
[Topology][Hub] Hub: Risk
[Topology][Hub] Satellites: 3
[Topology][Hub] Connections: 3
▶ NEX-MVP-FINAL:6.1 Natural Language Understanding
  ✔ has FINAL:6.1 identity and does not create a second engine (1.11575ms)
  ✔ does not encode unseen certification paraphrases in production NLU (0.392542ms)
  ✔ certifies the NLU corpus without hiding failures (741.110458ms)
  ✔ generalizes paraphrase groups to compatible operations (106.118417ms)
  ✔ keeps mutated wording stable for Delivery focus (6.000458ms)
  ✔ does not fabricate objects or commitments for negative cases (109.111083ms)
  ✔ distinguishes observations from focus commands (2.98075ms)
  ✔ does not manufacture Focus from an unknown action plus a resolved entity (1.536875ms)
  ✔ retains explicit and entity-only navigation evidence (1.868417ms)
  ✔ classifies challenges without starting trusted-communication 6.4 (1.395333ms)
  ✔ classifies Nexora meta questions without binding KPI as the business object (21.099833ms)
  ✔ resolves future synthetic registered objects (8.319209ms)
  ✔ never overlays suggestion into decision or execution (212.368625ms)
  ✔ routes unseen Delivery focus through existing conversation authorities (124.514041ms)
  ✔ preserves certified regression phrases (265.23ms)
✔ NEX-MVP-FINAL:6.1 Natural Language Understanding (1605.513416ms)
[Topology][Flow] Generating flow layout
[Topology][Flow] Nodes: 8
[Topology][Flow] Connections: 7
[Topology][Hub] Generating hub layout
[Topology][Hub] Hub: Delivery
[Topology][Hub] Satellites: 5
[Topology][Hub] Connections: 5
[Topology][Flow] Generating flow layout
[Topology][Flow] Nodes: 8
[Topology][Flow] Connections: 7
[Topology][Hub] Generating hub layout
[Topology][Hub] Hub: Delivery
[Topology][Hub] Satellites: 5
[Topology][Hub] Connections: 5
[Topology][Flow] Generating flow layout
[Topology][Flow] Nodes: 8
[Topology][Flow] Connections: 7
[Topology][Hub] Generating hub layout
[Topology][Hub] Hub: Capacity
[Topology][Hub] Satellites: 5
[Topology][Hub] Connections: 5
[Topology][Flow] Generating flow layout
[Topology][Flow] Nodes: 8
[Topology][Flow] Connections: 7
[Topology][Hub] Generating hub layout
[Topology][Hub] Hub: Capacity
[Topology][Hub] Satellites: 5
[Topology][Hub] Connections: 5
[Topology][Flow] Generating flow layout
[Topology][Flow] Nodes: 8
[Topology][Flow] Connections: 7
[Topology][Flow] Generating flow layout
[Topology][Flow] Nodes: 2
[Topology][Flow] Connections: 1
[Topology][Flow] Generating flow layout
[Topology][Flow] Nodes: 8
[Topology][Flow] Connections: 7
[Topology][Flow] Generating flow layout
[Topology][Flow] Nodes: 2
[Topology][Flow] Connections: 1
[Topology][Flow] Generating flow layout
[Topology][Flow] Nodes: 8
[Topology][Flow] Connections: 7
[Topology][Hub] Generating hub layout
[Topology][Hub] Hub: Delivery
[Topology][Hub] Satellites: 5
[Topology][Hub] Connections: 5
[Topology][Flow] Generating flow layout
[Topology][Flow] Nodes: 8
[Topology][Flow] Connections: 7
[Topology][Hub] Generating hub layout
[Topology][Hub] Hub: Delivery
[Topology][Hub] Satellites: 5
[Topology][Hub] Connections: 5
[Topology][Flow] Generating flow layout
[Topology][Flow] Nodes: 8
[Topology][Flow] Connections: 7
[Topology][Hub] Generating hub layout
[Topology][Hub] Hub: Delivery
[Topology][Hub] Satellites: 5
[Topology][Hub] Connections: 5
[Topology][Flow] Generating flow layout
[Topology][Flow] Nodes: 8
[Topology][Flow] Connections: 7
[Topology][Flow] Generating flow layout
[Topology][Flow] Nodes: 2
[Topology][Flow] Connections: 1
[Topology][Flow] Generating flow layout
[Topology][Flow] Nodes: 8
[Topology][Flow] Connections: 7
[Topology][Flow] Generating flow layout
[Topology][Flow] Nodes: 2
[Topology][Flow] Connections: 1
[Topology][Flow] Generating flow layout
[Topology][Flow] Nodes: 8
[Topology][Flow] Connections: 7
[Topology][Flow] Generating flow layout
[Topology][Flow] Nodes: 2
[Topology][Flow] Connections: 1
[Topology][Flow] Generating flow layout
[Topology][Flow] Nodes: 8
[Topology][Flow] Connections: 7
[Topology][Hub] Generating hub layout
[Topology][Hub] Hub: Delivery
[Topology][Hub] Satellites: 5
[Topology][Hub] Connections: 5
[Topology][Flow] Generating flow layout
[Topology][Flow] Nodes: 8
[Topology][Flow] Connections: 7
[Topology][Hub] Generating hub layout
[Topology][Hub] Hub: Delivery
[Topology][Hub] Satellites: 5
[Topology][Hub] Connections: 5
[Topology][Flow] Generating flow layout
[Topology][Flow] Nodes: 8
[Topology][Flow] Connections: 7
[Topology][Hub] Generating hub layout
[Topology][Hub] Hub: Delivery
[Topology][Hub] Satellites: 5
[Topology][Hub] Connections: 5
[Topology][Flow] Generating flow layout
[Topology][Flow] Nodes: 8
[Topology][Flow] Connections: 7
[Topology][Hub] Generating hub layout
[Topology][Hub] Hub: Delivery
[Topology][Hub] Satellites: 5
[Topology][Hub] Connections: 5
[Topology][Flow] Generating flow layout
[Topology][Flow] Nodes: 8
[Topology][Flow] Connections: 7
[Topology][Hub] Generating hub layout
[Topology][Hub] Hub: Delivery
[Topology][Hub] Satellites: 5
[Topology][Hub] Connections: 5
[Topology][Flow] Generating flow layout
[Topology][Flow] Nodes: 8
[Topology][Flow] Connections: 7
[Topology][Hub] Generating hub layout
[Topology][Hub] Hub: Delivery
[Topology][Hub] Satellites: 5
[Topology][Hub] Connections: 5
[Topology][Flow] Generating flow layout
[Topology][Flow] Nodes: 8
[Topology][Flow] Connections: 7
[Topology][Hub] Generating hub layout
[Topology][Hub] Hub: Delivery
[Topology][Hub] Satellites: 5
[Topology][Hub] Connections: 5
[Topology][Flow] Generating flow layout
[Topology][Flow] Nodes: 8
[Topology][Flow] Connections: 7
[Topology][Hub] Generating hub layout
[Topology][Hub] Hub: Delivery
[Topology][Hub] Satellites: 5
[Topology][Hub] Connections: 5
[Topology][Flow] Generating flow layout
[Topology][Flow] Nodes: 8
[Topology][Flow] Connections: 7
[Topology][Hub] Generating hub layout
[Topology][Hub] Hub: Delivery
[Topology][Hub] Satellites: 5
[Topology][Hub] Connections: 5
[Topology][Flow] Generating flow layout
[Topology][Flow] Nodes: 8
[Topology][Flow] Connections: 7
[Topology][Hub] Generating hub layout
[Topology][Hub] Hub: Delivery
[Topology][Hub] Satellites: 5
[Topology][Hub] Connections: 5
[Topology][Flow] Generating flow layout
[Topology][Flow] Nodes: 8
[Topology][Flow] Connections: 7
[Topology][Hub] Generating hub layout
[Topology][Hub] Hub: Delivery
[Topology][Hub] Satellites: 5
[Topology][Hub] Connections: 5
[Topology][Flow] Generating flow layout
[Topology][Flow] Nodes: 8
[Topology][Flow] Connections: 7
[Topology][Flow] Generating flow layout
[Topology][Flow] Nodes: 2
[Topology][Flow] Connections: 1
[Topology][Flow] Generating flow layout
[Topology][Flow] Nodes: 8
[Topology][Flow] Connections: 7
[Topology][Flow] Generating flow layout
[Topology][Flow] Nodes: 2
[Topology][Flow] Connections: 1
[Topology][Flow] Generating flow layout
[Topology][Flow] Nodes: 8
[Topology][Flow] Connections: 7
[Topology][Flow] Generating flow layout
[Topology][Flow] Nodes: 2
[Topology][Flow] Connections: 1
[Topology][Flow] Generating flow layout
[Topology][Flow] Nodes: 8
[Topology][Flow] Connections: 7
[Topology][Flow] Generating flow layout
[Topology][Flow] Nodes: 2
[Topology][Flow] Connections: 1
[Topology][Flow] Generating flow layout
[Topology][Flow] Nodes: 8
[Topology][Flow] Connections: 7
[Topology][Hub] Generating hub layout
[Topology][Hub] Hub: Capacity
[Topology][Hub] Satellites: 5
[Topology][Hub] Connections: 5
[Topology][Flow] Generating flow layout
[Topology][Flow] Nodes: 8
[Topology][Flow] Connections: 7
[Topology][Hub] Generating hub layout
[Topology][Hub] Hub: Capacity
[Topology][Hub] Satellites: 5
[Topology][Hub] Connections: 5
[Topology][Flow] Generating flow layout
[Topology][Flow] Nodes: 8
[Topology][Flow] Connections: 7
[Topology][Hub] Generating hub layout
[Topology][Hub] Hub: Delivery
[Topology][Hub] Satellites: 5
[Topology][Hub] Connections: 5
[Topology][Flow] Generating flow layout
[Topology][Flow] Nodes: 8
[Topology][Flow] Connections: 7
[Topology][Hub] Generating hub layout
[Topology][Hub] Hub: Capacity
[Topology][Hub] Satellites: 5
[Topology][Hub] Connections: 5
[Topology][Flow] Generating flow layout
[Topology][Flow] Nodes: 8
[Topology][Flow] Connections: 7
[Topology][Hub] Generating hub layout
[Topology][Hub] Hub: Delivery
[Topology][Hub] Satellites: 5
[Topology][Hub] Connections: 5
[Topology][Flow] Generating flow layout
[Topology][Flow] Nodes: 8
[Topology][Flow] Connections: 7
[Topology][Hub] Generating hub layout
[Topology][Hub] Hub: Delivery
[Topology][Hub] Satellites: 5
[Topology][Hub] Connections: 5
[Topology][Flow] Generating flow layout
[Topology][Flow] Nodes: 8
[Topology][Flow] Connections: 7
[Topology][Hub] Generating hub layout
[Topology][Hub] Hub: Delivery
[Topology][Hub] Satellites: 5
[Topology][Hub] Connections: 5
[Topology][Flow] Generating flow layout
[Topology][Flow] Nodes: 8
[Topology][Flow] Connections: 7
[Topology][Flow] Generating flow layout
[Topology][Flow] Nodes: 2
[Topology][Flow] Connections: 1
[Topology][Flow] Generating flow layout
[Topology][Flow] Nodes: 8
[Topology][Flow] Connections: 7
[Topology][Flow] Generating flow layout
[Topology][Flow] Nodes: 2
[Topology][Flow] Connections: 1
[Topology][Flow] Generating flow layout
[Topology][Flow] Nodes: 8
[Topology][Flow] Connections: 7
[Topology][Hub] Generating hub layout
[Topology][Hub] Hub: Risk
[Topology][Hub] Satellites: 3
[Topology][Hub] Connections: 3
[Topology][Flow] Generating flow layout
[Topology][Flow] Nodes: 8
[Topology][Flow] Connections: 7
[Topology][Hub] Generating hub layout
[Topology][Hub] Hub: Risk
[Topology][Hub] Satellites: 3
[Topology][Hub] Connections: 3
[Topology][Flow] Generating flow layout
[Topology][Flow] Nodes: 8
[Topology][Flow] Connections: 7
[Topology][Flow] Generating flow layout
[Topology][Flow] Nodes: 2
[Topology][Flow] Connections: 1
[Topology][Flow] Generating flow layout
[Topology][Flow] Nodes: 8
[Topology][Flow] Connections: 7
[Topology][Flow] Generating flow layout
[Topology][Flow] Nodes: 2
[Topology][Flow] Connections: 1
[Topology][Flow] Generating flow layout
[Topology][Flow] Nodes: 8
[Topology][Flow] Connections: 7
[Topology][Hub] Generating hub layout
[Topology][Hub] Hub: Delivery
[Topology][Hub] Satellites: 5
[Topology][Hub] Connections: 5
[Topology][Flow] Generating flow layout
[Topology][Flow] Nodes: 8
[Topology][Flow] Connections: 7
[Topology][Hub] Generating hub layout
[Topology][Hub] Hub: Delivery
[Topology][Hub] Satellites: 5
[Topology][Hub] Connections: 5
[Topology][Flow] Generating flow layout
[Topology][Flow] Nodes: 8
[Topology][Flow] Connections: 7
[Topology][Hub] Generating hub layout
[Topology][Hub] Hub: Delivery
[Topology][Hub] Satellites: 5
[Topology][Hub] Connections: 5
[Topology][Flow] Generating flow layout
[Topology][Flow] Nodes: 8
[Topology][Flow] Connections: 7
[Topology][Flow] Generating flow layout
[Topology][Flow] Nodes: 2
[Topology][Flow] Connections: 1
[Topology][Flow] Generating flow layout
[Topology][Flow] Nodes: 8
[Topology][Flow] Connections: 7
[Topology][Flow] Generating flow layout
[Topology][Flow] Nodes: 2
[Topology][Flow] Connections: 1
[Topology][Flow] Generating flow layout
[Topology][Flow] Nodes: 8
[Topology][Flow] Connections: 7
[Topology][Flow] Generating flow layout
[Topology][Flow] Nodes: 2
[Topology][Flow] Connections: 1
[Topology][Flow] Generating flow layout
[Topology][Flow] Nodes: 8
[Topology][Flow] Connections: 7
[Topology][Flow] Generating flow layout
[Topology][Flow] Nodes: 2
[Topology][Flow] Connections: 1
[Topology][Flow] Generating flow layout
[Topology][Flow] Nodes: 8
[Topology][Flow] Connections: 7
[Topology][Flow] Generating flow layout
[Topology][Flow] Nodes: 2
[Topology][Flow] Connections: 1
[Topology][Flow] Generating flow layout
[Topology][Flow] Nodes: 8
[Topology][Flow] Connections: 7
[Topology][Flow] Generating flow layout
[Topology][Flow] Nodes: 2
[Topology][Flow] Connections: 1
[Topology][Flow] Generating flow layout
[Topology][Flow] Nodes: 8
[Topology][Flow] Connections: 7
[Topology][Flow] Generating flow layout
[Topology][Flow] Nodes: 2
[Topology][Flow] Connections: 1
[Topology][Flow] Generating flow layout
[Topology][Flow] Nodes: 8
[Topology][Flow] Connections: 7
[Topology][Flow] Generating flow layout
[Topology][Flow] Nodes: 2
[Topology][Flow] Connections: 1
[Topology][Flow] Generating flow layout
[Topology][Flow] Nodes: 8
[Topology][Flow] Connections: 7
[Topology][Flow] Generating flow layout
[Topology][Flow] Nodes: 2
[Topology][Flow] Connections: 1
[Topology][Flow] Generating flow layout
[Topology][Flow] Nodes: 8
[Topology][Flow] Connections: 7
[Topology][Flow] Generating flow layout
[Topology][Flow] Nodes: 2
[Topology][Flow] Connections: 1
[Topology][Flow] Generating flow layout
[Topology][Flow] Nodes: 8
[Topology][Flow] Connections: 7
[Topology][Flow] Generating flow layout
[Topology][Flow] Nodes: 2
[Topology][Flow] Connections: 1
[Topology][Flow] Generating flow layout
[Topology][Flow] Nodes: 8
[Topology][Flow] Connections: 7
[Topology][Flow] Generating flow layout
[Topology][Flow] Nodes: 2
[Topology][Flow] Connections: 1
[Topology][Flow] Generating flow layout
[Topology][Flow] Nodes: 8
[Topology][Flow] Connections: 7
[Topology][Flow] Generating flow layout
[Topology][Flow] Nodes: 2
[Topology][Flow] Connections: 1
[Topology][Flow] Generating flow layout
[Topology][Flow] Nodes: 8
[Topology][Flow] Connections: 7
[Topology][Hub] Generating hub layout
[Topology][Hub] Hub: Delivery
[Topology][Hub] Satellites: 5
[Topology][Hub] Connections: 5
[Topology][Flow] Generating flow layout
[Topology][Flow] Nodes: 8
[Topology][Flow] Connections: 7
[Topology][Hub] Generating hub layout
[Topology][Hub] Hub: Delivery
[Topology][Hub] Satellites: 5
[Topology][Hub] Connections: 5
[Topology][Flow] Generating flow layout
[Topology][Flow] Nodes: 8
[Topology][Flow] Connections: 7
[Topology][Hub] Generating hub layout
[Topology][Hub] Hub: Delivery
[Topology][Hub] Satellites: 5
[Topology][Hub] Connections: 5
[Topology][Flow] Generating flow layout
[Topology][Flow] Nodes: 8
[Topology][Flow] Connections: 7
[Topology][Flow] Generating flow layout
[Topology][Flow] Nodes: 2
[Topology][Flow] Connections: 1
[Topology][Flow] Generating flow layout
[Topology][Flow] Nodes: 8
[Topology][Flow] Connections: 7
[Topology][Flow] Generating flow layout
[Topology][Flow] Nodes: 2
[Topology][Flow] Connections: 1
[Topology][Flow] Generating flow layout
[Topology][Flow] Nodes: 8
[Topology][Flow] Connections: 7
[Topology][Flow] Generating flow layout
[Topology][Flow] Nodes: 2
[Topology][Flow] Connections: 1
[Topology][Flow] Generating flow layout
[Topology][Flow] Nodes: 8
[Topology][Flow] Connections: 7
[Topology][Flow] Generating flow layout
[Topology][Flow] Nodes: 2
[Topology][Flow] Connections: 1
[Topology][Flow] Generating flow layout
[Topology][Flow] Nodes: 8
[Topology][Flow] Connections: 7
[Topology][Hub] Generating hub layout
[Topology][Hub] Hub: Delivery
[Topology][Hub] Satellites: 5
[Topology][Hub] Connections: 5
[Topology][Flow] Generating flow layout
[Topology][Flow] Nodes: 8
[Topology][Flow] Connections: 7
[Topology][Hub] Generating hub layout
[Topology][Hub] Hub: Delivery
[Topology][Hub] Satellites: 5
[Topology][Hub] Connections: 5
[Topology][Flow] Generating flow layout
[Topology][Flow] Nodes: 8
[Topology][Flow] Connections: 7
[Topology][Hub] Generating hub layout
[Topology][Hub] Hub: Delivery
[Topology][Hub] Satellites: 5
[Topology][Hub] Connections: 5
[Topology][Flow] Generating flow layout
[Topology][Flow] Nodes: 8
[Topology][Flow] Connections: 7
[Topology][Flow] Generating flow layout
[Topology][Flow] Nodes: 2
[Topology][Flow] Connections: 1
[Topology][Flow] Generating flow layout
[Topology][Flow] Nodes: 8
[Topology][Flow] Connections: 7
[Topology][Flow] Generating flow layout
[Topology][Flow] Nodes: 2
[Topology][Flow] Connections: 1
[Topology][Flow] Generating flow layout
[Topology][Flow] Nodes: 8
[Topology][Flow] Connections: 7
[Topology][Flow] Generating flow layout
[Topology][Flow] Nodes: 2
[Topology][Flow] Connections: 1
[Topology][Flow] Generating flow layout
[Topology][Flow] Nodes: 8
[Topology][Flow] Connections: 7
[Topology][Hub] Generating hub layout
[Topology][Hub] Hub: Delivery
[Topology][Hub] Satellites: 5
[Topology][Hub] Connections: 5
[Topology][Flow] Generating flow layout
[Topology][Flow] Nodes: 8
[Topology][Flow] Connections: 7
[Topology][Hub] Generating hub layout
[Topology][Hub] Hub: Capacity
[Topology][Hub] Satellites: 5
[Topology][Hub] Connections: 5
[Topology][Flow] Generating flow layout
[Topology][Flow] Nodes: 8
[Topology][Flow] Connections: 7
[Topology][Hub] Generating hub layout
[Topology][Hub] Hub: Capacity
[Topology][Hub] Satellites: 5
[Topology][Hub] Connections: 5
[Topology][Flow] Generating flow layout
[Topology][Flow] Nodes: 8
[Topology][Flow] Connections: 7
[Topology][Flow] Generating flow layout
[Topology][Flow] Nodes: 2
[Topology][Flow] Connections: 1
[Topology][Flow] Generating flow layout
[Topology][Flow] Nodes: 8
[Topology][Flow] Connections: 7
[Topology][Flow] Generating flow layout
[Topology][Flow] Nodes: 2
[Topology][Flow] Connections: 1
[Topology][Flow] Generating flow layout
[Topology][Flow] Nodes: 8
[Topology][Flow] Connections: 7
[Topology][Flow] Generating flow layout
[Topology][Flow] Nodes: 2
[Topology][Flow] Connections: 1
[Topology][Flow] Generating flow layout
[Topology][Flow] Nodes: 8
[Topology][Flow] Connections: 7
[Topology][Flow] Generating flow layout
[Topology][Flow] Nodes: 2
[Topology][Flow] Connections: 1
[Topology][Flow] Generating flow layout
[Topology][Flow] Nodes: 8
[Topology][Flow] Connections: 7
[Topology][Flow] Generating flow layout
[Topology][Flow] Nodes: 2
[Topology][Flow] Connections: 1
[Topology][Flow] Generating flow layout
[Topology][Flow] Nodes: 8
[Topology][Flow] Connections: 7
[Topology][Hub] Generating hub layout
[Topology][Hub] Hub: Capacity
[Topology][Hub] Satellites: 5
[Topology][Hub] Connections: 5
[Topology][Flow] Generating flow layout
[Topology][Flow] Nodes: 8
[Topology][Flow] Connections: 7
[Topology][Hub] Generating hub layout
[Topology][Hub] Hub: Capacity
[Topology][Hub] Satellites: 5
[Topology][Hub] Connections: 5
[Topology][Flow] Generating flow layout
[Topology][Flow] Nodes: 8
[Topology][Flow] Connections: 7
[Topology][Hub] Generating hub layout
[Topology][Hub] Hub: Capacity
[Topology][Hub] Satellites: 5
[Topology][Hub] Connections: 5
[Topology][Flow] Generating flow layout
[Topology][Flow] Nodes: 8
[Topology][Flow] Connections: 7
[Topology][Flow] Generating flow layout
[Topology][Flow] Nodes: 2
[Topology][Flow] Connections: 1
[Topology][Flow] Generating flow layout
[Topology][Flow] Nodes: 8
[Topology][Flow] Connections: 7
[Topology][Flow] Generating flow layout
[Topology][Flow] Nodes: 2
[Topology][Flow] Connections: 1
[Topology][Flow] Generating flow layout
[Topology][Flow] Nodes: 8
[Topology][Flow] Connections: 7
[Topology][Flow] Generating flow layout
[Topology][Flow] Nodes: 2
[Topology][Flow] Connections: 1
[Topology][Flow] Generating flow layout
[Topology][Flow] Nodes: 8
[Topology][Flow] Connections: 7
[Topology][Flow] Generating flow layout
[Topology][Flow] Nodes: 2
[Topology][Flow] Connections: 1
[Topology][Flow] Generating flow layout
[Topology][Flow] Nodes: 8
[Topology][Flow] Connections: 7
[Topology][Flow] Generating flow layout
[Topology][Flow] Nodes: 2
[Topology][Flow] Connections: 1
[Topology][Flow] Generating flow layout
[Topology][Flow] Nodes: 8
[Topology][Flow] Connections: 7
[Topology][Flow] Generating flow layout
[Topology][Flow] Nodes: 2
[Topology][Flow] Connections: 1
[Topology][Flow] Generating flow layout
[Topology][Flow] Nodes: 8
[Topology][Flow] Connections: 7
[Topology][Flow] Generating flow layout
[Topology][Flow] Nodes: 2
[Topology][Flow] Connections: 1
[Topology][Flow] Generating flow layout
[Topology][Flow] Nodes: 8
[Topology][Flow] Connections: 7
[Topology][Flow] Generating flow layout
[Topology][Flow] Nodes: 2
[Topology][Flow] Connections: 1
[Topology][Flow] Generating flow layout
[Topology][Flow] Nodes: 8
[Topology][Flow] Connections: 7
[Topology][Hub] Generating hub layout
[Topology][Hub] Hub: Delivery
[Topology][Hub] Satellites: 5
[Topology][Hub] Connections: 5
[Topology][Flow] Generating flow layout
[Topology][Flow] Nodes: 8
[Topology][Flow] Connections: 7
[Topology][Hub] Generating hub layout
[Topology][Hub] Hub: Delivery
[Topology][Hub] Satellites: 5
[Topology][Hub] Connections: 5
[Topology][Flow] Generating flow layout
[Topology][Flow] Nodes: 8
[Topology][Flow] Connections: 7
[Topology][Hub] Generating hub layout
[Topology][Hub] Hub: Delivery
[Topology][Hub] Satellites: 5
[Topology][Hub] Connections: 5
[Topology][Flow] Generating flow layout
[Topology][Flow] Nodes: 8
[Topology][Flow] Connections: 7
[Topology][Hub] Generating hub layout
[Topology][Hub] Hub: Delivery
[Topology][Hub] Satellites: 5
[Topology][Hub] Connections: 5
[Topology][Flow] Generating flow layout
[Topology][Flow] Nodes: 8
[Topology][Flow] Connections: 7
[Topology][Hub] Generating hub layout
[Topology][Hub] Hub: Delivery
[Topology][Hub] Satellites: 5
[Topology][Hub] Connections: 5
[Topology][Flow] Generating flow layout
[Topology][Flow] Nodes: 8
[Topology][Flow] Connections: 7
[Topology][Hub] Generating hub layout
[Topology][Hub] Hub: Delivery
[Topology][Hub] Satellites: 5
[Topology][Hub] Connections: 5
[Topology][Flow] Generating flow layout
[Topology][Flow] Nodes: 8
[Topology][Flow] Connections: 7
[Topology][Hub] Generating hub layout
[Topology][Hub] Hub: Capacity
[Topology][Hub] Satellites: 5
[Topology][Hub] Connections: 5
[Topology][Flow] Generating flow layout
[Topology][Flow] Nodes: 8
[Topology][Flow] Connections: 7
[Topology][Hub] Generating hub layout
[Topology][Hub] Hub: Capacity
[Topology][Hub] Satellites: 5
[Topology][Hub] Connections: 5
[Topology][Flow] Generating flow layout
[Topology][Flow] Nodes: 8
[Topology][Flow] Connections: 7
[Topology][Hub] Generating hub layout
[Topology][Hub] Hub: Capacity
[Topology][Hub] Satellites: 5
[Topology][Hub] Connections: 5
[Topology][Flow] Generating flow layout
[Topology][Flow] Nodes: 8
[Topology][Flow] Connections: 7
[Topology][Flow] Generating flow layout
[Topology][Flow] Nodes: 2
[Topology][Flow] Connections: 1
[Topology][Flow] Generating flow layout
[Topology][Flow] Nodes: 8
[Topology][Flow] Connections: 7
[Topology][Flow] Generating flow layout
[Topology][Flow] Nodes: 2
[Topology][Flow] Connections: 1
[Topology][Flow] Generating flow layout
[Topology][Flow] Nodes: 8
[Topology][Flow] Connections: 7
[Topology][Flow] Generating flow layout
[Topology][Flow] Nodes: 2
[Topology][Flow] Connections: 1
[Topology][Flow] Generating flow layout
[Topology][Flow] Nodes: 8
[Topology][Flow] Connections: 7
[Topology][Hub] Generating hub layout
[Topology][Hub] Hub: Delivery
[Topology][Hub] Satellites: 5
[Topology][Hub] Connections: 5
[Topology][Flow] Generating flow layout
[Topology][Flow] Nodes: 8
[Topology][Flow] Connections: 7
[Topology][Hub] Generating hub layout
[Topology][Hub] Hub: Delivery
[Topology][Hub] Satellites: 5
[Topology][Hub] Connections: 5
[Topology][Flow] Generating flow layout
[Topology][Flow] Nodes: 8
[Topology][Flow] Connections: 7
[Topology][Hub] Generating hub layout
[Topology][Hub] Hub: Delivery
[Topology][Hub] Satellites: 5
[Topology][Hub] Connections: 5
[Topology][Flow] Generating flow layout
[Topology][Flow] Nodes: 8
[Topology][Flow] Connections: 7
[Topology][Hub] Generating hub layout
[Topology][Hub] Hub: Delivery
[Topology][Hub] Satellites: 5
[Topology][Hub] Connections: 5
[Topology][Flow] Generating flow layout
[Topology][Flow] Nodes: 8
[Topology][Flow] Connections: 7
[Topology][Flow] Generating flow layout
[Topology][Flow] Nodes: 2
[Topology][Flow] Connections: 1
[Topology][Flow] Generating flow layout
[Topology][Flow] Nodes: 8
[Topology][Flow] Connections: 7
[Topology][Flow] Generating flow layout
[Topology][Flow] Nodes: 2
[Topology][Flow] Connections: 1
[Topology][Flow] Generating flow layout
[Topology][Flow] Nodes: 8
[Topology][Flow] Connections: 7
[Topology][Flow] Generating flow layout
[Topology][Flow] Nodes: 2
[Topology][Flow] Connections: 1
[Topology][Flow] Generating flow layout
[Topology][Flow] Nodes: 8
[Topology][Flow] Connections: 7
[Topology][Flow] Generating flow layout
[Topology][Flow] Nodes: 2
[Topology][Flow] Connections: 1
[Topology][Flow] Generating flow layout
[Topology][Flow] Nodes: 8
[Topology][Flow] Connections: 7
[Topology][Flow] Generating flow layout
[Topology][Flow] Nodes: 2
[Topology][Flow] Connections: 1
[Topology][Flow] Generating flow layout
[Topology][Flow] Nodes: 8
[Topology][Flow] Connections: 7
[Topology][Flow] Generating flow layout
[Topology][Flow] Nodes: 2
[Topology][Flow] Connections: 1
[Topology][Flow] Generating flow layout
[Topology][Flow] Nodes: 8
[Topology][Flow] Connections: 7
[Topology][Flow] Generating flow layout
[Topology][Flow] Nodes: 2
[Topology][Flow] Connections: 1
[Topology][Flow] Generating flow layout
[Topology][Flow] Nodes: 8
[Topology][Flow] Connections: 7
[Topology][Flow] Generating flow layout
[Topology][Flow] Nodes: 2
[Topology][Flow] Connections: 1
[Topology][Flow] Generating flow layout
[Topology][Flow] Nodes: 8
[Topology][Flow] Connections: 7
[Topology][Hub] Generating hub layout
[Topology][Hub] Hub: Delivery
[Topology][Hub] Satellites: 5
[Topology][Hub] Connections: 5
[Topology][Flow] Generating flow layout
[Topology][Flow] Nodes: 8
[Topology][Flow] Connections: 7
[Topology][Hub] Generating hub layout
[Topology][Hub] Hub: Delivery
[Topology][Hub] Satellites: 5
[Topology][Hub] Connections: 5
[Topology][Flow] Generating flow layout
[Topology][Flow] Nodes: 8
[Topology][Flow] Connections: 7
[Topology][Hub] Generating hub layout
[Topology][Hub] Hub: Delivery
[Topology][Hub] Satellites: 5
[Topology][Hub] Connections: 5
[Topology][Flow] Generating flow layout
[Topology][Flow] Nodes: 8
[Topology][Flow] Connections: 7
[Topology][Hub] Generating hub layout
[Topology][Hub] Hub: Delivery
[Topology][Hub] Satellites: 5
[Topology][Hub] Connections: 5
[Topology][Flow] Generating flow layout
[Topology][Flow] Nodes: 8
[Topology][Flow] Connections: 7
[Topology][Hub] Generating hub layout
[Topology][Hub] Hub: Delivery
[Topology][Hub] Satellites: 5
[Topology][Hub] Connections: 5
[Topology][Flow] Generating flow layout
[Topology][Flow] Nodes: 8
[Topology][Flow] Connections: 7
[Topology][Hub] Generating hub layout
[Topology][Hub] Hub: Delivery
[Topology][Hub] Satellites: 5
[Topology][Hub] Connections: 5
[Topology][Flow] Generating flow layout
[Topology][Flow] Nodes: 8
[Topology][Flow] Connections: 7
[Topology][Hub] Generating hub layout
[Topology][Hub] Hub: Delivery
[Topology][Hub] Satellites: 5
[Topology][Hub] Connections: 5
[Topology][Flow] Generating flow layout
[Topology][Flow] Nodes: 8
[Topology][Flow] Connections: 7
[Topology][Hub] Generating hub layout
[Topology][Hub] Hub: Delivery
[Topology][Hub] Satellites: 5
[Topology][Hub] Connections: 5
[Topology][Flow] Generating flow layout
[Topology][Flow] Nodes: 8
[Topology][Flow] Connections: 7
[Topology][Hub] Generating hub layout
[Topology][Hub] Hub: Delivery
[Topology][Hub] Satellites: 5
[Topology][Hub] Connections: 5
[Topology][Flow] Generating flow layout
[Topology][Flow] Nodes: 8
[Topology][Flow] Connections: 7
[Topology][Hub] Generating hub layout
[Topology][Hub] Hub: Delivery
[Topology][Hub] Satellites: 5
[Topology][Hub] Connections: 5
[Topology][Flow] Generating flow layout
[Topology][Flow] Nodes: 8
[Topology][Flow] Connections: 7
[Topology][Hub] Generating hub layout
[Topology][Hub] Hub: Delivery
[Topology][Hub] Satellites: 5
[Topology][Hub] Connections: 5
[Topology][Flow] Generating flow layout
[Topology][Flow] Nodes: 8
[Topology][Flow] Connections: 7
[Topology][Hub] Generating hub layout
[Topology][Hub] Hub: Delivery
[Topology][Hub] Satellites: 5
[Topology][Hub] Connections: 5
[Topology][Flow] Generating flow layout
[Topology][Flow] Nodes: 8
[Topology][Flow] Connections: 7
[Topology][Hub] Generating hub layout
[Topology][Hub] Hub: Delivery
[Topology][Hub] Satellites: 5
[Topology][Hub] Connections: 5
[Topology][Flow] Generating flow layout
[Topology][Flow] Nodes: 8
[Topology][Flow] Connections: 7
[Topology][Hub] Generating hub layout
[Topology][Hub] Hub: Delivery
[Topology][Hub] Satellites: 5
[Topology][Hub] Connections: 5
[Topology][Flow] Generating flow layout
[Topology][Flow] Nodes: 8
[Topology][Flow] Connections: 7
[Topology][Hub] Generating hub layout
[Topology][Hub] Hub: Delivery
[Topology][Hub] Satellites: 5
[Topology][Hub] Connections: 5
[Topology][Flow] Generating flow layout
[Topology][Flow] Nodes: 8
[Topology][Flow] Connections: 7
[Topology][Hub] Generating hub layout
[Topology][Hub] Hub: Delivery
[Topology][Hub] Satellites: 5
[Topology][Hub] Connections: 5
[Topology][Flow] Generating flow layout
[Topology][Flow] Nodes: 8
[Topology][Flow] Connections: 7
[Topology][Hub] Generating hub layout
[Topology][Hub] Hub: Delivery
[Topology][Hub] Satellites: 5
[Topology][Hub] Connections: 5
[Topology][Flow] Generating flow layout
[Topology][Flow] Nodes: 8
[Topology][Flow] Connections: 7
[Topology][Hub] Generating hub layout
[Topology][Hub] Hub: Delivery
[Topology][Hub] Satellites: 5
[Topology][Hub] Connections: 5
[Topology][Flow] Generating flow layout
[Topology][Flow] Nodes: 8
[Topology][Flow] Connections: 7
[Topology][Hub] Generating hub layout
[Topology][Hub] Hub: Delivery
[Topology][Hub] Satellites: 5
[Topology][Hub] Connections: 5
[Topology][Flow] Generating flow layout
[Topology][Flow] Nodes: 8
[Topology][Flow] Connections: 7
[Topology][Flow] Generating flow layout
[Topology][Flow] Nodes: 2
[Topology][Flow] Connections: 1
[Topology][Flow] Generating flow layout
[Topology][Flow] Nodes: 8
[Topology][Flow] Connections: 7
[Topology][Flow] Generating flow layout
[Topology][Flow] Nodes: 2
[Topology][Flow] Connections: 1
[Topology][Flow] Generating flow layout
[Topology][Flow] Nodes: 8
[Topology][Flow] Connections: 7
[Topology][Flow] Generating flow layout
[Topology][Flow] Nodes: 2
[Topology][Flow] Connections: 1
[Topology][Flow] Generating flow layout
[Topology][Flow] Nodes: 8
[Topology][Flow] Connections: 7
[Topology][Hub] Generating hub layout
[Topology][Hub] Hub: Risk
[Topology][Hub] Satellites: 3
[Topology][Hub] Connections: 3
[Topology][Flow] Generating flow layout
[Topology][Flow] Nodes: 8
[Topology][Flow] Connections: 7
[Topology][Hub] Generating hub layout
[Topology][Hub] Hub: Risk
[Topology][Hub] Satellites: 3
[Topology][Hub] Connections: 3
[Topology][Flow] Generating flow layout
[Topology][Flow] Nodes: 8
[Topology][Flow] Connections: 7
[Topology][Hub] Generating hub layout
[Topology][Hub] Hub: Risk
[Topology][Hub] Satellites: 3
[Topology][Hub] Connections: 3
[Topology][Flow] Generating flow layout
[Topology][Flow] Nodes: 8
[Topology][Flow] Connections: 7
[Topology][Hub] Generating hub layout
[Topology][Hub] Hub: Risk
[Topology][Hub] Satellites: 3
[Topology][Hub] Connections: 3
[Topology][Flow] Generating flow layout
[Topology][Flow] Nodes: 8
[Topology][Flow] Connections: 7
[Topology][Hub] Generating hub layout
[Topology][Hub] Hub: Delivery
[Topology][Hub] Satellites: 5
[Topology][Hub] Connections: 5
[Topology][Flow] Generating flow layout
[Topology][Flow] Nodes: 8
[Topology][Flow] Connections: 7
[Topology][Hub] Generating hub layout
[Topology][Hub] Hub: Delivery
[Topology][Hub] Satellites: 5
[Topology][Hub] Connections: 5
[Topology][Flow] Generating flow layout
[Topology][Flow] Nodes: 8
[Topology][Flow] Connections: 7
[Topology][Hub] Generating hub layout
[Topology][Hub] Hub: Delivery
[Topology][Hub] Satellites: 5
[Topology][Hub] Connections: 5
[Topology][Flow] Generating flow layout
[Topology][Flow] Nodes: 8
[Topology][Flow] Connections: 7
[Topology][Hub] Generating hub layout
[Topology][Hub] Hub: Delivery
[Topology][Hub] Satellites: 5
[Topology][Hub] Connections: 5
[Topology][Flow] Generating flow layout
[Topology][Flow] Nodes: 8
[Topology][Flow] Connections: 7
[Topology][Flow] Generating flow layout
[Topology][Flow] Nodes: 2
[Topology][Flow] Connections: 1
[Topology][Flow] Generating flow layout
[Topology][Flow] Nodes: 8
[Topology][Flow] Connections: 7
[Topology][Flow] Generating flow layout
[Topology][Flow] Nodes: 2
[Topology][Flow] Connections: 1
[Topology][Flow] Generating flow layout
[Topology][Flow] Nodes: 8
[Topology][Flow] Connections: 7
[Topology][Hub] Generating hub layout
[Topology][Hub] Hub: Delivery
[Topology][Hub] Satellites: 5
[Topology][Hub] Connections: 5
[Topology][Flow] Generating flow layout
[Topology][Flow] Nodes: 8
[Topology][Flow] Connections: 7
[Topology][Hub] Generating hub layout
[Topology][Hub] Hub: Delivery
[Topology][Hub] Satellites: 5
[Topology][Hub] Connections: 5
[Topology][Flow] Generating flow layout
[Topology][Flow] Nodes: 8
[Topology][Flow] Connections: 7
[Topology][Hub] Generating hub layout
[Topology][Hub] Hub: Delivery
[Topology][Hub] Satellites: 5
[Topology][Hub] Connections: 5
[Topology][Flow] Generating flow layout
[Topology][Flow] Nodes: 8
[Topology][Flow] Connections: 7
[Topology][Hub] Generating hub layout
[Topology][Hub] Hub: Delivery
[Topology][Hub] Satellites: 5
[Topology][Hub] Connections: 5
[Topology][Flow] Generating flow layout
[Topology][Flow] Nodes: 8
[Topology][Flow] Connections: 7
[Topology][Hub] Generating hub layout
[Topology][Hub] Hub: Delivery
[Topology][Hub] Satellites: 5
[Topology][Hub] Connections: 5
[Topology][Flow] Generating flow layout
[Topology][Flow] Nodes: 8
[Topology][Flow] Connections: 7
[Topology][Hub] Generating hub layout
[Topology][Hub] Hub: Delivery
[Topology][Hub] Satellites: 5
[Topology][Hub] Connections: 5
[Topology][Flow] Generating flow layout
[Topology][Flow] Nodes: 8
[Topology][Flow] Connections: 7
[Topology][Flow] Generating flow layout
[Topology][Flow] Nodes: 2
[Topology][Flow] Connections: 1
[Topology][Flow] Generating flow layout
[Topology][Flow] Nodes: 8
[Topology][Flow] Connections: 7
[Topology][Flow] Generating flow layout
[Topology][Flow] Nodes: 2
[Topology][Flow] Connections: 1
[Topology][Flow] Generating flow layout
[Topology][Flow] Nodes: 8
[Topology][Flow] Connections: 7
[Topology][Flow] Generating flow layout
[Topology][Flow] Nodes: 2
[Topology][Flow] Connections: 1
[Topology][Flow] Generating flow layout
[Topology][Flow] Nodes: 8
[Topology][Flow] Connections: 7
[Topology][Hub] Generating hub layout
[Topology][Hub] Hub: Delivery
[Topology][Hub] Satellites: 5
[Topology][Hub] Connections: 5
[Topology][Flow] Generating flow layout
[Topology][Flow] Nodes: 8
[Topology][Flow] Connections: 7
[Topology][Hub] Generating hub layout
[Topology][Hub] Hub: Delivery
[Topology][Hub] Satellites: 5
[Topology][Hub] Connections: 5
[Topology][Flow] Generating flow layout
[Topology][Flow] Nodes: 8
[Topology][Flow] Connections: 7
[Topology][Hub] Generating hub layout
[Topology][Hub] Hub: Delivery
[Topology][Hub] Satellites: 5
[Topology][Hub] Connections: 5
[Topology][Flow] Generating flow layout
[Topology][Flow] Nodes: 8
[Topology][Flow] Connections: 7
[Topology][Flow] Generating flow layout
[Topology][Flow] Nodes: 2
[Topology][Flow] Connections: 1
[Topology][Flow] Generating flow layout
[Topology][Flow] Nodes: 8
[Topology][Flow] Connections: 7
[Topology][Flow] Generating flow layout
[Topology][Flow] Nodes: 2
[Topology][Flow] Connections: 1
[Topology][Flow] Generating flow layout
[Topology][Flow] Nodes: 8
[Topology][Flow] Connections: 7
[Topology][Flow] Generating flow layout
[Topology][Flow] Nodes: 2
[Topology][Flow] Connections: 1
[Topology][Flow] Generating flow layout
[Topology][Flow] Nodes: 8
[Topology][Flow] Connections: 7
[Topology][Hub] Generating hub layout
[Topology][Hub] Hub: Delivery
[Topology][Hub] Satellites: 5
[Topology][Hub] Connections: 5
[Topology][Flow] Generating flow layout
[Topology][Flow] Nodes: 8
[Topology][Flow] Connections: 7
[Topology][Hub] Generating hub layout
[Topology][Hub] Hub: Delivery
[Topology][Hub] Satellites: 5
[Topology][Hub] Connections: 5
[Topology][Flow] Generating flow layout
[Topology][Flow] Nodes: 8
[Topology][Flow] Connections: 7
[Topology][Hub] Generating hub layout
[Topology][Hub] Hub: Delivery
[Topology][Hub] Satellites: 5
[Topology][Hub] Connections: 5
[Topology][Flow] Generating flow layout
[Topology][Flow] Nodes: 8
[Topology][Flow] Connections: 7
[Topology][Hub] Generating hub layout
[Topology][Hub] Hub: Capacity
[Topology][Hub] Satellites: 5
[Topology][Hub] Connections: 5
[Topology][Flow] Generating flow layout
[Topology][Flow] Nodes: 8
[Topology][Flow] Connections: 7
[Topology][Hub] Generating hub layout
[Topology][Hub] Hub: Capacity
[Topology][Hub] Satellites: 5
[Topology][Hub] Connections: 5
[Topology][Flow] Generating flow layout
[Topology][Flow] Nodes: 8
[Topology][Flow] Connections: 7
[Topology][Hub] Generating hub layout
[Topology][Hub] Hub: Capacity
[Topology][Hub] Satellites: 5
[Topology][Hub] Connections: 5
[Topology][Flow] Generating flow layout
[Topology][Flow] Nodes: 8
[Topology][Flow] Connections: 7
[Topology][Hub] Generating hub layout
[Topology][Hub] Hub: Delivery
[Topology][Hub] Satellites: 5
[Topology][Hub] Connections: 5
[Topology][Flow] Generating flow layout
[Topology][Flow] Nodes: 8
[Topology][Flow] Connections: 7
[Topology][Hub] Generating hub layout
[Topology][Hub] Hub: Delivery
[Topology][Hub] Satellites: 5
[Topology][Hub] Connections: 5
[Topology][Flow] Generating flow layout
[Topology][Flow] Nodes: 8
[Topology][Flow] Connections: 7
[Topology][Hub] Generating hub layout
[Topology][Hub] Hub: Delivery
[Topology][Hub] Satellites: 5
[Topology][Hub] Connections: 5
[Topology][Flow] Generating flow layout
[Topology][Flow] Nodes: 8
[Topology][Flow] Connections: 7
[Topology][Hub] Generating hub layout
[Topology][Hub] Hub: Delivery
[Topology][Hub] Satellites: 5
[Topology][Hub] Connections: 5
[Topology][Flow] Generating flow layout
[Topology][Flow] Nodes: 8
[Topology][Flow] Connections: 7
[Topology][Hub] Generating hub layout
[Topology][Hub] Hub: Delivery
[Topology][Hub] Satellites: 5
[Topology][Hub] Connections: 5
[Topology][Flow] Generating flow layout
[Topology][Flow] Nodes: 8
[Topology][Flow] Connections: 7
[Topology][Hub] Generating hub layout
[Topology][Hub] Hub: Inventory
[Topology][Hub] Satellites: 3
[Topology][Hub] Connections: 3
[Topology][Flow] Generating flow layout
[Topology][Flow] Nodes: 8
[Topology][Flow] Connections: 7
[Topology][Hub] Generating hub layout
[Topology][Hub] Hub: Inventory
[Topology][Hub] Satellites: 3
[Topology][Hub] Connections: 3
[Topology][Flow] Generating flow layout
[Topology][Flow] Nodes: 8
[Topology][Flow] Connections: 7
[Topology][Hub] Generating hub layout
[Topology][Hub] Hub: Inventory
[Topology][Hub] Satellites: 3
[Topology][Hub] Connections: 3
[Topology][Flow] Generating flow layout
[Topology][Flow] Nodes: 8
[Topology][Flow] Connections: 7
[Topology][Hub] Generating hub layout
[Topology][Hub] Hub: Inventory
[Topology][Hub] Satellites: 3
[Topology][Hub] Connections: 3
[Topology][Flow] Generating flow layout
[Topology][Flow] Nodes: 8
[Topology][Flow] Connections: 7
[Topology][Hub] Generating hub layout
[Topology][Hub] Hub: Inventory
[Topology][Hub] Satellites: 3
[Topology][Hub] Connections: 3
[Topology][Flow] Generating flow layout
[Topology][Flow] Nodes: 8
[Topology][Flow] Connections: 7
[Topology][Hub] Generating hub layout
[Topology][Hub] Hub: Risk
[Topology][Hub] Satellites: 3
[Topology][Hub] Connections: 3
[Topology][Flow] Generating flow layout
[Topology][Flow] Nodes: 8
[Topology][Flow] Connections: 7
[Topology][Hub] Generating hub layout
[Topology][Hub] Hub: Risk
[Topology][Hub] Satellites: 3
[Topology][Hub] Connections: 3
[Topology][Flow] Generating flow layout
[Topology][Flow] Nodes: 8
[Topology][Flow] Connections: 7
[Topology][Hub] Generating hub layout
[Topology][Hub] Hub: Delivery
[Topology][Hub] Satellites: 5
[Topology][Hub] Connections: 5
[Topology][Flow] Generating flow layout
[Topology][Flow] Nodes: 8
[Topology][Flow] Connections: 7
[Topology][Hub] Generating hub layout
[Topology][Hub] Hub: Delivery
[Topology][Hub] Satellites: 5
[Topology][Hub] Connections: 5
[Topology][Flow] Generating flow layout
[Topology][Flow] Nodes: 8
[Topology][Flow] Connections: 7
[Topology][Hub] Generating hub layout
[Topology][Hub] Hub: Delivery
[Topology][Hub] Satellites: 5
[Topology][Hub] Connections: 5
[Topology][Flow] Generating flow layout
[Topology][Flow] Nodes: 8
[Topology][Flow] Connections: 7
[Topology][Hub] Generating hub layout
[Topology][Hub] Hub: Delivery
[Topology][Hub] Satellites: 5
[Topology][Hub] Connections: 5
[Topology][Flow] Generating flow layout
[Topology][Flow] Nodes: 8
[Topology][Flow] Connections: 7
[Topology][Hub] Generating hub layout
[Topology][Hub] Hub: Delivery
[Topology][Hub] Satellites: 5
[Topology][Hub] Connections: 5
[Topology][Flow] Generating flow layout
[Topology][Flow] Nodes: 8
[Topology][Flow] Connections: 7
[Topology][Hub] Generating hub layout
[Topology][Hub] Hub: Delivery
[Topology][Hub] Satellites: 5
[Topology][Hub] Connections: 5
[Topology][Flow] Generating flow layout
[Topology][Flow] Nodes: 8
[Topology][Flow] Connections: 7
[Topology][Hub] Generating hub layout
[Topology][Hub] Hub: Delivery
[Topology][Hub] Satellites: 5
[Topology][Hub] Connections: 5
[Topology][Flow] Generating flow layout
[Topology][Flow] Nodes: 8
[Topology][Flow] Connections: 7
[Topology][Hub] Generating hub layout
[Topology][Hub] Hub: Delivery
[Topology][Hub] Satellites: 5
[Topology][Hub] Connections: 5
[Topology][Flow] Generating flow layout
[Topology][Flow] Nodes: 8
[Topology][Flow] Connections: 7
[Topology][Hub] Generating hub layout
[Topology][Hub] Hub: Delivery
[Topology][Hub] Satellites: 5
[Topology][Hub] Connections: 5
[Topology][Flow] Generating flow layout
[Topology][Flow] Nodes: 8
[Topology][Flow] Connections: 7
[Topology][Hub] Generating hub layout
[Topology][Hub] Hub: Delivery
[Topology][Hub] Satellites: 5
[Topology][Hub] Connections: 5
[Topology][Flow] Generating flow layout
[Topology][Flow] Nodes: 8
[Topology][Flow] Connections: 7
[Topology][Hub] Generating hub layout
[Topology][Hub] Hub: Capacity
[Topology][Hub] Satellites: 5
[Topology][Hub] Connections: 5
[Topology][Flow] Generating flow layout
[Topology][Flow] Nodes: 8
[Topology][Flow] Connections: 7
[Topology][Hub] Generating hub layout
[Topology][Hub] Hub: Capacity
[Topology][Hub] Satellites: 5
[Topology][Hub] Connections: 5
[Topology][Flow] Generating flow layout
[Topology][Flow] Nodes: 8
[Topology][Flow] Connections: 7
[Topology][Hub] Generating hub layout
[Topology][Hub] Hub: Capacity
[Topology][Hub] Satellites: 5
[Topology][Hub] Connections: 5
[Topology][Flow] Generating flow layout
[Topology][Flow] Nodes: 8
[Topology][Flow] Connections: 7
[Topology][Hub] Generating hub layout
[Topology][Hub] Hub: Capacity
[Topology][Hub] Satellites: 5
[Topology][Hub] Connections: 5
[Topology][Flow] Generating flow layout
[Topology][Flow] Nodes: 8
[Topology][Flow] Connections: 7
[Topology][Hub] Generating hub layout
[Topology][Hub] Hub: Capacity
[Topology][Hub] Satellites: 5
[Topology][Hub] Connections: 5
[Topology][Flow] Generating flow layout
[Topology][Flow] Nodes: 8
[Topology][Flow] Connections: 7
[Topology][Hub] Generating hub layout
[Topology][Hub] Hub: Capacity
[Topology][Hub] Satellites: 5
[Topology][Hub] Connections: 5
[Topology][Flow] Generating flow layout
[Topology][Flow] Nodes: 8
[Topology][Flow] Connections: 7
[Topology][Hub] Generating hub layout
[Topology][Hub] Hub: Capacity
[Topology][Hub] Satellites: 5
[Topology][Hub] Connections: 5
[Topology][Flow] Generating flow layout
[Topology][Flow] Nodes: 8
[Topology][Flow] Connections: 7
[Topology][Flow] Generating flow layout
[Topology][Flow] Nodes: 2
[Topology][Flow] Connections: 1
[Topology][Flow] Generating flow layout
[Topology][Flow] Nodes: 8
[Topology][Flow] Connections: 7
[Topology][Flow] Generating flow layout
[Topology][Flow] Nodes: 2
[Topology][Flow] Connections: 1
[Topology][Flow] Generating flow layout
[Topology][Flow] Nodes: 8
[Topology][Flow] Connections: 7
[Topology][Flow] Generating flow layout
[Topology][Flow] Nodes: 2
[Topology][Flow] Connections: 1
[Topology][Flow] Generating flow layout
[Topology][Flow] Nodes: 8
[Topology][Flow] Connections: 7
[Topology][Flow] Generating flow layout
[Topology][Flow] Nodes: 2
[Topology][Flow] Connections: 1
[Topology][Flow] Generating flow layout
[Topology][Flow] Nodes: 8
[Topology][Flow] Connections: 7
[Topology][Hub] Generating hub layout
[Topology][Hub] Hub: Risk
[Topology][Hub] Satellites: 3
[Topology][Hub] Connections: 3
[Topology][Flow] Generating flow layout
[Topology][Flow] Nodes: 8
[Topology][Flow] Connections: 7
[Topology][Hub] Generating hub layout
[Topology][Hub] Hub: Risk
[Topology][Hub] Satellites: 3
[Topology][Hub] Connections: 3
[Topology][Flow] Generating flow layout
[Topology][Flow] Nodes: 8
[Topology][Flow] Connections: 7
[Topology][Hub] Generating hub layout
[Topology][Hub] Hub: Risk
[Topology][Hub] Satellites: 3
[Topology][Hub] Connections: 3
[Topology][Flow] Generating flow layout
[Topology][Flow] Nodes: 8
[Topology][Flow] Connections: 7
[Topology][Hub] Generating hub layout
[Topology][Hub] Hub: Inventory
[Topology][Hub] Satellites: 3
[Topology][Hub] Connections: 3
[Topology][Flow] Generating flow layout
[Topology][Flow] Nodes: 8
[Topology][Flow] Connections: 7
[Topology][Hub] Generating hub layout
[Topology][Hub] Hub: Inventory
[Topology][Hub] Satellites: 3
[Topology][Hub] Connections: 3
[Topology][Flow] Generating flow layout
[Topology][Flow] Nodes: 8
[Topology][Flow] Connections: 7
[Topology][Hub] Generating hub layout
[Topology][Hub] Hub: Inventory
[Topology][Hub] Satellites: 3
[Topology][Hub] Connections: 3
[Topology][Flow] Generating flow layout
[Topology][Flow] Nodes: 8
[Topology][Flow] Connections: 7
[Topology][Hub] Generating hub layout
[Topology][Hub] Hub: Inventory
[Topology][Hub] Satellites: 3
[Topology][Hub] Connections: 3
[Topology][Flow] Generating flow layout
[Topology][Flow] Nodes: 8
[Topology][Flow] Connections: 7
[Topology][Hub] Generating hub layout
[Topology][Hub] Hub: Inventory
[Topology][Hub] Satellites: 3
[Topology][Hub] Connections: 3
[Topology][Flow] Generating flow layout
[Topology][Flow] Nodes: 8
[Topology][Flow] Connections: 7
[Topology][Hub] Generating hub layout
[Topology][Hub] Hub: Inventory
[Topology][Hub] Satellites: 3
[Topology][Hub] Connections: 3
[Topology][Flow] Generating flow layout
[Topology][Flow] Nodes: 8
[Topology][Flow] Connections: 7
[Topology][Hub] Generating hub layout
[Topology][Hub] Hub: Inventory
[Topology][Hub] Satellites: 3
[Topology][Hub] Connections: 3
[Topology][Flow] Generating flow layout
[Topology][Flow] Nodes: 8
[Topology][Flow] Connections: 7
[Topology][Flow] Generating flow layout
[Topology][Flow] Nodes: 2
[Topology][Flow] Connections: 1
[Topology][Flow] Generating flow layout
[Topology][Flow] Nodes: 8
[Topology][Flow] Connections: 7
[Topology][Flow] Generating flow layout
[Topology][Flow] Nodes: 2
[Topology][Flow] Connections: 1
[Topology][Flow] Generating flow layout
[Topology][Flow] Nodes: 8
[Topology][Flow] Connections: 7
[Topology][Flow] Generating flow layout
[Topology][Flow] Nodes: 2
[Topology][Flow] Connections: 1
[Topology][Flow] Generating flow layout
[Topology][Flow] Nodes: 8
[Topology][Flow] Connections: 7
[Topology][Flow] Generating flow layout
[Topology][Flow] Nodes: 2
[Topology][Flow] Connections: 1
[Topology][Flow] Generating flow layout
[Topology][Flow] Nodes: 8
[Topology][Flow] Connections: 7
[Topology][Flow] Generating flow layout
[Topology][Flow] Nodes: 2
[Topology][Flow] Connections: 1
[Topology][Flow] Generating flow layout
[Topology][Flow] Nodes: 8
[Topology][Flow] Connections: 7
[Topology][Flow] Generating flow layout
[Topology][Flow] Nodes: 2
[Topology][Flow] Connections: 1
[Topology][Flow] Generating flow layout
[Topology][Flow] Nodes: 8
[Topology][Flow] Connections: 7
[Topology][Flow] Generating flow layout
[Topology][Flow] Nodes: 2
[Topology][Flow] Connections: 1
[Topology][Flow] Generating flow layout
[Topology][Flow] Nodes: 8
[Topology][Flow] Connections: 7
[Topology][Flow] Generating flow layout
[Topology][Flow] Nodes: 2
[Topology][Flow] Connections: 1
[Topology][Flow] Generating flow layout
[Topology][Flow] Nodes: 8
[Topology][Flow] Connections: 7
[Topology][Flow] Generating flow layout
[Topology][Flow] Nodes: 2
[Topology][Flow] Connections: 1
[Topology][Flow] Generating flow layout
[Topology][Flow] Nodes: 8
[Topology][Flow] Connections: 7
[Topology][Flow] Generating flow layout
[Topology][Flow] Nodes: 2
[Topology][Flow] Connections: 1
[Topology][Flow] Generating flow layout
[Topology][Flow] Nodes: 8
[Topology][Flow] Connections: 7
[Topology][Flow] Generating flow layout
[Topology][Flow] Nodes: 2
[Topology][Flow] Connections: 1
[Topology][Flow] Generating flow layout
[Topology][Flow] Nodes: 8
[Topology][Flow] Connections: 7
[Topology][Flow] Generating flow layout
[Topology][Flow] Nodes: 2
[Topology][Flow] Connections: 1
[Topology][Flow] Generating flow layout
[Topology][Flow] Nodes: 8
[Topology][Flow] Connections: 7
[Topology][Flow] Generating flow layout
[Topology][Flow] Nodes: 2
[Topology][Flow] Connections: 1
[Topology][Flow] Generating flow layout
[Topology][Flow] Nodes: 8
[Topology][Flow] Connections: 7
[Topology][Flow] Generating flow layout
[Topology][Flow] Nodes: 2
[Topology][Flow] Connections: 1
[Topology][Flow] Generating flow layout
[Topology][Flow] Nodes: 8
[Topology][Flow] Connections: 7
[Topology][Flow] Generating flow layout
[Topology][Flow] Nodes: 2
[Topology][Flow] Connections: 1
[Topology][Flow] Generating flow layout
[Topology][Flow] Nodes: 8
[Topology][Flow] Connections: 7
[Topology][Flow] Generating flow layout
[Topology][Flow] Nodes: 2
[Topology][Flow] Connections: 1
[Topology][Flow] Generating flow layout
[Topology][Flow] Nodes: 8
[Topology][Flow] Connections: 7
[Topology][Flow] Generating flow layout
[Topology][Flow] Nodes: 2
[Topology][Flow] Connections: 1
[Topology][Flow] Generating flow layout
[Topology][Flow] Nodes: 8
[Topology][Flow] Connections: 7
[Topology][Flow] Generating flow layout
[Topology][Flow] Nodes: 2
[Topology][Flow] Connections: 1
[Topology][Flow] Generating flow layout
[Topology][Flow] Nodes: 8
[Topology][Flow] Connections: 7
[Topology][Flow] Generating flow layout
[Topology][Flow] Nodes: 2
[Topology][Flow] Connections: 1
[Topology][Flow] Generating flow layout
[Topology][Flow] Nodes: 8
[Topology][Flow] Connections: 7
[Topology][Flow] Generating flow layout
[Topology][Flow] Nodes: 2
[Topology][Flow] Connections: 1
[Topology][Flow] Generating flow layout
[Topology][Flow] Nodes: 8
[Topology][Flow] Connections: 7
[Topology][Flow] Generating flow layout
[Topology][Flow] Nodes: 2
[Topology][Flow] Connections: 1
[Topology][Flow] Generating flow layout
[Topology][Flow] Nodes: 8
[Topology][Flow] Connections: 7
[Topology][Flow] Generating flow layout
[Topology][Flow] Nodes: 2
[Topology][Flow] Connections: 1
[Topology][Flow] Generating flow layout
[Topology][Flow] Nodes: 8
[Topology][Flow] Connections: 7
[Topology][Flow] Generating flow layout
[Topology][Flow] Nodes: 2
[Topology][Flow] Connections: 1
[Topology][Flow] Generating flow layout
[Topology][Flow] Nodes: 8
[Topology][Flow] Connections: 7
[Topology][Flow] Generating flow layout
[Topology][Flow] Nodes: 2
[Topology][Flow] Connections: 1
[Topology][Flow] Generating flow layout
[Topology][Flow] Nodes: 8
[Topology][Flow] Connections: 7
[Topology][Flow] Generating flow layout
[Topology][Flow] Nodes: 2
[Topology][Flow] Connections: 1
[Topology][Flow] Generating flow layout
[Topology][Flow] Nodes: 8
[Topology][Flow] Connections: 7
[Topology][Flow] Generating flow layout
[Topology][Flow] Nodes: 2
[Topology][Flow] Connections: 1
[Topology][Flow] Generating flow layout
[Topology][Flow] Nodes: 8
[Topology][Flow] Connections: 7
[Topology][Flow] Generating flow layout
[Topology][Flow] Nodes: 2
[Topology][Flow] Connections: 1
[Topology][Flow] Generating flow layout
[Topology][Flow] Nodes: 8
[Topology][Flow] Connections: 7
[Topology][Flow] Generating flow layout
[Topology][Flow] Nodes: 2
[Topology][Flow] Connections: 1
[Topology][Flow] Generating flow layout
[Topology][Flow] Nodes: 8
[Topology][Flow] Connections: 7
[Topology][Hub] Generating hub layout
[Topology][Hub] Hub: Delivery
[Topology][Hub] Satellites: 5
[Topology][Hub] Connections: 5
[Topology][Flow] Generating flow layout
[Topology][Flow] Nodes: 8
[Topology][Flow] Connections: 7
[Topology][Flow] Generating flow layout
[Topology][Flow] Nodes: 2
[Topology][Flow] Connections: 1
[Topology][Flow] Generating flow layout
[Topology][Flow] Nodes: 8
[Topology][Flow] Connections: 7
[Topology][Flow] Generating flow layout
[Topology][Flow] Nodes: 2
[Topology][Flow] Connections: 1
[Topology][Flow] Generating flow layout
[Topology][Flow] Nodes: 8
[Topology][Flow] Connections: 7
[Topology][Hub] Generating hub layout
[Topology][Hub] Hub: Delivery
[Topology][Hub] Satellites: 5
[Topology][Hub] Connections: 5
[Topology][Flow] Generating flow layout
[Topology][Flow] Nodes: 8
[Topology][Flow] Connections: 7
[Topology][Hub] Generating hub layout
[Topology][Hub] Hub: Delivery
[Topology][Hub] Satellites: 5
[Topology][Hub] Connections: 5
[Topology][Flow] Generating flow layout
[Topology][Flow] Nodes: 8
[Topology][Flow] Connections: 7
[Topology][Flow] Generating flow layout
[Topology][Flow] Nodes: 2
[Topology][Flow] Connections: 1
[Topology][Flow] Generating flow layout
[Topology][Flow] Nodes: 8
[Topology][Flow] Connections: 7
[Topology][Flow] Generating flow layout
[Topology][Flow] Nodes: 2
[Topology][Flow] Connections: 1
[Topology][Flow] Generating flow layout
[Topology][Flow] Nodes: 8
[Topology][Flow] Connections: 7
[Topology][Hub] Generating hub layout
[Topology][Hub] Hub: Delivery
[Topology][Hub] Satellites: 5
[Topology][Hub] Connections: 5
[Topology][Flow] Generating flow layout
[Topology][Flow] Nodes: 8
[Topology][Flow] Connections: 7
[Topology][Hub] Generating hub layout
[Topology][Hub] Hub: Delivery
[Topology][Hub] Satellites: 5
[Topology][Hub] Connections: 5
[Topology][Flow] Generating flow layout
[Topology][Flow] Nodes: 8
[Topology][Flow] Connections: 7
[Topology][Hub] Generating hub layout
[Topology][Hub] Hub: Delivery
[Topology][Hub] Satellites: 5
[Topology][Hub] Connections: 5
[Topology][Flow] Generating flow layout
[Topology][Flow] Nodes: 8
[Topology][Flow] Connections: 7
[Topology][Hub] Generating hub layout
[Topology][Hub] Hub: Delivery
[Topology][Hub] Satellites: 5
[Topology][Hub] Connections: 5
[Topology][Flow] Generating flow layout
[Topology][Flow] Nodes: 8
[Topology][Flow] Connections: 7
[Topology][Flow] Generating flow layout
[Topology][Flow] Nodes: 2
[Topology][Flow] Connections: 1
[Topology][Flow] Generating flow layout
[Topology][Flow] Nodes: 8
[Topology][Flow] Connections: 7
[Topology][Hub] Generating hub layout
[Topology][Hub] Hub: Capacity
[Topology][Hub] Satellites: 5
[Topology][Hub] Connections: 5
[Topology][Flow] Generating flow layout
[Topology][Flow] Nodes: 8
[Topology][Flow] Connections: 7
[Topology][Flow] Generating flow layout
[Topology][Flow] Nodes: 2
[Topology][Flow] Connections: 1
[Topology][Flow] Generating flow layout
[Topology][Flow] Nodes: 8
[Topology][Flow] Connections: 7
[Topology][Flow] Generating flow layout
[Topology][Flow] Nodes: 2
[Topology][Flow] Connections: 1
[Topology][Flow] Generating flow layout
[Topology][Flow] Nodes: 8
[Topology][Flow] Connections: 7
[Topology][Flow] Generating flow layout
[Topology][Flow] Nodes: 2
[Topology][Flow] Connections: 1
[Topology][Flow] Generating flow layout
[Topology][Flow] Nodes: 8
[Topology][Flow] Connections: 7
[Topology][Flow] Generating flow layout
[Topology][Flow] Nodes: 2
[Topology][Flow] Connections: 1
[Topology][Flow] Generating flow layout
[Topology][Flow] Nodes: 8
[Topology][Flow] Connections: 7
[Topology][Hub] Generating hub layout
[Topology][Hub] Hub: Delivery
[Topology][Hub] Satellites: 5
[Topology][Hub] Connections: 5
[Topology][Flow] Generating flow layout
[Topology][Flow] Nodes: 8
[Topology][Flow] Connections: 7
[Topology][Hub] Generating hub layout
[Topology][Hub] Hub: Delivery
[Topology][Hub] Satellites: 5
[Topology][Hub] Connections: 5
▶ NEX-MVP-FINAL:6.2 Conversation Context & Continuity
  ✔ has FINAL:6.2 identity and does not create competing authorities (0.69975ms)
  ✔ does not encode certification dialogues as production routes (0.216ms)
  ✔ meets corpus size (0.174125ms)
  ✔ certifies multi-turn dialogues without hiding failures (4097.708417ms)
  ✔ preserves FINAL:6.1 single-turn NLU corpus operations (221.905709ms)
  ✔ resolves typed problem references over recency (29.189875ms)
  ✔ lets explicit subjects outrank inherited context (52.223166ms)
  ✔ supports correction-ready subject replacement (47.835375ms)
  ✔ clears continuity on session reset (15.085917ms)
  ✔ resolves click-driven Stage context (9.780042ms)
  ✔ never promotes continue into decision or execution (29.6385ms)
  ✔ keeps 6.1 meaning inspectable after context enrichment (18.669125ms)
  ✔ does not use a pronoun dictionary as the architecture (0.274625ms)
  ✔ updateConversationContinuity is session-scoped and bounded (1.411125ms)
  ✔ preserves overlay safety for commitment phrasing (2.576958ms)
✔ NEX-MVP-FINAL:6.2 Conversation Context & Continuity (4528.742916ms)
[Topology][Flow] Generating flow layout
[Topology][Flow] Nodes: 8
[Topology][Flow] Connections: 7
[Topology][Hub] Generating hub layout
[Topology][Hub] Hub: Delivery
[Topology][Hub] Satellites: 5
[Topology][Hub] Connections: 5
[Topology][Flow] Generating flow layout
[Topology][Flow] Nodes: 8
[Topology][Flow] Connections: 7
[Topology][Flow] Generating flow layout
[Topology][Flow] Nodes: 2
[Topology][Flow] Connections: 1
[Topology][Flow] Generating flow layout
[Topology][Flow] Nodes: 8
[Topology][Flow] Connections: 7
[Topology][Flow] Generating flow layout
[Topology][Flow] Nodes: 2
[Topology][Flow] Connections: 1
[Topology][Flow] Generating flow layout
[Topology][Flow] Nodes: 8
[Topology][Flow] Connections: 7
[Topology][Flow] Generating flow layout
[Topology][Flow] Nodes: 2
[Topology][Flow] Connections: 1
[Topology][Flow] Generating flow layout
[Topology][Flow] Nodes: 8
[Topology][Flow] Connections: 7
[Topology][Flow] Generating flow layout
[Topology][Flow] Nodes: 2
[Topology][Flow] Connections: 1
[Topology][Flow] Generating flow layout
[Topology][Flow] Nodes: 8
[Topology][Flow] Connections: 7
[Topology][Flow] Generating flow layout
[Topology][Flow] Nodes: 2
[Topology][Flow] Connections: 1
[Topology][Flow] Generating flow layout
[Topology][Flow] Nodes: 8
[Topology][Flow] Connections: 7
[Topology][Flow] Generating flow layout
[Topology][Flow] Nodes: 2
[Topology][Flow] Connections: 1
[Topology][Flow] Generating flow layout
[Topology][Flow] Nodes: 8
[Topology][Flow] Connections: 7
[Topology][Hub] Generating hub layout
[Topology][Hub] Hub: Delivery
[Topology][Hub] Satellites: 5
[Topology][Hub] Connections: 5
[Topology][Flow] Generating flow layout
[Topology][Flow] Nodes: 8
[Topology][Flow] Connections: 7
[Topology][Flow] Generating flow layout
[Topology][Flow] Nodes: 2
[Topology][Flow] Connections: 1
[Topology][Flow] Generating flow layout
[Topology][Flow] Nodes: 8
[Topology][Flow] Connections: 7
[Topology][Flow] Generating flow layout
[Topology][Flow] Nodes: 2
[Topology][Flow] Connections: 1
[Topology][Flow] Generating flow layout
[Topology][Flow] Nodes: 8
[Topology][Flow] Connections: 7
[Topology][Flow] Generating flow layout
[Topology][Flow] Nodes: 2
[Topology][Flow] Connections: 1
[Topology][Flow] Generating flow layout
[Topology][Flow] Nodes: 8
[Topology][Flow] Connections: 7
[Topology][Flow] Generating flow layout
[Topology][Flow] Nodes: 2
[Topology][Flow] Connections: 1
[Topology][Flow] Generating flow layout
[Topology][Flow] Nodes: 8
[Topology][Flow] Connections: 7
[Topology][Flow] Generating flow layout
[Topology][Flow] Nodes: 2
[Topology][Flow] Connections: 1
[Topology][Flow] Generating flow layout
[Topology][Flow] Nodes: 8
[Topology][Flow] Connections: 7
[Topology][Hub] Generating hub layout
[Topology][Hub] Hub: Delivery
[Topology][Hub] Satellites: 5
[Topology][Hub] Connections: 5
[Topology][Flow] Generating flow layout
[Topology][Flow] Nodes: 8
[Topology][Flow] Connections: 7
[Topology][Hub] Generating hub layout
[Topology][Hub] Hub: Delivery
[Topology][Hub] Satellites: 5
[Topology][Hub] Connections: 5
[Topology][Flow] Generating flow layout
[Topology][Flow] Nodes: 8
[Topology][Flow] Connections: 7
[Topology][Flow] Generating flow layout
[Topology][Flow] Nodes: 2
[Topology][Flow] Connections: 1
[Topology][Flow] Generating flow layout
[Topology][Flow] Nodes: 8
[Topology][Flow] Connections: 7
[Topology][Hub] Generating hub layout
[Topology][Hub] Hub: Delivery
[Topology][Hub] Satellites: 5
[Topology][Hub] Connections: 5
[Topology][Flow] Generating flow layout
[Topology][Flow] Nodes: 8
[Topology][Flow] Connections: 7
[Topology][Hub] Generating hub layout
[Topology][Hub] Hub: Capacity
[Topology][Hub] Satellites: 5
[Topology][Hub] Connections: 5
[Topology][Flow] Generating flow layout
[Topology][Flow] Nodes: 8
[Topology][Flow] Connections: 7
[Topology][Hub] Generating hub layout
[Topology][Hub] Hub: Capacity
[Topology][Hub] Satellites: 5
[Topology][Hub] Connections: 5
[Topology][Flow] Generating flow layout
[Topology][Flow] Nodes: 8
[Topology][Flow] Connections: 7
[Topology][Hub] Generating hub layout
[Topology][Hub] Hub: Capacity
[Topology][Hub] Satellites: 5
[Topology][Hub] Connections: 5
[Topology][Flow] Generating flow layout
[Topology][Flow] Nodes: 8
[Topology][Flow] Connections: 7
[Topology][Hub] Generating hub layout
[Topology][Hub] Hub: Delivery
[Topology][Hub] Satellites: 5
[Topology][Hub] Connections: 5
[Topology][Flow] Generating flow layout
[Topology][Flow] Nodes: 8
[Topology][Flow] Connections: 7
[Topology][Hub] Generating hub layout
[Topology][Hub] Hub: Capacity
[Topology][Hub] Satellites: 5
[Topology][Hub] Connections: 5
[Topology][Flow] Generating flow layout
[Topology][Flow] Nodes: 8
[Topology][Flow] Connections: 7
[Topology][Hub] Generating hub layout
[Topology][Hub] Hub: Capacity
[Topology][Hub] Satellites: 5
[Topology][Hub] Connections: 5
[Topology][Flow] Generating flow layout
[Topology][Flow] Nodes: 8
[Topology][Flow] Connections: 7
[Topology][Hub] Generating hub layout
[Topology][Hub] Hub: Capacity
[Topology][Hub] Satellites: 5
[Topology][Hub] Connections: 5
[Topology][Flow] Generating flow layout
[Topology][Flow] Nodes: 8
[Topology][Flow] Connections: 7
[Topology][Hub] Generating hub layout
[Topology][Hub] Hub: Delivery
[Topology][Hub] Satellites: 5
[Topology][Hub] Connections: 5
[Topology][Flow] Generating flow layout
[Topology][Flow] Nodes: 8
[Topology][Flow] Connections: 7
[Topology][Hub] Generating hub layout
[Topology][Hub] Hub: Capacity
[Topology][Hub] Satellites: 5
[Topology][Hub] Connections: 5
[Topology][Flow] Generating flow layout
[Topology][Flow] Nodes: 8
[Topology][Flow] Connections: 7
[Topology][Hub] Generating hub layout
[Topology][Hub] Hub: Capacity
[Topology][Hub] Satellites: 5
[Topology][Hub] Connections: 5
[Topology][Flow] Generating flow layout
[Topology][Flow] Nodes: 8
[Topology][Flow] Connections: 7
[Topology][Hub] Generating hub layout
[Topology][Hub] Hub: Capacity
[Topology][Hub] Satellites: 5
[Topology][Hub] Connections: 5
[Topology][Flow] Generating flow layout
[Topology][Flow] Nodes: 8
[Topology][Flow] Connections: 7
[Topology][Hub] Generating hub layout
[Topology][Hub] Hub: Delivery
[Topology][Hub] Satellites: 5
[Topology][Hub] Connections: 5
[Topology][Flow] Generating flow layout
[Topology][Flow] Nodes: 8
[Topology][Flow] Connections: 7
[Topology][Hub] Generating hub layout
[Topology][Hub] Hub: Capacity
[Topology][Hub] Satellites: 5
[Topology][Hub] Connections: 5
[Topology][Flow] Generating flow layout
[Topology][Flow] Nodes: 8
[Topology][Flow] Connections: 7
[Topology][Hub] Generating hub layout
[Topology][Hub] Hub: Capacity
[Topology][Hub] Satellites: 5
[Topology][Hub] Connections: 5
[Topology][Flow] Generating flow layout
[Topology][Flow] Nodes: 8
[Topology][Flow] Connections: 7
[Topology][Hub] Generating hub layout
[Topology][Hub] Hub: Capacity
[Topology][Hub] Satellites: 5
[Topology][Hub] Connections: 5
[Topology][Flow] Generating flow layout
[Topology][Flow] Nodes: 8
[Topology][Flow] Connections: 7
[Topology][Hub] Generating hub layout
[Topology][Hub] Hub: Delivery
[Topology][Hub] Satellites: 5
[Topology][Hub] Connections: 5
[Topology][Flow] Generating flow layout
[Topology][Flow] Nodes: 8
[Topology][Flow] Connections: 7
[Topology][Hub] Generating hub layout
[Topology][Hub] Hub: Capacity
[Topology][Hub] Satellites: 5
[Topology][Hub] Connections: 5
[Topology][Flow] Generating flow layout
[Topology][Flow] Nodes: 8
[Topology][Flow] Connections: 7
[Topology][Hub] Generating hub layout
[Topology][Hub] Hub: Capacity
[Topology][Hub] Satellites: 5
[Topology][Hub] Connections: 5
[Topology][Flow] Generating flow layout
[Topology][Flow] Nodes: 8
[Topology][Flow] Connections: 7
[Topology][Hub] Generating hub layout
[Topology][Hub] Hub: Risk
[Topology][Hub] Satellites: 3
[Topology][Hub] Connections: 3
[Topology][Flow] Generating flow layout
[Topology][Flow] Nodes: 8
[Topology][Flow] Connections: 7
[Topology][Hub] Generating hub layout
[Topology][Hub] Hub: Delivery
[Topology][Hub] Satellites: 5
[Topology][Hub] Connections: 5
[Topology][Flow] Generating flow layout
[Topology][Flow] Nodes: 8
[Topology][Flow] Connections: 7
[Topology][Hub] Generating hub layout
[Topology][Hub] Hub: Delivery
[Topology][Hub] Satellites: 5
[Topology][Hub] Connections: 5
[Topology][Flow] Generating flow layout
[Topology][Flow] Nodes: 8
[Topology][Flow] Connections: 7
[Topology][Hub] Generating hub layout
[Topology][Hub] Hub: Delivery
[Topology][Hub] Satellites: 5
[Topology][Hub] Connections: 5
[Topology][Flow] Generating flow layout
[Topology][Flow] Nodes: 8
[Topology][Flow] Connections: 7
[Topology][Flow] Generating flow layout
[Topology][Flow] Nodes: 2
[Topology][Flow] Connections: 1
[Topology][Flow] Generating flow layout
[Topology][Flow] Nodes: 8
[Topology][Flow] Connections: 7
[Topology][Flow] Generating flow layout
[Topology][Flow] Nodes: 2
[Topology][Flow] Connections: 1
[Topology][Flow] Generating flow layout
[Topology][Flow] Nodes: 8
[Topology][Flow] Connections: 7
[Topology][Flow] Generating flow layout
[Topology][Flow] Nodes: 2
[Topology][Flow] Connections: 1
[Topology][Flow] Generating flow layout
[Topology][Flow] Nodes: 8
[Topology][Flow] Connections: 7
[Topology][Hub] Generating hub layout
[Topology][Hub] Hub: Delivery
[Topology][Hub] Satellites: 5
[Topology][Hub] Connections: 5
[Topology][Flow] Generating flow layout
[Topology][Flow] Nodes: 8
[Topology][Flow] Connections: 7
[Topology][Hub] Generating hub layout
[Topology][Hub] Hub: Delivery
[Topology][Hub] Satellites: 5
[Topology][Hub] Connections: 5
[Topology][Flow] Generating flow layout
[Topology][Flow] Nodes: 8
[Topology][Flow] Connections: 7
[Topology][Hub] Generating hub layout
[Topology][Hub] Hub: Delivery
[Topology][Hub] Satellites: 5
[Topology][Hub] Connections: 5
[Topology][Flow] Generating flow layout
[Topology][Flow] Nodes: 8
[Topology][Flow] Connections: 7
[Topology][Hub] Generating hub layout
[Topology][Hub] Hub: Delivery
[Topology][Hub] Satellites: 5
[Topology][Hub] Connections: 5
[Topology][Flow] Generating flow layout
[Topology][Flow] Nodes: 8
[Topology][Flow] Connections: 7
[Topology][Flow] Generating flow layout
[Topology][Flow] Nodes: 2
[Topology][Flow] Connections: 1
[Topology][Flow] Generating flow layout
[Topology][Flow] Nodes: 8
[Topology][Flow] Connections: 7
[Topology][Hub] Generating hub layout
[Topology][Hub] Hub: Capacity
[Topology][Hub] Satellites: 5
[Topology][Hub] Connections: 5
[Topology][Flow] Generating flow layout
[Topology][Flow] Nodes: 8
[Topology][Flow] Connections: 7
[Topology][Flow] Generating flow layout
[Topology][Flow] Nodes: 2
[Topology][Flow] Connections: 1
[Topology][Flow] Generating flow layout
[Topology][Flow] Nodes: 8
[Topology][Flow] Connections: 7
[Topology][Flow] Generating flow layout
[Topology][Flow] Nodes: 2
[Topology][Flow] Connections: 1
[Topology][Flow] Generating flow layout
[Topology][Flow] Nodes: 8
[Topology][Flow] Connections: 7
[Topology][Hub] Generating hub layout
[Topology][Hub] Hub: Delivery
[Topology][Hub] Satellites: 5
[Topology][Hub] Connections: 5
[Topology][Flow] Generating flow layout
[Topology][Flow] Nodes: 8
[Topology][Flow] Connections: 7
[Topology][Hub] Generating hub layout
[Topology][Hub] Hub: Delivery
[Topology][Hub] Satellites: 5
[Topology][Hub] Connections: 5
[Topology][Flow] Generating flow layout
[Topology][Flow] Nodes: 8
[Topology][Flow] Connections: 7
[Topology][Hub] Generating hub layout
[Topology][Hub] Hub: Delivery
[Topology][Hub] Satellites: 5
[Topology][Hub] Connections: 5
[Topology][Flow] Generating flow layout
[Topology][Flow] Nodes: 8
[Topology][Flow] Connections: 7
[Topology][Hub] Generating hub layout
[Topology][Hub] Hub: Capacity
[Topology][Hub] Satellites: 5
[Topology][Hub] Connections: 5
[Topology][Flow] Generating flow layout
[Topology][Flow] Nodes: 8
[Topology][Flow] Connections: 7
[Topology][Hub] Generating hub layout
[Topology][Hub] Hub: Capacity
[Topology][Hub] Satellites: 5
[Topology][Hub] Connections: 5
[Topology][Flow] Generating flow layout
[Topology][Flow] Nodes: 8
[Topology][Flow] Connections: 7
[Topology][Hub] Generating hub layout
[Topology][Hub] Hub: Capacity
[Topology][Hub] Satellites: 5
[Topology][Hub] Connections: 5
[Topology][Flow] Generating flow layout
[Topology][Flow] Nodes: 8
[Topology][Flow] Connections: 7
[Topology][Hub] Generating hub layout
[Topology][Hub] Hub: Delivery
[Topology][Hub] Satellites: 5
[Topology][Hub] Connections: 5
[Topology][Flow] Generating flow layout
[Topology][Flow] Nodes: 8
[Topology][Flow] Connections: 7
[Topology][Hub] Generating hub layout
[Topology][Hub] Hub: Capacity
[Topology][Hub] Satellites: 5
[Topology][Hub] Connections: 5
[Topology][Flow] Generating flow layout
[Topology][Flow] Nodes: 8
[Topology][Flow] Connections: 7
[Topology][Hub] Generating hub layout
[Topology][Hub] Hub: Capacity
[Topology][Hub] Satellites: 5
[Topology][Hub] Connections: 5
[Topology][Flow] Generating flow layout
[Topology][Flow] Nodes: 8
[Topology][Flow] Connections: 7
[Topology][Hub] Generating hub layout
[Topology][Hub] Hub: Capacity
[Topology][Hub] Satellites: 5
[Topology][Hub] Connections: 5
[Topology][Flow] Generating flow layout
[Topology][Flow] Nodes: 8
[Topology][Flow] Connections: 7
[Topology][Flow] Generating flow layout
[Topology][Flow] Nodes: 2
[Topology][Flow] Connections: 1
[Topology][Flow] Generating flow layout
[Topology][Flow] Nodes: 8
[Topology][Flow] Connections: 7
[Topology][Flow] Generating flow layout
[Topology][Flow] Nodes: 2
[Topology][Flow] Connections: 1
[Topology][Flow] Generating flow layout
[Topology][Flow] Nodes: 8
[Topology][Flow] Connections: 7
[Topology][Flow] Generating flow layout
[Topology][Flow] Nodes: 2
[Topology][Flow] Connections: 1
[Topology][Flow] Generating flow layout
[Topology][Flow] Nodes: 8
[Topology][Flow] Connections: 7
[Topology][Flow] Generating flow layout
[Topology][Flow] Nodes: 2
[Topology][Flow] Connections: 1
[Topology][Flow] Generating flow layout
[Topology][Flow] Nodes: 8
[Topology][Flow] Connections: 7
[Topology][Flow] Generating flow layout
[Topology][Flow] Nodes: 2
[Topology][Flow] Connections: 1
[Topology][Flow] Generating flow layout
[Topology][Flow] Nodes: 8
[Topology][Flow] Connections: 7
[Topology][Flow] Generating flow layout
[Topology][Flow] Nodes: 2
[Topology][Flow] Connections: 1
[Topology][Flow] Generating flow layout
[Topology][Flow] Nodes: 8
[Topology][Flow] Connections: 7
[Topology][Flow] Generating flow layout
[Topology][Flow] Nodes: 2
[Topology][Flow] Connections: 1
[Topology][Flow] Generating flow layout
[Topology][Flow] Nodes: 8
[Topology][Flow] Connections: 7
[Topology][Hub] Generating hub layout
[Topology][Hub] Hub: Delivery
[Topology][Hub] Satellites: 5
[Topology][Hub] Connections: 5
[Topology][Flow] Generating flow layout
[Topology][Flow] Nodes: 8
[Topology][Flow] Connections: 7
[Topology][Hub] Generating hub layout
[Topology][Hub] Hub: Delivery
[Topology][Hub] Satellites: 5
[Topology][Hub] Connections: 5
[Topology][Flow] Generating flow layout
[Topology][Flow] Nodes: 8
[Topology][Flow] Connections: 7
[Topology][Hub] Generating hub layout
[Topology][Hub] Hub: Delivery
[Topology][Hub] Satellites: 5
[Topology][Hub] Connections: 5
[Topology][Flow] Generating flow layout
[Topology][Flow] Nodes: 8
[Topology][Flow] Connections: 7
[Topology][Hub] Generating hub layout
[Topology][Hub] Hub: Delivery
[Topology][Hub] Satellites: 5
[Topology][Hub] Connections: 5
[Topology][Flow] Generating flow layout
[Topology][Flow] Nodes: 8
[Topology][Flow] Connections: 7
[Topology][Hub] Generating hub layout
[Topology][Hub] Hub: Delivery
[Topology][Hub] Satellites: 5
[Topology][Hub] Connections: 5
[Topology][Flow] Generating flow layout
[Topology][Flow] Nodes: 8
[Topology][Flow] Connections: 7
[Topology][Hub] Generating hub layout
[Topology][Hub] Hub: Delivery
[Topology][Hub] Satellites: 5
[Topology][Hub] Connections: 5
[Topology][Flow] Generating flow layout
[Topology][Flow] Nodes: 8
[Topology][Flow] Connections: 7
[Topology][Hub] Generating hub layout
[Topology][Hub] Hub: Delivery
[Topology][Hub] Satellites: 5
[Topology][Hub] Connections: 5
[Topology][Flow] Generating flow layout
[Topology][Flow] Nodes: 8
[Topology][Flow] Connections: 7
[Topology][Hub] Generating hub layout
[Topology][Hub] Hub: Delivery
[Topology][Hub] Satellites: 5
[Topology][Hub] Connections: 5
[Topology][Flow] Generating flow layout
[Topology][Flow] Nodes: 8
[Topology][Flow] Connections: 7
[Topology][Flow] Generating flow layout
[Topology][Flow] Nodes: 2
[Topology][Flow] Connections: 1
[Topology][Flow] Generating flow layout
[Topology][Flow] Nodes: 8
[Topology][Flow] Connections: 7
[Topology][Flow] Generating flow layout
[Topology][Flow] Nodes: 2
[Topology][Flow] Connections: 1
[Topology][Flow] Generating flow layout
[Topology][Flow] Nodes: 8
[Topology][Flow] Connections: 7
[Topology][Flow] Generating flow layout
[Topology][Flow] Nodes: 2
[Topology][Flow] Connections: 1
[Topology][Flow] Generating flow layout
[Topology][Flow] Nodes: 8
[Topology][Flow] Connections: 7
[Topology][Hub] Generating hub layout
[Topology][Hub] Hub: Delivery
[Topology][Hub] Satellites: 5
[Topology][Hub] Connections: 5
[Topology][Flow] Generating flow layout
[Topology][Flow] Nodes: 8
[Topology][Flow] Connections: 7
[Topology][Hub] Generating hub layout
[Topology][Hub] Hub: Delivery
[Topology][Hub] Satellites: 5
[Topology][Hub] Connections: 5
[Topology][Flow] Generating flow layout
[Topology][Flow] Nodes: 8
[Topology][Flow] Connections: 7
[Topology][Hub] Generating hub layout
[Topology][Hub] Hub: Delivery
[Topology][Hub] Satellites: 5
[Topology][Hub] Connections: 5
[Topology][Flow] Generating flow layout
[Topology][Flow] Nodes: 8
[Topology][Flow] Connections: 7
[Topology][Hub] Generating hub layout
[Topology][Hub] Hub: Delivery
[Topology][Hub] Satellites: 5
[Topology][Hub] Connections: 5
[Topology][Flow] Generating flow layout
[Topology][Flow] Nodes: 8
[Topology][Flow] Connections: 7
[Topology][Hub] Generating hub layout
[Topology][Hub] Hub: Capacity
[Topology][Hub] Satellites: 5
[Topology][Hub] Connections: 5
[Topology][Flow] Generating flow layout
[Topology][Flow] Nodes: 8
[Topology][Flow] Connections: 7
[Topology][Hub] Generating hub layout
[Topology][Hub] Hub: Capacity
[Topology][Hub] Satellites: 5
[Topology][Hub] Connections: 5
[Topology][Flow] Generating flow layout
[Topology][Flow] Nodes: 8
[Topology][Flow] Connections: 7
[Topology][Hub] Generating hub layout
[Topology][Hub] Hub: Capacity
[Topology][Hub] Satellites: 5
[Topology][Hub] Connections: 5
[Topology][Flow] Generating flow layout
[Topology][Flow] Nodes: 8
[Topology][Flow] Connections: 7
[Topology][Hub] Generating hub layout
[Topology][Hub] Hub: Capacity
[Topology][Hub] Satellites: 5
[Topology][Hub] Connections: 5
[Topology][Flow] Generating flow layout
[Topology][Flow] Nodes: 8
[Topology][Flow] Connections: 7
[Topology][Hub] Generating hub layout
[Topology][Hub] Hub: Capacity
[Topology][Hub] Satellites: 5
[Topology][Hub] Connections: 5
[Topology][Flow] Generating flow layout
[Topology][Flow] Nodes: 8
[Topology][Flow] Connections: 7
[Topology][Hub] Generating hub layout
[Topology][Hub] Hub: Capacity
[Topology][Hub] Satellites: 5
[Topology][Hub] Connections: 5
[Topology][Flow] Generating flow layout
[Topology][Flow] Nodes: 8
[Topology][Flow] Connections: 7
[Topology][Hub] Generating hub layout
[Topology][Hub] Hub: Capacity
[Topology][Hub] Satellites: 5
[Topology][Hub] Connections: 5
[Topology][Flow] Generating flow layout
[Topology][Flow] Nodes: 8
[Topology][Flow] Connections: 7
[Topology][Hub] Generating hub layout
[Topology][Hub] Hub: Capacity
[Topology][Hub] Satellites: 5
[Topology][Hub] Connections: 5
[Topology][Flow] Generating flow layout
[Topology][Flow] Nodes: 8
[Topology][Flow] Connections: 7
[Topology][Flow] Generating flow layout
[Topology][Flow] Nodes: 2
[Topology][Flow] Connections: 1
[Topology][Flow] Generating flow layout
[Topology][Flow] Nodes: 8
[Topology][Flow] Connections: 7
[Topology][Flow] Generating flow layout
[Topology][Flow] Nodes: 2
[Topology][Flow] Connections: 1
[Topology][Flow] Generating flow layout
[Topology][Flow] Nodes: 8
[Topology][Flow] Connections: 7
[Topology][Flow] Generating flow layout
[Topology][Flow] Nodes: 2
[Topology][Flow] Connections: 1
[Topology][Flow] Generating flow layout
[Topology][Flow] Nodes: 8
[Topology][Flow] Connections: 7
[Topology][Hub] Generating hub layout
[Topology][Hub] Hub: Capacity
[Topology][Hub] Satellites: 5
[Topology][Hub] Connections: 5
[Topology][Flow] Generating flow layout
[Topology][Flow] Nodes: 8
[Topology][Flow] Connections: 7
[Topology][Hub] Generating hub layout
[Topology][Hub] Hub: Capacity
[Topology][Hub] Satellites: 5
[Topology][Hub] Connections: 5
[Topology][Flow] Generating flow layout
[Topology][Flow] Nodes: 8
[Topology][Flow] Connections: 7
[Topology][Hub] Generating hub layout
[Topology][Hub] Hub: Capacity
[Topology][Hub] Satellites: 5
[Topology][Hub] Connections: 5
[Topology][Flow] Generating flow layout
[Topology][Flow] Nodes: 8
[Topology][Flow] Connections: 7
[Topology][Hub] Generating hub layout
[Topology][Hub] Hub: Capacity
[Topology][Hub] Satellites: 5
[Topology][Hub] Connections: 5
[Topology][Flow] Generating flow layout
[Topology][Flow] Nodes: 8
[Topology][Flow] Connections: 7
[Topology][Flow] Generating flow layout
[Topology][Flow] Nodes: 2
[Topology][Flow] Connections: 1
[Topology][Flow] Generating flow layout
[Topology][Flow] Nodes: 8
[Topology][Flow] Connections: 7
[Topology][Flow] Generating flow layout
[Topology][Flow] Nodes: 2
[Topology][Flow] Connections: 1
[Topology][Flow] Generating flow layout
[Topology][Flow] Nodes: 8
[Topology][Flow] Connections: 7
[Topology][Flow] Generating flow layout
[Topology][Flow] Nodes: 2
[Topology][Flow] Connections: 1
[Topology][Flow] Generating flow layout
[Topology][Flow] Nodes: 8
[Topology][Flow] Connections: 7
[Topology][Flow] Generating flow layout
[Topology][Flow] Nodes: 2
[Topology][Flow] Connections: 1
[Topology][Flow] Generating flow layout
[Topology][Flow] Nodes: 8
[Topology][Flow] Connections: 7
[Topology][Flow] Generating flow layout
[Topology][Flow] Nodes: 2
[Topology][Flow] Connections: 1
[Topology][Flow] Generating flow layout
[Topology][Flow] Nodes: 8
[Topology][Flow] Connections: 7
[Topology][Flow] Generating flow layout
[Topology][Flow] Nodes: 2
[Topology][Flow] Connections: 1
[Topology][Flow] Generating flow layout
[Topology][Flow] Nodes: 8
[Topology][Flow] Connections: 7
[Topology][Flow] Generating flow layout
[Topology][Flow] Nodes: 2
[Topology][Flow] Connections: 1
[Topology][Flow] Generating flow layout
[Topology][Flow] Nodes: 8
[Topology][Flow] Connections: 7
[Topology][Flow] Generating flow layout
[Topology][Flow] Nodes: 2
[Topology][Flow] Connections: 1
[Topology][Flow] Generating flow layout
[Topology][Flow] Nodes: 8
[Topology][Flow] Connections: 7
[Topology][Hub] Generating hub layout
[Topology][Hub] Hub: Delivery
[Topology][Hub] Satellites: 5
[Topology][Hub] Connections: 5
[Topology][Flow] Generating flow layout
[Topology][Flow] Nodes: 8
[Topology][Flow] Connections: 7
[Topology][Hub] Generating hub layout
[Topology][Hub] Hub: Delivery
[Topology][Hub] Satellites: 5
[Topology][Hub] Connections: 5
[Topology][Flow] Generating flow layout
[Topology][Flow] Nodes: 8
[Topology][Flow] Connections: 7
[Topology][Hub] Generating hub layout
[Topology][Hub] Hub: Delivery
[Topology][Hub] Satellites: 5
[Topology][Hub] Connections: 5
[Topology][Flow] Generating flow layout
[Topology][Flow] Nodes: 8
[Topology][Flow] Connections: 7
[Topology][Hub] Generating hub layout
[Topology][Hub] Hub: Risk
[Topology][Hub] Satellites: 3
[Topology][Hub] Connections: 3
[Topology][Flow] Generating flow layout
[Topology][Flow] Nodes: 8
[Topology][Flow] Connections: 7
[Topology][Hub] Generating hub layout
[Topology][Hub] Hub: Risk
[Topology][Hub] Satellites: 3
[Topology][Hub] Connections: 3
[Topology][Flow] Generating flow layout
[Topology][Flow] Nodes: 8
[Topology][Flow] Connections: 7
[Topology][Hub] Generating hub layout
[Topology][Hub] Hub: Risk
[Topology][Hub] Satellites: 3
[Topology][Hub] Connections: 3
[Topology][Flow] Generating flow layout
[Topology][Flow] Nodes: 8
[Topology][Flow] Connections: 7
[Topology][Hub] Generating hub layout
[Topology][Hub] Hub: Risk
[Topology][Hub] Satellites: 3
[Topology][Hub] Connections: 3
[Topology][Flow] Generating flow layout
[Topology][Flow] Nodes: 8
[Topology][Flow] Connections: 7
[Topology][Hub] Generating hub layout
[Topology][Hub] Hub: Inventory
[Topology][Hub] Satellites: 3
[Topology][Hub] Connections: 3
[Topology][Flow] Generating flow layout
[Topology][Flow] Nodes: 8
[Topology][Flow] Connections: 7
[Topology][Hub] Generating hub layout
[Topology][Hub] Hub: Inventory
[Topology][Hub] Satellites: 3
[Topology][Hub] Connections: 3
[Topology][Flow] Generating flow layout
[Topology][Flow] Nodes: 8
[Topology][Flow] Connections: 7
[Topology][Hub] Generating hub layout
[Topology][Hub] Hub: Inventory
[Topology][Hub] Satellites: 3
[Topology][Hub] Connections: 3
[Topology][Flow] Generating flow layout
[Topology][Flow] Nodes: 8
[Topology][Flow] Connections: 7
[Topology][Hub] Generating hub layout
[Topology][Hub] Hub: Inventory
[Topology][Hub] Satellites: 3
[Topology][Hub] Connections: 3
[Topology][Flow] Generating flow layout
[Topology][Flow] Nodes: 8
[Topology][Flow] Connections: 7
[Topology][Hub] Generating hub layout
[Topology][Hub] Hub: Inventory
[Topology][Hub] Satellites: 3
[Topology][Hub] Connections: 3
[Topology][Flow] Generating flow layout
[Topology][Flow] Nodes: 8
[Topology][Flow] Connections: 7
[Topology][Hub] Generating hub layout
[Topology][Hub] Hub: Inventory
[Topology][Hub] Satellites: 3
[Topology][Hub] Connections: 3
[Topology][Flow] Generating flow layout
[Topology][Flow] Nodes: 8
[Topology][Flow] Connections: 7
[Topology][Hub] Generating hub layout
[Topology][Hub] Hub: Inventory
[Topology][Hub] Satellites: 3
[Topology][Hub] Connections: 3
[Topology][Flow] Generating flow layout
[Topology][Flow] Nodes: 8
[Topology][Flow] Connections: 7
[Topology][Hub] Generating hub layout
[Topology][Hub] Hub: Inventory
[Topology][Hub] Satellites: 3
[Topology][Hub] Connections: 3
[Topology][Flow] Generating flow layout
[Topology][Flow] Nodes: 8
[Topology][Flow] Connections: 7
[Topology][Flow] Generating flow layout
[Topology][Flow] Nodes: 2
[Topology][Flow] Connections: 1
[Topology][Flow] Generating flow layout
[Topology][Flow] Nodes: 8
[Topology][Flow] Connections: 7
[Topology][Flow] Generating flow layout
[Topology][Flow] Nodes: 2
[Topology][Flow] Connections: 1
[Topology][Flow] Generating flow layout
[Topology][Flow] Nodes: 8
[Topology][Flow] Connections: 7
[Topology][Flow] Generating flow layout
[Topology][Flow] Nodes: 2
[Topology][Flow] Connections: 1
[Topology][Flow] Generating flow layout
[Topology][Flow] Nodes: 8
[Topology][Flow] Connections: 7
[Topology][Hub] Generating hub layout
[Topology][Hub] Hub: Inventory
[Topology][Hub] Satellites: 3
[Topology][Hub] Connections: 3
[Topology][Flow] Generating flow layout
[Topology][Flow] Nodes: 8
[Topology][Flow] Connections: 7
[Topology][Hub] Generating hub layout
[Topology][Hub] Hub: Inventory
[Topology][Hub] Satellites: 3
[Topology][Hub] Connections: 3
[Topology][Flow] Generating flow layout
[Topology][Flow] Nodes: 8
[Topology][Flow] Connections: 7
[Topology][Hub] Generating hub layout
[Topology][Hub] Hub: Inventory
[Topology][Hub] Satellites: 3
[Topology][Hub] Connections: 3
[Topology][Flow] Generating flow layout
[Topology][Flow] Nodes: 8
[Topology][Flow] Connections: 7
[Topology][Hub] Generating hub layout
[Topology][Hub] Hub: Inventory
[Topology][Hub] Satellites: 3
[Topology][Hub] Connections: 3
[Topology][Flow] Generating flow layout
[Topology][Flow] Nodes: 8
[Topology][Flow] Connections: 7
[Topology][Flow] Generating flow layout
[Topology][Flow] Nodes: 2
[Topology][Flow] Connections: 1
[Topology][Flow] Generating flow layout
[Topology][Flow] Nodes: 8
[Topology][Flow] Connections: 7
[Topology][Flow] Generating flow layout
[Topology][Flow] Nodes: 2
[Topology][Flow] Connections: 1
[Topology][Flow] Generating flow layout
[Topology][Flow] Nodes: 8
[Topology][Flow] Connections: 7
[Topology][Flow] Generating flow layout
[Topology][Flow] Nodes: 2
[Topology][Flow] Connections: 1
[Topology][Flow] Generating flow layout
[Topology][Flow] Nodes: 8
[Topology][Flow] Connections: 7
[Topology][Flow] Generating flow layout
[Topology][Flow] Nodes: 2
[Topology][Flow] Connections: 1
[Topology][Flow] Generating flow layout
[Topology][Flow] Nodes: 8
[Topology][Flow] Connections: 7
[Topology][Flow] Generating flow layout
[Topology][Flow] Nodes: 2
[Topology][Flow] Connections: 1
[Topology][Flow] Generating flow layout
[Topology][Flow] Nodes: 8
[Topology][Flow] Connections: 7
[Topology][Flow] Generating flow layout
[Topology][Flow] Nodes: 2
[Topology][Flow] Connections: 1
[Topology][Flow] Generating flow layout
[Topology][Flow] Nodes: 8
[Topology][Flow] Connections: 7
[Topology][Flow] Generating flow layout
[Topology][Flow] Nodes: 2
[Topology][Flow] Connections: 1
[Topology][Flow] Generating flow layout
[Topology][Flow] Nodes: 8
[Topology][Flow] Connections: 7
[Topology][Flow] Generating flow layout
[Topology][Flow] Nodes: 2
[Topology][Flow] Connections: 1
[Topology][Flow] Generating flow layout
[Topology][Flow] Nodes: 8
[Topology][Flow] Connections: 7
[Topology][Flow] Generating flow layout
[Topology][Flow] Nodes: 2
[Topology][Flow] Connections: 1
[Topology][Flow] Generating flow layout
[Topology][Flow] Nodes: 8
[Topology][Flow] Connections: 7
[Topology][Flow] Generating flow layout
[Topology][Flow] Nodes: 2
[Topology][Flow] Connections: 1
[Topology][Flow] Generating flow layout
[Topology][Flow] Nodes: 8
[Topology][Flow] Connections: 7
[Topology][Flow] Generating flow layout
[Topology][Flow] Nodes: 2
[Topology][Flow] Connections: 1
[Topology][Flow] Generating flow layout
[Topology][Flow] Nodes: 8
[Topology][Flow] Connections: 7
[Topology][Flow] Generating flow layout
[Topology][Flow] Nodes: 2
[Topology][Flow] Connections: 1
[Topology][Flow] Generating flow layout
[Topology][Flow] Nodes: 8
[Topology][Flow] Connections: 7
[Topology][Flow] Generating flow layout
[Topology][Flow] Nodes: 2
[Topology][Flow] Connections: 1
[Topology][Flow] Generating flow layout
[Topology][Flow] Nodes: 8
[Topology][Flow] Connections: 7
[Topology][Flow] Generating flow layout
[Topology][Flow] Nodes: 2
[Topology][Flow] Connections: 1
[Topology][Flow] Generating flow layout
[Topology][Flow] Nodes: 8
[Topology][Flow] Connections: 7
[Topology][Flow] Generating flow layout
[Topology][Flow] Nodes: 2
[Topology][Flow] Connections: 1
[Topology][Flow] Generating flow layout
[Topology][Flow] Nodes: 8
[Topology][Flow] Connections: 7
[Topology][Flow] Generating flow layout
[Topology][Flow] Nodes: 2
[Topology][Flow] Connections: 1
[Topology][Flow] Generating flow layout
[Topology][Flow] Nodes: 8
[Topology][Flow] Connections: 7
[Topology][Flow] Generating flow layout
[Topology][Flow] Nodes: 2
[Topology][Flow] Connections: 1
[Topology][Flow] Generating flow layout
[Topology][Flow] Nodes: 8
[Topology][Flow] Connections: 7
[Topology][Flow] Generating flow layout
[Topology][Flow] Nodes: 2
[Topology][Flow] Connections: 1
[Topology][Flow] Generating flow layout
[Topology][Flow] Nodes: 8
[Topology][Flow] Connections: 7
[Topology][Flow] Generating flow layout
[Topology][Flow] Nodes: 2
[Topology][Flow] Connections: 1
[Topology][Flow] Generating flow layout
[Topology][Flow] Nodes: 8
[Topology][Flow] Connections: 7
[Topology][Flow] Generating flow layout
[Topology][Flow] Nodes: 2
[Topology][Flow] Connections: 1
[Topology][Flow] Generating flow layout
[Topology][Flow] Nodes: 8
[Topology][Flow] Connections: 7
[Topology][Flow] Generating flow layout
[Topology][Flow] Nodes: 2
[Topology][Flow] Connections: 1
[Topology][Flow] Generating flow layout
[Topology][Flow] Nodes: 8
[Topology][Flow] Connections: 7
[Topology][Flow] Generating flow layout
[Topology][Flow] Nodes: 2
[Topology][Flow] Connections: 1
[Topology][Flow] Generating flow layout
[Topology][Flow] Nodes: 8
[Topology][Flow] Connections: 7
[Topology][Flow] Generating flow layout
[Topology][Flow] Nodes: 2
[Topology][Flow] Connections: 1
[Topology][Flow] Generating flow layout
[Topology][Flow] Nodes: 8
[Topology][Flow] Connections: 7
[Topology][Flow] Generating flow layout
[Topology][Flow] Nodes: 2
[Topology][Flow] Connections: 1
[Topology][Flow] Generating flow layout
[Topology][Flow] Nodes: 8
[Topology][Flow] Connections: 7
[Topology][Flow] Generating flow layout
[Topology][Flow] Nodes: 2
[Topology][Flow] Connections: 1
[Topology][Flow] Generating flow layout
[Topology][Flow] Nodes: 8
[Topology][Flow] Connections: 7
[Topology][Flow] Generating flow layout
[Topology][Flow] Nodes: 2
[Topology][Flow] Connections: 1
[Topology][Flow] Generating flow layout
[Topology][Flow] Nodes: 8
[Topology][Flow] Connections: 7
[Topology][Flow] Generating flow layout
[Topology][Flow] Nodes: 2
[Topology][Flow] Connections: 1
[Topology][Flow] Generating flow layout
[Topology][Flow] Nodes: 8
[Topology][Flow] Connections: 7
[Topology][Flow] Generating flow layout
[Topology][Flow] Nodes: 2
[Topology][Flow] Connections: 1
[Topology][Flow] Generating flow layout
[Topology][Flow] Nodes: 8
[Topology][Flow] Connections: 7
[Topology][Flow] Generating flow layout
[Topology][Flow] Nodes: 2
[Topology][Flow] Connections: 1
[Topology][Flow] Generating flow layout
[Topology][Flow] Nodes: 8
[Topology][Flow] Connections: 7
[Topology][Flow] Generating flow layout
[Topology][Flow] Nodes: 2
[Topology][Flow] Connections: 1
[Topology][Flow] Generating flow layout
[Topology][Flow] Nodes: 8
[Topology][Flow] Connections: 7
[Topology][Flow] Generating flow layout
[Topology][Flow] Nodes: 2
[Topology][Flow] Connections: 1
[Topology][Flow] Generating flow layout
[Topology][Flow] Nodes: 8
[Topology][Flow] Connections: 7
[Topology][Flow] Generating flow layout
[Topology][Flow] Nodes: 2
[Topology][Flow] Connections: 1
[Topology][Flow] Generating flow layout
[Topology][Flow] Nodes: 8
[Topology][Flow] Connections: 7
[Topology][Flow] Generating flow layout
[Topology][Flow] Nodes: 2
[Topology][Flow] Connections: 1
[Topology][Flow] Generating flow layout
[Topology][Flow] Nodes: 8
[Topology][Flow] Connections: 7
[Topology][Flow] Generating flow layout
[Topology][Flow] Nodes: 2
[Topology][Flow] Connections: 1
[Topology][Flow] Generating flow layout
[Topology][Flow] Nodes: 8
[Topology][Flow] Connections: 7
[Topology][Flow] Generating flow layout
[Topology][Flow] Nodes: 2
[Topology][Flow] Connections: 1
[Topology][Flow] Generating flow layout
[Topology][Flow] Nodes: 8
[Topology][Flow] Connections: 7
[Topology][Flow] Generating flow layout
[Topology][Flow] Nodes: 2
[Topology][Flow] Connections: 1
[Topology][Flow] Generating flow layout
[Topology][Flow] Nodes: 8
[Topology][Flow] Connections: 7
[Topology][Flow] Generating flow layout
[Topology][Flow] Nodes: 2
[Topology][Flow] Connections: 1
[Topology][Flow] Generating flow layout
[Topology][Flow] Nodes: 8
[Topology][Flow] Connections: 7
[Topology][Flow] Generating flow layout
[Topology][Flow] Nodes: 2
[Topology][Flow] Connections: 1
[Topology][Flow] Generating flow layout
[Topology][Flow] Nodes: 8
[Topology][Flow] Connections: 7
[Topology][Flow] Generating flow layout
[Topology][Flow] Nodes: 2
[Topology][Flow] Connections: 1
[Topology][Flow] Generating flow layout
[Topology][Flow] Nodes: 8
[Topology][Flow] Connections: 7
[Topology][Flow] Generating flow layout
[Topology][Flow] Nodes: 2
[Topology][Flow] Connections: 1
[Topology][Flow] Generating flow layout
[Topology][Flow] Nodes: 8
[Topology][Flow] Connections: 7
[Topology][Flow] Generating flow layout
[Topology][Flow] Nodes: 2
[Topology][Flow] Connections: 1
[Topology][Flow] Generating flow layout
[Topology][Flow] Nodes: 8
[Topology][Flow] Connections: 7
[Topology][Flow] Generating flow layout
[Topology][Flow] Nodes: 2
[Topology][Flow] Connections: 1
[Topology][Flow] Generating flow layout
[Topology][Flow] Nodes: 8
[Topology][Flow] Connections: 7
[Topology][Flow] Generating flow layout
[Topology][Flow] Nodes: 2
[Topology][Flow] Connections: 1
[Topology][Flow] Generating flow layout
[Topology][Flow] Nodes: 8
[Topology][Flow] Connections: 7
[Topology][Flow] Generating flow layout
[Topology][Flow] Nodes: 2
[Topology][Flow] Connections: 1
[Topology][Flow] Generating flow layout
[Topology][Flow] Nodes: 8
[Topology][Flow] Connections: 7
[Topology][Flow] Generating flow layout
[Topology][Flow] Nodes: 2
[Topology][Flow] Connections: 1
[Topology][Flow] Generating flow layout
[Topology][Flow] Nodes: 8
[Topology][Flow] Connections: 7
[Topology][Flow] Generating flow layout
[Topology][Flow] Nodes: 2
[Topology][Flow] Connections: 1
[Topology][Flow] Generating flow layout
[Topology][Flow] Nodes: 8
[Topology][Flow] Connections: 7
[Topology][Flow] Generating flow layout
[Topology][Flow] Nodes: 2
[Topology][Flow] Connections: 1
[Topology][Flow] Generating flow layout
[Topology][Flow] Nodes: 8
[Topology][Flow] Connections: 7
[Topology][Flow] Generating flow layout
[Topology][Flow] Nodes: 2
[Topology][Flow] Connections: 1
[Topology][Flow] Generating flow layout
[Topology][Flow] Nodes: 8
[Topology][Flow] Connections: 7
[Topology][Flow] Generating flow layout
[Topology][Flow] Nodes: 2
[Topology][Flow] Connections: 1
[Topology][Flow] Generating flow layout
[Topology][Flow] Nodes: 8
[Topology][Flow] Connections: 7
[Topology][Flow] Generating flow layout
[Topology][Flow] Nodes: 2
[Topology][Flow] Connections: 1
[Topology][Flow] Generating flow layout
[Topology][Flow] Nodes: 8
[Topology][Flow] Connections: 7
[Topology][Flow] Generating flow layout
[Topology][Flow] Nodes: 2
[Topology][Flow] Connections: 1
[Topology][Flow] Generating flow layout
[Topology][Flow] Nodes: 8
[Topology][Flow] Connections: 7
[Topology][Flow] Generating flow layout
[Topology][Flow] Nodes: 2
[Topology][Flow] Connections: 1
[Topology][Flow] Generating flow layout
[Topology][Flow] Nodes: 8
[Topology][Flow] Connections: 7
[Topology][Flow] Generating flow layout
[Topology][Flow] Nodes: 2
[Topology][Flow] Connections: 1
[Topology][Flow] Generating flow layout
[Topology][Flow] Nodes: 8
[Topology][Flow] Connections: 7
[Topology][Flow] Generating flow layout
[Topology][Flow] Nodes: 2
[Topology][Flow] Connections: 1
[Topology][Flow] Generating flow layout
[Topology][Flow] Nodes: 8
[Topology][Flow] Connections: 7
[Topology][Flow] Generating flow layout
[Topology][Flow] Nodes: 2
[Topology][Flow] Connections: 1
[Topology][Flow] Generating flow layout
[Topology][Flow] Nodes: 8
[Topology][Flow] Connections: 7
[Topology][Flow] Generating flow layout
[Topology][Flow] Nodes: 2
[Topology][Flow] Connections: 1
[Topology][Flow] Generating flow layout
[Topology][Flow] Nodes: 8
[Topology][Flow] Connections: 7
[Topology][Flow] Generating flow layout
[Topology][Flow] Nodes: 2
[Topology][Flow] Connections: 1
[Topology][Flow] Generating flow layout
[Topology][Flow] Nodes: 8
[Topology][Flow] Connections: 7
[Topology][Flow] Generating flow layout
[Topology][Flow] Nodes: 2
[Topology][Flow] Connections: 1
[Topology][Flow] Generating flow layout
[Topology][Flow] Nodes: 8
[Topology][Flow] Connections: 7
[Topology][Flow] Generating flow layout
[Topology][Flow] Nodes: 2
[Topology][Flow] Connections: 1
[Topology][Flow] Generating flow layout
[Topology][Flow] Nodes: 8
[Topology][Flow] Connections: 7
[Topology][Flow] Generating flow layout
[Topology][Flow] Nodes: 2
[Topology][Flow] Connections: 1
[Topology][Flow] Generating flow layout
[Topology][Flow] Nodes: 8
[Topology][Flow] Connections: 7
[Topology][Hub] Generating hub layout
[Topology][Hub] Hub: Delivery
[Topology][Hub] Satellites: 5
[Topology][Hub] Connections: 5
[Topology][Flow] Generating flow layout
[Topology][Flow] Nodes: 8
[Topology][Flow] Connections: 7
[Topology][Hub] Generating hub layout
[Topology][Hub] Hub: Delivery
[Topology][Hub] Satellites: 5
[Topology][Hub] Connections: 5
[Topology][Flow] Generating flow layout
[Topology][Flow] Nodes: 8
[Topology][Flow] Connections: 7
[Topology][Flow] Generating flow layout
[Topology][Flow] Nodes: 2
[Topology][Flow] Connections: 1
[Topology][Flow] Generating flow layout
[Topology][Flow] Nodes: 8
[Topology][Flow] Connections: 7
[Topology][Flow] Generating flow layout
[Topology][Flow] Nodes: 2
[Topology][Flow] Connections: 1
[Topology][Flow] Generating flow layout
[Topology][Flow] Nodes: 8
[Topology][Flow] Connections: 7
[Topology][Hub] Generating hub layout
[Topology][Hub] Hub: Delivery
[Topology][Hub] Satellites: 5
[Topology][Hub] Connections: 5
[Topology][Flow] Generating flow layout
[Topology][Flow] Nodes: 8
[Topology][Flow] Connections: 7
[Topology][Hub] Generating hub layout
[Topology][Hub] Hub: Capacity
[Topology][Hub] Satellites: 5
[Topology][Hub] Connections: 5
[Topology][Flow] Generating flow layout
[Topology][Flow] Nodes: 8
[Topology][Flow] Connections: 7
[Topology][Hub] Generating hub layout
[Topology][Hub] Hub: Capacity
[Topology][Hub] Satellites: 5
[Topology][Hub] Connections: 5
[Topology][Flow] Generating flow layout
[Topology][Flow] Nodes: 8
[Topology][Flow] Connections: 7
[Topology][Hub] Generating hub layout
[Topology][Hub] Hub: Capacity
[Topology][Hub] Satellites: 5
[Topology][Hub] Connections: 5
[Topology][Flow] Generating flow layout
[Topology][Flow] Nodes: 8
[Topology][Flow] Connections: 7
[Topology][Hub] Generating hub layout
[Topology][Hub] Hub: Delivery
[Topology][Hub] Satellites: 5
[Topology][Hub] Connections: 5
[Topology][Flow] Generating flow layout
[Topology][Flow] Nodes: 8
[Topology][Flow] Connections: 7
[Topology][Hub] Generating hub layout
[Topology][Hub] Hub: Delivery
[Topology][Hub] Satellites: 5
[Topology][Hub] Connections: 5
[Topology][Flow] Generating flow layout
[Topology][Flow] Nodes: 8
[Topology][Flow] Connections: 7
[Topology][Hub] Generating hub layout
[Topology][Hub] Hub: Delivery
[Topology][Hub] Satellites: 5
[Topology][Hub] Connections: 5
[Topology][Flow] Generating flow layout
[Topology][Flow] Nodes: 8
[Topology][Flow] Connections: 7
[Topology][Hub] Generating hub layout
[Topology][Hub] Hub: Delivery
[Topology][Hub] Satellites: 5
[Topology][Hub] Connections: 5
[Topology][Flow] Generating flow layout
[Topology][Flow] Nodes: 8
[Topology][Flow] Connections: 7
[Topology][Hub] Generating hub layout
[Topology][Hub] Hub: Capacity
[Topology][Hub] Satellites: 5
[Topology][Hub] Connections: 5
[Topology][Flow] Generating flow layout
[Topology][Flow] Nodes: 8
[Topology][Flow] Connections: 7
[Topology][Hub] Generating hub layout
[Topology][Hub] Hub: Capacity
[Topology][Hub] Satellites: 5
[Topology][Hub] Connections: 5
[Topology][Flow] Generating flow layout
[Topology][Flow] Nodes: 8
[Topology][Flow] Connections: 7
[Topology][Hub] Generating hub layout
[Topology][Hub] Hub: Capacity
[Topology][Hub] Satellites: 5
[Topology][Hub] Connections: 5
[Topology][Flow] Generating flow layout
[Topology][Flow] Nodes: 8
[Topology][Flow] Connections: 7
[Topology][Hub] Generating hub layout
[Topology][Hub] Hub: Delivery
[Topology][Hub] Satellites: 5
[Topology][Hub] Connections: 5
[Topology][Flow] Generating flow layout
[Topology][Flow] Nodes: 8
[Topology][Flow] Connections: 7
[Topology][Hub] Generating hub layout
[Topology][Hub] Hub: Capacity
[Topology][Hub] Satellites: 5
[Topology][Hub] Connections: 5
[Topology][Flow] Generating flow layout
[Topology][Flow] Nodes: 8
[Topology][Flow] Connections: 7
[Topology][Hub] Generating hub layout
[Topology][Hub] Hub: Capacity
[Topology][Hub] Satellites: 5
[Topology][Hub] Connections: 5
[Topology][Flow] Generating flow layout
[Topology][Flow] Nodes: 8
[Topology][Flow] Connections: 7
[Topology][Hub] Generating hub layout
[Topology][Hub] Hub: Capacity
[Topology][Hub] Satellites: 5
[Topology][Hub] Connections: 5
▶ NEX-MVP-FINAL:6.3 Smart Clarification & Correction
  ✔ has FINAL:6.3 identity and does not create competing engines (0.774375ms)
  ✔ does not encode unseen correction sentences in production (0.237083ms)
  ✔ meets corpus size (0.165041ms)
  ✔ does not ask unnecessary clarification (798.286375ms)
  ✔ certifies clarification/correction dialogues (2816.57775ms)
  ✔ classifies correction speech acts in 6.1 (1.410334ms)
  ✔ resumes EXPLAIN after a short clarification answer (41.748167ms)
  ✔ repairs context so later it refers to the correction (47.903667ms)
  ✔ clears pending clarification on session reset (50.828541ms)
  ✔ does not treat yes as decision authorization during clarification (40.467875ms)
✔ NEX-MVP-FINAL:6.3 Smart Clarification & Correction (3800.094584ms)
[Topology][Flow] Generating flow layout
[Topology][Flow] Nodes: 8
[Topology][Flow] Connections: 7
[Topology][Hub] Generating hub layout
[Topology][Hub] Hub: Delivery
[Topology][Hub] Satellites: 5
[Topology][Hub] Connections: 5
[Topology][Flow] Generating flow layout
[Topology][Flow] Nodes: 8
[Topology][Flow] Connections: 7
[Topology][Hub] Generating hub layout
[Topology][Hub] Hub: Delivery
[Topology][Hub] Satellites: 5
[Topology][Hub] Connections: 5
[Topology][Flow] Generating flow layout
[Topology][Flow] Nodes: 8
[Topology][Flow] Connections: 7
[Topology][Hub] Generating hub layout
[Topology][Hub] Hub: Delivery
[Topology][Hub] Satellites: 5
[Topology][Hub] Connections: 5
[Topology][Flow] Generating flow layout
[Topology][Flow] Nodes: 8
[Topology][Flow] Connections: 7
[Topology][Hub] Generating hub layout
[Topology][Hub] Hub: Delivery
[Topology][Hub] Satellites: 5
[Topology][Hub] Connections: 5
[Topology][Flow] Generating flow layout
[Topology][Flow] Nodes: 8
[Topology][Flow] Connections: 7
[Topology][Hub] Generating hub layout
[Topology][Hub] Hub: Delivery
[Topology][Hub] Satellites: 5
[Topology][Hub] Connections: 5
[Topology][Flow] Generating flow layout
[Topology][Flow] Nodes: 8
[Topology][Flow] Connections: 7
[Topology][Hub] Generating hub layout
[Topology][Hub] Hub: Delivery
[Topology][Hub] Satellites: 5
[Topology][Hub] Connections: 5
[Topology][Flow] Generating flow layout
[Topology][Flow] Nodes: 8
[Topology][Flow] Connections: 7
[Topology][Hub] Generating hub layout
[Topology][Hub] Hub: Delivery
[Topology][Hub] Satellites: 5
[Topology][Hub] Connections: 5
[Topology][Flow] Generating flow layout
[Topology][Flow] Nodes: 8
[Topology][Flow] Connections: 7
[Topology][Hub] Generating hub layout
[Topology][Hub] Hub: Delivery
[Topology][Hub] Satellites: 5
[Topology][Hub] Connections: 5
[Topology][Flow] Generating flow layout
[Topology][Flow] Nodes: 8
[Topology][Flow] Connections: 7
[Topology][Hub] Generating hub layout
[Topology][Hub] Hub: Delivery
[Topology][Hub] Satellites: 5
[Topology][Hub] Connections: 5
[Topology][Flow] Generating flow layout
[Topology][Flow] Nodes: 8
[Topology][Flow] Connections: 7
[Topology][Hub] Generating hub layout
[Topology][Hub] Hub: Delivery
[Topology][Hub] Satellites: 5
[Topology][Hub] Connections: 5
[Topology][Flow] Generating flow layout
[Topology][Flow] Nodes: 8
[Topology][Flow] Connections: 7
[Topology][Hub] Generating hub layout
[Topology][Hub] Hub: Capacity
[Topology][Hub] Satellites: 5
[Topology][Hub] Connections: 5
[Topology][Flow] Generating flow layout
[Topology][Flow] Nodes: 8
[Topology][Flow] Connections: 7
[Topology][Hub] Generating hub layout
[Topology][Hub] Hub: Capacity
[Topology][Hub] Satellites: 5
[Topology][Hub] Connections: 5
[Topology][Flow] Generating flow layout
[Topology][Flow] Nodes: 8
[Topology][Flow] Connections: 7
[Topology][Hub] Generating hub layout
[Topology][Hub] Hub: Delivery
[Topology][Hub] Satellites: 5
[Topology][Hub] Connections: 5
[Topology][Flow] Generating flow layout
[Topology][Flow] Nodes: 8
[Topology][Flow] Connections: 7
[Topology][Hub] Generating hub layout
[Topology][Hub] Hub: Delivery
[Topology][Hub] Satellites: 5
[Topology][Hub] Connections: 5
[Topology][Flow] Generating flow layout
[Topology][Flow] Nodes: 8
[Topology][Flow] Connections: 7
[Topology][Hub] Generating hub layout
[Topology][Hub] Hub: Delivery
[Topology][Hub] Satellites: 5
[Topology][Hub] Connections: 5
[Topology][Flow] Generating flow layout
[Topology][Flow] Nodes: 8
[Topology][Flow] Connections: 7
[Topology][Hub] Generating hub layout
[Topology][Hub] Hub: Delivery
[Topology][Hub] Satellites: 5
[Topology][Hub] Connections: 5
[Topology][Flow] Generating flow layout
[Topology][Flow] Nodes: 8
[Topology][Flow] Connections: 7
[Topology][Hub] Generating hub layout
[Topology][Hub] Hub: Delivery
[Topology][Hub] Satellites: 5
[Topology][Hub] Connections: 5
[Topology][Flow] Generating flow layout
[Topology][Flow] Nodes: 8
[Topology][Flow] Connections: 7
[Topology][Hub] Generating hub layout
[Topology][Hub] Hub: Delivery
[Topology][Hub] Satellites: 5
[Topology][Hub] Connections: 5
[Topology][Flow] Generating flow layout
[Topology][Flow] Nodes: 8
[Topology][Flow] Connections: 7
[Topology][Flow] Generating flow layout
[Topology][Flow] Nodes: 2
[Topology][Flow] Connections: 1
[Topology][Flow] Generating flow layout
[Topology][Flow] Nodes: 8
[Topology][Flow] Connections: 7
[Topology][Flow] Generating flow layout
[Topology][Flow] Nodes: 2
[Topology][Flow] Connections: 1
[Topology][Flow] Generating flow layout
[Topology][Flow] Nodes: 8
[Topology][Flow] Connections: 7
[Topology][Hub] Generating hub layout
[Topology][Hub] Hub: Delivery
[Topology][Hub] Satellites: 5
[Topology][Hub] Connections: 5
[Topology][Flow] Generating flow layout
[Topology][Flow] Nodes: 8
[Topology][Flow] Connections: 7
[Topology][Hub] Generating hub layout
[Topology][Hub] Hub: Capacity
[Topology][Hub] Satellites: 5
[Topology][Hub] Connections: 5
[Topology][Flow] Generating flow layout
[Topology][Flow] Nodes: 8
[Topology][Flow] Connections: 7
[Topology][Hub] Generating hub layout
[Topology][Hub] Hub: Capacity
[Topology][Hub] Satellites: 5
[Topology][Hub] Connections: 5
[Topology][Flow] Generating flow layout
[Topology][Flow] Nodes: 8
[Topology][Flow] Connections: 7
[Topology][Hub] Generating hub layout
[Topology][Hub] Hub: Delivery
[Topology][Hub] Satellites: 5
[Topology][Hub] Connections: 5
[Topology][Flow] Generating flow layout
[Topology][Flow] Nodes: 8
[Topology][Flow] Connections: 7
[Topology][Hub] Generating hub layout
[Topology][Hub] Hub: Delivery
[Topology][Hub] Satellites: 5
[Topology][Hub] Connections: 5
[Topology][Flow] Generating flow layout
[Topology][Flow] Nodes: 8
[Topology][Flow] Connections: 7
[Topology][Flow] Generating flow layout
[Topology][Flow] Nodes: 2
[Topology][Flow] Connections: 1
[Topology][Flow] Generating flow layout
[Topology][Flow] Nodes: 8
[Topology][Flow] Connections: 7
[Topology][Flow] Generating flow layout
[Topology][Flow] Nodes: 2
[Topology][Flow] Connections: 1
[Topology][Flow] Generating flow layout
[Topology][Flow] Nodes: 8
[Topology][Flow] Connections: 7
[Topology][Flow] Generating flow layout
[Topology][Flow] Nodes: 2
[Topology][Flow] Connections: 1
[Topology][Flow] Generating flow layout
[Topology][Flow] Nodes: 8
[Topology][Flow] Connections: 7
[Topology][Flow] Generating flow layout
[Topology][Flow] Nodes: 2
[Topology][Flow] Connections: 1
[Topology][Flow] Generating flow layout
[Topology][Flow] Nodes: 8
[Topology][Flow] Connections: 7
[Topology][Flow] Generating flow layout
[Topology][Flow] Nodes: 2
[Topology][Flow] Connections: 1
[Topology][Flow] Generating flow layout
[Topology][Flow] Nodes: 8
[Topology][Flow] Connections: 7
[Topology][Flow] Generating flow layout
[Topology][Flow] Nodes: 2
[Topology][Flow] Connections: 1
[Topology][Flow] Generating flow layout
[Topology][Flow] Nodes: 8
[Topology][Flow] Connections: 7
[Topology][Hub] Generating hub layout
[Topology][Hub] Hub: Delivery
[Topology][Hub] Satellites: 5
[Topology][Hub] Connections: 5
[Topology][Flow] Generating flow layout
[Topology][Flow] Nodes: 8
[Topology][Flow] Connections: 7
[Topology][Hub] Generating hub layout
[Topology][Hub] Hub: Delivery
[Topology][Hub] Satellites: 5
[Topology][Hub] Connections: 5
[Topology][Flow] Generating flow layout
[Topology][Flow] Nodes: 8
[Topology][Flow] Connections: 7
[Topology][Hub] Generating hub layout
[Topology][Hub] Hub: Delivery
[Topology][Hub] Satellites: 5
[Topology][Hub] Connections: 5
[Topology][Flow] Generating flow layout
[Topology][Flow] Nodes: 8
[Topology][Flow] Connections: 7
[Topology][Flow] Generating flow layout
[Topology][Flow] Nodes: 2
[Topology][Flow] Connections: 1
[Topology][Flow] Generating flow layout
[Topology][Flow] Nodes: 8
[Topology][Flow] Connections: 7
[Topology][Flow] Generating flow layout
[Topology][Flow] Nodes: 2
[Topology][Flow] Connections: 1
[Topology][Flow] Generating flow layout
[Topology][Flow] Nodes: 8
[Topology][Flow] Connections: 7
[Topology][Hub] Generating hub layout
[Topology][Hub] Hub: Delivery
[Topology][Hub] Satellites: 5
[Topology][Hub] Connections: 5
[Topology][Flow] Generating flow layout
[Topology][Flow] Nodes: 8
[Topology][Flow] Connections: 7
[Topology][Hub] Generating hub layout
[Topology][Hub] Hub: Delivery
[Topology][Hub] Satellites: 5
[Topology][Hub] Connections: 5
[Topology][Flow] Generating flow layout
[Topology][Flow] Nodes: 8
[Topology][Flow] Connections: 7
[Topology][Hub] Generating hub layout
[Topology][Hub] Hub: Delivery
[Topology][Hub] Satellites: 5
[Topology][Hub] Connections: 5
[Topology][Flow] Generating flow layout
[Topology][Flow] Nodes: 8
[Topology][Flow] Connections: 7
[Topology][Hub] Generating hub layout
[Topology][Hub] Hub: Delivery
[Topology][Hub] Satellites: 5
[Topology][Hub] Connections: 5
[Topology][Flow] Generating flow layout
[Topology][Flow] Nodes: 8
[Topology][Flow] Connections: 7
[Topology][Hub] Generating hub layout
[Topology][Hub] Hub: Delivery
[Topology][Hub] Satellites: 5
[Topology][Hub] Connections: 5
[Topology][Flow] Generating flow layout
[Topology][Flow] Nodes: 8
[Topology][Flow] Connections: 7
[Topology][Hub] Generating hub layout
[Topology][Hub] Hub: Delivery
[Topology][Hub] Satellites: 5
[Topology][Hub] Connections: 5
[Topology][Flow] Generating flow layout
[Topology][Flow] Nodes: 8
[Topology][Flow] Connections: 7
[Topology][Hub] Generating hub layout
[Topology][Hub] Hub: Delivery
[Topology][Hub] Satellites: 5
[Topology][Hub] Connections: 5
[Topology][Flow] Generating flow layout
[Topology][Flow] Nodes: 8
[Topology][Flow] Connections: 7
[Topology][Hub] Generating hub layout
[Topology][Hub] Hub: Delivery
[Topology][Hub] Satellites: 5
[Topology][Hub] Connections: 5
[Topology][Flow] Generating flow layout
[Topology][Flow] Nodes: 8
[Topology][Flow] Connections: 7
[Topology][Hub] Generating hub layout
[Topology][Hub] Hub: Delivery
[Topology][Hub] Satellites: 5
[Topology][Hub] Connections: 5
[Topology][Flow] Generating flow layout
[Topology][Flow] Nodes: 8
[Topology][Flow] Connections: 7
[Topology][Hub] Generating hub layout
[Topology][Hub] Hub: Delivery
[Topology][Hub] Satellites: 5
[Topology][Hub] Connections: 5
[Topology][Flow] Generating flow layout
[Topology][Flow] Nodes: 8
[Topology][Flow] Connections: 7
[Topology][Hub] Generating hub layout
[Topology][Hub] Hub: Delivery
[Topology][Hub] Satellites: 5
[Topology][Hub] Connections: 5
[Topology][Flow] Generating flow layout
[Topology][Flow] Nodes: 8
[Topology][Flow] Connections: 7
[Topology][Hub] Generating hub layout
[Topology][Hub] Hub: Delivery
[Topology][Hub] Satellites: 5
[Topology][Hub] Connections: 5
[Topology][Flow] Generating flow layout
[Topology][Flow] Nodes: 8
[Topology][Flow] Connections: 7
[Topology][Hub] Generating hub layout
[Topology][Hub] Hub: Delivery
[Topology][Hub] Satellites: 5
[Topology][Hub] Connections: 5
[Topology][Flow] Generating flow layout
[Topology][Flow] Nodes: 8
[Topology][Flow] Connections: 7
[Topology][Hub] Generating hub layout
[Topology][Hub] Hub: Delivery
[Topology][Hub] Satellites: 5
[Topology][Hub] Connections: 5
[Topology][Flow] Generating flow layout
[Topology][Flow] Nodes: 8
[Topology][Flow] Connections: 7
[Topology][Hub] Generating hub layout
[Topology][Hub] Hub: Delivery
[Topology][Hub] Satellites: 5
[Topology][Hub] Connections: 5
[Topology][Flow] Generating flow layout
[Topology][Flow] Nodes: 8
[Topology][Flow] Connections: 7
[Topology][Hub] Generating hub layout
[Topology][Hub] Hub: Delivery
[Topology][Hub] Satellites: 5
[Topology][Hub] Connections: 5
[Topology][Flow] Generating flow layout
[Topology][Flow] Nodes: 8
[Topology][Flow] Connections: 7
[Topology][Hub] Generating hub layout
[Topology][Hub] Hub: Delivery
[Topology][Hub] Satellites: 5
[Topology][Hub] Connections: 5
[Topology][Flow] Generating flow layout
[Topology][Flow] Nodes: 8
[Topology][Flow] Connections: 7
[Topology][Hub] Generating hub layout
[Topology][Hub] Hub: Delivery
[Topology][Hub] Satellites: 5
[Topology][Hub] Connections: 5
[Topology][Flow] Generating flow layout
[Topology][Flow] Nodes: 8
[Topology][Flow] Connections: 7
[Topology][Hub] Generating hub layout
[Topology][Hub] Hub: Delivery
[Topology][Hub] Satellites: 5
[Topology][Hub] Connections: 5
[Topology][Flow] Generating flow layout
[Topology][Flow] Nodes: 8
[Topology][Flow] Connections: 7
[Topology][Hub] Generating hub layout
[Topology][Hub] Hub: Delivery
[Topology][Hub] Satellites: 5
[Topology][Hub] Connections: 5
[Topology][Flow] Generating flow layout
[Topology][Flow] Nodes: 8
[Topology][Flow] Connections: 7
[Topology][Hub] Generating hub layout
[Topology][Hub] Hub: Delivery
[Topology][Hub] Satellites: 5
[Topology][Hub] Connections: 5
[Topology][Flow] Generating flow layout
[Topology][Flow] Nodes: 8
[Topology][Flow] Connections: 7
[Topology][Hub] Generating hub layout
[Topology][Hub] Hub: Delivery
[Topology][Hub] Satellites: 5
[Topology][Hub] Connections: 5
[Topology][Flow] Generating flow layout
[Topology][Flow] Nodes: 8
[Topology][Flow] Connections: 7
[Topology][Flow] Generating flow layout
[Topology][Flow] Nodes: 2
[Topology][Flow] Connections: 1
[Topology][Flow] Generating flow layout
[Topology][Flow] Nodes: 8
[Topology][Flow] Connections: 7
[Topology][Flow] Generating flow layout
[Topology][Flow] Nodes: 2
[Topology][Flow] Connections: 1
[Topology][Flow] Generating flow layout
[Topology][Flow] Nodes: 8
[Topology][Flow] Connections: 7
[Topology][Flow] Generating flow layout
[Topology][Flow] Nodes: 2
[Topology][Flow] Connections: 1
[Topology][Flow] Generating flow layout
[Topology][Flow] Nodes: 8
[Topology][Flow] Connections: 7
[Topology][Flow] Generating flow layout
[Topology][Flow] Nodes: 2
[Topology][Flow] Connections: 1
[Topology][Flow] Generating flow layout
[Topology][Flow] Nodes: 8
[Topology][Flow] Connections: 7
[Topology][Hub] Generating hub layout
[Topology][Hub] Hub: Capacity
[Topology][Hub] Satellites: 5
[Topology][Hub] Connections: 5
[Topology][Flow] Generating flow layout
[Topology][Flow] Nodes: 8
[Topology][Flow] Connections: 7
[Topology][Hub] Generating hub layout
[Topology][Hub] Hub: Capacity
[Topology][Hub] Satellites: 5
[Topology][Hub] Connections: 5
[Topology][Flow] Generating flow layout
[Topology][Flow] Nodes: 8
[Topology][Flow] Connections: 7
[Topology][Hub] Generating hub layout
[Topology][Hub] Hub: Capacity
[Topology][Hub] Satellites: 5
[Topology][Hub] Connections: 5
[Topology][Flow] Generating flow layout
[Topology][Flow] Nodes: 8
[Topology][Flow] Connections: 7
[Topology][Hub] Generating hub layout
[Topology][Hub] Hub: Capacity
[Topology][Hub] Satellites: 5
[Topology][Hub] Connections: 5
[Topology][Flow] Generating flow layout
[Topology][Flow] Nodes: 8
[Topology][Flow] Connections: 7
[Topology][Hub] Generating hub layout
[Topology][Hub] Hub: Capacity
[Topology][Hub] Satellites: 5
[Topology][Hub] Connections: 5
[Topology][Flow] Generating flow layout
[Topology][Flow] Nodes: 8
[Topology][Flow] Connections: 7
[Topology][Hub] Generating hub layout
[Topology][Hub] Hub: Capacity
[Topology][Hub] Satellites: 5
[Topology][Hub] Connections: 5
[Topology][Flow] Generating flow layout
[Topology][Flow] Nodes: 8
[Topology][Flow] Connections: 7
[Topology][Hub] Generating hub layout
[Topology][Hub] Hub: Capacity
[Topology][Hub] Satellites: 5
[Topology][Hub] Connections: 5
[Topology][Flow] Generating flow layout
[Topology][Flow] Nodes: 8
[Topology][Flow] Connections: 7
[Topology][Hub] Generating hub layout
[Topology][Hub] Hub: Capacity
[Topology][Hub] Satellites: 5
[Topology][Hub] Connections: 5
[Topology][Flow] Generating flow layout
[Topology][Flow] Nodes: 8
[Topology][Flow] Connections: 7
[Topology][Hub] Generating hub layout
[Topology][Hub] Hub: Capacity
[Topology][Hub] Satellites: 5
[Topology][Hub] Connections: 5
[Topology][Flow] Generating flow layout
[Topology][Flow] Nodes: 8
[Topology][Flow] Connections: 7
[Topology][Hub] Generating hub layout
[Topology][Hub] Hub: Capacity
[Topology][Hub] Satellites: 5
[Topology][Hub] Connections: 5
[Topology][Flow] Generating flow layout
[Topology][Flow] Nodes: 8
[Topology][Flow] Connections: 7
[Topology][Hub] Generating hub layout
[Topology][Hub] Hub: Capacity
[Topology][Hub] Satellites: 5
[Topology][Hub] Connections: 5
[Topology][Flow] Generating flow layout
[Topology][Flow] Nodes: 8
[Topology][Flow] Connections: 7
[Topology][Hub] Generating hub layout
[Topology][Hub] Hub: Capacity
[Topology][Hub] Satellites: 5
[Topology][Hub] Connections: 5
[Topology][Flow] Generating flow layout
[Topology][Flow] Nodes: 8
[Topology][Flow] Connections: 7
[Topology][Hub] Generating hub layout
[Topology][Hub] Hub: Capacity
[Topology][Hub] Satellites: 5
[Topology][Hub] Connections: 5
[Topology][Flow] Generating flow layout
[Topology][Flow] Nodes: 8
[Topology][Flow] Connections: 7
[Topology][Hub] Generating hub layout
[Topology][Hub] Hub: Capacity
[Topology][Hub] Satellites: 5
[Topology][Hub] Connections: 5
[Topology][Flow] Generating flow layout
[Topology][Flow] Nodes: 8
[Topology][Flow] Connections: 7
[Topology][Hub] Generating hub layout
[Topology][Hub] Hub: Capacity
[Topology][Hub] Satellites: 5
[Topology][Hub] Connections: 5
[Topology][Flow] Generating flow layout
[Topology][Flow] Nodes: 8
[Topology][Flow] Connections: 7
[Topology][Hub] Generating hub layout
[Topology][Hub] Hub: Capacity
[Topology][Hub] Satellites: 5
[Topology][Hub] Connections: 5
[Topology][Flow] Generating flow layout
[Topology][Flow] Nodes: 8
[Topology][Flow] Connections: 7
[Topology][Hub] Generating hub layout
[Topology][Hub] Hub: Capacity
[Topology][Hub] Satellites: 5
[Topology][Hub] Connections: 5
[Topology][Flow] Generating flow layout
[Topology][Flow] Nodes: 8
[Topology][Flow] Connections: 7
[Topology][Hub] Generating hub layout
[Topology][Hub] Hub: Capacity
[Topology][Hub] Satellites: 5
[Topology][Hub] Connections: 5
[Topology][Flow] Generating flow layout
[Topology][Flow] Nodes: 8
[Topology][Flow] Connections: 7
[Topology][Hub] Generating hub layout
[Topology][Hub] Hub: Capacity
[Topology][Hub] Satellites: 5
[Topology][Hub] Connections: 5
[Topology][Flow] Generating flow layout
[Topology][Flow] Nodes: 8
[Topology][Flow] Connections: 7
[Topology][Hub] Generating hub layout
[Topology][Hub] Hub: Capacity
[Topology][Hub] Satellites: 5
[Topology][Hub] Connections: 5
[Topology][Flow] Generating flow layout
[Topology][Flow] Nodes: 8
[Topology][Flow] Connections: 7
[Topology][Flow] Generating flow layout
[Topology][Flow] Nodes: 2
[Topology][Flow] Connections: 1
[Topology][Flow] Generating flow layout
[Topology][Flow] Nodes: 8
[Topology][Flow] Connections: 7
[Topology][Flow] Generating flow layout
[Topology][Flow] Nodes: 2
[Topology][Flow] Connections: 1
[Topology][Flow] Generating flow layout
[Topology][Flow] Nodes: 8
[Topology][Flow] Connections: 7
[Topology][Flow] Generating flow layout
[Topology][Flow] Nodes: 2
[Topology][Flow] Connections: 1
[Topology][Flow] Generating flow layout
[Topology][Flow] Nodes: 8
[Topology][Flow] Connections: 7
[Topology][Flow] Generating flow layout
[Topology][Flow] Nodes: 2
[Topology][Flow] Connections: 1
[Topology][Flow] Generating flow layout
[Topology][Flow] Nodes: 8
[Topology][Flow] Connections: 7
[Topology][Flow] Generating flow layout
[Topology][Flow] Nodes: 2
[Topology][Flow] Connections: 1
[Topology][Flow] Generating flow layout
[Topology][Flow] Nodes: 8
[Topology][Flow] Connections: 7
[Topology][Flow] Generating flow layout
[Topology][Flow] Nodes: 2
[Topology][Flow] Connections: 1
[Topology][Flow] Generating flow layout
[Topology][Flow] Nodes: 8
[Topology][Flow] Connections: 7
[Topology][Flow] Generating flow layout
[Topology][Flow] Nodes: 2
[Topology][Flow] Connections: 1
[Topology][Flow] Generating flow layout
[Topology][Flow] Nodes: 8
[Topology][Flow] Connections: 7
[Topology][Flow] Generating flow layout
[Topology][Flow] Nodes: 2
[Topology][Flow] Connections: 1
[Topology][Flow] Generating flow layout
[Topology][Flow] Nodes: 8
[Topology][Flow] Connections: 7
[Topology][Flow] Generating flow layout
[Topology][Flow] Nodes: 2
[Topology][Flow] Connections: 1
[Topology][Flow] Generating flow layout
[Topology][Flow] Nodes: 8
[Topology][Flow] Connections: 7
[Topology][Flow] Generating flow layout
[Topology][Flow] Nodes: 2
[Topology][Flow] Connections: 1
[Topology][Flow] Generating flow layout
[Topology][Flow] Nodes: 8
[Topology][Flow] Connections: 7
[Topology][Flow] Generating flow layout
[Topology][Flow] Nodes: 2
[Topology][Flow] Connections: 1
[Topology][Flow] Generating flow layout
[Topology][Flow] Nodes: 8
[Topology][Flow] Connections: 7
[Topology][Flow] Generating flow layout
[Topology][Flow] Nodes: 2
[Topology][Flow] Connections: 1
[Topology][Flow] Generating flow layout
[Topology][Flow] Nodes: 8
[Topology][Flow] Connections: 7
[Topology][Hub] Generating hub layout
[Topology][Hub] Hub: Risk
[Topology][Hub] Satellites: 3
[Topology][Hub] Connections: 3
[Topology][Flow] Generating flow layout
[Topology][Flow] Nodes: 8
[Topology][Flow] Connections: 7
[Topology][Hub] Generating hub layout
[Topology][Hub] Hub: Risk
[Topology][Hub] Satellites: 3
[Topology][Hub] Connections: 3
[Topology][Flow] Generating flow layout
[Topology][Flow] Nodes: 8
[Topology][Flow] Connections: 7
[Topology][Hub] Generating hub layout
[Topology][Hub] Hub: Risk
[Topology][Hub] Satellites: 3
[Topology][Hub] Connections: 3
[Topology][Flow] Generating flow layout
[Topology][Flow] Nodes: 8
[Topology][Flow] Connections: 7
[Topology][Hub] Generating hub layout
[Topology][Hub] Hub: Risk
[Topology][Hub] Satellites: 3
[Topology][Hub] Connections: 3
[Topology][Flow] Generating flow layout
[Topology][Flow] Nodes: 8
[Topology][Flow] Connections: 7
[Topology][Flow] Generating flow layout
[Topology][Flow] Nodes: 2
[Topology][Flow] Connections: 1
[Topology][Flow] Generating flow layout
[Topology][Flow] Nodes: 8
[Topology][Flow] Connections: 7
[Topology][Flow] Generating flow layout
[Topology][Flow] Nodes: 2
[Topology][Flow] Connections: 1
[Topology][Flow] Generating flow layout
[Topology][Flow] Nodes: 8
[Topology][Flow] Connections: 7
[Topology][Flow] Generating flow layout
[Topology][Flow] Nodes: 2
[Topology][Flow] Connections: 1
[Topology][Flow] Generating flow layout
[Topology][Flow] Nodes: 8
[Topology][Flow] Connections: 7
[Topology][Flow] Generating flow layout
[Topology][Flow] Nodes: 2
[Topology][Flow] Connections: 1
[Topology][Flow] Generating flow layout
[Topology][Flow] Nodes: 8
[Topology][Flow] Connections: 7
[Topology][Flow] Generating flow layout
[Topology][Flow] Nodes: 2
[Topology][Flow] Connections: 1
[Topology][Flow] Generating flow layout
[Topology][Flow] Nodes: 8
[Topology][Flow] Connections: 7
[Topology][Flow] Generating flow layout
[Topology][Flow] Nodes: 2
[Topology][Flow] Connections: 1
[Topology][Flow] Generating flow layout
[Topology][Flow] Nodes: 8
[Topology][Flow] Connections: 7
[Topology][Flow] Generating flow layout
[Topology][Flow] Nodes: 2
[Topology][Flow] Connections: 1
[Topology][Flow] Generating flow layout
[Topology][Flow] Nodes: 8
[Topology][Flow] Connections: 7
[Topology][Flow] Generating flow layout
[Topology][Flow] Nodes: 2
[Topology][Flow] Connections: 1
[Topology][Flow] Generating flow layout
[Topology][Flow] Nodes: 8
[Topology][Flow] Connections: 7
[Topology][Flow] Generating flow layout
[Topology][Flow] Nodes: 2
[Topology][Flow] Connections: 1
[Topology][Flow] Generating flow layout
[Topology][Flow] Nodes: 8
[Topology][Flow] Connections: 7
[Topology][Flow] Generating flow layout
[Topology][Flow] Nodes: 2
[Topology][Flow] Connections: 1
[Topology][Flow] Generating flow layout
[Topology][Flow] Nodes: 8
[Topology][Flow] Connections: 7
[Topology][Flow] Generating flow layout
[Topology][Flow] Nodes: 2
[Topology][Flow] Connections: 1
[Topology][Flow] Generating flow layout
[Topology][Flow] Nodes: 8
[Topology][Flow] Connections: 7
[Topology][Flow] Generating flow layout
[Topology][Flow] Nodes: 2
[Topology][Flow] Connections: 1
[Topology][Flow] Generating flow layout
[Topology][Flow] Nodes: 8
[Topology][Flow] Connections: 7
[Topology][Hub] Generating hub layout
[Topology][Hub] Hub: Inventory
[Topology][Hub] Satellites: 3
[Topology][Hub] Connections: 3
[Topology][Flow] Generating flow layout
[Topology][Flow] Nodes: 8
[Topology][Flow] Connections: 7
[Topology][Hub] Generating hub layout
[Topology][Hub] Hub: Inventory
[Topology][Hub] Satellites: 3
[Topology][Hub] Connections: 3
[Topology][Flow] Generating flow layout
[Topology][Flow] Nodes: 8
[Topology][Flow] Connections: 7
[Topology][Hub] Generating hub layout
[Topology][Hub] Hub: Inventory
[Topology][Hub] Satellites: 3
[Topology][Hub] Connections: 3
[Topology][Flow] Generating flow layout
[Topology][Flow] Nodes: 8
[Topology][Flow] Connections: 7
[Topology][Hub] Generating hub layout
[Topology][Hub] Hub: Inventory
[Topology][Hub] Satellites: 3
[Topology][Hub] Connections: 3
[Topology][Flow] Generating flow layout
[Topology][Flow] Nodes: 8
[Topology][Flow] Connections: 7
[Topology][Hub] Generating hub layout
[Topology][Hub] Hub: Inventory
[Topology][Hub] Satellites: 3
[Topology][Hub] Connections: 3
[Topology][Flow] Generating flow layout
[Topology][Flow] Nodes: 8
[Topology][Flow] Connections: 7
[Topology][Hub] Generating hub layout
[Topology][Hub] Hub: Inventory
[Topology][Hub] Satellites: 3
[Topology][Hub] Connections: 3
[Topology][Flow] Generating flow layout
[Topology][Flow] Nodes: 8
[Topology][Flow] Connections: 7
[Topology][Hub] Generating hub layout
[Topology][Hub] Hub: Inventory
[Topology][Hub] Satellites: 3
[Topology][Hub] Connections: 3
[Topology][Flow] Generating flow layout
[Topology][Flow] Nodes: 8
[Topology][Flow] Connections: 7
[Topology][Hub] Generating hub layout
[Topology][Hub] Hub: Inventory
[Topology][Hub] Satellites: 3
[Topology][Hub] Connections: 3
[Topology][Flow] Generating flow layout
[Topology][Flow] Nodes: 8
[Topology][Flow] Connections: 7
[Topology][Hub] Generating hub layout
[Topology][Hub] Hub: Inventory
[Topology][Hub] Satellites: 3
[Topology][Hub] Connections: 3
[Topology][Flow] Generating flow layout
[Topology][Flow] Nodes: 8
[Topology][Flow] Connections: 7
[Topology][Hub] Generating hub layout
[Topology][Hub] Hub: Inventory
[Topology][Hub] Satellites: 3
[Topology][Hub] Connections: 3
[Topology][Flow] Generating flow layout
[Topology][Flow] Nodes: 8
[Topology][Flow] Connections: 7
[Topology][Hub] Generating hub layout
[Topology][Hub] Hub: Inventory
[Topology][Hub] Satellites: 3
[Topology][Hub] Connections: 3
[Topology][Flow] Generating flow layout
[Topology][Flow] Nodes: 8
[Topology][Flow] Connections: 7
[Topology][Hub] Generating hub layout
[Topology][Hub] Hub: Inventory
[Topology][Hub] Satellites: 3
[Topology][Hub] Connections: 3
[Topology][Flow] Generating flow layout
[Topology][Flow] Nodes: 8
[Topology][Flow] Connections: 7
[Topology][Hub] Generating hub layout
[Topology][Hub] Hub: Inventory
[Topology][Hub] Satellites: 3
[Topology][Hub] Connections: 3
[Topology][Flow] Generating flow layout
[Topology][Flow] Nodes: 8
[Topology][Flow] Connections: 7
[Topology][Hub] Generating hub layout
[Topology][Hub] Hub: Inventory
[Topology][Hub] Satellites: 3
[Topology][Hub] Connections: 3
[Topology][Flow] Generating flow layout
[Topology][Flow] Nodes: 8
[Topology][Flow] Connections: 7
[Topology][Hub] Generating hub layout
[Topology][Hub] Hub: Inventory
[Topology][Hub] Satellites: 3
[Topology][Hub] Connections: 3
[Topology][Flow] Generating flow layout
[Topology][Flow] Nodes: 8
[Topology][Flow] Connections: 7
[Topology][Hub] Generating hub layout
[Topology][Hub] Hub: Inventory
[Topology][Hub] Satellites: 3
[Topology][Hub] Connections: 3
[Topology][Flow] Generating flow layout
[Topology][Flow] Nodes: 8
[Topology][Flow] Connections: 7
[Topology][Hub] Generating hub layout
[Topology][Hub] Hub: Inventory
[Topology][Hub] Satellites: 3
[Topology][Hub] Connections: 3
[Topology][Flow] Generating flow layout
[Topology][Flow] Nodes: 8
[Topology][Flow] Connections: 7
[Topology][Hub] Generating hub layout
[Topology][Hub] Hub: Inventory
[Topology][Hub] Satellites: 3
[Topology][Hub] Connections: 3
[Topology][Flow] Generating flow layout
[Topology][Flow] Nodes: 8
[Topology][Flow] Connections: 7
[Topology][Hub] Generating hub layout
[Topology][Hub] Hub: Inventory
[Topology][Hub] Satellites: 3
[Topology][Hub] Connections: 3
[Topology][Flow] Generating flow layout
[Topology][Flow] Nodes: 8
[Topology][Flow] Connections: 7
[Topology][Hub] Generating hub layout
[Topology][Hub] Hub: Inventory
[Topology][Hub] Satellites: 3
[Topology][Hub] Connections: 3
[Topology][Flow] Generating flow layout
[Topology][Flow] Nodes: 8
[Topology][Flow] Connections: 7
[Topology][Flow] Generating flow layout
[Topology][Flow] Nodes: 2
[Topology][Flow] Connections: 1
[Topology][Flow] Generating flow layout
[Topology][Flow] Nodes: 8
[Topology][Flow] Connections: 7
[Topology][Flow] Generating flow layout
[Topology][Flow] Nodes: 2
[Topology][Flow] Connections: 1
[Topology][Flow] Generating flow layout
[Topology][Flow] Nodes: 8
[Topology][Flow] Connections: 7
[Topology][Flow] Generating flow layout
[Topology][Flow] Nodes: 2
[Topology][Flow] Connections: 1
[Topology][Flow] Generating flow layout
[Topology][Flow] Nodes: 8
[Topology][Flow] Connections: 7
[Topology][Flow] Generating flow layout
[Topology][Flow] Nodes: 2
[Topology][Flow] Connections: 1
[Topology][Flow] Generating flow layout
[Topology][Flow] Nodes: 8
[Topology][Flow] Connections: 7
[Topology][Flow] Generating flow layout
[Topology][Flow] Nodes: 2
[Topology][Flow] Connections: 1
[Topology][Flow] Generating flow layout
[Topology][Flow] Nodes: 8
[Topology][Flow] Connections: 7
[Topology][Flow] Generating flow layout
[Topology][Flow] Nodes: 2
[Topology][Flow] Connections: 1
[Topology][Flow] Generating flow layout
[Topology][Flow] Nodes: 8
[Topology][Flow] Connections: 7
[Topology][Flow] Generating flow layout
[Topology][Flow] Nodes: 2
[Topology][Flow] Connections: 1
[Topology][Flow] Generating flow layout
[Topology][Flow] Nodes: 8
[Topology][Flow] Connections: 7
[Topology][Flow] Generating flow layout
[Topology][Flow] Nodes: 2
[Topology][Flow] Connections: 1
[Topology][Flow] Generating flow layout
[Topology][Flow] Nodes: 8
[Topology][Flow] Connections: 7
[Topology][Flow] Generating flow layout
[Topology][Flow] Nodes: 2
[Topology][Flow] Connections: 1
[Topology][Flow] Generating flow layout
[Topology][Flow] Nodes: 8
[Topology][Flow] Connections: 7
[Topology][Flow] Generating flow layout
[Topology][Flow] Nodes: 2
[Topology][Flow] Connections: 1
[Topology][Flow] Generating flow layout
[Topology][Flow] Nodes: 8
[Topology][Flow] Connections: 7
[Topology][Flow] Generating flow layout
[Topology][Flow] Nodes: 2
[Topology][Flow] Connections: 1
[Topology][Flow] Generating flow layout
[Topology][Flow] Nodes: 8
[Topology][Flow] Connections: 7
[Topology][Flow] Generating flow layout
[Topology][Flow] Nodes: 2
[Topology][Flow] Connections: 1
[Topology][Flow] Generating flow layout
[Topology][Flow] Nodes: 8
[Topology][Flow] Connections: 7
[Topology][Flow] Generating flow layout
[Topology][Flow] Nodes: 2
[Topology][Flow] Connections: 1
[Topology][Flow] Generating flow layout
[Topology][Flow] Nodes: 8
[Topology][Flow] Connections: 7
[Topology][Flow] Generating flow layout
[Topology][Flow] Nodes: 2
[Topology][Flow] Connections: 1
[Topology][Flow] Generating flow layout
[Topology][Flow] Nodes: 8
[Topology][Flow] Connections: 7
[Topology][Flow] Generating flow layout
[Topology][Flow] Nodes: 2
[Topology][Flow] Connections: 1
[Topology][Flow] Generating flow layout
[Topology][Flow] Nodes: 8
[Topology][Flow] Connections: 7
[Topology][Flow] Generating flow layout
[Topology][Flow] Nodes: 2
[Topology][Flow] Connections: 1
[Topology][Flow] Generating flow layout
[Topology][Flow] Nodes: 8
[Topology][Flow] Connections: 7
[Topology][Flow] Generating flow layout
[Topology][Flow] Nodes: 2
[Topology][Flow] Connections: 1
[Topology][Flow] Generating flow layout
[Topology][Flow] Nodes: 8
[Topology][Flow] Connections: 7
[Topology][Flow] Generating flow layout
[Topology][Flow] Nodes: 2
[Topology][Flow] Connections: 1
[Topology][Flow] Generating flow layout
[Topology][Flow] Nodes: 8
[Topology][Flow] Connections: 7
[Topology][Flow] Generating flow layout
[Topology][Flow] Nodes: 2
[Topology][Flow] Connections: 1
[Topology][Flow] Generating flow layout
[Topology][Flow] Nodes: 8
[Topology][Flow] Connections: 7
[Topology][Flow] Generating flow layout
[Topology][Flow] Nodes: 2
[Topology][Flow] Connections: 1
[Topology][Flow] Generating flow layout
[Topology][Flow] Nodes: 8
[Topology][Flow] Connections: 7
[Topology][Flow] Generating flow layout
[Topology][Flow] Nodes: 2
[Topology][Flow] Connections: 1
[Topology][Flow] Generating flow layout
[Topology][Flow] Nodes: 8
[Topology][Flow] Connections: 7
[Topology][Flow] Generating flow layout
[Topology][Flow] Nodes: 2
[Topology][Flow] Connections: 1
[Topology][Flow] Generating flow layout
[Topology][Flow] Nodes: 8
[Topology][Flow] Connections: 7
[Topology][Flow] Generating flow layout
[Topology][Flow] Nodes: 2
[Topology][Flow] Connections: 1
[Topology][Flow] Generating flow layout
[Topology][Flow] Nodes: 8
[Topology][Flow] Connections: 7
[Topology][Flow] Generating flow layout
[Topology][Flow] Nodes: 2
[Topology][Flow] Connections: 1
[Topology][Flow] Generating flow layout
[Topology][Flow] Nodes: 8
[Topology][Flow] Connections: 7
[Topology][Flow] Generating flow layout
[Topology][Flow] Nodes: 2
[Topology][Flow] Connections: 1
[Topology][Flow] Generating flow layout
[Topology][Flow] Nodes: 8
[Topology][Flow] Connections: 7
[Topology][Flow] Generating flow layout
[Topology][Flow] Nodes: 2
[Topology][Flow] Connections: 1
[Topology][Flow] Generating flow layout
[Topology][Flow] Nodes: 8
[Topology][Flow] Connections: 7
[Topology][Flow] Generating flow layout
[Topology][Flow] Nodes: 2
[Topology][Flow] Connections: 1
[Topology][Flow] Generating flow layout
[Topology][Flow] Nodes: 8
[Topology][Flow] Connections: 7
[Topology][Flow] Generating flow layout
[Topology][Flow] Nodes: 2
[Topology][Flow] Connections: 1
[Topology][Flow] Generating flow layout
[Topology][Flow] Nodes: 8
[Topology][Flow] Connections: 7
[Topology][Flow] Generating flow layout
[Topology][Flow] Nodes: 2
[Topology][Flow] Connections: 1
[Topology][Flow] Generating flow layout
[Topology][Flow] Nodes: 8
[Topology][Flow] Connections: 7
[Topology][Flow] Generating flow layout
[Topology][Flow] Nodes: 2
[Topology][Flow] Connections: 1
[Topology][Flow] Generating flow layout
[Topology][Flow] Nodes: 8
[Topology][Flow] Connections: 7
[Topology][Flow] Generating flow layout
[Topology][Flow] Nodes: 2
[Topology][Flow] Connections: 1
[Topology][Flow] Generating flow layout
[Topology][Flow] Nodes: 8
[Topology][Flow] Connections: 7
[Topology][Flow] Generating flow layout
[Topology][Flow] Nodes: 2
[Topology][Flow] Connections: 1
[Topology][Flow] Generating flow layout
[Topology][Flow] Nodes: 8
[Topology][Flow] Connections: 7
[Topology][Flow] Generating flow layout
[Topology][Flow] Nodes: 2
[Topology][Flow] Connections: 1
[Topology][Flow] Generating flow layout
[Topology][Flow] Nodes: 8
[Topology][Flow] Connections: 7
[Topology][Flow] Generating flow layout
[Topology][Flow] Nodes: 2
[Topology][Flow] Connections: 1
[Topology][Flow] Generating flow layout
[Topology][Flow] Nodes: 8
[Topology][Flow] Connections: 7
[Topology][Flow] Generating flow layout
[Topology][Flow] Nodes: 2
[Topology][Flow] Connections: 1
[Topology][Flow] Generating flow layout
[Topology][Flow] Nodes: 8
[Topology][Flow] Connections: 7
[Topology][Flow] Generating flow layout
[Topology][Flow] Nodes: 2
[Topology][Flow] Connections: 1
[Topology][Flow] Generating flow layout
[Topology][Flow] Nodes: 8
[Topology][Flow] Connections: 7
[Topology][Flow] Generating flow layout
[Topology][Flow] Nodes: 2
[Topology][Flow] Connections: 1
[Topology][Flow] Generating flow layout
[Topology][Flow] Nodes: 8
[Topology][Flow] Connections: 7
[Topology][Flow] Generating flow layout
[Topology][Flow] Nodes: 2
[Topology][Flow] Connections: 1
[Topology][Flow] Generating flow layout
[Topology][Flow] Nodes: 8
[Topology][Flow] Connections: 7
[Topology][Flow] Generating flow layout
[Topology][Flow] Nodes: 2
[Topology][Flow] Connections: 1
[Topology][Flow] Generating flow layout
[Topology][Flow] Nodes: 8
[Topology][Flow] Connections: 7
[Topology][Flow] Generating flow layout
[Topology][Flow] Nodes: 2
[Topology][Flow] Connections: 1
[Topology][Flow] Generating flow layout
[Topology][Flow] Nodes: 8
[Topology][Flow] Connections: 7
[Topology][Flow] Generating flow layout
[Topology][Flow] Nodes: 2
[Topology][Flow] Connections: 1
[Topology][Flow] Generating flow layout
[Topology][Flow] Nodes: 8
[Topology][Flow] Connections: 7
[Topology][Flow] Generating flow layout
[Topology][Flow] Nodes: 2
[Topology][Flow] Connections: 1
[Topology][Flow] Generating flow layout
[Topology][Flow] Nodes: 8
[Topology][Flow] Connections: 7
[Topology][Flow] Generating flow layout
[Topology][Flow] Nodes: 2
[Topology][Flow] Connections: 1
[Topology][Flow] Generating flow layout
[Topology][Flow] Nodes: 8
[Topology][Flow] Connections: 7
[Topology][Flow] Generating flow layout
[Topology][Flow] Nodes: 2
[Topology][Flow] Connections: 1
[Topology][Flow] Generating flow layout
[Topology][Flow] Nodes: 8
[Topology][Flow] Connections: 7
[Topology][Flow] Generating flow layout
[Topology][Flow] Nodes: 2
[Topology][Flow] Connections: 1
[Topology][Flow] Generating flow layout
[Topology][Flow] Nodes: 8
[Topology][Flow] Connections: 7
[Topology][Flow] Generating flow layout
[Topology][Flow] Nodes: 2
[Topology][Flow] Connections: 1
[Topology][Flow] Generating flow layout
[Topology][Flow] Nodes: 8
[Topology][Flow] Connections: 7
[Topology][Flow] Generating flow layout
[Topology][Flow] Nodes: 2
[Topology][Flow] Connections: 1
[Topology][Flow] Generating flow layout
[Topology][Flow] Nodes: 8
[Topology][Flow] Connections: 7
[Topology][Flow] Generating flow layout
[Topology][Flow] Nodes: 2
[Topology][Flow] Connections: 1
[Topology][Flow] Generating flow layout
[Topology][Flow] Nodes: 8
[Topology][Flow] Connections: 7
[Topology][Flow] Generating flow layout
[Topology][Flow] Nodes: 2
[Topology][Flow] Connections: 1
[Topology][Flow] Generating flow layout
[Topology][Flow] Nodes: 8
[Topology][Flow] Connections: 7
[Topology][Flow] Generating flow layout
[Topology][Flow] Nodes: 2
[Topology][Flow] Connections: 1
[Topology][Flow] Generating flow layout
[Topology][Flow] Nodes: 8
[Topology][Flow] Connections: 7
[Topology][Flow] Generating flow layout
[Topology][Flow] Nodes: 2
[Topology][Flow] Connections: 1
[Topology][Flow] Generating flow layout
[Topology][Flow] Nodes: 8
[Topology][Flow] Connections: 7
[Topology][Flow] Generating flow layout
[Topology][Flow] Nodes: 2
[Topology][Flow] Connections: 1
[Topology][Flow] Generating flow layout
[Topology][Flow] Nodes: 8
[Topology][Flow] Connections: 7
[Topology][Flow] Generating flow layout
[Topology][Flow] Nodes: 2
[Topology][Flow] Connections: 1
[Topology][Flow] Generating flow layout
[Topology][Flow] Nodes: 8
[Topology][Flow] Connections: 7
[Topology][Flow] Generating flow layout
[Topology][Flow] Nodes: 2
[Topology][Flow] Connections: 1
[Topology][Flow] Generating flow layout
[Topology][Flow] Nodes: 8
[Topology][Flow] Connections: 7
[Topology][Flow] Generating flow layout
[Topology][Flow] Nodes: 2
[Topology][Flow] Connections: 1
[Topology][Flow] Generating flow layout
[Topology][Flow] Nodes: 8
[Topology][Flow] Connections: 7
[Topology][Flow] Generating flow layout
[Topology][Flow] Nodes: 2
[Topology][Flow] Connections: 1
[Topology][Flow] Generating flow layout
[Topology][Flow] Nodes: 8
[Topology][Flow] Connections: 7
[Topology][Flow] Generating flow layout
[Topology][Flow] Nodes: 2
[Topology][Flow] Connections: 1
[Topology][Flow] Generating flow layout
[Topology][Flow] Nodes: 8
[Topology][Flow] Connections: 7
[Topology][Flow] Generating flow layout
[Topology][Flow] Nodes: 2
[Topology][Flow] Connections: 1
[Topology][Flow] Generating flow layout
[Topology][Flow] Nodes: 8
[Topology][Flow] Connections: 7
[Topology][Flow] Generating flow layout
[Topology][Flow] Nodes: 2
[Topology][Flow] Connections: 1
[Topology][Flow] Generating flow layout
[Topology][Flow] Nodes: 8
[Topology][Flow] Connections: 7
[Topology][Flow] Generating flow layout
[Topology][Flow] Nodes: 2
[Topology][Flow] Connections: 1
[Topology][Flow] Generating flow layout
[Topology][Flow] Nodes: 8
[Topology][Flow] Connections: 7
[Topology][Flow] Generating flow layout
[Topology][Flow] Nodes: 2
[Topology][Flow] Connections: 1
[Topology][Flow] Generating flow layout
[Topology][Flow] Nodes: 8
[Topology][Flow] Connections: 7
[Topology][Flow] Generating flow layout
[Topology][Flow] Nodes: 2
[Topology][Flow] Connections: 1
[Topology][Flow] Generating flow layout
[Topology][Flow] Nodes: 8
[Topology][Flow] Connections: 7
[Topology][Flow] Generating flow layout
[Topology][Flow] Nodes: 2
[Topology][Flow] Connections: 1
[Topology][Flow] Generating flow layout
[Topology][Flow] Nodes: 8
[Topology][Flow] Connections: 7
[Topology][Flow] Generating flow layout
[Topology][Flow] Nodes: 2
[Topology][Flow] Connections: 1
[Topology][Flow] Generating flow layout
[Topology][Flow] Nodes: 8
[Topology][Flow] Connections: 7
[Topology][Flow] Generating flow layout
[Topology][Flow] Nodes: 2
[Topology][Flow] Connections: 1
[Topology][Flow] Generating flow layout
[Topology][Flow] Nodes: 8
[Topology][Flow] Connections: 7
[Topology][Flow] Generating flow layout
[Topology][Flow] Nodes: 2
[Topology][Flow] Connections: 1
[Topology][Flow] Generating flow layout
[Topology][Flow] Nodes: 8
[Topology][Flow] Connections: 7
[Topology][Flow] Generating flow layout
[Topology][Flow] Nodes: 2
[Topology][Flow] Connections: 1
[Topology][Flow] Generating flow layout
[Topology][Flow] Nodes: 8
[Topology][Flow] Connections: 7
[Topology][Flow] Generating flow layout
[Topology][Flow] Nodes: 2
[Topology][Flow] Connections: 1
[Topology][Flow] Generating flow layout
[Topology][Flow] Nodes: 8
[Topology][Flow] Connections: 7
[Topology][Flow] Generating flow layout
[Topology][Flow] Nodes: 2
[Topology][Flow] Connections: 1
[Topology][Flow] Generating flow layout
[Topology][Flow] Nodes: 8
[Topology][Flow] Connections: 7
[Topology][Flow] Generating flow layout
[Topology][Flow] Nodes: 2
[Topology][Flow] Connections: 1
[Topology][Flow] Generating flow layout
[Topology][Flow] Nodes: 8
[Topology][Flow] Connections: 7
[Topology][Flow] Generating flow layout
[Topology][Flow] Nodes: 2
[Topology][Flow] Connections: 1
[Topology][Flow] Generating flow layout
[Topology][Flow] Nodes: 8
[Topology][Flow] Connections: 7
[Topology][Flow] Generating flow layout
[Topology][Flow] Nodes: 2
[Topology][Flow] Connections: 1
[Topology][Flow] Generating flow layout
[Topology][Flow] Nodes: 8
[Topology][Flow] Connections: 7
[Topology][Flow] Generating flow layout
[Topology][Flow] Nodes: 2
[Topology][Flow] Connections: 1
[Topology][Flow] Generating flow layout
[Topology][Flow] Nodes: 8
[Topology][Flow] Connections: 7
[Topology][Flow] Generating flow layout
[Topology][Flow] Nodes: 2
[Topology][Flow] Connections: 1
[Topology][Flow] Generating flow layout
[Topology][Flow] Nodes: 8
[Topology][Flow] Connections: 7
[Topology][Flow] Generating flow layout
[Topology][Flow] Nodes: 2
[Topology][Flow] Connections: 1
[Topology][Flow] Generating flow layout
[Topology][Flow] Nodes: 8
[Topology][Flow] Connections: 7
[Topology][Flow] Generating flow layout
[Topology][Flow] Nodes: 2
[Topology][Flow] Connections: 1
[Topology][Flow] Generating flow layout
[Topology][Flow] Nodes: 8
[Topology][Flow] Connections: 7
[Topology][Flow] Generating flow layout
[Topology][Flow] Nodes: 2
[Topology][Flow] Connections: 1
[Topology][Flow] Generating flow layout
[Topology][Flow] Nodes: 8
[Topology][Flow] Connections: 7
[Topology][Flow] Generating flow layout
[Topology][Flow] Nodes: 2
[Topology][Flow] Connections: 1
[Topology][Flow] Generating flow layout
[Topology][Flow] Nodes: 8
[Topology][Flow] Connections: 7
[Topology][Flow] Generating flow layout
[Topology][Flow] Nodes: 2
[Topology][Flow] Connections: 1
[Topology][Flow] Generating flow layout
[Topology][Flow] Nodes: 8
[Topology][Flow] Connections: 7
[Topology][Flow] Generating flow layout
[Topology][Flow] Nodes: 2
[Topology][Flow] Connections: 1
[Topology][Flow] Generating flow layout
[Topology][Flow] Nodes: 8
[Topology][Flow] Connections: 7
[Topology][Flow] Generating flow layout
[Topology][Flow] Nodes: 2
[Topology][Flow] Connections: 1
[Topology][Flow] Generating flow layout
[Topology][Flow] Nodes: 8
[Topology][Flow] Connections: 7
[Topology][Flow] Generating flow layout
[Topology][Flow] Nodes: 2
[Topology][Flow] Connections: 1
[Topology][Flow] Generating flow layout
[Topology][Flow] Nodes: 8
[Topology][Flow] Connections: 7
[Topology][Flow] Generating flow layout
[Topology][Flow] Nodes: 2
[Topology][Flow] Connections: 1
[Topology][Flow] Generating flow layout
[Topology][Flow] Nodes: 8
[Topology][Flow] Connections: 7
[Topology][Flow] Generating flow layout
[Topology][Flow] Nodes: 2
[Topology][Flow] Connections: 1
[Topology][Flow] Generating flow layout
[Topology][Flow] Nodes: 8
[Topology][Flow] Connections: 7
[Topology][Flow] Generating flow layout
[Topology][Flow] Nodes: 2
[Topology][Flow] Connections: 1
[Topology][Flow] Generating flow layout
[Topology][Flow] Nodes: 8
[Topology][Flow] Connections: 7
[Topology][Flow] Generating flow layout
[Topology][Flow] Nodes: 2
[Topology][Flow] Connections: 1
[Topology][Flow] Generating flow layout
[Topology][Flow] Nodes: 8
[Topology][Flow] Connections: 7
[Topology][Flow] Generating flow layout
[Topology][Flow] Nodes: 2
[Topology][Flow] Connections: 1
[Topology][Flow] Generating flow layout
[Topology][Flow] Nodes: 8
[Topology][Flow] Connections: 7
[Topology][Flow] Generating flow layout
[Topology][Flow] Nodes: 2
[Topology][Flow] Connections: 1
[Topology][Flow] Generating flow layout
[Topology][Flow] Nodes: 8
[Topology][Flow] Connections: 7
[Topology][Flow] Generating flow layout
[Topology][Flow] Nodes: 2
[Topology][Flow] Connections: 1
[Topology][Flow] Generating flow layout
[Topology][Flow] Nodes: 8
[Topology][Flow] Connections: 7
[Topology][Flow] Generating flow layout
[Topology][Flow] Nodes: 2
[Topology][Flow] Connections: 1
[Topology][Flow] Generating flow layout
[Topology][Flow] Nodes: 8
[Topology][Flow] Connections: 7
[Topology][Flow] Generating flow layout
[Topology][Flow] Nodes: 2
[Topology][Flow] Connections: 1
[Topology][Flow] Generating flow layout
[Topology][Flow] Nodes: 8
[Topology][Flow] Connections: 7
[Topology][Flow] Generating flow layout
[Topology][Flow] Nodes: 2
[Topology][Flow] Connections: 1
[Topology][Flow] Generating flow layout
[Topology][Flow] Nodes: 8
[Topology][Flow] Connections: 7
[Topology][Flow] Generating flow layout
[Topology][Flow] Nodes: 2
[Topology][Flow] Connections: 1
[Topology][Flow] Generating flow layout
[Topology][Flow] Nodes: 8
[Topology][Flow] Connections: 7
[Topology][Flow] Generating flow layout
[Topology][Flow] Nodes: 2
[Topology][Flow] Connections: 1
[Topology][Flow] Generating flow layout
[Topology][Flow] Nodes: 8
[Topology][Flow] Connections: 7
[Topology][Flow] Generating flow layout
[Topology][Flow] Nodes: 2
[Topology][Flow] Connections: 1
[Topology][Flow] Generating flow layout
[Topology][Flow] Nodes: 8
[Topology][Flow] Connections: 7
[Topology][Flow] Generating flow layout
[Topology][Flow] Nodes: 2
[Topology][Flow] Connections: 1
[Topology][Flow] Generating flow layout
[Topology][Flow] Nodes: 8
[Topology][Flow] Connections: 7
[Topology][Flow] Generating flow layout
[Topology][Flow] Nodes: 2
[Topology][Flow] Connections: 1
[Topology][Flow] Generating flow layout
[Topology][Flow] Nodes: 8
[Topology][Flow] Connections: 7
[Topology][Flow] Generating flow layout
[Topology][Flow] Nodes: 2
[Topology][Flow] Connections: 1
[Topology][Flow] Generating flow layout
[Topology][Flow] Nodes: 8
[Topology][Flow] Connections: 7
[Topology][Flow] Generating flow layout
[Topology][Flow] Nodes: 2
[Topology][Flow] Connections: 1
[Topology][Flow] Generating flow layout
[Topology][Flow] Nodes: 8
[Topology][Flow] Connections: 7
[Topology][Flow] Generating flow layout
[Topology][Flow] Nodes: 2
[Topology][Flow] Connections: 1
[Topology][Flow] Generating flow layout
[Topology][Flow] Nodes: 8
[Topology][Flow] Connections: 7
[Topology][Flow] Generating flow layout
[Topology][Flow] Nodes: 2
[Topology][Flow] Connections: 1
[Topology][Flow] Generating flow layout
[Topology][Flow] Nodes: 8
[Topology][Flow] Connections: 7
[Topology][Flow] Generating flow layout
[Topology][Flow] Nodes: 2
[Topology][Flow] Connections: 1
[Topology][Flow] Generating flow layout
[Topology][Flow] Nodes: 8
[Topology][Flow] Connections: 7
[Topology][Flow] Generating flow layout
[Topology][Flow] Nodes: 2
[Topology][Flow] Connections: 1
[Topology][Flow] Generating flow layout
[Topology][Flow] Nodes: 8
[Topology][Flow] Connections: 7
[Topology][Hub] Generating hub layout
[Topology][Hub] Hub: Delivery
[Topology][Hub] Satellites: 5
[Topology][Hub] Connections: 5
[Topology][Flow] Generating flow layout
[Topology][Flow] Nodes: 8
[Topology][Flow] Connections: 7
[Topology][Hub] Generating hub layout
[Topology][Hub] Hub: Delivery
[Topology][Hub] Satellites: 5
[Topology][Hub] Connections: 5
[Topology][Flow] Generating flow layout
[Topology][Flow] Nodes: 8
[Topology][Flow] Connections: 7
[Topology][Flow] Generating flow layout
[Topology][Flow] Nodes: 2
[Topology][Flow] Connections: 1
[Topology][Flow] Generating flow layout
[Topology][Flow] Nodes: 8
[Topology][Flow] Connections: 7
[Topology][Flow] Generating flow layout
[Topology][Flow] Nodes: 2
[Topology][Flow] Connections: 1
[Topology][Flow] Generating flow layout
[Topology][Flow] Nodes: 8
[Topology][Flow] Connections: 7
[Topology][Hub] Generating hub layout
[Topology][Hub] Hub: Delivery
[Topology][Hub] Satellites: 5
[Topology][Hub] Connections: 5
[Topology][Flow] Generating flow layout
[Topology][Flow] Nodes: 8
[Topology][Flow] Connections: 7
[Topology][Hub] Generating hub layout
[Topology][Hub] Hub: Delivery
[Topology][Hub] Satellites: 5
[Topology][Hub] Connections: 5
[Topology][Flow] Generating flow layout
[Topology][Flow] Nodes: 8
[Topology][Flow] Connections: 7
[Topology][Hub] Generating hub layout
[Topology][Hub] Hub: Capacity
[Topology][Hub] Satellites: 5
[Topology][Hub] Connections: 5
[Topology][Flow] Generating flow layout
[Topology][Flow] Nodes: 8
[Topology][Flow] Connections: 7
[Topology][Hub] Generating hub layout
[Topology][Hub] Hub: Capacity
[Topology][Hub] Satellites: 5
[Topology][Hub] Connections: 5
[Topology][Flow] Generating flow layout
[Topology][Flow] Nodes: 8
[Topology][Flow] Connections: 7
[Topology][Flow] Generating flow layout
[Topology][Flow] Nodes: 2
[Topology][Flow] Connections: 1
[Topology][Flow] Generating flow layout
[Topology][Flow] Nodes: 8
[Topology][Flow] Connections: 7
[Topology][Flow] Generating flow layout
[Topology][Flow] Nodes: 2
[Topology][Flow] Connections: 1
[Topology][Flow] Generating flow layout
[Topology][Flow] Nodes: 8
[Topology][Flow] Connections: 7
[Topology][Hub] Generating hub layout
[Topology][Hub] Hub: Delivery
[Topology][Hub] Satellites: 5
[Topology][Hub] Connections: 5
[Topology][Flow] Generating flow layout
[Topology][Flow] Nodes: 8
[Topology][Flow] Connections: 7
[Topology][Hub] Generating hub layout
[Topology][Hub] Hub: Delivery
[Topology][Hub] Satellites: 5
[Topology][Hub] Connections: 5
[Topology][Flow] Generating flow layout
[Topology][Flow] Nodes: 8
[Topology][Flow] Connections: 7
[Topology][Hub] Generating hub layout
[Topology][Hub] Hub: Capacity
[Topology][Hub] Satellites: 5
[Topology][Hub] Connections: 5
[Topology][Flow] Generating flow layout
[Topology][Flow] Nodes: 8
[Topology][Flow] Connections: 7
[Topology][Hub] Generating hub layout
[Topology][Hub] Hub: Capacity
[Topology][Hub] Satellites: 5
[Topology][Hub] Connections: 5
[Topology][Flow] Generating flow layout
[Topology][Flow] Nodes: 8
[Topology][Flow] Connections: 7
[Topology][Flow] Generating flow layout
[Topology][Flow] Nodes: 2
[Topology][Flow] Connections: 1
[Topology][Flow] Generating flow layout
[Topology][Flow] Nodes: 8
[Topology][Flow] Connections: 7
[Topology][Flow] Generating flow layout
[Topology][Flow] Nodes: 2
[Topology][Flow] Connections: 1
[Topology][Flow] Generating flow layout
[Topology][Flow] Nodes: 8
[Topology][Flow] Connections: 7
[Topology][Flow] Generating flow layout
[Topology][Flow] Nodes: 2
[Topology][Flow] Connections: 1
▶ NEX-MVP-FINAL:6.4 Trusted Executive Communication
  ✔ has FINAL:6.4 identity and does not create competing engines (0.763583ms)
  ✔ meets corpus size (0.202625ms)
  ✔ keeps facts direct and hypotheses qualified (95.591083ms)
  ✔ does not hedge authoritative facts (8.7285ms)
  ✔ answers mixed certainty without exposing enums (1.922208ms)
  ✔ challenges unsupported causal certainty (5.413375ms)
  ✔ keeps clarification short (36.785625ms)
  ✔ does not encode certification sentences in production (0.572375ms)
  ✔ certifies trusted-communication dialogues (3939.588209ms)
✔ NEX-MVP-FINAL:6.4 Trusted Executive Communication (4090.761458ms)
[Topology][Flow] Generating flow layout
[Topology][Flow] Nodes: 8
[Topology][Flow] Connections: 7
[Topology][Flow] Generating flow layout
[Topology][Flow] Nodes: 2
[Topology][Flow] Connections: 1
[Topology][Flow] Generating flow layout
[Topology][Flow] Nodes: 8
[Topology][Flow] Connections: 7
[Topology][Hub] Generating hub layout
[Topology][Hub] Hub: Delivery
[Topology][Hub] Satellites: 5
[Topology][Hub] Connections: 5
[Topology][Flow] Generating flow layout
[Topology][Flow] Nodes: 8
[Topology][Flow] Connections: 7
[Topology][Hub] Generating hub layout
[Topology][Hub] Hub: Delivery
[Topology][Hub] Satellites: 5
[Topology][Hub] Connections: 5
[Topology][Flow] Generating flow layout
[Topology][Flow] Nodes: 8
[Topology][Flow] Connections: 7
[Topology][Flow] Generating flow layout
[Topology][Flow] Nodes: 2
[Topology][Flow] Connections: 1
[Topology][Flow] Generating flow layout
[Topology][Flow] Nodes: 8
[Topology][Flow] Connections: 7
[Topology][Flow] Generating flow layout
[Topology][Flow] Nodes: 2
[Topology][Flow] Connections: 1
[Topology][Flow] Generating flow layout
[Topology][Flow] Nodes: 8
[Topology][Flow] Connections: 7
[Topology][Flow] Generating flow layout
[Topology][Flow] Nodes: 2
[Topology][Flow] Connections: 1
[Topology][Flow] Generating flow layout
[Topology][Flow] Nodes: 8
[Topology][Flow] Connections: 7
[Topology][Flow] Generating flow layout
[Topology][Flow] Nodes: 2
[Topology][Flow] Connections: 1
[Topology][Flow] Generating flow layout
[Topology][Flow] Nodes: 8
[Topology][Flow] Connections: 7
[Topology][Hub] Generating hub layout
[Topology][Hub] Hub: Delivery
[Topology][Hub] Satellites: 5
[Topology][Hub] Connections: 5
[Topology][Flow] Generating flow layout
[Topology][Flow] Nodes: 8
[Topology][Flow] Connections: 7
[Topology][Hub] Generating hub layout
[Topology][Hub] Hub: Delivery
[Topology][Hub] Satellites: 5
[Topology][Hub] Connections: 5
[Topology][Flow] Generating flow layout
[Topology][Flow] Nodes: 8
[Topology][Flow] Connections: 7
[Topology][Flow] Generating flow layout
[Topology][Flow] Nodes: 2
[Topology][Flow] Connections: 1
[Topology][Flow] Generating flow layout
[Topology][Flow] Nodes: 8
[Topology][Flow] Connections: 7
[Topology][Flow] Generating flow layout
[Topology][Flow] Nodes: 2
[Topology][Flow] Connections: 1
[Topology][Flow] Generating flow layout
[Topology][Flow] Nodes: 8
[Topology][Flow] Connections: 7
[Topology][Flow] Generating flow layout
[Topology][Flow] Nodes: 2
[Topology][Flow] Connections: 1
[Topology][Flow] Generating flow layout
[Topology][Flow] Nodes: 8
[Topology][Flow] Connections: 7
[Topology][Flow] Generating flow layout
[Topology][Flow] Nodes: 2
[Topology][Flow] Connections: 1
[Topology][Flow] Generating flow layout
[Topology][Flow] Nodes: 8
[Topology][Flow] Connections: 7
[Topology][Flow] Generating flow layout
[Topology][Flow] Nodes: 2
[Topology][Flow] Connections: 1
[Topology][Flow] Generating flow layout
[Topology][Flow] Nodes: 8
[Topology][Flow] Connections: 7
[Topology][Flow] Generating flow layout
[Topology][Flow] Nodes: 2
[Topology][Flow] Connections: 1
[Topology][Flow] Generating flow layout
[Topology][Flow] Nodes: 8
[Topology][Flow] Connections: 7
[Topology][Flow] Generating flow layout
[Topology][Flow] Nodes: 2
[Topology][Flow] Connections: 1
[Topology][Flow] Generating flow layout
[Topology][Flow] Nodes: 8
[Topology][Flow] Connections: 7
[Topology][Flow] Generating flow layout
[Topology][Flow] Nodes: 2
[Topology][Flow] Connections: 1
[Topology][Flow] Generating flow layout
[Topology][Flow] Nodes: 8
[Topology][Flow] Connections: 7
[Topology][Flow] Generating flow layout
[Topology][Flow] Nodes: 2
[Topology][Flow] Connections: 1
[Topology][Flow] Generating flow layout
[Topology][Flow] Nodes: 8
[Topology][Flow] Connections: 7
[Topology][Flow] Generating flow layout
[Topology][Flow] Nodes: 2
[Topology][Flow] Connections: 1
[Topology][Flow] Generating flow layout
[Topology][Flow] Nodes: 8
[Topology][Flow] Connections: 7
[Topology][Flow] Generating flow layout
[Topology][Flow] Nodes: 2
[Topology][Flow] Connections: 1
[Topology][Flow] Generating flow layout
[Topology][Flow] Nodes: 8
[Topology][Flow] Connections: 7
[Topology][Hub] Generating hub layout
[Topology][Hub] Hub: Delivery
[Topology][Hub] Satellites: 5
[Topology][Hub] Connections: 5
[Topology][Flow] Generating flow layout
[Topology][Flow] Nodes: 8
[Topology][Flow] Connections: 7
[Topology][Hub] Generating hub layout
[Topology][Hub] Hub: Delivery
[Topology][Hub] Satellites: 5
[Topology][Hub] Connections: 5
[Topology][Flow] Generating flow layout
[Topology][Flow] Nodes: 8
[Topology][Flow] Connections: 7
[Topology][Hub] Generating hub layout
[Topology][Hub] Hub: Delivery
[Topology][Hub] Satellites: 5
[Topology][Hub] Connections: 5
[Topology][Flow] Generating flow layout
[Topology][Flow] Nodes: 8
[Topology][Flow] Connections: 7
[Topology][Hub] Generating hub layout
[Topology][Hub] Hub: Delivery
[Topology][Hub] Satellites: 5
[Topology][Hub] Connections: 5
[Topology][Flow] Generating flow layout
[Topology][Flow] Nodes: 8
[Topology][Flow] Connections: 7
[Topology][Hub] Generating hub layout
[Topology][Hub] Hub: Delivery
[Topology][Hub] Satellites: 5
[Topology][Hub] Connections: 5
[Topology][Flow] Generating flow layout
[Topology][Flow] Nodes: 8
[Topology][Flow] Connections: 7
[Topology][Flow] Generating flow layout
[Topology][Flow] Nodes: 2
[Topology][Flow] Connections: 1
[Topology][Flow] Generating flow layout
[Topology][Flow] Nodes: 8
[Topology][Flow] Connections: 7
[Topology][Hub] Generating hub layout
[Topology][Hub] Hub: Delivery
[Topology][Hub] Satellites: 5
[Topology][Hub] Connections: 5
[Topology][Flow] Generating flow layout
[Topology][Flow] Nodes: 8
[Topology][Flow] Connections: 7
[Topology][Hub] Generating hub layout
[Topology][Hub] Hub: Delivery
[Topology][Hub] Satellites: 5
[Topology][Hub] Connections: 5
[Topology][Flow] Generating flow layout
[Topology][Flow] Nodes: 8
[Topology][Flow] Connections: 7
[Topology][Flow] Generating flow layout
[Topology][Flow] Nodes: 2
[Topology][Flow] Connections: 1
[Topology][Flow] Generating flow layout
[Topology][Flow] Nodes: 8
[Topology][Flow] Connections: 7
[Topology][Hub] Generating hub layout
[Topology][Hub] Hub: Delivery
[Topology][Hub] Satellites: 5
[Topology][Hub] Connections: 5
[Topology][Flow] Generating flow layout
[Topology][Flow] Nodes: 8
[Topology][Flow] Connections: 7
[Topology][Hub] Generating hub layout
[Topology][Hub] Hub: Delivery
[Topology][Hub] Satellites: 5
[Topology][Hub] Connections: 5
[Topology][Flow] Generating flow layout
[Topology][Flow] Nodes: 8
[Topology][Flow] Connections: 7
[Topology][Flow] Generating flow layout
[Topology][Flow] Nodes: 2
[Topology][Flow] Connections: 1
[Topology][Flow] Generating flow layout
[Topology][Flow] Nodes: 8
[Topology][Flow] Connections: 7
[Topology][Hub] Generating hub layout
[Topology][Hub] Hub: Delivery
[Topology][Hub] Satellites: 5
[Topology][Hub] Connections: 5
[Topology][Flow] Generating flow layout
[Topology][Flow] Nodes: 8
[Topology][Flow] Connections: 7
[Topology][Hub] Generating hub layout
[Topology][Hub] Hub: Delivery
[Topology][Hub] Satellites: 5
[Topology][Hub] Connections: 5
[Topology][Flow] Generating flow layout
[Topology][Flow] Nodes: 8
[Topology][Flow] Connections: 7
[Topology][Hub] Generating hub layout
[Topology][Hub] Hub: Delivery
[Topology][Hub] Satellites: 5
[Topology][Hub] Connections: 5
[Topology][Flow] Generating flow layout
[Topology][Flow] Nodes: 8
[Topology][Flow] Connections: 7
[Topology][Hub] Generating hub layout
[Topology][Hub] Hub: Delivery
[Topology][Hub] Satellites: 5
[Topology][Hub] Connections: 5
[Topology][Flow] Generating flow layout
[Topology][Flow] Nodes: 8
[Topology][Flow] Connections: 7
[Topology][Hub] Generating hub layout
[Topology][Hub] Hub: Delivery
[Topology][Hub] Satellites: 5
[Topology][Hub] Connections: 5
[Topology][Flow] Generating flow layout
[Topology][Flow] Nodes: 8
[Topology][Flow] Connections: 7
[Topology][Hub] Generating hub layout
[Topology][Hub] Hub: Delivery
[Topology][Hub] Satellites: 5
[Topology][Hub] Connections: 5
[Topology][Flow] Generating flow layout
[Topology][Flow] Nodes: 8
[Topology][Flow] Connections: 7
[Topology][Hub] Generating hub layout
[Topology][Hub] Hub: Delivery
[Topology][Hub] Satellites: 5
[Topology][Hub] Connections: 5
[Topology][Flow] Generating flow layout
[Topology][Flow] Nodes: 8
[Topology][Flow] Connections: 7
[Topology][Hub] Generating hub layout
[Topology][Hub] Hub: Delivery
[Topology][Hub] Satellites: 5
[Topology][Hub] Connections: 5
[Topology][Flow] Generating flow layout
[Topology][Flow] Nodes: 8
[Topology][Flow] Connections: 7
[Topology][Hub] Generating hub layout
[Topology][Hub] Hub: Delivery
[Topology][Hub] Satellites: 5
[Topology][Hub] Connections: 5
[Topology][Flow] Generating flow layout
[Topology][Flow] Nodes: 8
[Topology][Flow] Connections: 7
[Topology][Hub] Generating hub layout
[Topology][Hub] Hub: Delivery
[Topology][Hub] Satellites: 5
[Topology][Hub] Connections: 5
[Topology][Flow] Generating flow layout
[Topology][Flow] Nodes: 8
[Topology][Flow] Connections: 7
[Topology][Flow] Generating flow layout
[Topology][Flow] Nodes: 2
[Topology][Flow] Connections: 1
[Topology][Flow] Generating flow layout
[Topology][Flow] Nodes: 8
[Topology][Flow] Connections: 7
[Topology][Hub] Generating hub layout
[Topology][Hub] Hub: Delivery
[Topology][Hub] Satellites: 5
[Topology][Hub] Connections: 5
[Topology][Flow] Generating flow layout
[Topology][Flow] Nodes: 8
[Topology][Flow] Connections: 7
[Topology][Hub] Generating hub layout
[Topology][Hub] Hub: Delivery
[Topology][Hub] Satellites: 5
[Topology][Hub] Connections: 5
[Topology][Flow] Generating flow layout
[Topology][Flow] Nodes: 8
[Topology][Flow] Connections: 7
[Topology][Hub] Generating hub layout
[Topology][Hub] Hub: Delivery
[Topology][Hub] Satellites: 5
[Topology][Hub] Connections: 5
[Topology][Flow] Generating flow layout
[Topology][Flow] Nodes: 8
[Topology][Flow] Connections: 7
[Topology][Hub] Generating hub layout
[Topology][Hub] Hub: Delivery
[Topology][Hub] Satellites: 5
[Topology][Hub] Connections: 5
[Topology][Flow] Generating flow layout
[Topology][Flow] Nodes: 8
[Topology][Flow] Connections: 7
[Topology][Hub] Generating hub layout
[Topology][Hub] Hub: Delivery
[Topology][Hub] Satellites: 5
[Topology][Hub] Connections: 5
[Topology][Flow] Generating flow layout
[Topology][Flow] Nodes: 8
[Topology][Flow] Connections: 7
[Topology][Hub] Generating hub layout
[Topology][Hub] Hub: Delivery
[Topology][Hub] Satellites: 5
[Topology][Hub] Connections: 5
[Topology][Flow] Generating flow layout
[Topology][Flow] Nodes: 8
[Topology][Flow] Connections: 7
[Topology][Flow] Generating flow layout
[Topology][Flow] Nodes: 2
[Topology][Flow] Connections: 1
[Topology][Flow] Generating flow layout
[Topology][Flow] Nodes: 8
[Topology][Flow] Connections: 7
[Topology][Hub] Generating hub layout
[Topology][Hub] Hub: Delivery
[Topology][Hub] Satellites: 5
[Topology][Hub] Connections: 5
[Topology][Flow] Generating flow layout
[Topology][Flow] Nodes: 8
[Topology][Flow] Connections: 7
[Topology][Hub] Generating hub layout
[Topology][Hub] Hub: Delivery
[Topology][Hub] Satellites: 5
[Topology][Hub] Connections: 5
[Topology][Flow] Generating flow layout
[Topology][Flow] Nodes: 8
[Topology][Flow] Connections: 7
[Topology][Flow] Generating flow layout
[Topology][Flow] Nodes: 2
[Topology][Flow] Connections: 1
[Topology][Flow] Generating flow layout
[Topology][Flow] Nodes: 8
[Topology][Flow] Connections: 7
[Topology][Flow] Generating flow layout
[Topology][Flow] Nodes: 2
[Topology][Flow] Connections: 1
[Topology][Flow] Generating flow layout
[Topology][Flow] Nodes: 8
[Topology][Flow] Connections: 7
[Topology][Flow] Generating flow layout
[Topology][Flow] Nodes: 2
[Topology][Flow] Connections: 1
[Topology][Flow] Generating flow layout
[Topology][Flow] Nodes: 8
[Topology][Flow] Connections: 7
[Topology][Flow] Generating flow layout
[Topology][Flow] Nodes: 2
[Topology][Flow] Connections: 1
[Topology][Flow] Generating flow layout
[Topology][Flow] Nodes: 8
[Topology][Flow] Connections: 7
[Topology][Flow] Generating flow layout
[Topology][Flow] Nodes: 2
[Topology][Flow] Connections: 1
[Topology][Flow] Generating flow layout
[Topology][Flow] Nodes: 8
[Topology][Flow] Connections: 7
[Topology][Flow] Generating flow layout
[Topology][Flow] Nodes: 2
[Topology][Flow] Connections: 1
[Topology][Flow] Generating flow layout
[Topology][Flow] Nodes: 8
[Topology][Flow] Connections: 7
[Topology][Flow] Generating flow layout
[Topology][Flow] Nodes: 2
[Topology][Flow] Connections: 1
[Topology][Flow] Generating flow layout
[Topology][Flow] Nodes: 8
[Topology][Flow] Connections: 7
[Topology][Flow] Generating flow layout
[Topology][Flow] Nodes: 2
[Topology][Flow] Connections: 1
[Topology][Flow] Generating flow layout
[Topology][Flow] Nodes: 8
[Topology][Flow] Connections: 7
[Topology][Flow] Generating flow layout
[Topology][Flow] Nodes: 2
[Topology][Flow] Connections: 1
[Topology][Flow] Generating flow layout
[Topology][Flow] Nodes: 8
[Topology][Flow] Connections: 7
[Topology][Flow] Generating flow layout
[Topology][Flow] Nodes: 2
[Topology][Flow] Connections: 1
[Topology][Flow] Generating flow layout
[Topology][Flow] Nodes: 8
[Topology][Flow] Connections: 7
[Topology][Flow] Generating flow layout
[Topology][Flow] Nodes: 2
[Topology][Flow] Connections: 1
[Topology][Flow] Generating flow layout
[Topology][Flow] Nodes: 8
[Topology][Flow] Connections: 7
[Topology][Flow] Generating flow layout
[Topology][Flow] Nodes: 2
[Topology][Flow] Connections: 1
[Topology][Flow] Generating flow layout
[Topology][Flow] Nodes: 8
[Topology][Flow] Connections: 7
[Topology][Flow] Generating flow layout
[Topology][Flow] Nodes: 2
[Topology][Flow] Connections: 1
[Topology][Flow] Generating flow layout
[Topology][Flow] Nodes: 8
[Topology][Flow] Connections: 7
[Topology][Flow] Generating flow layout
[Topology][Flow] Nodes: 2
[Topology][Flow] Connections: 1
[Topology][Flow] Generating flow layout
[Topology][Flow] Nodes: 8
[Topology][Flow] Connections: 7
[Topology][Hub] Generating hub layout
[Topology][Hub] Hub: Delivery
[Topology][Hub] Satellites: 5
[Topology][Hub] Connections: 5
[Topology][Flow] Generating flow layout
[Topology][Flow] Nodes: 8
[Topology][Flow] Connections: 7
[Topology][Hub] Generating hub layout
[Topology][Hub] Hub: Delivery
[Topology][Hub] Satellites: 5
[Topology][Hub] Connections: 5
[Topology][Flow] Generating flow layout
[Topology][Flow] Nodes: 8
[Topology][Flow] Connections: 7
[Topology][Hub] Generating hub layout
[Topology][Hub] Hub: Delivery
[Topology][Hub] Satellites: 5
[Topology][Hub] Connections: 5
[Topology][Flow] Generating flow layout
[Topology][Flow] Nodes: 8
[Topology][Flow] Connections: 7
[Topology][Hub] Generating hub layout
[Topology][Hub] Hub: Delivery
[Topology][Hub] Satellites: 5
[Topology][Hub] Connections: 5
[Topology][Flow] Generating flow layout
[Topology][Flow] Nodes: 8
[Topology][Flow] Connections: 7
[Topology][Flow] Generating flow layout
[Topology][Flow] Nodes: 2
[Topology][Flow] Connections: 1
[Topology][Flow] Generating flow layout
[Topology][Flow] Nodes: 8
[Topology][Flow] Connections: 7
[Topology][Hub] Generating hub layout
[Topology][Hub] Hub: Delivery
[Topology][Hub] Satellites: 5
[Topology][Hub] Connections: 5
[Topology][Flow] Generating flow layout
[Topology][Flow] Nodes: 8
[Topology][Flow] Connections: 7
[Topology][Hub] Generating hub layout
[Topology][Hub] Hub: Delivery
[Topology][Hub] Satellites: 5
[Topology][Hub] Connections: 5
[Topology][Flow] Generating flow layout
[Topology][Flow] Nodes: 8
[Topology][Flow] Connections: 7
[Topology][Hub] Generating hub layout
[Topology][Hub] Hub: Delivery
[Topology][Hub] Satellites: 5
[Topology][Hub] Connections: 5
[Topology][Flow] Generating flow layout
[Topology][Flow] Nodes: 8
[Topology][Flow] Connections: 7
[Topology][Flow] Generating flow layout
[Topology][Flow] Nodes: 2
[Topology][Flow] Connections: 1
[Topology][Flow] Generating flow layout
[Topology][Flow] Nodes: 8
[Topology][Flow] Connections: 7
[Topology][Flow] Generating flow layout
[Topology][Flow] Nodes: 2
[Topology][Flow] Connections: 1
[Topology][Flow] Generating flow layout
[Topology][Flow] Nodes: 8
[Topology][Flow] Connections: 7
[Topology][Flow] Generating flow layout
[Topology][Flow] Nodes: 2
[Topology][Flow] Connections: 1
[Topology][Flow] Generating flow layout
[Topology][Flow] Nodes: 8
[Topology][Flow] Connections: 7
[Topology][Flow] Generating flow layout
[Topology][Flow] Nodes: 2
[Topology][Flow] Connections: 1
[Topology][Flow] Generating flow layout
[Topology][Flow] Nodes: 8
[Topology][Flow] Connections: 7
[Topology][Hub] Generating hub layout
[Topology][Hub] Hub: Delivery
[Topology][Hub] Satellites: 5
[Topology][Hub] Connections: 5
[Topology][Flow] Generating flow layout
[Topology][Flow] Nodes: 8
[Topology][Flow] Connections: 7
[Topology][Hub] Generating hub layout
[Topology][Hub] Hub: Capacity
[Topology][Hub] Satellites: 5
[Topology][Hub] Connections: 5
[Topology][Flow] Generating flow layout
[Topology][Flow] Nodes: 8
[Topology][Flow] Connections: 7
[Topology][Hub] Generating hub layout
[Topology][Hub] Hub: Capacity
[Topology][Hub] Satellites: 5
[Topology][Hub] Connections: 5
[Topology][Flow] Generating flow layout
[Topology][Flow] Nodes: 8
[Topology][Flow] Connections: 7
[Topology][Hub] Generating hub layout
[Topology][Hub] Hub: Delivery
[Topology][Hub] Satellites: 5
[Topology][Hub] Connections: 5
[Topology][Flow] Generating flow layout
[Topology][Flow] Nodes: 8
[Topology][Flow] Connections: 7
[Topology][Hub] Generating hub layout
[Topology][Hub] Hub: Capacity
[Topology][Hub] Satellites: 5
[Topology][Hub] Connections: 5
[Topology][Flow] Generating flow layout
[Topology][Flow] Nodes: 8
[Topology][Flow] Connections: 7
[Topology][Hub] Generating hub layout
[Topology][Hub] Hub: Capacity
[Topology][Hub] Satellites: 5
[Topology][Hub] Connections: 5
[Topology][Flow] Generating flow layout
[Topology][Flow] Nodes: 8
[Topology][Flow] Connections: 7
[Topology][Flow] Generating flow layout
[Topology][Flow] Nodes: 2
[Topology][Flow] Connections: 1
[Topology][Flow] Generating flow layout
[Topology][Flow] Nodes: 8
[Topology][Flow] Connections: 7
[Topology][Flow] Generating flow layout
[Topology][Flow] Nodes: 2
[Topology][Flow] Connections: 1
[Topology][Flow] Generating flow layout
[Topology][Flow] Nodes: 8
[Topology][Flow] Connections: 7
[Topology][Flow] Generating flow layout
[Topology][Flow] Nodes: 2
[Topology][Flow] Connections: 1
[Topology][Flow] Generating flow layout
[Topology][Flow] Nodes: 8
[Topology][Flow] Connections: 7
[Topology][Flow] Generating flow layout
[Topology][Flow] Nodes: 2
[Topology][Flow] Connections: 1
[Topology][Flow] Generating flow layout
[Topology][Flow] Nodes: 8
[Topology][Flow] Connections: 7
[Topology][Hub] Generating hub layout
[Topology][Hub] Hub: Delivery
[Topology][Hub] Satellites: 5
[Topology][Hub] Connections: 5
[Topology][Flow] Generating flow layout
[Topology][Flow] Nodes: 8
[Topology][Flow] Connections: 7
[Topology][Hub] Generating hub layout
[Topology][Hub] Hub: Delivery
[Topology][Hub] Satellites: 5
[Topology][Hub] Connections: 5
[Topology][Flow] Generating flow layout
[Topology][Flow] Nodes: 8
[Topology][Flow] Connections: 7
[Topology][Flow] Generating flow layout
[Topology][Flow] Nodes: 2
[Topology][Flow] Connections: 1
[Topology][Flow] Generating flow layout
[Topology][Flow] Nodes: 8
[Topology][Flow] Connections: 7
[Topology][Flow] Generating flow layout
[Topology][Flow] Nodes: 2
[Topology][Flow] Connections: 1
[Topology][Flow] Generating flow layout
[Topology][Flow] Nodes: 8
[Topology][Flow] Connections: 7
[Topology][Flow] Generating flow layout
[Topology][Flow] Nodes: 2
[Topology][Flow] Connections: 1
[Topology][Flow] Generating flow layout
[Topology][Flow] Nodes: 8
[Topology][Flow] Connections: 7
[Topology][Hub] Generating hub layout
[Topology][Hub] Hub: Delivery
[Topology][Hub] Satellites: 5
[Topology][Hub] Connections: 5
[Topology][Flow] Generating flow layout
[Topology][Flow] Nodes: 8
[Topology][Flow] Connections: 7
[Topology][Hub] Generating hub layout
[Topology][Hub] Hub: Delivery
[Topology][Hub] Satellites: 5
[Topology][Hub] Connections: 5
[Topology][Flow] Generating flow layout
[Topology][Flow] Nodes: 8
[Topology][Flow] Connections: 7
[Topology][Hub] Generating hub layout
[Topology][Hub] Hub: Delivery
[Topology][Hub] Satellites: 5
[Topology][Hub] Connections: 5
[Topology][Flow] Generating flow layout
[Topology][Flow] Nodes: 8
[Topology][Flow] Connections: 7
[Topology][Hub] Generating hub layout
[Topology][Hub] Hub: Delivery
[Topology][Hub] Satellites: 5
[Topology][Hub] Connections: 5
[Topology][Flow] Generating flow layout
[Topology][Flow] Nodes: 8
[Topology][Flow] Connections: 7
[Topology][Flow] Generating flow layout
[Topology][Flow] Nodes: 2
[Topology][Flow] Connections: 1
[Topology][Flow] Generating flow layout
[Topology][Flow] Nodes: 8
[Topology][Flow] Connections: 7
[Topology][Flow] Generating flow layout
[Topology][Flow] Nodes: 2
[Topology][Flow] Connections: 1
[Topology][Flow] Generating flow layout
[Topology][Flow] Nodes: 8
[Topology][Flow] Connections: 7
[Topology][Flow] Generating flow layout
[Topology][Flow] Nodes: 2
[Topology][Flow] Connections: 1
[Topology][Flow] Generating flow layout
[Topology][Flow] Nodes: 8
[Topology][Flow] Connections: 7
[Topology][Hub] Generating hub layout
[Topology][Hub] Hub: Delivery
[Topology][Hub] Satellites: 5
[Topology][Hub] Connections: 5
[Topology][Flow] Generating flow layout
[Topology][Flow] Nodes: 8
[Topology][Flow] Connections: 7
[Topology][Hub] Generating hub layout
[Topology][Hub] Hub: Delivery
[Topology][Hub] Satellites: 5
[Topology][Hub] Connections: 5
[Topology][Flow] Generating flow layout
[Topology][Flow] Nodes: 8
[Topology][Flow] Connections: 7
[Topology][Hub] Generating hub layout
[Topology][Hub] Hub: Delivery
[Topology][Hub] Satellites: 5
[Topology][Hub] Connections: 5
[Topology][Flow] Generating flow layout
[Topology][Flow] Nodes: 8
[Topology][Flow] Connections: 7
[Topology][Flow] Generating flow layout
[Topology][Flow] Nodes: 2
[Topology][Flow] Connections: 1
[Topology][Flow] Generating flow layout
[Topology][Flow] Nodes: 8
[Topology][Flow] Connections: 7
[Topology][Flow] Generating flow layout
[Topology][Flow] Nodes: 2
[Topology][Flow] Connections: 1
[Topology][Flow] Generating flow layout
[Topology][Flow] Nodes: 8
[Topology][Flow] Connections: 7
[Topology][Flow] Generating flow layout
[Topology][Flow] Nodes: 2
[Topology][Flow] Connections: 1
[Topology][Flow] Generating flow layout
[Topology][Flow] Nodes: 8
[Topology][Flow] Connections: 7
[Topology][Flow] Generating flow layout
[Topology][Flow] Nodes: 2
[Topology][Flow] Connections: 1
[Topology][Flow] Generating flow layout
[Topology][Flow] Nodes: 8
[Topology][Flow] Connections: 7
[Topology][Flow] Generating flow layout
[Topology][Flow] Nodes: 2
[Topology][Flow] Connections: 1
[Topology][Flow] Generating flow layout
[Topology][Flow] Nodes: 8
[Topology][Flow] Connections: 7
[Topology][Flow] Generating flow layout
[Topology][Flow] Nodes: 2
[Topology][Flow] Connections: 1
[Topology][Flow] Generating flow layout
[Topology][Flow] Nodes: 8
[Topology][Flow] Connections: 7
[Topology][Flow] Generating flow layout
[Topology][Flow] Nodes: 2
[Topology][Flow] Connections: 1
[Topology][Flow] Generating flow layout
[Topology][Flow] Nodes: 8
[Topology][Flow] Connections: 7
[Topology][Hub] Generating hub layout
[Topology][Hub] Hub: Delivery
[Topology][Hub] Satellites: 5
[Topology][Hub] Connections: 5
[Topology][Flow] Generating flow layout
[Topology][Flow] Nodes: 8
[Topology][Flow] Connections: 7
[Topology][Hub] Generating hub layout
[Topology][Hub] Hub: Delivery
[Topology][Hub] Satellites: 5
[Topology][Hub] Connections: 5
[Topology][Flow] Generating flow layout
[Topology][Flow] Nodes: 8
[Topology][Flow] Connections: 7
[Topology][Hub] Generating hub layout
[Topology][Hub] Hub: Delivery
[Topology][Hub] Satellites: 5
[Topology][Hub] Connections: 5
[Topology][Flow] Generating flow layout
[Topology][Flow] Nodes: 8
[Topology][Flow] Connections: 7
[Topology][Flow] Generating flow layout
[Topology][Flow] Nodes: 2
[Topology][Flow] Connections: 1
[Topology][Flow] Generating flow layout
[Topology][Flow] Nodes: 8
[Topology][Flow] Connections: 7
[Topology][Hub] Generating hub layout
[Topology][Hub] Hub: Delivery
[Topology][Hub] Satellites: 5
[Topology][Hub] Connections: 5
[Topology][Flow] Generating flow layout
[Topology][Flow] Nodes: 8
[Topology][Flow] Connections: 7
[Topology][Hub] Generating hub layout
[Topology][Hub] Hub: Delivery
[Topology][Hub] Satellites: 5
[Topology][Hub] Connections: 5
[Topology][Flow] Generating flow layout
[Topology][Flow] Nodes: 8
[Topology][Flow] Connections: 7
[Topology][Hub] Generating hub layout
[Topology][Hub] Hub: Delivery
[Topology][Hub] Satellites: 5
[Topology][Hub] Connections: 5
[Topology][Flow] Generating flow layout
[Topology][Flow] Nodes: 8
[Topology][Flow] Connections: 7
[Topology][Hub] Generating hub layout
[Topology][Hub] Hub: Delivery
[Topology][Hub] Satellites: 5
[Topology][Hub] Connections: 5
[Topology][Flow] Generating flow layout
[Topology][Flow] Nodes: 8
[Topology][Flow] Connections: 7
[Topology][Hub] Generating hub layout
[Topology][Hub] Hub: Delivery
[Topology][Hub] Satellites: 5
[Topology][Hub] Connections: 5
[Topology][Flow] Generating flow layout
[Topology][Flow] Nodes: 8
[Topology][Flow] Connections: 7
[Topology][Hub] Generating hub layout
[Topology][Hub] Hub: Delivery
[Topology][Hub] Satellites: 5
[Topology][Hub] Connections: 5
[Topology][Flow] Generating flow layout
[Topology][Flow] Nodes: 8
[Topology][Flow] Connections: 7
[Topology][Hub] Generating hub layout
[Topology][Hub] Hub: Delivery
[Topology][Hub] Satellites: 5
[Topology][Hub] Connections: 5
[Topology][Flow] Generating flow layout
[Topology][Flow] Nodes: 8
[Topology][Flow] Connections: 7
[Topology][Hub] Generating hub layout
[Topology][Hub] Hub: Delivery
[Topology][Hub] Satellites: 5
[Topology][Hub] Connections: 5
[Topology][Flow] Generating flow layout
[Topology][Flow] Nodes: 8
[Topology][Flow] Connections: 7
[Topology][Hub] Generating hub layout
[Topology][Hub] Hub: Delivery
[Topology][Hub] Satellites: 5
[Topology][Hub] Connections: 5
[Topology][Flow] Generating flow layout
[Topology][Flow] Nodes: 8
[Topology][Flow] Connections: 7
[Topology][Hub] Generating hub layout
[Topology][Hub] Hub: Delivery
[Topology][Hub] Satellites: 5
[Topology][Hub] Connections: 5
[Topology][Flow] Generating flow layout
[Topology][Flow] Nodes: 8
[Topology][Flow] Connections: 7
[Topology][Hub] Generating hub layout
[Topology][Hub] Hub: Delivery
[Topology][Hub] Satellites: 5
[Topology][Hub] Connections: 5
[Topology][Flow] Generating flow layout
[Topology][Flow] Nodes: 8
[Topology][Flow] Connections: 7
[Topology][Hub] Generating hub layout
[Topology][Hub] Hub: Delivery
[Topology][Hub] Satellites: 5
[Topology][Hub] Connections: 5
[Topology][Flow] Generating flow layout
[Topology][Flow] Nodes: 8
[Topology][Flow] Connections: 7
[Topology][Hub] Generating hub layout
[Topology][Hub] Hub: Delivery
[Topology][Hub] Satellites: 5
[Topology][Hub] Connections: 5
[Topology][Flow] Generating flow layout
[Topology][Flow] Nodes: 8
[Topology][Flow] Connections: 7
[Topology][Hub] Generating hub layout
[Topology][Hub] Hub: Delivery
[Topology][Hub] Satellites: 5
[Topology][Hub] Connections: 5
[Topology][Flow] Generating flow layout
[Topology][Flow] Nodes: 8
[Topology][Flow] Connections: 7
[Topology][Hub] Generating hub layout
[Topology][Hub] Hub: Delivery
[Topology][Hub] Satellites: 5
[Topology][Hub] Connections: 5
[Topology][Flow] Generating flow layout
[Topology][Flow] Nodes: 8
[Topology][Flow] Connections: 7
[Topology][Hub] Generating hub layout
[Topology][Hub] Hub: Delivery
[Topology][Hub] Satellites: 5
[Topology][Hub] Connections: 5
[Topology][Flow] Generating flow layout
[Topology][Flow] Nodes: 8
[Topology][Flow] Connections: 7
[Topology][Hub] Generating hub layout
[Topology][Hub] Hub: Delivery
[Topology][Hub] Satellites: 5
[Topology][Hub] Connections: 5
[Topology][Flow] Generating flow layout
[Topology][Flow] Nodes: 8
[Topology][Flow] Connections: 7
[Topology][Flow] Generating flow layout
[Topology][Flow] Nodes: 2
[Topology][Flow] Connections: 1
[Topology][Flow] Generating flow layout
[Topology][Flow] Nodes: 8
[Topology][Flow] Connections: 7
[Topology][Hub] Generating hub layout
[Topology][Hub] Hub: Delivery
[Topology][Hub] Satellites: 5
[Topology][Hub] Connections: 5
[Topology][Flow] Generating flow layout
[Topology][Flow] Nodes: 8
[Topology][Flow] Connections: 7
[Topology][Hub] Generating hub layout
[Topology][Hub] Hub: Delivery
[Topology][Hub] Satellites: 5
[Topology][Hub] Connections: 5
[Topology][Flow] Generating flow layout
[Topology][Flow] Nodes: 8
[Topology][Flow] Connections: 7
[Topology][Hub] Generating hub layout
[Topology][Hub] Hub: Delivery
[Topology][Hub] Satellites: 5
[Topology][Hub] Connections: 5
[Topology][Flow] Generating flow layout
[Topology][Flow] Nodes: 8
[Topology][Flow] Connections: 7
[Topology][Hub] Generating hub layout
[Topology][Hub] Hub: Delivery
[Topology][Hub] Satellites: 5
[Topology][Hub] Connections: 5
[Topology][Flow] Generating flow layout
[Topology][Flow] Nodes: 8
[Topology][Flow] Connections: 7
[Topology][Hub] Generating hub layout
[Topology][Hub] Hub: Delivery
[Topology][Hub] Satellites: 5
[Topology][Hub] Connections: 5
[Topology][Flow] Generating flow layout
[Topology][Flow] Nodes: 8
[Topology][Flow] Connections: 7
[Topology][Hub] Generating hub layout
[Topology][Hub] Hub: Delivery
[Topology][Hub] Satellites: 5
[Topology][Hub] Connections: 5
[Topology][Flow] Generating flow layout
[Topology][Flow] Nodes: 8
[Topology][Flow] Connections: 7
[Topology][Hub] Generating hub layout
[Topology][Hub] Hub: Delivery
[Topology][Hub] Satellites: 5
[Topology][Hub] Connections: 5
[Topology][Flow] Generating flow layout
[Topology][Flow] Nodes: 8
[Topology][Flow] Connections: 7
[Topology][Hub] Generating hub layout
[Topology][Hub] Hub: Delivery
[Topology][Hub] Satellites: 5
[Topology][Hub] Connections: 5
[Topology][Flow] Generating flow layout
[Topology][Flow] Nodes: 8
[Topology][Flow] Connections: 7
[Topology][Hub] Generating hub layout
[Topology][Hub] Hub: Delivery
[Topology][Hub] Satellites: 5
[Topology][Hub] Connections: 5
[Topology][Flow] Generating flow layout
[Topology][Flow] Nodes: 8
[Topology][Flow] Connections: 7
[Topology][Hub] Generating hub layout
[Topology][Hub] Hub: Delivery
[Topology][Hub] Satellites: 5
[Topology][Hub] Connections: 5
[Topology][Flow] Generating flow layout
[Topology][Flow] Nodes: 8
[Topology][Flow] Connections: 7
[Topology][Hub] Generating hub layout
[Topology][Hub] Hub: Delivery
[Topology][Hub] Satellites: 5
[Topology][Hub] Connections: 5
[Topology][Flow] Generating flow layout
[Topology][Flow] Nodes: 8
[Topology][Flow] Connections: 7
[Topology][Hub] Generating hub layout
[Topology][Hub] Hub: Delivery
[Topology][Hub] Satellites: 5
[Topology][Hub] Connections: 5
[Topology][Flow] Generating flow layout
[Topology][Flow] Nodes: 8
[Topology][Flow] Connections: 7
[Topology][Hub] Generating hub layout
[Topology][Hub] Hub: Delivery
[Topology][Hub] Satellites: 5
[Topology][Hub] Connections: 5
[Topology][Flow] Generating flow layout
[Topology][Flow] Nodes: 8
[Topology][Flow] Connections: 7
[Topology][Hub] Generating hub layout
[Topology][Hub] Hub: Delivery
[Topology][Hub] Satellites: 5
[Topology][Hub] Connections: 5
[Topology][Flow] Generating flow layout
[Topology][Flow] Nodes: 8
[Topology][Flow] Connections: 7
[Topology][Hub] Generating hub layout
[Topology][Hub] Hub: Delivery
[Topology][Hub] Satellites: 5
[Topology][Hub] Connections: 5
[Topology][Flow] Generating flow layout
[Topology][Flow] Nodes: 8
[Topology][Flow] Connections: 7
[Topology][Hub] Generating hub layout
[Topology][Hub] Hub: Delivery
[Topology][Hub] Satellites: 5
[Topology][Hub] Connections: 5
[Topology][Flow] Generating flow layout
[Topology][Flow] Nodes: 8
[Topology][Flow] Connections: 7
[Topology][Hub] Generating hub layout
[Topology][Hub] Hub: Delivery
[Topology][Hub] Satellites: 5
[Topology][Hub] Connections: 5
[Topology][Flow] Generating flow layout
[Topology][Flow] Nodes: 8
[Topology][Flow] Connections: 7
[Topology][Hub] Generating hub layout
[Topology][Hub] Hub: Delivery
[Topology][Hub] Satellites: 5
[Topology][Hub] Connections: 5
[Topology][Flow] Generating flow layout
[Topology][Flow] Nodes: 8
[Topology][Flow] Connections: 7
[Topology][Hub] Generating hub layout
[Topology][Hub] Hub: Delivery
[Topology][Hub] Satellites: 5
[Topology][Hub] Connections: 5
[Topology][Flow] Generating flow layout
[Topology][Flow] Nodes: 8
[Topology][Flow] Connections: 7
[Topology][Hub] Generating hub layout
[Topology][Hub] Hub: Delivery
[Topology][Hub] Satellites: 5
[Topology][Hub] Connections: 5
[Topology][Flow] Generating flow layout
[Topology][Flow] Nodes: 8
[Topology][Flow] Connections: 7
[Topology][Hub] Generating hub layout
[Topology][Hub] Hub: Delivery
[Topology][Hub] Satellites: 5
[Topology][Hub] Connections: 5
[Topology][Flow] Generating flow layout
[Topology][Flow] Nodes: 8
[Topology][Flow] Connections: 7
[Topology][Hub] Generating hub layout
[Topology][Hub] Hub: Delivery
[Topology][Hub] Satellites: 5
[Topology][Hub] Connections: 5
[Topology][Flow] Generating flow layout
[Topology][Flow] Nodes: 8
[Topology][Flow] Connections: 7
[Topology][Hub] Generating hub layout
[Topology][Hub] Hub: Delivery
[Topology][Hub] Satellites: 5
[Topology][Hub] Connections: 5
[Topology][Flow] Generating flow layout
[Topology][Flow] Nodes: 8
[Topology][Flow] Connections: 7
[Topology][Hub] Generating hub layout
[Topology][Hub] Hub: Delivery
[Topology][Hub] Satellites: 5
[Topology][Hub] Connections: 5
[Topology][Flow] Generating flow layout
[Topology][Flow] Nodes: 8
[Topology][Flow] Connections: 7
[Topology][Hub] Generating hub layout
[Topology][Hub] Hub: Delivery
[Topology][Hub] Satellites: 5
[Topology][Hub] Connections: 5
[Topology][Flow] Generating flow layout
[Topology][Flow] Nodes: 8
[Topology][Flow] Connections: 7
[Topology][Hub] Generating hub layout
[Topology][Hub] Hub: Delivery
[Topology][Hub] Satellites: 5
[Topology][Hub] Connections: 5
[Topology][Flow] Generating flow layout
[Topology][Flow] Nodes: 8
[Topology][Flow] Connections: 7
[Topology][Hub] Generating hub layout
[Topology][Hub] Hub: Delivery
[Topology][Hub] Satellites: 5
[Topology][Hub] Connections: 5
[Topology][Flow] Generating flow layout
[Topology][Flow] Nodes: 8
[Topology][Flow] Connections: 7
[Topology][Hub] Generating hub layout
[Topology][Hub] Hub: Delivery
[Topology][Hub] Satellites: 5
[Topology][Hub] Connections: 5
[Topology][Flow] Generating flow layout
[Topology][Flow] Nodes: 8
[Topology][Flow] Connections: 7
[Topology][Hub] Generating hub layout
[Topology][Hub] Hub: Delivery
[Topology][Hub] Satellites: 5
[Topology][Hub] Connections: 5
[Topology][Flow] Generating flow layout
[Topology][Flow] Nodes: 8
[Topology][Flow] Connections: 7
[Topology][Hub] Generating hub layout
[Topology][Hub] Hub: Delivery
[Topology][Hub] Satellites: 5
[Topology][Hub] Connections: 5
[Topology][Flow] Generating flow layout
[Topology][Flow] Nodes: 8
[Topology][Flow] Connections: 7
[Topology][Hub] Generating hub layout
[Topology][Hub] Hub: Delivery
[Topology][Hub] Satellites: 5
[Topology][Hub] Connections: 5
[Topology][Flow] Generating flow layout
[Topology][Flow] Nodes: 8
[Topology][Flow] Connections: 7
[Topology][Hub] Generating hub layout
[Topology][Hub] Hub: Delivery
[Topology][Hub] Satellites: 5
[Topology][Hub] Connections: 5
[Topology][Flow] Generating flow layout
[Topology][Flow] Nodes: 8
[Topology][Flow] Connections: 7
[Topology][Hub] Generating hub layout
[Topology][Hub] Hub: Delivery
[Topology][Hub] Satellites: 5
[Topology][Hub] Connections: 5
[Topology][Flow] Generating flow layout
[Topology][Flow] Nodes: 8
[Topology][Flow] Connections: 7
[Topology][Hub] Generating hub layout
[Topology][Hub] Hub: Delivery
[Topology][Hub] Satellites: 5
[Topology][Hub] Connections: 5
[Topology][Flow] Generating flow layout
[Topology][Flow] Nodes: 8
[Topology][Flow] Connections: 7
[Topology][Hub] Generating hub layout
[Topology][Hub] Hub: Delivery
[Topology][Hub] Satellites: 5
[Topology][Hub] Connections: 5
[Topology][Flow] Generating flow layout
[Topology][Flow] Nodes: 8
[Topology][Flow] Connections: 7
[Topology][Hub] Generating hub layout
[Topology][Hub] Hub: Delivery
[Topology][Hub] Satellites: 5
[Topology][Hub] Connections: 5
[Topology][Flow] Generating flow layout
[Topology][Flow] Nodes: 8
[Topology][Flow] Connections: 7
[Topology][Hub] Generating hub layout
[Topology][Hub] Hub: Delivery
[Topology][Hub] Satellites: 5
[Topology][Hub] Connections: 5
[Topology][Flow] Generating flow layout
[Topology][Flow] Nodes: 8
[Topology][Flow] Connections: 7
[Topology][Hub] Generating hub layout
[Topology][Hub] Hub: Delivery
[Topology][Hub] Satellites: 5
[Topology][Hub] Connections: 5
[Topology][Flow] Generating flow layout
[Topology][Flow] Nodes: 8
[Topology][Flow] Connections: 7
[Topology][Hub] Generating hub layout
[Topology][Hub] Hub: Delivery
[Topology][Hub] Satellites: 5
[Topology][Hub] Connections: 5
[Topology][Flow] Generating flow layout
[Topology][Flow] Nodes: 8
[Topology][Flow] Connections: 7
[Topology][Hub] Generating hub layout
[Topology][Hub] Hub: Delivery
[Topology][Hub] Satellites: 5
[Topology][Hub] Connections: 5
[Topology][Flow] Generating flow layout
[Topology][Flow] Nodes: 8
[Topology][Flow] Connections: 7
[Topology][Hub] Generating hub layout
[Topology][Hub] Hub: Delivery
[Topology][Hub] Satellites: 5
[Topology][Hub] Connections: 5
[Topology][Flow] Generating flow layout
[Topology][Flow] Nodes: 8
[Topology][Flow] Connections: 7
[Topology][Hub] Generating hub layout
[Topology][Hub] Hub: Delivery
[Topology][Hub] Satellites: 5
[Topology][Hub] Connections: 5
[Topology][Flow] Generating flow layout
[Topology][Flow] Nodes: 8
[Topology][Flow] Connections: 7
[Topology][Hub] Generating hub layout
[Topology][Hub] Hub: Delivery
[Topology][Hub] Satellites: 5
[Topology][Hub] Connections: 5
[Topology][Flow] Generating flow layout
[Topology][Flow] Nodes: 8
[Topology][Flow] Connections: 7
[Topology][Hub] Generating hub layout
[Topology][Hub] Hub: Delivery
[Topology][Hub] Satellites: 5
[Topology][Hub] Connections: 5
[Topology][Flow] Generating flow layout
[Topology][Flow] Nodes: 8
[Topology][Flow] Connections: 7
[Topology][Hub] Generating hub layout
[Topology][Hub] Hub: Delivery
[Topology][Hub] Satellites: 5
[Topology][Hub] Connections: 5
[Topology][Flow] Generating flow layout
[Topology][Flow] Nodes: 8
[Topology][Flow] Connections: 7
[Topology][Hub] Generating hub layout
[Topology][Hub] Hub: Delivery
[Topology][Hub] Satellites: 5
[Topology][Hub] Connections: 5
[Topology][Flow] Generating flow layout
[Topology][Flow] Nodes: 8
[Topology][Flow] Connections: 7
[Topology][Hub] Generating hub layout
[Topology][Hub] Hub: Delivery
[Topology][Hub] Satellites: 5
[Topology][Hub] Connections: 5
[Topology][Flow] Generating flow layout
[Topology][Flow] Nodes: 8
[Topology][Flow] Connections: 7
[Topology][Hub] Generating hub layout
[Topology][Hub] Hub: Delivery
[Topology][Hub] Satellites: 5
[Topology][Hub] Connections: 5
[Topology][Flow] Generating flow layout
[Topology][Flow] Nodes: 8
[Topology][Flow] Connections: 7
[Topology][Hub] Generating hub layout
[Topology][Hub] Hub: Delivery
[Topology][Hub] Satellites: 5
[Topology][Hub] Connections: 5
[Topology][Flow] Generating flow layout
[Topology][Flow] Nodes: 8
[Topology][Flow] Connections: 7
[Topology][Hub] Generating hub layout
[Topology][Hub] Hub: Delivery
[Topology][Hub] Satellites: 5
[Topology][Hub] Connections: 5
[Topology][Flow] Generating flow layout
[Topology][Flow] Nodes: 8
[Topology][Flow] Connections: 7
[Topology][Hub] Generating hub layout
[Topology][Hub] Hub: Delivery
[Topology][Hub] Satellites: 5
[Topology][Hub] Connections: 5
[Topology][Flow] Generating flow layout
[Topology][Flow] Nodes: 8
[Topology][Flow] Connections: 7
[Topology][Hub] Generating hub layout
[Topology][Hub] Hub: Delivery
[Topology][Hub] Satellites: 5
[Topology][Hub] Connections: 5
[Topology][Flow] Generating flow layout
[Topology][Flow] Nodes: 8
[Topology][Flow] Connections: 7
[Topology][Hub] Generating hub layout
[Topology][Hub] Hub: Delivery
[Topology][Hub] Satellites: 5
[Topology][Hub] Connections: 5
[Topology][Flow] Generating flow layout
[Topology][Flow] Nodes: 8
[Topology][Flow] Connections: 7
[Topology][Hub] Generating hub layout
[Topology][Hub] Hub: Delivery
[Topology][Hub] Satellites: 5
[Topology][Hub] Connections: 5
[Topology][Flow] Generating flow layout
[Topology][Flow] Nodes: 8
[Topology][Flow] Connections: 7
[Topology][Hub] Generating hub layout
[Topology][Hub] Hub: Delivery
[Topology][Hub] Satellites: 5
[Topology][Hub] Connections: 5
[Topology][Flow] Generating flow layout
[Topology][Flow] Nodes: 8
[Topology][Flow] Connections: 7
[Topology][Hub] Generating hub layout
[Topology][Hub] Hub: Delivery
[Topology][Hub] Satellites: 5
[Topology][Hub] Connections: 5
[Topology][Flow] Generating flow layout
[Topology][Flow] Nodes: 8
[Topology][Flow] Connections: 7
[Topology][Hub] Generating hub layout
[Topology][Hub] Hub: Delivery
[Topology][Hub] Satellites: 5
[Topology][Hub] Connections: 5
[Topology][Flow] Generating flow layout
[Topology][Flow] Nodes: 8
[Topology][Flow] Connections: 7
[Topology][Hub] Generating hub layout
[Topology][Hub] Hub: Delivery
[Topology][Hub] Satellites: 5
[Topology][Hub] Connections: 5
[Topology][Flow] Generating flow layout
[Topology][Flow] Nodes: 8
[Topology][Flow] Connections: 7
[Topology][Hub] Generating hub layout
[Topology][Hub] Hub: Delivery
[Topology][Hub] Satellites: 5
[Topology][Hub] Connections: 5
[Topology][Flow] Generating flow layout
[Topology][Flow] Nodes: 8
[Topology][Flow] Connections: 7
[Topology][Hub] Generating hub layout
[Topology][Hub] Hub: Delivery
[Topology][Hub] Satellites: 5
[Topology][Hub] Connections: 5
[Topology][Flow] Generating flow layout
[Topology][Flow] Nodes: 8
[Topology][Flow] Connections: 7
[Topology][Hub] Generating hub layout
[Topology][Hub] Hub: Delivery
[Topology][Hub] Satellites: 5
[Topology][Hub] Connections: 5
[Topology][Flow] Generating flow layout
[Topology][Flow] Nodes: 8
[Topology][Flow] Connections: 7
[Topology][Hub] Generating hub layout
[Topology][Hub] Hub: Delivery
[Topology][Hub] Satellites: 5
[Topology][Hub] Connections: 5
[Topology][Flow] Generating flow layout
[Topology][Flow] Nodes: 8
[Topology][Flow] Connections: 7
[Topology][Hub] Generating hub layout
[Topology][Hub] Hub: Delivery
[Topology][Hub] Satellites: 5
[Topology][Hub] Connections: 5
[Topology][Flow] Generating flow layout
[Topology][Flow] Nodes: 8
[Topology][Flow] Connections: 7
[Topology][Hub] Generating hub layout
[Topology][Hub] Hub: Delivery
[Topology][Hub] Satellites: 5
[Topology][Hub] Connections: 5
[Topology][Flow] Generating flow layout
[Topology][Flow] Nodes: 8
[Topology][Flow] Connections: 7
[Topology][Hub] Generating hub layout
[Topology][Hub] Hub: Delivery
[Topology][Hub] Satellites: 5
[Topology][Hub] Connections: 5
[Topology][Flow] Generating flow layout
[Topology][Flow] Nodes: 8
[Topology][Flow] Connections: 7
[Topology][Hub] Generating hub layout
[Topology][Hub] Hub: Delivery
[Topology][Hub] Satellites: 5
[Topology][Hub] Connections: 5
[Topology][Flow] Generating flow layout
[Topology][Flow] Nodes: 8
[Topology][Flow] Connections: 7
[Topology][Hub] Generating hub layout
[Topology][Hub] Hub: Delivery
[Topology][Hub] Satellites: 5
[Topology][Hub] Connections: 5
[Topology][Flow] Generating flow layout
[Topology][Flow] Nodes: 8
[Topology][Flow] Connections: 7
[Topology][Hub] Generating hub layout
[Topology][Hub] Hub: Delivery
[Topology][Hub] Satellites: 5
[Topology][Hub] Connections: 5
[Topology][Flow] Generating flow layout
[Topology][Flow] Nodes: 8
[Topology][Flow] Connections: 7
[Topology][Hub] Generating hub layout
[Topology][Hub] Hub: Delivery
[Topology][Hub] Satellites: 5
[Topology][Hub] Connections: 5
[Topology][Flow] Generating flow layout
[Topology][Flow] Nodes: 8
[Topology][Flow] Connections: 7
[Topology][Hub] Generating hub layout
[Topology][Hub] Hub: Delivery
[Topology][Hub] Satellites: 5
[Topology][Hub] Connections: 5
[Topology][Flow] Generating flow layout
[Topology][Flow] Nodes: 8
[Topology][Flow] Connections: 7
[Topology][Hub] Generating hub layout
[Topology][Hub] Hub: Delivery
[Topology][Hub] Satellites: 5
[Topology][Hub] Connections: 5
[Topology][Flow] Generating flow layout
[Topology][Flow] Nodes: 8
[Topology][Flow] Connections: 7
[Topology][Hub] Generating hub layout
[Topology][Hub] Hub: Delivery
[Topology][Hub] Satellites: 5
[Topology][Hub] Connections: 5
[Topology][Flow] Generating flow layout
[Topology][Flow] Nodes: 8
[Topology][Flow] Connections: 7
[Topology][Hub] Generating hub layout
[Topology][Hub] Hub: Delivery
[Topology][Hub] Satellites: 5
[Topology][Hub] Connections: 5
[Topology][Flow] Generating flow layout
[Topology][Flow] Nodes: 8
[Topology][Flow] Connections: 7
[Topology][Hub] Generating hub layout
[Topology][Hub] Hub: Delivery
[Topology][Hub] Satellites: 5
[Topology][Hub] Connections: 5
[Topology][Flow] Generating flow layout
[Topology][Flow] Nodes: 8
[Topology][Flow] Connections: 7
[Topology][Hub] Generating hub layout
[Topology][Hub] Hub: Delivery
[Topology][Hub] Satellites: 5
[Topology][Hub] Connections: 5
[Topology][Flow] Generating flow layout
[Topology][Flow] Nodes: 8
[Topology][Flow] Connections: 7
[Topology][Hub] Generating hub layout
[Topology][Hub] Hub: Delivery
[Topology][Hub] Satellites: 5
[Topology][Hub] Connections: 5
[Topology][Flow] Generating flow layout
[Topology][Flow] Nodes: 8
[Topology][Flow] Connections: 7
[Topology][Hub] Generating hub layout
[Topology][Hub] Hub: Delivery
[Topology][Hub] Satellites: 5
[Topology][Hub] Connections: 5
[Topology][Flow] Generating flow layout
[Topology][Flow] Nodes: 8
[Topology][Flow] Connections: 7
[Topology][Hub] Generating hub layout
[Topology][Hub] Hub: Delivery
[Topology][Hub] Satellites: 5
[Topology][Hub] Connections: 5
[Topology][Flow] Generating flow layout
[Topology][Flow] Nodes: 8
[Topology][Flow] Connections: 7
[Topology][Hub] Generating hub layout
[Topology][Hub] Hub: Delivery
[Topology][Hub] Satellites: 5
[Topology][Hub] Connections: 5
[Topology][Flow] Generating flow layout
[Topology][Flow] Nodes: 8
[Topology][Flow] Connections: 7
[Topology][Hub] Generating hub layout
[Topology][Hub] Hub: Delivery
[Topology][Hub] Satellites: 5
[Topology][Hub] Connections: 5
[Topology][Flow] Generating flow layout
[Topology][Flow] Nodes: 8
[Topology][Flow] Connections: 7
[Topology][Hub] Generating hub layout
[Topology][Hub] Hub: Delivery
[Topology][Hub] Satellites: 5
[Topology][Hub] Connections: 5
[Topology][Flow] Generating flow layout
[Topology][Flow] Nodes: 8
[Topology][Flow] Connections: 7
[Topology][Hub] Generating hub layout
[Topology][Hub] Hub: Delivery
[Topology][Hub] Satellites: 5
[Topology][Hub] Connections: 5
[Topology][Flow] Generating flow layout
[Topology][Flow] Nodes: 8
[Topology][Flow] Connections: 7
[Topology][Hub] Generating hub layout
[Topology][Hub] Hub: Delivery
[Topology][Hub] Satellites: 5
[Topology][Hub] Connections: 5
[Topology][Flow] Generating flow layout
[Topology][Flow] Nodes: 8
[Topology][Flow] Connections: 7
[Topology][Hub] Generating hub layout
[Topology][Hub] Hub: Delivery
[Topology][Hub] Satellites: 5
[Topology][Hub] Connections: 5
[Topology][Flow] Generating flow layout
[Topology][Flow] Nodes: 8
[Topology][Flow] Connections: 7
[Topology][Hub] Generating hub layout
[Topology][Hub] Hub: Delivery
[Topology][Hub] Satellites: 5
[Topology][Hub] Connections: 5
[Topology][Flow] Generating flow layout
[Topology][Flow] Nodes: 8
[Topology][Flow] Connections: 7
[Topology][Hub] Generating hub layout
[Topology][Hub] Hub: Delivery
[Topology][Hub] Satellites: 5
[Topology][Hub] Connections: 5
[Topology][Flow] Generating flow layout
[Topology][Flow] Nodes: 8
[Topology][Flow] Connections: 7
[Topology][Hub] Generating hub layout
[Topology][Hub] Hub: Delivery
[Topology][Hub] Satellites: 5
[Topology][Hub] Connections: 5
[Topology][Flow] Generating flow layout
[Topology][Flow] Nodes: 8
[Topology][Flow] Connections: 7
[Topology][Hub] Generating hub layout
[Topology][Hub] Hub: Delivery
[Topology][Hub] Satellites: 5
[Topology][Hub] Connections: 5
[Topology][Flow] Generating flow layout
[Topology][Flow] Nodes: 8
[Topology][Flow] Connections: 7
[Topology][Hub] Generating hub layout
[Topology][Hub] Hub: Delivery
[Topology][Hub] Satellites: 5
[Topology][Hub] Connections: 5
[Topology][Flow] Generating flow layout
[Topology][Flow] Nodes: 8
[Topology][Flow] Connections: 7
[Topology][Hub] Generating hub layout
[Topology][Hub] Hub: Delivery
[Topology][Hub] Satellites: 5
[Topology][Hub] Connections: 5
[Topology][Flow] Generating flow layout
[Topology][Flow] Nodes: 8
[Topology][Flow] Connections: 7
[Topology][Hub] Generating hub layout
[Topology][Hub] Hub: Delivery
[Topology][Hub] Satellites: 5
[Topology][Hub] Connections: 5
[Topology][Flow] Generating flow layout
[Topology][Flow] Nodes: 8
[Topology][Flow] Connections: 7
[Topology][Hub] Generating hub layout
[Topology][Hub] Hub: Delivery
[Topology][Hub] Satellites: 5
[Topology][Hub] Connections: 5
[Topology][Flow] Generating flow layout
[Topology][Flow] Nodes: 8
[Topology][Flow] Connections: 7
[Topology][Hub] Generating hub layout
[Topology][Hub] Hub: Delivery
[Topology][Hub] Satellites: 5
[Topology][Hub] Connections: 5
[Topology][Flow] Generating flow layout
[Topology][Flow] Nodes: 8
[Topology][Flow] Connections: 7
[Topology][Hub] Generating hub layout
[Topology][Hub] Hub: Delivery
[Topology][Hub] Satellites: 5
[Topology][Hub] Connections: 5
[Topology][Flow] Generating flow layout
[Topology][Flow] Nodes: 8
[Topology][Flow] Connections: 7
[Topology][Hub] Generating hub layout
[Topology][Hub] Hub: Delivery
[Topology][Hub] Satellites: 5
[Topology][Hub] Connections: 5
[Topology][Flow] Generating flow layout
[Topology][Flow] Nodes: 8
[Topology][Flow] Connections: 7
[Topology][Hub] Generating hub layout
[Topology][Hub] Hub: Delivery
[Topology][Hub] Satellites: 5
[Topology][Hub] Connections: 5
[Topology][Flow] Generating flow layout
[Topology][Flow] Nodes: 8
[Topology][Flow] Connections: 7
[Topology][Hub] Generating hub layout
[Topology][Hub] Hub: Delivery
[Topology][Hub] Satellites: 5
[Topology][Hub] Connections: 5
[Topology][Flow] Generating flow layout
[Topology][Flow] Nodes: 8
[Topology][Flow] Connections: 7
[Topology][Hub] Generating hub layout
[Topology][Hub] Hub: Delivery
[Topology][Hub] Satellites: 5
[Topology][Hub] Connections: 5
[Topology][Flow] Generating flow layout
[Topology][Flow] Nodes: 8
[Topology][Flow] Connections: 7
[Topology][Hub] Generating hub layout
[Topology][Hub] Hub: Delivery
[Topology][Hub] Satellites: 5
[Topology][Hub] Connections: 5
[Topology][Flow] Generating flow layout
[Topology][Flow] Nodes: 8
[Topology][Flow] Connections: 7
[Topology][Hub] Generating hub layout
[Topology][Hub] Hub: Delivery
[Topology][Hub] Satellites: 5
[Topology][Hub] Connections: 5
[Topology][Flow] Generating flow layout
[Topology][Flow] Nodes: 8
[Topology][Flow] Connections: 7
[Topology][Hub] Generating hub layout
[Topology][Hub] Hub: Delivery
[Topology][Hub] Satellites: 5
[Topology][Hub] Connections: 5
[Topology][Flow] Generating flow layout
[Topology][Flow] Nodes: 8
[Topology][Flow] Connections: 7
[Topology][Hub] Generating hub layout
[Topology][Hub] Hub: Delivery
[Topology][Hub] Satellites: 5
[Topology][Hub] Connections: 5
[Topology][Flow] Generating flow layout
[Topology][Flow] Nodes: 8
[Topology][Flow] Connections: 7
[Topology][Hub] Generating hub layout
[Topology][Hub] Hub: Delivery
[Topology][Hub] Satellites: 5
[Topology][Hub] Connections: 5
[Topology][Flow] Generating flow layout
[Topology][Flow] Nodes: 8
[Topology][Flow] Connections: 7
[Topology][Hub] Generating hub layout
[Topology][Hub] Hub: Delivery
[Topology][Hub] Satellites: 5
[Topology][Hub] Connections: 5
[Topology][Flow] Generating flow layout
[Topology][Flow] Nodes: 8
[Topology][Flow] Connections: 7
[Topology][Hub] Generating hub layout
[Topology][Hub] Hub: Delivery
[Topology][Hub] Satellites: 5
[Topology][Hub] Connections: 5
[Topology][Flow] Generating flow layout
[Topology][Flow] Nodes: 8
[Topology][Flow] Connections: 7
[Topology][Hub] Generating hub layout
[Topology][Hub] Hub: Delivery
[Topology][Hub] Satellites: 5
[Topology][Hub] Connections: 5
[Topology][Flow] Generating flow layout
[Topology][Flow] Nodes: 8
[Topology][Flow] Connections: 7
[Topology][Hub] Generating hub layout
[Topology][Hub] Hub: Delivery
[Topology][Hub] Satellites: 5
[Topology][Hub] Connections: 5
[Topology][Flow] Generating flow layout
[Topology][Flow] Nodes: 8
[Topology][Flow] Connections: 7
[Topology][Hub] Generating hub layout
[Topology][Hub] Hub: Delivery
[Topology][Hub] Satellites: 5
[Topology][Hub] Connections: 5
[Topology][Flow] Generating flow layout
[Topology][Flow] Nodes: 8
[Topology][Flow] Connections: 7
[Topology][Hub] Generating hub layout
[Topology][Hub] Hub: Delivery
[Topology][Hub] Satellites: 5
[Topology][Hub] Connections: 5
[Topology][Flow] Generating flow layout
[Topology][Flow] Nodes: 8
[Topology][Flow] Connections: 7
[Topology][Hub] Generating hub layout
[Topology][Hub] Hub: Delivery
[Topology][Hub] Satellites: 5
[Topology][Hub] Connections: 5
[Topology][Flow] Generating flow layout
[Topology][Flow] Nodes: 8
[Topology][Flow] Connections: 7
[Topology][Hub] Generating hub layout
[Topology][Hub] Hub: Delivery
[Topology][Hub] Satellites: 5
[Topology][Hub] Connections: 5
[Topology][Flow] Generating flow layout
[Topology][Flow] Nodes: 8
[Topology][Flow] Connections: 7
[Topology][Hub] Generating hub layout
[Topology][Hub] Hub: Delivery
[Topology][Hub] Satellites: 5
[Topology][Hub] Connections: 5
[Topology][Flow] Generating flow layout
[Topology][Flow] Nodes: 8
[Topology][Flow] Connections: 7
[Topology][Hub] Generating hub layout
[Topology][Hub] Hub: Delivery
[Topology][Hub] Satellites: 5
[Topology][Hub] Connections: 5
[Topology][Flow] Generating flow layout
[Topology][Flow] Nodes: 8
[Topology][Flow] Connections: 7
[Topology][Hub] Generating hub layout
[Topology][Hub] Hub: Delivery
[Topology][Hub] Satellites: 5
[Topology][Hub] Connections: 5
[Topology][Flow] Generating flow layout
[Topology][Flow] Nodes: 8
[Topology][Flow] Connections: 7
[Topology][Hub] Generating hub layout
[Topology][Hub] Hub: Delivery
[Topology][Hub] Satellites: 5
[Topology][Hub] Connections: 5
[Topology][Flow] Generating flow layout
[Topology][Flow] Nodes: 8
[Topology][Flow] Connections: 7
[Topology][Hub] Generating hub layout
[Topology][Hub] Hub: Delivery
[Topology][Hub] Satellites: 5
[Topology][Hub] Connections: 5
[Topology][Flow] Generating flow layout
[Topology][Flow] Nodes: 8
[Topology][Flow] Connections: 7
[Topology][Hub] Generating hub layout
[Topology][Hub] Hub: Delivery
[Topology][Hub] Satellites: 5
[Topology][Hub] Connections: 5
[Topology][Flow] Generating flow layout
[Topology][Flow] Nodes: 8
[Topology][Flow] Connections: 7
[Topology][Hub] Generating hub layout
[Topology][Hub] Hub: Delivery
[Topology][Hub] Satellites: 5
[Topology][Hub] Connections: 5
[Topology][Flow] Generating flow layout
[Topology][Flow] Nodes: 8
[Topology][Flow] Connections: 7
[Topology][Hub] Generating hub layout
[Topology][Hub] Hub: Delivery
[Topology][Hub] Satellites: 5
[Topology][Hub] Connections: 5
[Topology][Flow] Generating flow layout
[Topology][Flow] Nodes: 8
[Topology][Flow] Connections: 7
[Topology][Hub] Generating hub layout
[Topology][Hub] Hub: Delivery
[Topology][Hub] Satellites: 5
[Topology][Hub] Connections: 5
[Topology][Flow] Generating flow layout
[Topology][Flow] Nodes: 8
[Topology][Flow] Connections: 7
[Topology][Hub] Generating hub layout
[Topology][Hub] Hub: Delivery
[Topology][Hub] Satellites: 5
[Topology][Hub] Connections: 5
[Topology][Flow] Generating flow layout
[Topology][Flow] Nodes: 8
[Topology][Flow] Connections: 7
[Topology][Hub] Generating hub layout
[Topology][Hub] Hub: Delivery
[Topology][Hub] Satellites: 5
[Topology][Hub] Connections: 5
[Topology][Flow] Generating flow layout
[Topology][Flow] Nodes: 8
[Topology][Flow] Connections: 7
[Topology][Hub] Generating hub layout
[Topology][Hub] Hub: Delivery
[Topology][Hub] Satellites: 5
[Topology][Hub] Connections: 5
[Topology][Flow] Generating flow layout
[Topology][Flow] Nodes: 8
[Topology][Flow] Connections: 7
[Topology][Hub] Generating hub layout
[Topology][Hub] Hub: Delivery
[Topology][Hub] Satellites: 5
[Topology][Hub] Connections: 5
[Topology][Flow] Generating flow layout
[Topology][Flow] Nodes: 8
[Topology][Flow] Connections: 7
[Topology][Hub] Generating hub layout
[Topology][Hub] Hub: Delivery
[Topology][Hub] Satellites: 5
[Topology][Hub] Connections: 5
[Topology][Flow] Generating flow layout
[Topology][Flow] Nodes: 8
[Topology][Flow] Connections: 7
[Topology][Hub] Generating hub layout
[Topology][Hub] Hub: Delivery
[Topology][Hub] Satellites: 5
[Topology][Hub] Connections: 5
[Topology][Flow] Generating flow layout
[Topology][Flow] Nodes: 8
[Topology][Flow] Connections: 7
[Topology][Hub] Generating hub layout
[Topology][Hub] Hub: Delivery
[Topology][Hub] Satellites: 5
[Topology][Hub] Connections: 5
[Topology][Flow] Generating flow layout
[Topology][Flow] Nodes: 8
[Topology][Flow] Connections: 7
[Topology][Hub] Generating hub layout
[Topology][Hub] Hub: Delivery
[Topology][Hub] Satellites: 5
[Topology][Hub] Connections: 5
[Topology][Flow] Generating flow layout
[Topology][Flow] Nodes: 8
[Topology][Flow] Connections: 7
[Topology][Hub] Generating hub layout
[Topology][Hub] Hub: Delivery
[Topology][Hub] Satellites: 5
[Topology][Hub] Connections: 5
[Topology][Flow] Generating flow layout
[Topology][Flow] Nodes: 8
[Topology][Flow] Connections: 7
[Topology][Hub] Generating hub layout
[Topology][Hub] Hub: Delivery
[Topology][Hub] Satellites: 5
[Topology][Hub] Connections: 5
[Topology][Flow] Generating flow layout
[Topology][Flow] Nodes: 8
[Topology][Flow] Connections: 7
[Topology][Hub] Generating hub layout
[Topology][Hub] Hub: Delivery
[Topology][Hub] Satellites: 5
[Topology][Hub] Connections: 5
[Topology][Flow] Generating flow layout
[Topology][Flow] Nodes: 8
[Topology][Flow] Connections: 7
[Topology][Hub] Generating hub layout
[Topology][Hub] Hub: Delivery
[Topology][Hub] Satellites: 5
[Topology][Hub] Connections: 5
[Topology][Flow] Generating flow layout
[Topology][Flow] Nodes: 8
[Topology][Flow] Connections: 7
[Topology][Hub] Generating hub layout
[Topology][Hub] Hub: Delivery
[Topology][Hub] Satellites: 5
[Topology][Hub] Connections: 5
[Topology][Flow] Generating flow layout
[Topology][Flow] Nodes: 8
[Topology][Flow] Connections: 7
[Topology][Hub] Generating hub layout
[Topology][Hub] Hub: Delivery
[Topology][Hub] Satellites: 5
[Topology][Hub] Connections: 5
[Topology][Flow] Generating flow layout
[Topology][Flow] Nodes: 8
[Topology][Flow] Connections: 7
[Topology][Hub] Generating hub layout
[Topology][Hub] Hub: Delivery
[Topology][Hub] Satellites: 5
[Topology][Hub] Connections: 5
[Topology][Flow] Generating flow layout
[Topology][Flow] Nodes: 8
[Topology][Flow] Connections: 7
[Topology][Hub] Generating hub layout
[Topology][Hub] Hub: Delivery
[Topology][Hub] Satellites: 5
[Topology][Hub] Connections: 5
[Topology][Flow] Generating flow layout
[Topology][Flow] Nodes: 8
[Topology][Flow] Connections: 7
[Topology][Hub] Generating hub layout
[Topology][Hub] Hub: Delivery
[Topology][Hub] Satellites: 5
[Topology][Hub] Connections: 5
[Topology][Flow] Generating flow layout
[Topology][Flow] Nodes: 8
[Topology][Flow] Connections: 7
[Topology][Hub] Generating hub layout
[Topology][Hub] Hub: Delivery
[Topology][Hub] Satellites: 5
[Topology][Hub] Connections: 5
[Topology][Flow] Generating flow layout
[Topology][Flow] Nodes: 8
[Topology][Flow] Connections: 7
[Topology][Hub] Generating hub layout
[Topology][Hub] Hub: Delivery
[Topology][Hub] Satellites: 5
[Topology][Hub] Connections: 5
[Topology][Flow] Generating flow layout
[Topology][Flow] Nodes: 8
[Topology][Flow] Connections: 7
[Topology][Hub] Generating hub layout
[Topology][Hub] Hub: Delivery
[Topology][Hub] Satellites: 5
[Topology][Hub] Connections: 5
[Topology][Flow] Generating flow layout
[Topology][Flow] Nodes: 8
[Topology][Flow] Connections: 7
[Topology][Hub] Generating hub layout
[Topology][Hub] Hub: Delivery
[Topology][Hub] Satellites: 5
[Topology][Hub] Connections: 5
[Topology][Flow] Generating flow layout
[Topology][Flow] Nodes: 8
[Topology][Flow] Connections: 7
[Topology][Hub] Generating hub layout
[Topology][Hub] Hub: Delivery
[Topology][Hub] Satellites: 5
[Topology][Hub] Connections: 5
[Topology][Flow] Generating flow layout
[Topology][Flow] Nodes: 8
[Topology][Flow] Connections: 7
[Topology][Hub] Generating hub layout
[Topology][Hub] Hub: Delivery
[Topology][Hub] Satellites: 5
[Topology][Hub] Connections: 5
[Topology][Flow] Generating flow layout
[Topology][Flow] Nodes: 8
[Topology][Flow] Connections: 7
[Topology][Hub] Generating hub layout
[Topology][Hub] Hub: Delivery
[Topology][Hub] Satellites: 5
[Topology][Hub] Connections: 5
[Topology][Flow] Generating flow layout
[Topology][Flow] Nodes: 8
[Topology][Flow] Connections: 7
[Topology][Hub] Generating hub layout
[Topology][Hub] Hub: Capacity
[Topology][Hub] Satellites: 5
[Topology][Hub] Connections: 5
[Topology][Flow] Generating flow layout
[Topology][Flow] Nodes: 8
[Topology][Flow] Connections: 7
[Topology][Hub] Generating hub layout
[Topology][Hub] Hub: Capacity
[Topology][Hub] Satellites: 5
[Topology][Hub] Connections: 5
[Topology][Flow] Generating flow layout
[Topology][Flow] Nodes: 8
[Topology][Flow] Connections: 7
[Topology][Hub] Generating hub layout
[Topology][Hub] Hub: Delivery
[Topology][Hub] Satellites: 5
[Topology][Hub] Connections: 5
[Topology][Flow] Generating flow layout
[Topology][Flow] Nodes: 8
[Topology][Flow] Connections: 7
[Topology][Hub] Generating hub layout
[Topology][Hub] Hub: Delivery
[Topology][Hub] Satellites: 5
[Topology][Hub] Connections: 5
[Topology][Flow] Generating flow layout
[Topology][Flow] Nodes: 8
[Topology][Flow] Connections: 7
[Topology][Hub] Generating hub layout
[Topology][Hub] Hub: Delivery
[Topology][Hub] Satellites: 5
[Topology][Hub] Connections: 5
[Topology][Flow] Generating flow layout
[Topology][Flow] Nodes: 8
[Topology][Flow] Connections: 7
[Topology][Hub] Generating hub layout
[Topology][Hub] Hub: Delivery
[Topology][Hub] Satellites: 5
[Topology][Hub] Connections: 5
▶ NEX-MVP-FINAL:6.5 Guidance & Self-Knowledge
  ✔ has FINAL:6.5 identity and does not create competing engines (1.1365ms)
  ✔ meets corpus size (0.248417ms)
  ✔ projects capabilities from existing authorities (338.969167ms)
  ✔ classifies unseen capability language without phrase tables for each sentence (22.469625ms)
  ✔ does not hijack object knowledge into help (239.174292ms)
  ✔ answers product fiction without fabricating integrations (21.730292ms)
  ✔ explains missing scenario comparison prerequisites (32.457833ms)
  ✔ does not start execution from Start without an approved decision (33.956042ms)
  ✔ changes what-can-you-do with context (86.302708ms)
  ✔ handles synthetic registered subjects through the projection (14.855333ms)
  ✔ runs the guidance corpus without architecture leaks or unsafe commitments (3752.832041ms)
  ✔ keeps proactive guidance rare on narrow requests (48.866584ms)
  ✔ can suggest a next step on open now-what (22.959375ms)
  ✔ proactive yes cases stay non-wizard (19.693333ms)
✔ NEX-MVP-FINAL:6.5 Guidance & Self-Knowledge (4638.2415ms)
[Topology][Flow] Generating flow layout
[Topology][Flow] Nodes: 8
[Topology][Flow] Connections: 7
[Topology][Flow] Generating flow layout
[Topology][Flow] Nodes: 2
[Topology][Flow] Connections: 1
[Topology][Flow] Generating flow layout
[Topology][Flow] Nodes: 8
[Topology][Flow] Connections: 7
[Topology][Flow] Generating flow layout
[Topology][Flow] Nodes: 2
[Topology][Flow] Connections: 1
[Topology][Flow] Generating flow layout
[Topology][Flow] Nodes: 8
[Topology][Flow] Connections: 7
[Topology][Flow] Generating flow layout
[Topology][Flow] Nodes: 2
[Topology][Flow] Connections: 1
[Topology][Flow] Generating flow layout
[Topology][Flow] Nodes: 8
[Topology][Flow] Connections: 7
[Topology][Flow] Generating flow layout
[Topology][Flow] Nodes: 2
[Topology][Flow] Connections: 1
[Topology][Flow] Generating flow layout
[Topology][Flow] Nodes: 8
[Topology][Flow] Connections: 7
[Topology][Flow] Generating flow layout
[Topology][Flow] Nodes: 2
[Topology][Flow] Connections: 1
[Topology][Flow] Generating flow layout
[Topology][Flow] Nodes: 8
[Topology][Flow] Connections: 7
[Topology][Flow] Generating flow layout
[Topology][Flow] Nodes: 2
[Topology][Flow] Connections: 1
[Topology][Flow] Generating flow layout
[Topology][Flow] Nodes: 8
[Topology][Flow] Connections: 7
[Topology][Flow] Generating flow layout
[Topology][Flow] Nodes: 2
[Topology][Flow] Connections: 1
[Topology][Flow] Generating flow layout
[Topology][Flow] Nodes: 8
[Topology][Flow] Connections: 7
[Topology][Flow] Generating flow layout
[Topology][Flow] Nodes: 2
[Topology][Flow] Connections: 1
[Topology][Flow] Generating flow layout
[Topology][Flow] Nodes: 8
[Topology][Flow] Connections: 7
[Topology][Flow] Generating flow layout
[Topology][Flow] Nodes: 2
[Topology][Flow] Connections: 1
[Topology][Flow] Generating flow layout
[Topology][Flow] Nodes: 8
[Topology][Flow] Connections: 7
[Topology][Flow] Generating flow layout
[Topology][Flow] Nodes: 2
[Topology][Flow] Connections: 1
[Topology][Flow] Generating flow layout
[Topology][Flow] Nodes: 8
[Topology][Flow] Connections: 7
[Topology][Flow] Generating flow layout
[Topology][Flow] Nodes: 2
[Topology][Flow] Connections: 1
[Topology][Flow] Generating flow layout
[Topology][Flow] Nodes: 8
[Topology][Flow] Connections: 7
[Topology][Flow] Generating flow layout
[Topology][Flow] Nodes: 2
[Topology][Flow] Connections: 1
[Topology][Flow] Generating flow layout
[Topology][Flow] Nodes: 8
[Topology][Flow] Connections: 7
[Topology][Flow] Generating flow layout
[Topology][Flow] Nodes: 2
[Topology][Flow] Connections: 1
[Topology][Flow] Generating flow layout
[Topology][Flow] Nodes: 8
[Topology][Flow] Connections: 7
[Topology][Flow] Generating flow layout
[Topology][Flow] Nodes: 2
[Topology][Flow] Connections: 1
[Topology][Flow] Generating flow layout
[Topology][Flow] Nodes: 8
[Topology][Flow] Connections: 7
[Topology][Flow] Generating flow layout
[Topology][Flow] Nodes: 2
[Topology][Flow] Connections: 1
[Topology][Flow] Generating flow layout
[Topology][Flow] Nodes: 8
[Topology][Flow] Connections: 7
[Topology][Flow] Generating flow layout
[Topology][Flow] Nodes: 2
[Topology][Flow] Connections: 1
[Topology][Flow] Generating flow layout
[Topology][Flow] Nodes: 8
[Topology][Flow] Connections: 7
[Topology][Flow] Generating flow layout
[Topology][Flow] Nodes: 2
[Topology][Flow] Connections: 1
[Topology][Flow] Generating flow layout
[Topology][Flow] Nodes: 8
[Topology][Flow] Connections: 7
[Topology][Flow] Generating flow layout
[Topology][Flow] Nodes: 2
[Topology][Flow] Connections: 1
[Topology][Flow] Generating flow layout
[Topology][Flow] Nodes: 8
[Topology][Flow] Connections: 7
[Topology][Flow] Generating flow layout
[Topology][Flow] Nodes: 2
[Topology][Flow] Connections: 1
[Topology][Flow] Generating flow layout
[Topology][Flow] Nodes: 8
[Topology][Flow] Connections: 7
[Topology][Flow] Generating flow layout
[Topology][Flow] Nodes: 2
[Topology][Flow] Connections: 1
[Topology][Flow] Generating flow layout
[Topology][Flow] Nodes: 8
[Topology][Flow] Connections: 7
[Topology][Flow] Generating flow layout
[Topology][Flow] Nodes: 2
[Topology][Flow] Connections: 1
[Topology][Flow] Generating flow layout
[Topology][Flow] Nodes: 8
[Topology][Flow] Connections: 7
[Topology][Flow] Generating flow layout
[Topology][Flow] Nodes: 2
[Topology][Flow] Connections: 1
[Topology][Flow] Generating flow layout
[Topology][Flow] Nodes: 8
[Topology][Flow] Connections: 7
[Topology][Flow] Generating flow layout
[Topology][Flow] Nodes: 2
[Topology][Flow] Connections: 1
[Topology][Flow] Generating flow layout
[Topology][Flow] Nodes: 8
[Topology][Flow] Connections: 7
[Topology][Hub] Generating hub layout
[Topology][Hub] Hub: Delivery
[Topology][Hub] Satellites: 5
[Topology][Hub] Connections: 5
[Topology][Flow] Generating flow layout
[Topology][Flow] Nodes: 8
[Topology][Flow] Connections: 7
[Topology][Hub] Generating hub layout
[Topology][Hub] Hub: Delivery
[Topology][Hub] Satellites: 5
[Topology][Hub] Connections: 5
[Topology][Flow] Generating flow layout
[Topology][Flow] Nodes: 8
[Topology][Flow] Connections: 7
[Topology][Hub] Generating hub layout
[Topology][Hub] Hub: Delivery
[Topology][Hub] Satellites: 5
[Topology][Hub] Connections: 5
[Topology][Flow] Generating flow layout
[Topology][Flow] Nodes: 8
[Topology][Flow] Connections: 7
[Topology][Hub] Generating hub layout
[Topology][Hub] Hub: Delivery
[Topology][Hub] Satellites: 5
[Topology][Hub] Connections: 5
[Topology][Flow] Generating flow layout
[Topology][Flow] Nodes: 8
[Topology][Flow] Connections: 7
[Topology][Hub] Generating hub layout
[Topology][Hub] Hub: Delivery
[Topology][Hub] Satellites: 5
[Topology][Hub] Connections: 5
[Topology][Flow] Generating flow layout
[Topology][Flow] Nodes: 8
[Topology][Flow] Connections: 7
[Topology][Hub] Generating hub layout
[Topology][Hub] Hub: Delivery
[Topology][Hub] Satellites: 5
[Topology][Hub] Connections: 5
[Topology][Flow] Generating flow layout
[Topology][Flow] Nodes: 8
[Topology][Flow] Connections: 7
[Topology][Hub] Generating hub layout
[Topology][Hub] Hub: Delivery
[Topology][Hub] Satellites: 5
[Topology][Hub] Connections: 5
[Topology][Flow] Generating flow layout
[Topology][Flow] Nodes: 8
[Topology][Flow] Connections: 7
[Topology][Hub] Generating hub layout
[Topology][Hub] Hub: Delivery
[Topology][Hub] Satellites: 5
[Topology][Hub] Connections: 5
[Topology][Flow] Generating flow layout
[Topology][Flow] Nodes: 8
[Topology][Flow] Connections: 7
[Topology][Hub] Generating hub layout
[Topology][Hub] Hub: Delivery
[Topology][Hub] Satellites: 5
[Topology][Hub] Connections: 5
[Topology][Flow] Generating flow layout
[Topology][Flow] Nodes: 8
[Topology][Flow] Connections: 7
[Topology][Hub] Generating hub layout
[Topology][Hub] Hub: Delivery
[Topology][Hub] Satellites: 5
[Topology][Hub] Connections: 5
[Topology][Flow] Generating flow layout
[Topology][Flow] Nodes: 8
[Topology][Flow] Connections: 7
[Topology][Hub] Generating hub layout
[Topology][Hub] Hub: Delivery
[Topology][Hub] Satellites: 5
[Topology][Hub] Connections: 5
[Topology][Flow] Generating flow layout
[Topology][Flow] Nodes: 8
[Topology][Flow] Connections: 7
[Topology][Hub] Generating hub layout
[Topology][Hub] Hub: Delivery
[Topology][Hub] Satellites: 5
[Topology][Hub] Connections: 5
[Topology][Flow] Generating flow layout
[Topology][Flow] Nodes: 8
[Topology][Flow] Connections: 7
[Topology][Hub] Generating hub layout
[Topology][Hub] Hub: Delivery
[Topology][Hub] Satellites: 5
[Topology][Hub] Connections: 5
[Topology][Flow] Generating flow layout
[Topology][Flow] Nodes: 8
[Topology][Flow] Connections: 7
[Topology][Hub] Generating hub layout
[Topology][Hub] Hub: Delivery
[Topology][Hub] Satellites: 5
[Topology][Hub] Connections: 5
[Topology][Flow] Generating flow layout
[Topology][Flow] Nodes: 8
[Topology][Flow] Connections: 7
[Topology][Hub] Generating hub layout
[Topology][Hub] Hub: Delivery
[Topology][Hub] Satellites: 5
[Topology][Hub] Connections: 5
[Topology][Flow] Generating flow layout
[Topology][Flow] Nodes: 8
[Topology][Flow] Connections: 7
[Topology][Hub] Generating hub layout
[Topology][Hub] Hub: Delivery
[Topology][Hub] Satellites: 5
[Topology][Hub] Connections: 5
[Topology][Flow] Generating flow layout
[Topology][Flow] Nodes: 8
[Topology][Flow] Connections: 7
[Topology][Hub] Generating hub layout
[Topology][Hub] Hub: Delivery
[Topology][Hub] Satellites: 5
[Topology][Hub] Connections: 5
[Topology][Flow] Generating flow layout
[Topology][Flow] Nodes: 8
[Topology][Flow] Connections: 7
[Topology][Hub] Generating hub layout
[Topology][Hub] Hub: Delivery
[Topology][Hub] Satellites: 5
[Topology][Hub] Connections: 5
[Topology][Flow] Generating flow layout
[Topology][Flow] Nodes: 8
[Topology][Flow] Connections: 7
[Topology][Hub] Generating hub layout
[Topology][Hub] Hub: Delivery
[Topology][Hub] Satellites: 5
[Topology][Hub] Connections: 5
[Topology][Flow] Generating flow layout
[Topology][Flow] Nodes: 8
[Topology][Flow] Connections: 7
[Topology][Hub] Generating hub layout
[Topology][Hub] Hub: Delivery
[Topology][Hub] Satellites: 5
[Topology][Hub] Connections: 5
[Topology][Flow] Generating flow layout
[Topology][Flow] Nodes: 8
[Topology][Flow] Connections: 7
[Topology][Hub] Generating hub layout
[Topology][Hub] Hub: Delivery
[Topology][Hub] Satellites: 5
[Topology][Hub] Connections: 5
[Topology][Flow] Generating flow layout
[Topology][Flow] Nodes: 8
[Topology][Flow] Connections: 7
[Topology][Hub] Generating hub layout
[Topology][Hub] Hub: Delivery
[Topology][Hub] Satellites: 5
[Topology][Hub] Connections: 5
[Topology][Flow] Generating flow layout
[Topology][Flow] Nodes: 8
[Topology][Flow] Connections: 7
[Topology][Hub] Generating hub layout
[Topology][Hub] Hub: Delivery
[Topology][Hub] Satellites: 5
[Topology][Hub] Connections: 5
[Topology][Flow] Generating flow layout
[Topology][Flow] Nodes: 8
[Topology][Flow] Connections: 7
[Topology][Hub] Generating hub layout
[Topology][Hub] Hub: Delivery
[Topology][Hub] Satellites: 5
[Topology][Hub] Connections: 5
[Topology][Flow] Generating flow layout
[Topology][Flow] Nodes: 8
[Topology][Flow] Connections: 7
[Topology][Hub] Generating hub layout
[Topology][Hub] Hub: Delivery
[Topology][Hub] Satellites: 5
[Topology][Hub] Connections: 5
[Topology][Flow] Generating flow layout
[Topology][Flow] Nodes: 8
[Topology][Flow] Connections: 7
[Topology][Flow] Generating flow layout
[Topology][Flow] Nodes: 2
[Topology][Flow] Connections: 1
[Topology][Flow] Generating flow layout
[Topology][Flow] Nodes: 8
[Topology][Flow] Connections: 7
[Topology][Flow] Generating flow layout
[Topology][Flow] Nodes: 2
[Topology][Flow] Connections: 1
[Topology][Flow] Generating flow layout
[Topology][Flow] Nodes: 8
[Topology][Flow] Connections: 7
[Topology][Flow] Generating flow layout
[Topology][Flow] Nodes: 2
[Topology][Flow] Connections: 1
[Topology][Flow] Generating flow layout
[Topology][Flow] Nodes: 8
[Topology][Flow] Connections: 7
[Topology][Flow] Generating flow layout
[Topology][Flow] Nodes: 2
[Topology][Flow] Connections: 1
[Topology][Flow] Generating flow layout
[Topology][Flow] Nodes: 8
[Topology][Flow] Connections: 7
[Topology][Flow] Generating flow layout
[Topology][Flow] Nodes: 2
[Topology][Flow] Connections: 1
[Topology][Flow] Generating flow layout
[Topology][Flow] Nodes: 8
[Topology][Flow] Connections: 7
[Topology][Hub] Generating hub layout
[Topology][Hub] Hub: Delivery
[Topology][Hub] Satellites: 5
[Topology][Hub] Connections: 5
[Topology][Flow] Generating flow layout
[Topology][Flow] Nodes: 8
[Topology][Flow] Connections: 7
[Topology][Hub] Generating hub layout
[Topology][Hub] Hub: Delivery
[Topology][Hub] Satellites: 5
[Topology][Hub] Connections: 5
[Topology][Flow] Generating flow layout
[Topology][Flow] Nodes: 8
[Topology][Flow] Connections: 7
[Topology][Hub] Generating hub layout
[Topology][Hub] Hub: Delivery
[Topology][Hub] Satellites: 5
[Topology][Hub] Connections: 5
[Topology][Flow] Generating flow layout
[Topology][Flow] Nodes: 8
[Topology][Flow] Connections: 7
[Topology][Hub] Generating hub layout
[Topology][Hub] Hub: Delivery
[Topology][Hub] Satellites: 5
[Topology][Hub] Connections: 5
[Topology][Flow] Generating flow layout
[Topology][Flow] Nodes: 8
[Topology][Flow] Connections: 7
[Topology][Hub] Generating hub layout
[Topology][Hub] Hub: Delivery
[Topology][Hub] Satellites: 5
[Topology][Hub] Connections: 5
[Topology][Flow] Generating flow layout
[Topology][Flow] Nodes: 8
[Topology][Flow] Connections: 7
[Topology][Hub] Generating hub layout
[Topology][Hub] Hub: Delivery
[Topology][Hub] Satellites: 5
[Topology][Hub] Connections: 5
[Topology][Flow] Generating flow layout
[Topology][Flow] Nodes: 8
[Topology][Flow] Connections: 7
[Topology][Hub] Generating hub layout
[Topology][Hub] Hub: Delivery
[Topology][Hub] Satellites: 5
[Topology][Hub] Connections: 5
[Topology][Flow] Generating flow layout
[Topology][Flow] Nodes: 8
[Topology][Flow] Connections: 7
[Topology][Hub] Generating hub layout
[Topology][Hub] Hub: Delivery
[Topology][Hub] Satellites: 5
[Topology][Hub] Connections: 5
[Topology][Flow] Generating flow layout
[Topology][Flow] Nodes: 8
[Topology][Flow] Connections: 7
[Topology][Hub] Generating hub layout
[Topology][Hub] Hub: Delivery
[Topology][Hub] Satellites: 5
[Topology][Hub] Connections: 5
[Topology][Flow] Generating flow layout
[Topology][Flow] Nodes: 8
[Topology][Flow] Connections: 7
[Topology][Hub] Generating hub layout
[Topology][Hub] Hub: Delivery
[Topology][Hub] Satellites: 5
[Topology][Hub] Connections: 5
[Topology][Flow] Generating flow layout
[Topology][Flow] Nodes: 8
[Topology][Flow] Connections: 7
[Topology][Hub] Generating hub layout
[Topology][Hub] Hub: Delivery
[Topology][Hub] Satellites: 5
[Topology][Hub] Connections: 5
[Topology][Flow] Generating flow layout
[Topology][Flow] Nodes: 8
[Topology][Flow] Connections: 7
[Topology][Hub] Generating hub layout
[Topology][Hub] Hub: Delivery
[Topology][Hub] Satellites: 5
[Topology][Hub] Connections: 5
[Topology][Flow] Generating flow layout
[Topology][Flow] Nodes: 8
[Topology][Flow] Connections: 7
[Topology][Hub] Generating hub layout
[Topology][Hub] Hub: Delivery
[Topology][Hub] Satellites: 5
[Topology][Hub] Connections: 5
[Topology][Flow] Generating flow layout
[Topology][Flow] Nodes: 8
[Topology][Flow] Connections: 7
[Topology][Hub] Generating hub layout
[Topology][Hub] Hub: Delivery
[Topology][Hub] Satellites: 5
[Topology][Hub] Connections: 5
[Topology][Flow] Generating flow layout
[Topology][Flow] Nodes: 8
[Topology][Flow] Connections: 7
[Topology][Hub] Generating hub layout
[Topology][Hub] Hub: Delivery
[Topology][Hub] Satellites: 5
[Topology][Hub] Connections: 5
[Topology][Flow] Generating flow layout
[Topology][Flow] Nodes: 8
[Topology][Flow] Connections: 7
[Topology][Hub] Generating hub layout
[Topology][Hub] Hub: Delivery
[Topology][Hub] Satellites: 5
[Topology][Hub] Connections: 5
[Topology][Flow] Generating flow layout
[Topology][Flow] Nodes: 8
[Topology][Flow] Connections: 7
[Topology][Hub] Generating hub layout
[Topology][Hub] Hub: Delivery
[Topology][Hub] Satellites: 5
[Topology][Hub] Connections: 5
[Topology][Flow] Generating flow layout
[Topology][Flow] Nodes: 8
[Topology][Flow] Connections: 7
[Topology][Hub] Generating hub layout
[Topology][Hub] Hub: Delivery
[Topology][Hub] Satellites: 5
[Topology][Hub] Connections: 5
[Topology][Flow] Generating flow layout
[Topology][Flow] Nodes: 8
[Topology][Flow] Connections: 7
[Topology][Hub] Generating hub layout
[Topology][Hub] Hub: Delivery
[Topology][Hub] Satellites: 5
[Topology][Hub] Connections: 5
[Topology][Flow] Generating flow layout
[Topology][Flow] Nodes: 8
[Topology][Flow] Connections: 7
[Topology][Hub] Generating hub layout
[Topology][Hub] Hub: Delivery
[Topology][Hub] Satellites: 5
[Topology][Hub] Connections: 5
[Topology][Flow] Generating flow layout
[Topology][Flow] Nodes: 8
[Topology][Flow] Connections: 7
[Topology][Hub] Generating hub layout
[Topology][Hub] Hub: Delivery
[Topology][Hub] Satellites: 5
[Topology][Hub] Connections: 5
[Topology][Flow] Generating flow layout
[Topology][Flow] Nodes: 8
[Topology][Flow] Connections: 7
[Topology][Hub] Generating hub layout
[Topology][Hub] Hub: Delivery
[Topology][Hub] Satellites: 5
[Topology][Hub] Connections: 5
[Topology][Flow] Generating flow layout
[Topology][Flow] Nodes: 8
[Topology][Flow] Connections: 7
[Topology][Hub] Generating hub layout
[Topology][Hub] Hub: Delivery
[Topology][Hub] Satellites: 5
[Topology][Hub] Connections: 5
[Topology][Flow] Generating flow layout
[Topology][Flow] Nodes: 8
[Topology][Flow] Connections: 7
[Topology][Hub] Generating hub layout
[Topology][Hub] Hub: Delivery
[Topology][Hub] Satellites: 5
[Topology][Hub] Connections: 5
[Topology][Flow] Generating flow layout
[Topology][Flow] Nodes: 8
[Topology][Flow] Connections: 7
[Topology][Hub] Generating hub layout
[Topology][Hub] Hub: Delivery
[Topology][Hub] Satellites: 5
[Topology][Hub] Connections: 5
[Topology][Flow] Generating flow layout
[Topology][Flow] Nodes: 8
[Topology][Flow] Connections: 7
[Topology][Hub] Generating hub layout
[Topology][Hub] Hub: Delivery
[Topology][Hub] Satellites: 5
[Topology][Hub] Connections: 5
[Topology][Flow] Generating flow layout
[Topology][Flow] Nodes: 8
[Topology][Flow] Connections: 7
[Topology][Hub] Generating hub layout
[Topology][Hub] Hub: Delivery
[Topology][Hub] Satellites: 5
[Topology][Hub] Connections: 5
[Topology][Flow] Generating flow layout
[Topology][Flow] Nodes: 8
[Topology][Flow] Connections: 7
[Topology][Flow] Generating flow layout
[Topology][Flow] Nodes: 2
[Topology][Flow] Connections: 1
[Topology][Flow] Generating flow layout
[Topology][Flow] Nodes: 8
[Topology][Flow] Connections: 7
[Topology][Flow] Generating flow layout
[Topology][Flow] Nodes: 2
[Topology][Flow] Connections: 1
[Topology][Flow] Generating flow layout
[Topology][Flow] Nodes: 8
[Topology][Flow] Connections: 7
[Topology][Flow] Generating flow layout
[Topology][Flow] Nodes: 2
[Topology][Flow] Connections: 1
[Topology][Flow] Generating flow layout
[Topology][Flow] Nodes: 8
[Topology][Flow] Connections: 7
[Topology][Flow] Generating flow layout
[Topology][Flow] Nodes: 2
[Topology][Flow] Connections: 1
[Topology][Flow] Generating flow layout
[Topology][Flow] Nodes: 8
[Topology][Flow] Connections: 7
[Topology][Flow] Generating flow layout
[Topology][Flow] Nodes: 2
[Topology][Flow] Connections: 1
[Topology][Flow] Generating flow layout
[Topology][Flow] Nodes: 8
[Topology][Flow] Connections: 7
[Topology][Hub] Generating hub layout
[Topology][Hub] Hub: Delivery
[Topology][Hub] Satellites: 5
[Topology][Hub] Connections: 5
[Topology][Flow] Generating flow layout
[Topology][Flow] Nodes: 8
[Topology][Flow] Connections: 7
[Topology][Hub] Generating hub layout
[Topology][Hub] Hub: Delivery
[Topology][Hub] Satellites: 5
[Topology][Hub] Connections: 5
[Topology][Flow] Generating flow layout
[Topology][Flow] Nodes: 8
[Topology][Flow] Connections: 7
[Topology][Hub] Generating hub layout
[Topology][Hub] Hub: Delivery
[Topology][Hub] Satellites: 5
[Topology][Hub] Connections: 5
[Topology][Flow] Generating flow layout
[Topology][Flow] Nodes: 8
[Topology][Flow] Connections: 7
[Topology][Hub] Generating hub layout
[Topology][Hub] Hub: Delivery
[Topology][Hub] Satellites: 5
[Topology][Hub] Connections: 5
[Topology][Flow] Generating flow layout
[Topology][Flow] Nodes: 8
[Topology][Flow] Connections: 7
[Topology][Hub] Generating hub layout
[Topology][Hub] Hub: Delivery
[Topology][Hub] Satellites: 5
[Topology][Hub] Connections: 5
[Topology][Flow] Generating flow layout
[Topology][Flow] Nodes: 8
[Topology][Flow] Connections: 7
[Topology][Hub] Generating hub layout
[Topology][Hub] Hub: Delivery
[Topology][Hub] Satellites: 5
[Topology][Hub] Connections: 5
[Topology][Flow] Generating flow layout
[Topology][Flow] Nodes: 8
[Topology][Flow] Connections: 7
[Topology][Flow] Generating flow layout
[Topology][Flow] Nodes: 2
[Topology][Flow] Connections: 1
[Topology][Flow] Generating flow layout
[Topology][Flow] Nodes: 8
[Topology][Flow] Connections: 7
[Topology][Flow] Generating flow layout
[Topology][Flow] Nodes: 2
[Topology][Flow] Connections: 1
[Topology][Flow] Generating flow layout
[Topology][Flow] Nodes: 8
[Topology][Flow] Connections: 7
[Topology][Flow] Generating flow layout
[Topology][Flow] Nodes: 2
[Topology][Flow] Connections: 1
[Topology][Flow] Generating flow layout
[Topology][Flow] Nodes: 8
[Topology][Flow] Connections: 7
[Topology][Flow] Generating flow layout
[Topology][Flow] Nodes: 2
[Topology][Flow] Connections: 1
[Topology][Flow] Generating flow layout
[Topology][Flow] Nodes: 8
[Topology][Flow] Connections: 7
[Topology][Hub] Generating hub layout
[Topology][Hub] Hub: Delivery
[Topology][Hub] Satellites: 5
[Topology][Hub] Connections: 5
[Topology][Flow] Generating flow layout
[Topology][Flow] Nodes: 8
[Topology][Flow] Connections: 7
[Topology][Hub] Generating hub layout
[Topology][Hub] Hub: Capacity
[Topology][Hub] Satellites: 5
[Topology][Hub] Connections: 5
[Topology][Flow] Generating flow layout
[Topology][Flow] Nodes: 8
[Topology][Flow] Connections: 7
[Topology][Hub] Generating hub layout
[Topology][Hub] Hub: Capacity
[Topology][Hub] Satellites: 5
[Topology][Hub] Connections: 5
[Topology][Flow] Generating flow layout
[Topology][Flow] Nodes: 8
[Topology][Flow] Connections: 7
[Topology][Hub] Generating hub layout
[Topology][Hub] Hub: Capacity
[Topology][Hub] Satellites: 5
[Topology][Hub] Connections: 5
[Topology][Flow] Generating flow layout
[Topology][Flow] Nodes: 8
[Topology][Flow] Connections: 7
[Topology][Flow] Generating flow layout
[Topology][Flow] Nodes: 2
[Topology][Flow] Connections: 1
[Topology][Flow] Generating flow layout
[Topology][Flow] Nodes: 8
[Topology][Flow] Connections: 7
[Topology][Flow] Generating flow layout
[Topology][Flow] Nodes: 2
[Topology][Flow] Connections: 1
[Topology][Flow] Generating flow layout
[Topology][Flow] Nodes: 8
[Topology][Flow] Connections: 7
[Topology][Flow] Generating flow layout
[Topology][Flow] Nodes: 2
[Topology][Flow] Connections: 1
[Topology][Flow] Generating flow layout
[Topology][Flow] Nodes: 8
[Topology][Flow] Connections: 7
[Topology][Flow] Generating flow layout
[Topology][Flow] Nodes: 2
[Topology][Flow] Connections: 1
[Topology][Flow] Generating flow layout
[Topology][Flow] Nodes: 8
[Topology][Flow] Connections: 7
[Topology][Flow] Generating flow layout
[Topology][Flow] Nodes: 2
[Topology][Flow] Connections: 1
[Topology][Flow] Generating flow layout
[Topology][Flow] Nodes: 8
[Topology][Flow] Connections: 7
[Topology][Flow] Generating flow layout
[Topology][Flow] Nodes: 2
[Topology][Flow] Connections: 1
[Topology][Flow] Generating flow layout
[Topology][Flow] Nodes: 8
[Topology][Flow] Connections: 7
[Topology][Flow] Generating flow layout
[Topology][Flow] Nodes: 2
[Topology][Flow] Connections: 1
[Topology][Flow] Generating flow layout
[Topology][Flow] Nodes: 8
[Topology][Flow] Connections: 7
[Topology][Flow] Generating flow layout
[Topology][Flow] Nodes: 2
[Topology][Flow] Connections: 1
[Topology][Flow] Generating flow layout
[Topology][Flow] Nodes: 8
[Topology][Flow] Connections: 7
[Topology][Flow] Generating flow layout
[Topology][Flow] Nodes: 2
[Topology][Flow] Connections: 1
[Topology][Flow] Generating flow layout
[Topology][Flow] Nodes: 8
[Topology][Flow] Connections: 7
[Topology][Flow] Generating flow layout
[Topology][Flow] Nodes: 2
[Topology][Flow] Connections: 1
[Topology][Flow] Generating flow layout
[Topology][Flow] Nodes: 8
[Topology][Flow] Connections: 7
[Topology][Flow] Generating flow layout
[Topology][Flow] Nodes: 2
[Topology][Flow] Connections: 1
[Topology][Flow] Generating flow layout
[Topology][Flow] Nodes: 8
[Topology][Flow] Connections: 7
[Topology][Flow] Generating flow layout
[Topology][Flow] Nodes: 2
[Topology][Flow] Connections: 1
[Topology][Flow] Generating flow layout
[Topology][Flow] Nodes: 8
[Topology][Flow] Connections: 7
[Topology][Flow] Generating flow layout
[Topology][Flow] Nodes: 2
[Topology][Flow] Connections: 1
[Topology][Flow] Generating flow layout
[Topology][Flow] Nodes: 8
[Topology][Flow] Connections: 7
[Topology][Flow] Generating flow layout
[Topology][Flow] Nodes: 2
[Topology][Flow] Connections: 1
[Topology][Flow] Generating flow layout
[Topology][Flow] Nodes: 8
[Topology][Flow] Connections: 7
[Topology][Hub] Generating hub layout
[Topology][Hub] Hub: Delivery
[Topology][Hub] Satellites: 5
[Topology][Hub] Connections: 5
[Topology][Flow] Generating flow layout
[Topology][Flow] Nodes: 8
[Topology][Flow] Connections: 7
[Topology][Hub] Generating hub layout
[Topology][Hub] Hub: Delivery
[Topology][Hub] Satellites: 5
[Topology][Hub] Connections: 5
[Topology][Flow] Generating flow layout
[Topology][Flow] Nodes: 8
[Topology][Flow] Connections: 7
[Topology][Hub] Generating hub layout
[Topology][Hub] Hub: Delivery
[Topology][Hub] Satellites: 5
[Topology][Hub] Connections: 5
[Topology][Flow] Generating flow layout
[Topology][Flow] Nodes: 8
[Topology][Flow] Connections: 7
[Topology][Hub] Generating hub layout
[Topology][Hub] Hub: Delivery
[Topology][Hub] Satellites: 5
[Topology][Hub] Connections: 5
[Topology][Flow] Generating flow layout
[Topology][Flow] Nodes: 8
[Topology][Flow] Connections: 7
[Topology][Hub] Generating hub layout
[Topology][Hub] Hub: Delivery
[Topology][Hub] Satellites: 5
[Topology][Hub] Connections: 5
[Topology][Flow] Generating flow layout
[Topology][Flow] Nodes: 8
[Topology][Flow] Connections: 7
[Topology][Hub] Generating hub layout
[Topology][Hub] Hub: Delivery
[Topology][Hub] Satellites: 5
[Topology][Hub] Connections: 5
[Topology][Flow] Generating flow layout
[Topology][Flow] Nodes: 8
[Topology][Flow] Connections: 7
[Topology][Hub] Generating hub layout
[Topology][Hub] Hub: Delivery
[Topology][Hub] Satellites: 5
[Topology][Hub] Connections: 5
[Topology][Flow] Generating flow layout
[Topology][Flow] Nodes: 8
[Topology][Flow] Connections: 7
[Topology][Flow] Generating flow layout
[Topology][Flow] Nodes: 2
[Topology][Flow] Connections: 1
[Topology][Flow] Generating flow layout
[Topology][Flow] Nodes: 8
[Topology][Flow] Connections: 7
[Topology][Flow] Generating flow layout
[Topology][Flow] Nodes: 2
[Topology][Flow] Connections: 1
[Topology][Flow] Generating flow layout
[Topology][Flow] Nodes: 8
[Topology][Flow] Connections: 7
[Topology][Flow] Generating flow layout
[Topology][Flow] Nodes: 2
[Topology][Flow] Connections: 1
[Topology][Flow] Generating flow layout
[Topology][Flow] Nodes: 8
[Topology][Flow] Connections: 7
[Topology][Flow] Generating flow layout
[Topology][Flow] Nodes: 2
[Topology][Flow] Connections: 1
[Topology][Flow] Generating flow layout
[Topology][Flow] Nodes: 8
[Topology][Flow] Connections: 7
[Topology][Hub] Generating hub layout
[Topology][Hub] Hub: Delivery
[Topology][Hub] Satellites: 5
[Topology][Hub] Connections: 5
[Topology][Flow] Generating flow layout
[Topology][Flow] Nodes: 8
[Topology][Flow] Connections: 7
[Topology][Hub] Generating hub layout
[Topology][Hub] Hub: Delivery
[Topology][Hub] Satellites: 5
[Topology][Hub] Connections: 5
[Topology][Flow] Generating flow layout
[Topology][Flow] Nodes: 8
[Topology][Flow] Connections: 7
[Topology][Hub] Generating hub layout
[Topology][Hub] Hub: Delivery
[Topology][Hub] Satellites: 5
[Topology][Hub] Connections: 5
[Topology][Flow] Generating flow layout
[Topology][Flow] Nodes: 8
[Topology][Flow] Connections: 7
[Topology][Hub] Generating hub layout
[Topology][Hub] Hub: Delivery
[Topology][Hub] Satellites: 5
[Topology][Hub] Connections: 5
[Topology][Flow] Generating flow layout
[Topology][Flow] Nodes: 8
[Topology][Flow] Connections: 7
[Topology][Hub] Generating hub layout
[Topology][Hub] Hub: Delivery
[Topology][Hub] Satellites: 5
[Topology][Hub] Connections: 5
[Topology][Flow] Generating flow layout
[Topology][Flow] Nodes: 8
[Topology][Flow] Connections: 7
[Topology][Flow] Generating flow layout
[Topology][Flow] Nodes: 2
[Topology][Flow] Connections: 1
[Topology][Flow] Generating flow layout
[Topology][Flow] Nodes: 8
[Topology][Flow] Connections: 7
[Topology][Flow] Generating flow layout
[Topology][Flow] Nodes: 2
[Topology][Flow] Connections: 1
[Topology][Flow] Generating flow layout
[Topology][Flow] Nodes: 8
[Topology][Flow] Connections: 7
[Topology][Flow] Generating flow layout
[Topology][Flow] Nodes: 2
[Topology][Flow] Connections: 1
[Topology][Flow] Generating flow layout
[Topology][Flow] Nodes: 8
[Topology][Flow] Connections: 7
[Topology][Flow] Generating flow layout
[Topology][Flow] Nodes: 2
[Topology][Flow] Connections: 1
[Topology][Flow] Generating flow layout
[Topology][Flow] Nodes: 8
[Topology][Flow] Connections: 7
[Topology][Hub] Generating hub layout
[Topology][Hub] Hub: Capacity
[Topology][Hub] Satellites: 5
[Topology][Hub] Connections: 5
[Topology][Flow] Generating flow layout
[Topology][Flow] Nodes: 8
[Topology][Flow] Connections: 7
[Topology][Hub] Generating hub layout
[Topology][Hub] Hub: Capacity
[Topology][Hub] Satellites: 5
[Topology][Hub] Connections: 5
[Topology][Flow] Generating flow layout
[Topology][Flow] Nodes: 8
[Topology][Flow] Connections: 7
[Topology][Hub] Generating hub layout
[Topology][Hub] Hub: Capacity
[Topology][Hub] Satellites: 5
[Topology][Hub] Connections: 5
[Topology][Flow] Generating flow layout
[Topology][Flow] Nodes: 8
[Topology][Flow] Connections: 7
[Topology][Hub] Generating hub layout
[Topology][Hub] Hub: Capacity
[Topology][Hub] Satellites: 5
[Topology][Hub] Connections: 5
[Topology][Flow] Generating flow layout
[Topology][Flow] Nodes: 8
[Topology][Flow] Connections: 7
[Topology][Hub] Generating hub layout
[Topology][Hub] Hub: Capacity
[Topology][Hub] Satellites: 5
[Topology][Hub] Connections: 5
[Topology][Flow] Generating flow layout
[Topology][Flow] Nodes: 8
[Topology][Flow] Connections: 7
[Topology][Hub] Generating hub layout
[Topology][Hub] Hub: Capacity
[Topology][Hub] Satellites: 5
[Topology][Hub] Connections: 5
[Topology][Flow] Generating flow layout
[Topology][Flow] Nodes: 8
[Topology][Flow] Connections: 7
[Topology][Hub] Generating hub layout
[Topology][Hub] Hub: Delivery
[Topology][Hub] Satellites: 5
[Topology][Hub] Connections: 5
[Topology][Flow] Generating flow layout
[Topology][Flow] Nodes: 8
[Topology][Flow] Connections: 7
[Topology][Hub] Generating hub layout
[Topology][Hub] Hub: Delivery
[Topology][Hub] Satellites: 5
[Topology][Hub] Connections: 5
[Topology][Flow] Generating flow layout
[Topology][Flow] Nodes: 8
[Topology][Flow] Connections: 7
[Topology][Flow] Generating flow layout
[Topology][Flow] Nodes: 2
[Topology][Flow] Connections: 1
[Topology][Flow] Generating flow layout
[Topology][Flow] Nodes: 8
[Topology][Flow] Connections: 7
[Topology][Flow] Generating flow layout
[Topology][Flow] Nodes: 2
[Topology][Flow] Connections: 1
[Topology][Flow] Generating flow layout
[Topology][Flow] Nodes: 8
[Topology][Flow] Connections: 7
[Topology][Hub] Generating hub layout
[Topology][Hub] Hub: Delivery
[Topology][Hub] Satellites: 5
[Topology][Hub] Connections: 5
[Topology][Flow] Generating flow layout
[Topology][Flow] Nodes: 8
[Topology][Flow] Connections: 7
[Topology][Hub] Generating hub layout
[Topology][Hub] Hub: Delivery
[Topology][Hub] Satellites: 5
[Topology][Hub] Connections: 5
[Topology][Flow] Generating flow layout
[Topology][Flow] Nodes: 8
[Topology][Flow] Connections: 7
[Topology][Flow] Generating flow layout
[Topology][Flow] Nodes: 2
[Topology][Flow] Connections: 1
[Topology][Flow] Generating flow layout
[Topology][Flow] Nodes: 8
[Topology][Flow] Connections: 7
[Topology][Flow] Generating flow layout
[Topology][Flow] Nodes: 2
[Topology][Flow] Connections: 1
[Topology][Flow] Generating flow layout
[Topology][Flow] Nodes: 8
[Topology][Flow] Connections: 7
[Topology][Hub] Generating hub layout
[Topology][Hub] Hub: Delivery
[Topology][Hub] Satellites: 5
[Topology][Hub] Connections: 5
[Topology][Flow] Generating flow layout
[Topology][Flow] Nodes: 8
[Topology][Flow] Connections: 7
[Topology][Hub] Generating hub layout
[Topology][Hub] Hub: Delivery
[Topology][Hub] Satellites: 5
[Topology][Hub] Connections: 5
[Topology][Flow] Generating flow layout
[Topology][Flow] Nodes: 8
[Topology][Flow] Connections: 7
[Topology][Hub] Generating hub layout
[Topology][Hub] Hub: Delivery
[Topology][Hub] Satellites: 5
[Topology][Hub] Connections: 5
[Topology][Flow] Generating flow layout
[Topology][Flow] Nodes: 8
[Topology][Flow] Connections: 7
[Topology][Hub] Generating hub layout
[Topology][Hub] Hub: Delivery
[Topology][Hub] Satellites: 5
[Topology][Hub] Connections: 5
[Topology][Flow] Generating flow layout
[Topology][Flow] Nodes: 8
[Topology][Flow] Connections: 7
[Topology][Hub] Generating hub layout
[Topology][Hub] Hub: Delivery
[Topology][Hub] Satellites: 5
[Topology][Hub] Connections: 5
[Topology][Flow] Generating flow layout
[Topology][Flow] Nodes: 8
[Topology][Flow] Connections: 7
[Topology][Hub] Generating hub layout
[Topology][Hub] Hub: Delivery
[Topology][Hub] Satellites: 5
[Topology][Hub] Connections: 5
[Topology][Flow] Generating flow layout
[Topology][Flow] Nodes: 8
[Topology][Flow] Connections: 7
[Topology][Hub] Generating hub layout
[Topology][Hub] Hub: Delivery
[Topology][Hub] Satellites: 5
[Topology][Hub] Connections: 5
[Topology][Flow] Generating flow layout
[Topology][Flow] Nodes: 8
[Topology][Flow] Connections: 7
[Topology][Hub] Generating hub layout
[Topology][Hub] Hub: Capacity
[Topology][Hub] Satellites: 5
[Topology][Hub] Connections: 5
[Topology][Flow] Generating flow layout
[Topology][Flow] Nodes: 8
[Topology][Flow] Connections: 7
[Topology][Hub] Generating hub layout
[Topology][Hub] Hub: Capacity
[Topology][Hub] Satellites: 5
[Topology][Hub] Connections: 5
[Topology][Flow] Generating flow layout
[Topology][Flow] Nodes: 8
[Topology][Flow] Connections: 7
[Topology][Hub] Generating hub layout
[Topology][Hub] Hub: Delivery
[Topology][Hub] Satellites: 5
[Topology][Hub] Connections: 5
[Topology][Flow] Generating flow layout
[Topology][Flow] Nodes: 8
[Topology][Flow] Connections: 7
[Topology][Hub] Generating hub layout
[Topology][Hub] Hub: Capacity
[Topology][Hub] Satellites: 5
[Topology][Hub] Connections: 5
[Topology][Flow] Generating flow layout
[Topology][Flow] Nodes: 8
[Topology][Flow] Connections: 7
[Topology][Hub] Generating hub layout
[Topology][Hub] Hub: Capacity
[Topology][Hub] Satellites: 5
[Topology][Hub] Connections: 5
[Topology][Flow] Generating flow layout
[Topology][Flow] Nodes: 8
[Topology][Flow] Connections: 7
[Topology][Hub] Generating hub layout
[Topology][Hub] Hub: Delivery
[Topology][Hub] Satellites: 5
[Topology][Hub] Connections: 5
[Topology][Flow] Generating flow layout
[Topology][Flow] Nodes: 8
[Topology][Flow] Connections: 7
[Topology][Hub] Generating hub layout
[Topology][Hub] Hub: Capacity
[Topology][Hub] Satellites: 5
[Topology][Hub] Connections: 5
[Topology][Flow] Generating flow layout
[Topology][Flow] Nodes: 8
[Topology][Flow] Connections: 7
[Topology][Hub] Generating hub layout
[Topology][Hub] Hub: Capacity
[Topology][Hub] Satellites: 5
[Topology][Hub] Connections: 5
[Topology][Flow] Generating flow layout
[Topology][Flow] Nodes: 8
[Topology][Flow] Connections: 7
[Topology][Hub] Generating hub layout
[Topology][Hub] Hub: Delivery
[Topology][Hub] Satellites: 5
[Topology][Hub] Connections: 5
[Topology][Flow] Generating flow layout
[Topology][Flow] Nodes: 8
[Topology][Flow] Connections: 7
[Topology][Hub] Generating hub layout
[Topology][Hub] Hub: Capacity
[Topology][Hub] Satellites: 5
[Topology][Hub] Connections: 5
[Topology][Flow] Generating flow layout
[Topology][Flow] Nodes: 8
[Topology][Flow] Connections: 7
[Topology][Hub] Generating hub layout
[Topology][Hub] Hub: Capacity
[Topology][Hub] Satellites: 5
[Topology][Hub] Connections: 5
[Topology][Flow] Generating flow layout
[Topology][Flow] Nodes: 8
[Topology][Flow] Connections: 7
[Topology][Hub] Generating hub layout
[Topology][Hub] Hub: Delivery
[Topology][Hub] Satellites: 5
[Topology][Hub] Connections: 5
[Topology][Flow] Generating flow layout
[Topology][Flow] Nodes: 8
[Topology][Flow] Connections: 7
[Topology][Hub] Generating hub layout
[Topology][Hub] Hub: Capacity
[Topology][Hub] Satellites: 5
[Topology][Hub] Connections: 5
[Topology][Flow] Generating flow layout
[Topology][Flow] Nodes: 8
[Topology][Flow] Connections: 7
[Topology][Hub] Generating hub layout
[Topology][Hub] Hub: Capacity
[Topology][Hub] Satellites: 5
[Topology][Hub] Connections: 5
[Topology][Flow] Generating flow layout
[Topology][Flow] Nodes: 8
[Topology][Flow] Connections: 7
[Topology][Hub] Generating hub layout
[Topology][Hub] Hub: Capacity
[Topology][Hub] Satellites: 5
[Topology][Hub] Connections: 5
[Topology][Flow] Generating flow layout
[Topology][Flow] Nodes: 8
[Topology][Flow] Connections: 7
[Topology][Hub] Generating hub layout
[Topology][Hub] Hub: Capacity
[Topology][Hub] Satellites: 5
[Topology][Hub] Connections: 5
[Topology][Flow] Generating flow layout
[Topology][Flow] Nodes: 8
[Topology][Flow] Connections: 7
[Topology][Hub] Generating hub layout
[Topology][Hub] Hub: Capacity
[Topology][Hub] Satellites: 5
[Topology][Hub] Connections: 5
[Topology][Flow] Generating flow layout
[Topology][Flow] Nodes: 8
[Topology][Flow] Connections: 7
[Topology][Hub] Generating hub layout
[Topology][Hub] Hub: Capacity
[Topology][Hub] Satellites: 5
[Topology][Hub] Connections: 5
[Topology][Flow] Generating flow layout
[Topology][Flow] Nodes: 8
[Topology][Flow] Connections: 7
[Topology][Hub] Generating hub layout
[Topology][Hub] Hub: Capacity
[Topology][Hub] Satellites: 5
[Topology][Hub] Connections: 5
[Topology][Flow] Generating flow layout
[Topology][Flow] Nodes: 8
[Topology][Flow] Connections: 7
[Topology][Hub] Generating hub layout
[Topology][Hub] Hub: Capacity
[Topology][Hub] Satellites: 5
[Topology][Hub] Connections: 5
[Topology][Flow] Generating flow layout
[Topology][Flow] Nodes: 8
[Topology][Flow] Connections: 7
[Topology][Hub] Generating hub layout
[Topology][Hub] Hub: Capacity
[Topology][Hub] Satellites: 5
[Topology][Hub] Connections: 5
[Topology][Flow] Generating flow layout
[Topology][Flow] Nodes: 8
[Topology][Flow] Connections: 7
[Topology][Hub] Generating hub layout
[Topology][Hub] Hub: Capacity
[Topology][Hub] Satellites: 5
[Topology][Hub] Connections: 5
[Topology][Flow] Generating flow layout
[Topology][Flow] Nodes: 8
[Topology][Flow] Connections: 7
[Topology][Hub] Generating hub layout
[Topology][Hub] Hub: Capacity
[Topology][Hub] Satellites: 5
[Topology][Hub] Connections: 5
[Topology][Flow] Generating flow layout
[Topology][Flow] Nodes: 8
[Topology][Flow] Connections: 7
[Topology][Hub] Generating hub layout
[Topology][Hub] Hub: Capacity
[Topology][Hub] Satellites: 5
[Topology][Hub] Connections: 5
[Topology][Flow] Generating flow layout
[Topology][Flow] Nodes: 8
[Topology][Flow] Connections: 7
[Topology][Hub] Generating hub layout
[Topology][Hub] Hub: Capacity
[Topology][Hub] Satellites: 5
[Topology][Hub] Connections: 5
[Topology][Flow] Generating flow layout
[Topology][Flow] Nodes: 8
[Topology][Flow] Connections: 7
[Topology][Hub] Generating hub layout
[Topology][Hub] Hub: Capacity
[Topology][Hub] Satellites: 5
[Topology][Hub] Connections: 5
[Topology][Flow] Generating flow layout
[Topology][Flow] Nodes: 8
[Topology][Flow] Connections: 7
[Topology][Hub] Generating hub layout
[Topology][Hub] Hub: Capacity
[Topology][Hub] Satellites: 5
[Topology][Hub] Connections: 5
[Topology][Flow] Generating flow layout
[Topology][Flow] Nodes: 8
[Topology][Flow] Connections: 7
[Topology][Hub] Generating hub layout
[Topology][Hub] Hub: Capacity
[Topology][Hub] Satellites: 5
[Topology][Hub] Connections: 5
[Topology][Flow] Generating flow layout
[Topology][Flow] Nodes: 8
[Topology][Flow] Connections: 7
[Topology][Hub] Generating hub layout
[Topology][Hub] Hub: Capacity
[Topology][Hub] Satellites: 5
[Topology][Hub] Connections: 5
[Topology][Flow] Generating flow layout
[Topology][Flow] Nodes: 8
[Topology][Flow] Connections: 7
[Topology][Flow] Generating flow layout
[Topology][Flow] Nodes: 2
[Topology][Flow] Connections: 1
[Topology][Flow] Generating flow layout
[Topology][Flow] Nodes: 8
[Topology][Flow] Connections: 7
[Topology][Hub] Generating hub layout
[Topology][Hub] Hub: Capacity
[Topology][Hub] Satellites: 5
[Topology][Hub] Connections: 5
[Topology][Flow] Generating flow layout
[Topology][Flow] Nodes: 8
[Topology][Flow] Connections: 7
[Topology][Hub] Generating hub layout
[Topology][Hub] Hub: Capacity
[Topology][Hub] Satellites: 5
[Topology][Hub] Connections: 5
[Topology][Flow] Generating flow layout
[Topology][Flow] Nodes: 8
[Topology][Flow] Connections: 7
[Topology][Flow] Generating flow layout
[Topology][Flow] Nodes: 2
[Topology][Flow] Connections: 1
[Topology][Flow] Generating flow layout
[Topology][Flow] Nodes: 8
[Topology][Flow] Connections: 7
[Topology][Hub] Generating hub layout
[Topology][Hub] Hub: Capacity
[Topology][Hub] Satellites: 5
[Topology][Hub] Connections: 5
[Topology][Flow] Generating flow layout
[Topology][Flow] Nodes: 8
[Topology][Flow] Connections: 7
[Topology][Hub] Generating hub layout
[Topology][Hub] Hub: Capacity
[Topology][Hub] Satellites: 5
[Topology][Hub] Connections: 5
[Topology][Flow] Generating flow layout
[Topology][Flow] Nodes: 8
[Topology][Flow] Connections: 7
[Topology][Flow] Generating flow layout
[Topology][Flow] Nodes: 2
[Topology][Flow] Connections: 1
[Topology][Flow] Generating flow layout
[Topology][Flow] Nodes: 8
[Topology][Flow] Connections: 7
[Topology][Hub] Generating hub layout
[Topology][Hub] Hub: Capacity
[Topology][Hub] Satellites: 5
[Topology][Hub] Connections: 5
[Topology][Flow] Generating flow layout
[Topology][Flow] Nodes: 8
[Topology][Flow] Connections: 7
[Topology][Hub] Generating hub layout
[Topology][Hub] Hub: Capacity
[Topology][Hub] Satellites: 5
[Topology][Hub] Connections: 5
[Topology][Flow] Generating flow layout
[Topology][Flow] Nodes: 8
[Topology][Flow] Connections: 7
[Topology][Flow] Generating flow layout
[Topology][Flow] Nodes: 2
[Topology][Flow] Connections: 1
[Topology][Flow] Generating flow layout
[Topology][Flow] Nodes: 8
[Topology][Flow] Connections: 7
[Topology][Hub] Generating hub layout
[Topology][Hub] Hub: Capacity
[Topology][Hub] Satellites: 5
[Topology][Hub] Connections: 5
[Topology][Flow] Generating flow layout
[Topology][Flow] Nodes: 8
[Topology][Flow] Connections: 7
[Topology][Hub] Generating hub layout
[Topology][Hub] Hub: Capacity
[Topology][Hub] Satellites: 5
[Topology][Hub] Connections: 5
[Topology][Flow] Generating flow layout
[Topology][Flow] Nodes: 8
[Topology][Flow] Connections: 7
[Topology][Flow] Generating flow layout
[Topology][Flow] Nodes: 2
[Topology][Flow] Connections: 1
[Topology][Flow] Generating flow layout
[Topology][Flow] Nodes: 8
[Topology][Flow] Connections: 7
[Topology][Hub] Generating hub layout
[Topology][Hub] Hub: Capacity
[Topology][Hub] Satellites: 5
[Topology][Hub] Connections: 5
[Topology][Flow] Generating flow layout
[Topology][Flow] Nodes: 8
[Topology][Flow] Connections: 7
[Topology][Hub] Generating hub layout
[Topology][Hub] Hub: Capacity
[Topology][Hub] Satellites: 5
[Topology][Hub] Connections: 5
[Topology][Flow] Generating flow layout
[Topology][Flow] Nodes: 8
[Topology][Flow] Connections: 7
[Topology][Flow] Generating flow layout
[Topology][Flow] Nodes: 2
[Topology][Flow] Connections: 1
[Topology][Flow] Generating flow layout
[Topology][Flow] Nodes: 8
[Topology][Flow] Connections: 7
[Topology][Flow] Generating flow layout
[Topology][Flow] Nodes: 2
[Topology][Flow] Connections: 1
[Topology][Flow] Generating flow layout
[Topology][Flow] Nodes: 8
[Topology][Flow] Connections: 7
[Topology][Flow] Generating flow layout
[Topology][Flow] Nodes: 2
[Topology][Flow] Connections: 1
[Topology][Flow] Generating flow layout
[Topology][Flow] Nodes: 8
[Topology][Flow] Connections: 7
[Topology][Flow] Generating flow layout
[Topology][Flow] Nodes: 2
[Topology][Flow] Connections: 1
[Topology][Flow] Generating flow layout
[Topology][Flow] Nodes: 8
[Topology][Flow] Connections: 7
[Topology][Flow] Generating flow layout
[Topology][Flow] Nodes: 2
[Topology][Flow] Connections: 1
[Topology][Flow] Generating flow layout
[Topology][Flow] Nodes: 8
[Topology][Flow] Connections: 7
[Topology][Flow] Generating flow layout
[Topology][Flow] Nodes: 2
[Topology][Flow] Connections: 1
[Topology][Flow] Generating flow layout
[Topology][Flow] Nodes: 8
[Topology][Flow] Connections: 7
[Topology][Flow] Generating flow layout
[Topology][Flow] Nodes: 2
[Topology][Flow] Connections: 1
[Topology][Flow] Generating flow layout
[Topology][Flow] Nodes: 8
[Topology][Flow] Connections: 7
[Topology][Flow] Generating flow layout
[Topology][Flow] Nodes: 2
[Topology][Flow] Connections: 1
[Topology][Flow] Generating flow layout
[Topology][Flow] Nodes: 8
[Topology][Flow] Connections: 7
[Topology][Flow] Generating flow layout
[Topology][Flow] Nodes: 2
[Topology][Flow] Connections: 1
[Topology][Flow] Generating flow layout
[Topology][Flow] Nodes: 8
[Topology][Flow] Connections: 7
[Topology][Flow] Generating flow layout
[Topology][Flow] Nodes: 2
[Topology][Flow] Connections: 1
[Topology][Flow] Generating flow layout
[Topology][Flow] Nodes: 8
[Topology][Flow] Connections: 7
[Topology][Flow] Generating flow layout
[Topology][Flow] Nodes: 2
[Topology][Flow] Connections: 1
[Topology][Flow] Generating flow layout
[Topology][Flow] Nodes: 8
[Topology][Flow] Connections: 7
[Topology][Flow] Generating flow layout
[Topology][Flow] Nodes: 2
[Topology][Flow] Connections: 1
[Topology][Flow] Generating flow layout
[Topology][Flow] Nodes: 8
[Topology][Flow] Connections: 7
[Topology][Flow] Generating flow layout
[Topology][Flow] Nodes: 2
[Topology][Flow] Connections: 1
[Topology][Flow] Generating flow layout
[Topology][Flow] Nodes: 8
[Topology][Flow] Connections: 7
[Topology][Flow] Generating flow layout
[Topology][Flow] Nodes: 2
[Topology][Flow] Connections: 1
[Topology][Flow] Generating flow layout
[Topology][Flow] Nodes: 8
[Topology][Flow] Connections: 7
[Topology][Flow] Generating flow layout
[Topology][Flow] Nodes: 2
[Topology][Flow] Connections: 1
[Topology][Flow] Generating flow layout
[Topology][Flow] Nodes: 8
[Topology][Flow] Connections: 7
[Topology][Flow] Generating flow layout
[Topology][Flow] Nodes: 2
[Topology][Flow] Connections: 1
[Topology][Flow] Generating flow layout
[Topology][Flow] Nodes: 8
[Topology][Flow] Connections: 7
[Topology][Flow] Generating flow layout
[Topology][Flow] Nodes: 2
[Topology][Flow] Connections: 1
[Topology][Flow] Generating flow layout
[Topology][Flow] Nodes: 8
[Topology][Flow] Connections: 7
[Topology][Flow] Generating flow layout
[Topology][Flow] Nodes: 2
[Topology][Flow] Connections: 1
[Topology][Flow] Generating flow layout
[Topology][Flow] Nodes: 8
[Topology][Flow] Connections: 7
[Topology][Flow] Generating flow layout
[Topology][Flow] Nodes: 2
[Topology][Flow] Connections: 1
[Topology][Flow] Generating flow layout
[Topology][Flow] Nodes: 8
[Topology][Flow] Connections: 7
[Topology][Flow] Generating flow layout
[Topology][Flow] Nodes: 2
[Topology][Flow] Connections: 1
[Topology][Flow] Generating flow layout
[Topology][Flow] Nodes: 8
[Topology][Flow] Connections: 7
[Topology][Flow] Generating flow layout
[Topology][Flow] Nodes: 2
[Topology][Flow] Connections: 1
[Topology][Flow] Generating flow layout
[Topology][Flow] Nodes: 8
[Topology][Flow] Connections: 7
[Topology][Flow] Generating flow layout
[Topology][Flow] Nodes: 2
[Topology][Flow] Connections: 1
[Topology][Flow] Generating flow layout
[Topology][Flow] Nodes: 8
[Topology][Flow] Connections: 7
[Topology][Flow] Generating flow layout
[Topology][Flow] Nodes: 2
[Topology][Flow] Connections: 1
[Topology][Flow] Generating flow layout
[Topology][Flow] Nodes: 8
[Topology][Flow] Connections: 7
[Topology][Flow] Generating flow layout
[Topology][Flow] Nodes: 2
[Topology][Flow] Connections: 1
[Topology][Flow] Generating flow layout
[Topology][Flow] Nodes: 8
[Topology][Flow] Connections: 7
[Topology][Flow] Generating flow layout
[Topology][Flow] Nodes: 2
[Topology][Flow] Connections: 1
[Topology][Flow] Generating flow layout
[Topology][Flow] Nodes: 8
[Topology][Flow] Connections: 7
[Topology][Flow] Generating flow layout
[Topology][Flow] Nodes: 2
[Topology][Flow] Connections: 1
[Topology][Flow] Generating flow layout
[Topology][Flow] Nodes: 8
[Topology][Flow] Connections: 7
[Topology][Flow] Generating flow layout
[Topology][Flow] Nodes: 2
[Topology][Flow] Connections: 1
[Topology][Flow] Generating flow layout
[Topology][Flow] Nodes: 8
[Topology][Flow] Connections: 7
[Topology][Flow] Generating flow layout
[Topology][Flow] Nodes: 2
[Topology][Flow] Connections: 1
[Topology][Flow] Generating flow layout
[Topology][Flow] Nodes: 8
[Topology][Flow] Connections: 7
[Topology][Flow] Generating flow layout
[Topology][Flow] Nodes: 2
[Topology][Flow] Connections: 1
[Topology][Flow] Generating flow layout
[Topology][Flow] Nodes: 8
[Topology][Flow] Connections: 7
[Topology][Flow] Generating flow layout
[Topology][Flow] Nodes: 2
[Topology][Flow] Connections: 1
[Topology][Flow] Generating flow layout
[Topology][Flow] Nodes: 8
[Topology][Flow] Connections: 7
[Topology][Flow] Generating flow layout
[Topology][Flow] Nodes: 2
[Topology][Flow] Connections: 1
[Topology][Flow] Generating flow layout
[Topology][Flow] Nodes: 8
[Topology][Flow] Connections: 7
[Topology][Flow] Generating flow layout
[Topology][Flow] Nodes: 2
[Topology][Flow] Connections: 1
[Topology][Flow] Generating flow layout
[Topology][Flow] Nodes: 8
[Topology][Flow] Connections: 7
[Topology][Flow] Generating flow layout
[Topology][Flow] Nodes: 2
[Topology][Flow] Connections: 1
[Topology][Flow] Generating flow layout
[Topology][Flow] Nodes: 8
[Topology][Flow] Connections: 7
[Topology][Flow] Generating flow layout
[Topology][Flow] Nodes: 2
[Topology][Flow] Connections: 1
[Topology][Flow] Generating flow layout
[Topology][Flow] Nodes: 8
[Topology][Flow] Connections: 7
[Topology][Flow] Generating flow layout
[Topology][Flow] Nodes: 2
[Topology][Flow] Connections: 1
[Topology][Flow] Generating flow layout
[Topology][Flow] Nodes: 8
[Topology][Flow] Connections: 7
[Topology][Flow] Generating flow layout
[Topology][Flow] Nodes: 2
[Topology][Flow] Connections: 1
[Topology][Flow] Generating flow layout
[Topology][Flow] Nodes: 8
[Topology][Flow] Connections: 7
[Topology][Flow] Generating flow layout
[Topology][Flow] Nodes: 2
[Topology][Flow] Connections: 1
[Topology][Flow] Generating flow layout
[Topology][Flow] Nodes: 8
[Topology][Flow] Connections: 7
[Topology][Flow] Generating flow layout
[Topology][Flow] Nodes: 2
[Topology][Flow] Connections: 1
[Topology][Flow] Generating flow layout
[Topology][Flow] Nodes: 8
[Topology][Flow] Connections: 7
[Topology][Flow] Generating flow layout
[Topology][Flow] Nodes: 2
[Topology][Flow] Connections: 1
[Topology][Flow] Generating flow layout
[Topology][Flow] Nodes: 8
[Topology][Flow] Connections: 7
[Topology][Flow] Generating flow layout
[Topology][Flow] Nodes: 2
[Topology][Flow] Connections: 1
[Topology][Flow] Generating flow layout
[Topology][Flow] Nodes: 8
[Topology][Flow] Connections: 7
[Topology][Flow] Generating flow layout
[Topology][Flow] Nodes: 2
[Topology][Flow] Connections: 1
[Topology][Flow] Generating flow layout
[Topology][Flow] Nodes: 8
[Topology][Flow] Connections: 7
[Topology][Flow] Generating flow layout
[Topology][Flow] Nodes: 2
[Topology][Flow] Connections: 1
[Topology][Flow] Generating flow layout
[Topology][Flow] Nodes: 8
[Topology][Flow] Connections: 7
[Topology][Flow] Generating flow layout
[Topology][Flow] Nodes: 2
[Topology][Flow] Connections: 1
[Topology][Flow] Generating flow layout
[Topology][Flow] Nodes: 8
[Topology][Flow] Connections: 7
[Topology][Flow] Generating flow layout
[Topology][Flow] Nodes: 2
[Topology][Flow] Connections: 1
[Topology][Flow] Generating flow layout
[Topology][Flow] Nodes: 8
[Topology][Flow] Connections: 7
[Topology][Flow] Generating flow layout
[Topology][Flow] Nodes: 2
[Topology][Flow] Connections: 1
[Topology][Flow] Generating flow layout
[Topology][Flow] Nodes: 8
[Topology][Flow] Connections: 7
[Topology][Flow] Generating flow layout
[Topology][Flow] Nodes: 2
[Topology][Flow] Connections: 1
[Topology][Flow] Generating flow layout
[Topology][Flow] Nodes: 8
[Topology][Flow] Connections: 7
[Topology][Flow] Generating flow layout
[Topology][Flow] Nodes: 2
[Topology][Flow] Connections: 1
[Topology][Flow] Generating flow layout
[Topology][Flow] Nodes: 8
[Topology][Flow] Connections: 7
[Topology][Flow] Generating flow layout
[Topology][Flow] Nodes: 2
[Topology][Flow] Connections: 1
[Topology][Flow] Generating flow layout
[Topology][Flow] Nodes: 8
[Topology][Flow] Connections: 7
[Topology][Flow] Generating flow layout
[Topology][Flow] Nodes: 2
[Topology][Flow] Connections: 1
[Topology][Flow] Generating flow layout
[Topology][Flow] Nodes: 8
[Topology][Flow] Connections: 7
[Topology][Flow] Generating flow layout
[Topology][Flow] Nodes: 2
[Topology][Flow] Connections: 1
[Topology][Flow] Generating flow layout
[Topology][Flow] Nodes: 8
[Topology][Flow] Connections: 7
[Topology][Flow] Generating flow layout
[Topology][Flow] Nodes: 2
[Topology][Flow] Connections: 1
[Topology][Flow] Generating flow layout
[Topology][Flow] Nodes: 8
[Topology][Flow] Connections: 7
[Topology][Flow] Generating flow layout
[Topology][Flow] Nodes: 2
[Topology][Flow] Connections: 1
[Topology][Flow] Generating flow layout
[Topology][Flow] Nodes: 8
[Topology][Flow] Connections: 7
[Topology][Flow] Generating flow layout
[Topology][Flow] Nodes: 2
[Topology][Flow] Connections: 1
[Topology][Flow] Generating flow layout
[Topology][Flow] Nodes: 8
[Topology][Flow] Connections: 7
[Topology][Flow] Generating flow layout
[Topology][Flow] Nodes: 2
[Topology][Flow] Connections: 1
[Topology][Flow] Generating flow layout
[Topology][Flow] Nodes: 8
[Topology][Flow] Connections: 7
[Topology][Flow] Generating flow layout
[Topology][Flow] Nodes: 2
[Topology][Flow] Connections: 1
[Topology][Flow] Generating flow layout
[Topology][Flow] Nodes: 8
[Topology][Flow] Connections: 7
[Topology][Flow] Generating flow layout
[Topology][Flow] Nodes: 2
[Topology][Flow] Connections: 1
[Topology][Flow] Generating flow layout
[Topology][Flow] Nodes: 8
[Topology][Flow] Connections: 7
[Topology][Flow] Generating flow layout
[Topology][Flow] Nodes: 2
[Topology][Flow] Connections: 1
[Topology][Flow] Generating flow layout
[Topology][Flow] Nodes: 8
[Topology][Flow] Connections: 7
[Topology][Flow] Generating flow layout
[Topology][Flow] Nodes: 2
[Topology][Flow] Connections: 1
[Topology][Flow] Generating flow layout
[Topology][Flow] Nodes: 8
[Topology][Flow] Connections: 7
[Topology][Flow] Generating flow layout
[Topology][Flow] Nodes: 2
[Topology][Flow] Connections: 1
[Topology][Flow] Generating flow layout
[Topology][Flow] Nodes: 8
[Topology][Flow] Connections: 7
[Topology][Flow] Generating flow layout
[Topology][Flow] Nodes: 2
[Topology][Flow] Connections: 1
[Topology][Flow] Generating flow layout
[Topology][Flow] Nodes: 8
[Topology][Flow] Connections: 7
[Topology][Flow] Generating flow layout
[Topology][Flow] Nodes: 2
[Topology][Flow] Connections: 1
[Topology][Flow] Generating flow layout
[Topology][Flow] Nodes: 8
[Topology][Flow] Connections: 7
[Topology][Flow] Generating flow layout
[Topology][Flow] Nodes: 2
[Topology][Flow] Connections: 1
[Topology][Flow] Generating flow layout
[Topology][Flow] Nodes: 8
[Topology][Flow] Connections: 7
[Topology][Flow] Generating flow layout
[Topology][Flow] Nodes: 2
[Topology][Flow] Connections: 1
[Topology][Flow] Generating flow layout
[Topology][Flow] Nodes: 8
[Topology][Flow] Connections: 7
[Topology][Flow] Generating flow layout
[Topology][Flow] Nodes: 2
[Topology][Flow] Connections: 1
[Topology][Flow] Generating flow layout
[Topology][Flow] Nodes: 8
[Topology][Flow] Connections: 7
[Topology][Flow] Generating flow layout
[Topology][Flow] Nodes: 2
[Topology][Flow] Connections: 1
[Topology][Flow] Generating flow layout
[Topology][Flow] Nodes: 8
[Topology][Flow] Connections: 7
[Topology][Flow] Generating flow layout
[Topology][Flow] Nodes: 2
[Topology][Flow] Connections: 1
[Topology][Flow] Generating flow layout
[Topology][Flow] Nodes: 8
[Topology][Flow] Connections: 7
[Topology][Flow] Generating flow layout
[Topology][Flow] Nodes: 2
[Topology][Flow] Connections: 1
[Topology][Flow] Generating flow layout
[Topology][Flow] Nodes: 8
[Topology][Flow] Connections: 7
[Topology][Flow] Generating flow layout
[Topology][Flow] Nodes: 2
[Topology][Flow] Connections: 1
[Topology][Flow] Generating flow layout
[Topology][Flow] Nodes: 8
[Topology][Flow] Connections: 7
[Topology][Flow] Generating flow layout
[Topology][Flow] Nodes: 2
[Topology][Flow] Connections: 1
[Topology][Flow] Generating flow layout
[Topology][Flow] Nodes: 8
[Topology][Flow] Connections: 7
[Topology][Flow] Generating flow layout
[Topology][Flow] Nodes: 2
[Topology][Flow] Connections: 1
[Topology][Flow] Generating flow layout
[Topology][Flow] Nodes: 8
[Topology][Flow] Connections: 7
[Topology][Flow] Generating flow layout
[Topology][Flow] Nodes: 2
[Topology][Flow] Connections: 1
[Topology][Flow] Generating flow layout
[Topology][Flow] Nodes: 8
[Topology][Flow] Connections: 7
[Topology][Flow] Generating flow layout
[Topology][Flow] Nodes: 2
[Topology][Flow] Connections: 1
[Topology][Flow] Generating flow layout
[Topology][Flow] Nodes: 8
[Topology][Flow] Connections: 7
[Topology][Flow] Generating flow layout
[Topology][Flow] Nodes: 2
[Topology][Flow] Connections: 1
[Topology][Flow] Generating flow layout
[Topology][Flow] Nodes: 8
[Topology][Flow] Connections: 7
[Topology][Flow] Generating flow layout
[Topology][Flow] Nodes: 2
[Topology][Flow] Connections: 1
[Topology][Flow] Generating flow layout
[Topology][Flow] Nodes: 8
[Topology][Flow] Connections: 7
[Topology][Flow] Generating flow layout
[Topology][Flow] Nodes: 2
[Topology][Flow] Connections: 1
[Topology][Flow] Generating flow layout
[Topology][Flow] Nodes: 8
[Topology][Flow] Connections: 7
[Topology][Flow] Generating flow layout
[Topology][Flow] Nodes: 2
[Topology][Flow] Connections: 1
[Topology][Flow] Generating flow layout
[Topology][Flow] Nodes: 8
[Topology][Flow] Connections: 7
[Topology][Flow] Generating flow layout
[Topology][Flow] Nodes: 2
[Topology][Flow] Connections: 1
[Topology][Flow] Generating flow layout
[Topology][Flow] Nodes: 8
[Topology][Flow] Connections: 7
[Topology][Flow] Generating flow layout
[Topology][Flow] Nodes: 2
[Topology][Flow] Connections: 1
[Topology][Flow] Generating flow layout
[Topology][Flow] Nodes: 8
[Topology][Flow] Connections: 7
[Topology][Flow] Generating flow layout
[Topology][Flow] Nodes: 2
[Topology][Flow] Connections: 1
[Topology][Flow] Generating flow layout
[Topology][Flow] Nodes: 8
[Topology][Flow] Connections: 7
[Topology][Flow] Generating flow layout
[Topology][Flow] Nodes: 2
[Topology][Flow] Connections: 1
[Topology][Flow] Generating flow layout
[Topology][Flow] Nodes: 8
[Topology][Flow] Connections: 7
[Topology][Flow] Generating flow layout
[Topology][Flow] Nodes: 2
[Topology][Flow] Connections: 1
[Topology][Flow] Generating flow layout
[Topology][Flow] Nodes: 8
[Topology][Flow] Connections: 7
[Topology][Flow] Generating flow layout
[Topology][Flow] Nodes: 2
[Topology][Flow] Connections: 1
[Topology][Flow] Generating flow layout
[Topology][Flow] Nodes: 8
[Topology][Flow] Connections: 7
[Topology][Flow] Generating flow layout
[Topology][Flow] Nodes: 2
[Topology][Flow] Connections: 1
[Topology][Flow] Generating flow layout
[Topology][Flow] Nodes: 8
[Topology][Flow] Connections: 7
[Topology][Flow] Generating flow layout
[Topology][Flow] Nodes: 2
[Topology][Flow] Connections: 1
[Topology][Flow] Generating flow layout
[Topology][Flow] Nodes: 8
[Topology][Flow] Connections: 7
[Topology][Flow] Generating flow layout
[Topology][Flow] Nodes: 2
[Topology][Flow] Connections: 1
[Topology][Flow] Generating flow layout
[Topology][Flow] Nodes: 8
[Topology][Flow] Connections: 7
[Topology][Flow] Generating flow layout
[Topology][Flow] Nodes: 2
[Topology][Flow] Connections: 1
[Topology][Flow] Generating flow layout
[Topology][Flow] Nodes: 8
[Topology][Flow] Connections: 7
[Topology][Flow] Generating flow layout
[Topology][Flow] Nodes: 2
[Topology][Flow] Connections: 1
[Topology][Flow] Generating flow layout
[Topology][Flow] Nodes: 8
[Topology][Flow] Connections: 7
[Topology][Flow] Generating flow layout
[Topology][Flow] Nodes: 2
[Topology][Flow] Connections: 1
[Topology][Flow] Generating flow layout
[Topology][Flow] Nodes: 8
[Topology][Flow] Connections: 7
[Topology][Flow] Generating flow layout
[Topology][Flow] Nodes: 2
[Topology][Flow] Connections: 1
[Topology][Flow] Generating flow layout
[Topology][Flow] Nodes: 8
[Topology][Flow] Connections: 7
[Topology][Flow] Generating flow layout
[Topology][Flow] Nodes: 2
[Topology][Flow] Connections: 1
[Topology][Flow] Generating flow layout
[Topology][Flow] Nodes: 8
[Topology][Flow] Connections: 7
[Topology][Flow] Generating flow layout
[Topology][Flow] Nodes: 2
[Topology][Flow] Connections: 1
[Topology][Flow] Generating flow layout
[Topology][Flow] Nodes: 8
[Topology][Flow] Connections: 7
[Topology][Flow] Generating flow layout
[Topology][Flow] Nodes: 2
[Topology][Flow] Connections: 1
[Topology][Flow] Generating flow layout
[Topology][Flow] Nodes: 8
[Topology][Flow] Connections: 7
[Topology][Flow] Generating flow layout
[Topology][Flow] Nodes: 2
[Topology][Flow] Connections: 1
[Topology][Flow] Generating flow layout
[Topology][Flow] Nodes: 8
[Topology][Flow] Connections: 7
[Topology][Flow] Generating flow layout
[Topology][Flow] Nodes: 2
[Topology][Flow] Connections: 1
[Topology][Flow] Generating flow layout
[Topology][Flow] Nodes: 8
[Topology][Flow] Connections: 7
[Topology][Flow] Generating flow layout
[Topology][Flow] Nodes: 2
[Topology][Flow] Connections: 1
[Topology][Flow] Generating flow layout
[Topology][Flow] Nodes: 8
[Topology][Flow] Connections: 7
[Topology][Flow] Generating flow layout
[Topology][Flow] Nodes: 2
[Topology][Flow] Connections: 1
[Topology][Flow] Generating flow layout
[Topology][Flow] Nodes: 8
[Topology][Flow] Connections: 7
[Topology][Flow] Generating flow layout
[Topology][Flow] Nodes: 2
[Topology][Flow] Connections: 1
[Topology][Flow] Generating flow layout
[Topology][Flow] Nodes: 8
[Topology][Flow] Connections: 7
[Topology][Flow] Generating flow layout
[Topology][Flow] Nodes: 2
[Topology][Flow] Connections: 1
[Topology][Flow] Generating flow layout
[Topology][Flow] Nodes: 8
[Topology][Flow] Connections: 7
[Topology][Flow] Generating flow layout
[Topology][Flow] Nodes: 2
[Topology][Flow] Connections: 1
[Topology][Flow] Generating flow layout
[Topology][Flow] Nodes: 8
[Topology][Flow] Connections: 7
[Topology][Flow] Generating flow layout
[Topology][Flow] Nodes: 2
[Topology][Flow] Connections: 1
[Topology][Flow] Generating flow layout
[Topology][Flow] Nodes: 8
[Topology][Flow] Connections: 7
[Topology][Flow] Generating flow layout
[Topology][Flow] Nodes: 2
[Topology][Flow] Connections: 1
[Topology][Flow] Generating flow layout
[Topology][Flow] Nodes: 8
[Topology][Flow] Connections: 7
[Topology][Flow] Generating flow layout
[Topology][Flow] Nodes: 2
[Topology][Flow] Connections: 1
[Topology][Flow] Generating flow layout
[Topology][Flow] Nodes: 8
[Topology][Flow] Connections: 7
[Topology][Flow] Generating flow layout
[Topology][Flow] Nodes: 2
[Topology][Flow] Connections: 1
[Topology][Flow] Generating flow layout
[Topology][Flow] Nodes: 8
[Topology][Flow] Connections: 7
[Topology][Flow] Generating flow layout
[Topology][Flow] Nodes: 2
[Topology][Flow] Connections: 1
[Topology][Flow] Generating flow layout
[Topology][Flow] Nodes: 8
[Topology][Flow] Connections: 7
[Topology][Flow] Generating flow layout
[Topology][Flow] Nodes: 2
[Topology][Flow] Connections: 1
[Topology][Flow] Generating flow layout
[Topology][Flow] Nodes: 8
[Topology][Flow] Connections: 7
[Topology][Flow] Generating flow layout
[Topology][Flow] Nodes: 2
[Topology][Flow] Connections: 1
[Topology][Flow] Generating flow layout
[Topology][Flow] Nodes: 8
[Topology][Flow] Connections: 7
[Topology][Flow] Generating flow layout
[Topology][Flow] Nodes: 2
[Topology][Flow] Connections: 1
[Topology][Flow] Generating flow layout
[Topology][Flow] Nodes: 8
[Topology][Flow] Connections: 7
[Topology][Flow] Generating flow layout
[Topology][Flow] Nodes: 2
[Topology][Flow] Connections: 1
[Topology][Flow] Generating flow layout
[Topology][Flow] Nodes: 8
[Topology][Flow] Connections: 7
[Topology][Flow] Generating flow layout
[Topology][Flow] Nodes: 2
[Topology][Flow] Connections: 1
[Topology][Flow] Generating flow layout
[Topology][Flow] Nodes: 8
[Topology][Flow] Connections: 7
[Topology][Flow] Generating flow layout
[Topology][Flow] Nodes: 2
[Topology][Flow] Connections: 1
[Topology][Flow] Generating flow layout
[Topology][Flow] Nodes: 8
[Topology][Flow] Connections: 7
[Topology][Flow] Generating flow layout
[Topology][Flow] Nodes: 2
[Topology][Flow] Connections: 1
[Topology][Flow] Generating flow layout
[Topology][Flow] Nodes: 8
[Topology][Flow] Connections: 7
[Topology][Flow] Generating flow layout
[Topology][Flow] Nodes: 2
[Topology][Flow] Connections: 1
[Topology][Flow] Generating flow layout
[Topology][Flow] Nodes: 8
[Topology][Flow] Connections: 7
[Topology][Flow] Generating flow layout
[Topology][Flow] Nodes: 2
[Topology][Flow] Connections: 1
[Topology][Flow] Generating flow layout
[Topology][Flow] Nodes: 8
[Topology][Flow] Connections: 7
[Topology][Flow] Generating flow layout
[Topology][Flow] Nodes: 2
[Topology][Flow] Connections: 1
[Topology][Flow] Generating flow layout
[Topology][Flow] Nodes: 8
[Topology][Flow] Connections: 7
[Topology][Flow] Generating flow layout
[Topology][Flow] Nodes: 2
[Topology][Flow] Connections: 1
[Topology][Flow] Generating flow layout
[Topology][Flow] Nodes: 8
[Topology][Flow] Connections: 7
[Topology][Flow] Generating flow layout
[Topology][Flow] Nodes: 2
[Topology][Flow] Connections: 1
[Topology][Flow] Generating flow layout
[Topology][Flow] Nodes: 8
[Topology][Flow] Connections: 7
[Topology][Flow] Generating flow layout
[Topology][Flow] Nodes: 2
[Topology][Flow] Connections: 1
[Topology][Flow] Generating flow layout
[Topology][Flow] Nodes: 8
[Topology][Flow] Connections: 7
[Topology][Flow] Generating flow layout
[Topology][Flow] Nodes: 2
[Topology][Flow] Connections: 1
[Topology][Flow] Generating flow layout
[Topology][Flow] Nodes: 8
[Topology][Flow] Connections: 7
[Topology][Flow] Generating flow layout
[Topology][Flow] Nodes: 2
[Topology][Flow] Connections: 1
[Topology][Flow] Generating flow layout
[Topology][Flow] Nodes: 8
[Topology][Flow] Connections: 7
[Topology][Flow] Generating flow layout
[Topology][Flow] Nodes: 2
[Topology][Flow] Connections: 1
[Topology][Flow] Generating flow layout
[Topology][Flow] Nodes: 8
[Topology][Flow] Connections: 7
[Topology][Flow] Generating flow layout
[Topology][Flow] Nodes: 2
[Topology][Flow] Connections: 1
[Topology][Flow] Generating flow layout
[Topology][Flow] Nodes: 8
[Topology][Flow] Connections: 7
[Topology][Flow] Generating flow layout
[Topology][Flow] Nodes: 2
[Topology][Flow] Connections: 1
[Topology][Flow] Generating flow layout
[Topology][Flow] Nodes: 8
[Topology][Flow] Connections: 7
[Topology][Flow] Generating flow layout
[Topology][Flow] Nodes: 2
[Topology][Flow] Connections: 1
[Topology][Flow] Generating flow layout
[Topology][Flow] Nodes: 8
[Topology][Flow] Connections: 7
[Topology][Flow] Generating flow layout
[Topology][Flow] Nodes: 2
[Topology][Flow] Connections: 1
[Topology][Flow] Generating flow layout
[Topology][Flow] Nodes: 8
[Topology][Flow] Connections: 7
[Topology][Flow] Generating flow layout
[Topology][Flow] Nodes: 2
[Topology][Flow] Connections: 1
[Topology][Flow] Generating flow layout
[Topology][Flow] Nodes: 8
[Topology][Flow] Connections: 7
[Topology][Flow] Generating flow layout
[Topology][Flow] Nodes: 2
[Topology][Flow] Connections: 1
[Topology][Flow] Generating flow layout
[Topology][Flow] Nodes: 8
[Topology][Flow] Connections: 7
[Topology][Flow] Generating flow layout
[Topology][Flow] Nodes: 2
[Topology][Flow] Connections: 1
[Topology][Flow] Generating flow layout
[Topology][Flow] Nodes: 8
[Topology][Flow] Connections: 7
[Topology][Flow] Generating flow layout
[Topology][Flow] Nodes: 2
[Topology][Flow] Connections: 1
[Topology][Flow] Generating flow layout
[Topology][Flow] Nodes: 8
[Topology][Flow] Connections: 7
[Topology][Flow] Generating flow layout
[Topology][Flow] Nodes: 2
[Topology][Flow] Connections: 1
[Topology][Flow] Generating flow layout
[Topology][Flow] Nodes: 8
[Topology][Flow] Connections: 7
[Topology][Flow] Generating flow layout
[Topology][Flow] Nodes: 2
[Topology][Flow] Connections: 1
[Topology][Flow] Generating flow layout
[Topology][Flow] Nodes: 8
[Topology][Flow] Connections: 7
[Topology][Flow] Generating flow layout
[Topology][Flow] Nodes: 2
[Topology][Flow] Connections: 1
[Topology][Flow] Generating flow layout
[Topology][Flow] Nodes: 8
[Topology][Flow] Connections: 7
[Topology][Flow] Generating flow layout
[Topology][Flow] Nodes: 2
[Topology][Flow] Connections: 1
[Topology][Flow] Generating flow layout
[Topology][Flow] Nodes: 8
[Topology][Flow] Connections: 7
[Topology][Flow] Generating flow layout
[Topology][Flow] Nodes: 2
[Topology][Flow] Connections: 1
[Topology][Flow] Generating flow layout
[Topology][Flow] Nodes: 8
[Topology][Flow] Connections: 7
[Topology][Flow] Generating flow layout
[Topology][Flow] Nodes: 2
[Topology][Flow] Connections: 1
[Topology][Flow] Generating flow layout
[Topology][Flow] Nodes: 8
[Topology][Flow] Connections: 7
[Topology][Flow] Generating flow layout
[Topology][Flow] Nodes: 2
[Topology][Flow] Connections: 1
[Topology][Flow] Generating flow layout
[Topology][Flow] Nodes: 8
[Topology][Flow] Connections: 7
[Topology][Flow] Generating flow layout
[Topology][Flow] Nodes: 2
[Topology][Flow] Connections: 1
[Topology][Flow] Generating flow layout
[Topology][Flow] Nodes: 8
[Topology][Flow] Connections: 7
[Topology][Flow] Generating flow layout
[Topology][Flow] Nodes: 2
[Topology][Flow] Connections: 1
[Topology][Flow] Generating flow layout
[Topology][Flow] Nodes: 8
[Topology][Flow] Connections: 7
[Topology][Flow] Generating flow layout
[Topology][Flow] Nodes: 2
[Topology][Flow] Connections: 1
[Topology][Flow] Generating flow layout
[Topology][Flow] Nodes: 8
[Topology][Flow] Connections: 7
[Topology][Flow] Generating flow layout
[Topology][Flow] Nodes: 2
[Topology][Flow] Connections: 1
[Topology][Flow] Generating flow layout
[Topology][Flow] Nodes: 8
[Topology][Flow] Connections: 7
[Topology][Flow] Generating flow layout
[Topology][Flow] Nodes: 2
[Topology][Flow] Connections: 1
[Topology][Flow] Generating flow layout
[Topology][Flow] Nodes: 8
[Topology][Flow] Connections: 7
[Topology][Flow] Generating flow layout
[Topology][Flow] Nodes: 2
[Topology][Flow] Connections: 1
[Topology][Flow] Generating flow layout
[Topology][Flow] Nodes: 8
[Topology][Flow] Connections: 7
[Topology][Flow] Generating flow layout
[Topology][Flow] Nodes: 2
[Topology][Flow] Connections: 1
[Topology][Flow] Generating flow layout
[Topology][Flow] Nodes: 8
[Topology][Flow] Connections: 7
[Topology][Flow] Generating flow layout
[Topology][Flow] Nodes: 2
[Topology][Flow] Connections: 1
[Topology][Flow] Generating flow layout
[Topology][Flow] Nodes: 8
[Topology][Flow] Connections: 7
[Topology][Flow] Generating flow layout
[Topology][Flow] Nodes: 2
[Topology][Flow] Connections: 1
[Topology][Flow] Generating flow layout
[Topology][Flow] Nodes: 8
[Topology][Flow] Connections: 7
[Topology][Flow] Generating flow layout
[Topology][Flow] Nodes: 2
[Topology][Flow] Connections: 1
[Topology][Flow] Generating flow layout
[Topology][Flow] Nodes: 8
[Topology][Flow] Connections: 7
[Topology][Flow] Generating flow layout
[Topology][Flow] Nodes: 2
[Topology][Flow] Connections: 1
[Topology][Flow] Generating flow layout
[Topology][Flow] Nodes: 8
[Topology][Flow] Connections: 7
[Topology][Flow] Generating flow layout
[Topology][Flow] Nodes: 2
[Topology][Flow] Connections: 1
[Topology][Flow] Generating flow layout
[Topology][Flow] Nodes: 8
[Topology][Flow] Connections: 7
[Topology][Flow] Generating flow layout
[Topology][Flow] Nodes: 2
[Topology][Flow] Connections: 1
[Topology][Flow] Generating flow layout
[Topology][Flow] Nodes: 8
[Topology][Flow] Connections: 7
[Topology][Flow] Generating flow layout
[Topology][Flow] Nodes: 2
[Topology][Flow] Connections: 1
[Topology][Flow] Generating flow layout
[Topology][Flow] Nodes: 8
[Topology][Flow] Connections: 7
[Topology][Flow] Generating flow layout
[Topology][Flow] Nodes: 2
[Topology][Flow] Connections: 1
[Topology][Flow] Generating flow layout
[Topology][Flow] Nodes: 8
[Topology][Flow] Connections: 7
[Topology][Flow] Generating flow layout
[Topology][Flow] Nodes: 2
[Topology][Flow] Connections: 1
[Topology][Flow] Generating flow layout
[Topology][Flow] Nodes: 8
[Topology][Flow] Connections: 7
[Topology][Flow] Generating flow layout
[Topology][Flow] Nodes: 2
[Topology][Flow] Connections: 1
[Topology][Flow] Generating flow layout
[Topology][Flow] Nodes: 8
[Topology][Flow] Connections: 7
[Topology][Flow] Generating flow layout
[Topology][Flow] Nodes: 2
[Topology][Flow] Connections: 1
[Topology][Flow] Generating flow layout
[Topology][Flow] Nodes: 8
[Topology][Flow] Connections: 7
[Topology][Flow] Generating flow layout
[Topology][Flow] Nodes: 2
[Topology][Flow] Connections: 1
[Topology][Flow] Generating flow layout
[Topology][Flow] Nodes: 8
[Topology][Flow] Connections: 7
[Topology][Flow] Generating flow layout
[Topology][Flow] Nodes: 2
[Topology][Flow] Connections: 1
[Topology][Flow] Generating flow layout
[Topology][Flow] Nodes: 8
[Topology][Flow] Connections: 7
[Topology][Flow] Generating flow layout
[Topology][Flow] Nodes: 2
[Topology][Flow] Connections: 1
[Topology][Flow] Generating flow layout
[Topology][Flow] Nodes: 8
[Topology][Flow] Connections: 7
[Topology][Flow] Generating flow layout
[Topology][Flow] Nodes: 2
[Topology][Flow] Connections: 1
[Topology][Flow] Generating flow layout
[Topology][Flow] Nodes: 8
[Topology][Flow] Connections: 7
[Topology][Flow] Generating flow layout
[Topology][Flow] Nodes: 2
[Topology][Flow] Connections: 1
[Topology][Flow] Generating flow layout
[Topology][Flow] Nodes: 8
[Topology][Flow] Connections: 7
[Topology][Flow] Generating flow layout
[Topology][Flow] Nodes: 2
[Topology][Flow] Connections: 1
[Topology][Flow] Generating flow layout
[Topology][Flow] Nodes: 8
[Topology][Flow] Connections: 7
[Topology][Flow] Generating flow layout
[Topology][Flow] Nodes: 2
[Topology][Flow] Connections: 1
[Topology][Flow] Generating flow layout
[Topology][Flow] Nodes: 8
[Topology][Flow] Connections: 7
[Topology][Flow] Generating flow layout
[Topology][Flow] Nodes: 2
[Topology][Flow] Connections: 1
[Topology][Flow] Generating flow layout
[Topology][Flow] Nodes: 8
[Topology][Flow] Connections: 7
[Topology][Flow] Generating flow layout
[Topology][Flow] Nodes: 2
[Topology][Flow] Connections: 1
[Topology][Flow] Generating flow layout
[Topology][Flow] Nodes: 8
[Topology][Flow] Connections: 7
[Topology][Flow] Generating flow layout
[Topology][Flow] Nodes: 2
[Topology][Flow] Connections: 1
[Topology][Flow] Generating flow layout
[Topology][Flow] Nodes: 8
[Topology][Flow] Connections: 7
[Topology][Flow] Generating flow layout
[Topology][Flow] Nodes: 2
[Topology][Flow] Connections: 1
[Topology][Flow] Generating flow layout
[Topology][Flow] Nodes: 8
[Topology][Flow] Connections: 7
[Topology][Flow] Generating flow layout
[Topology][Flow] Nodes: 2
[Topology][Flow] Connections: 1
[Topology][Flow] Generating flow layout
[Topology][Flow] Nodes: 8
[Topology][Flow] Connections: 7
[Topology][Flow] Generating flow layout
[Topology][Flow] Nodes: 2
[Topology][Flow] Connections: 1
[Topology][Flow] Generating flow layout
[Topology][Flow] Nodes: 8
[Topology][Flow] Connections: 7
[Topology][Flow] Generating flow layout
[Topology][Flow] Nodes: 2
[Topology][Flow] Connections: 1
[Topology][Flow] Generating flow layout
[Topology][Flow] Nodes: 8
[Topology][Flow] Connections: 7
[Topology][Flow] Generating flow layout
[Topology][Flow] Nodes: 2
[Topology][Flow] Connections: 1
[Topology][Flow] Generating flow layout
[Topology][Flow] Nodes: 8
[Topology][Flow] Connections: 7
[Topology][Flow] Generating flow layout
[Topology][Flow] Nodes: 2
[Topology][Flow] Connections: 1
[Topology][Flow] Generating flow layout
[Topology][Flow] Nodes: 8
[Topology][Flow] Connections: 7
[Topology][Flow] Generating flow layout
[Topology][Flow] Nodes: 2
[Topology][Flow] Connections: 1
[Topology][Flow] Generating flow layout
[Topology][Flow] Nodes: 8
[Topology][Flow] Connections: 7
[Topology][Flow] Generating flow layout
[Topology][Flow] Nodes: 2
[Topology][Flow] Connections: 1
[Topology][Flow] Generating flow layout
[Topology][Flow] Nodes: 8
[Topology][Flow] Connections: 7
[Topology][Flow] Generating flow layout
[Topology][Flow] Nodes: 2
[Topology][Flow] Connections: 1
[Topology][Flow] Generating flow layout
[Topology][Flow] Nodes: 8
[Topology][Flow] Connections: 7
[Topology][Flow] Generating flow layout
[Topology][Flow] Nodes: 2
[Topology][Flow] Connections: 1
[Topology][Flow] Generating flow layout
[Topology][Flow] Nodes: 8
[Topology][Flow] Connections: 7
[Topology][Flow] Generating flow layout
[Topology][Flow] Nodes: 2
[Topology][Flow] Connections: 1
[Topology][Flow] Generating flow layout
[Topology][Flow] Nodes: 8
[Topology][Flow] Connections: 7
[Topology][Flow] Generating flow layout
[Topology][Flow] Nodes: 2
[Topology][Flow] Connections: 1
[Topology][Flow] Generating flow layout
[Topology][Flow] Nodes: 8
[Topology][Flow] Connections: 7
[Topology][Flow] Generating flow layout
[Topology][Flow] Nodes: 2
[Topology][Flow] Connections: 1
[Topology][Flow] Generating flow layout
[Topology][Flow] Nodes: 8
[Topology][Flow] Connections: 7
[Topology][Flow] Generating flow layout
[Topology][Flow] Nodes: 2
[Topology][Flow] Connections: 1
[Topology][Flow] Generating flow layout
[Topology][Flow] Nodes: 8
[Topology][Flow] Connections: 7
[Topology][Flow] Generating flow layout
[Topology][Flow] Nodes: 2
[Topology][Flow] Connections: 1
[Topology][Flow] Generating flow layout
[Topology][Flow] Nodes: 8
[Topology][Flow] Connections: 7
[Topology][Flow] Generating flow layout
[Topology][Flow] Nodes: 2
[Topology][Flow] Connections: 1
[Topology][Flow] Generating flow layout
[Topology][Flow] Nodes: 8
[Topology][Flow] Connections: 7
[Topology][Flow] Generating flow layout
[Topology][Flow] Nodes: 2
[Topology][Flow] Connections: 1
[Topology][Flow] Generating flow layout
[Topology][Flow] Nodes: 8
[Topology][Flow] Connections: 7
[Topology][Flow] Generating flow layout
[Topology][Flow] Nodes: 2
[Topology][Flow] Connections: 1
[Topology][Flow] Generating flow layout
[Topology][Flow] Nodes: 8
[Topology][Flow] Connections: 7
[Topology][Flow] Generating flow layout
[Topology][Flow] Nodes: 2
[Topology][Flow] Connections: 1
[Topology][Flow] Generating flow layout
[Topology][Flow] Nodes: 8
[Topology][Flow] Connections: 7
[Topology][Flow] Generating flow layout
[Topology][Flow] Nodes: 2
[Topology][Flow] Connections: 1
[Topology][Flow] Generating flow layout
[Topology][Flow] Nodes: 8
[Topology][Flow] Connections: 7
[Topology][Flow] Generating flow layout
[Topology][Flow] Nodes: 2
[Topology][Flow] Connections: 1
[Topology][Flow] Generating flow layout
[Topology][Flow] Nodes: 8
[Topology][Flow] Connections: 7
[Topology][Flow] Generating flow layout
[Topology][Flow] Nodes: 2
[Topology][Flow] Connections: 1
[Topology][Flow] Generating flow layout
[Topology][Flow] Nodes: 8
[Topology][Flow] Connections: 7
[Topology][Flow] Generating flow layout
[Topology][Flow] Nodes: 2
[Topology][Flow] Connections: 1
[Topology][Flow] Generating flow layout
[Topology][Flow] Nodes: 8
[Topology][Flow] Connections: 7
[Topology][Flow] Generating flow layout
[Topology][Flow] Nodes: 2
[Topology][Flow] Connections: 1
[Topology][Flow] Generating flow layout
[Topology][Flow] Nodes: 8
[Topology][Flow] Connections: 7
[Topology][Flow] Generating flow layout
[Topology][Flow] Nodes: 2
[Topology][Flow] Connections: 1
[Topology][Flow] Generating flow layout
[Topology][Flow] Nodes: 8
[Topology][Flow] Connections: 7
[Topology][Flow] Generating flow layout
[Topology][Flow] Nodes: 2
[Topology][Flow] Connections: 1
[Topology][Flow] Generating flow layout
[Topology][Flow] Nodes: 8
[Topology][Flow] Connections: 7
[Topology][Flow] Generating flow layout
[Topology][Flow] Nodes: 2
[Topology][Flow] Connections: 1
[Topology][Flow] Generating flow layout
[Topology][Flow] Nodes: 8
[Topology][Flow] Connections: 7
[Topology][Flow] Generating flow layout
[Topology][Flow] Nodes: 2
[Topology][Flow] Connections: 1
[Topology][Flow] Generating flow layout
[Topology][Flow] Nodes: 8
[Topology][Flow] Connections: 7
[Topology][Flow] Generating flow layout
[Topology][Flow] Nodes: 2
[Topology][Flow] Connections: 1
[Topology][Flow] Generating flow layout
[Topology][Flow] Nodes: 8
[Topology][Flow] Connections: 7
[Topology][Flow] Generating flow layout
[Topology][Flow] Nodes: 2
[Topology][Flow] Connections: 1
[Topology][Flow] Generating flow layout
[Topology][Flow] Nodes: 8
[Topology][Flow] Connections: 7
[Topology][Flow] Generating flow layout
[Topology][Flow] Nodes: 2
[Topology][Flow] Connections: 1
[Topology][Flow] Generating flow layout
[Topology][Flow] Nodes: 8
[Topology][Flow] Connections: 7
[Topology][Flow] Generating flow layout
[Topology][Flow] Nodes: 2
[Topology][Flow] Connections: 1
[Topology][Flow] Generating flow layout
[Topology][Flow] Nodes: 8
[Topology][Flow] Connections: 7
[Topology][Flow] Generating flow layout
[Topology][Flow] Nodes: 2
[Topology][Flow] Connections: 1
[Topology][Flow] Generating flow layout
[Topology][Flow] Nodes: 8
[Topology][Flow] Connections: 7
[Topology][Flow] Generating flow layout
[Topology][Flow] Nodes: 2
[Topology][Flow] Connections: 1
[Topology][Flow] Generating flow layout
[Topology][Flow] Nodes: 8
[Topology][Flow] Connections: 7
[Topology][Flow] Generating flow layout
[Topology][Flow] Nodes: 2
[Topology][Flow] Connections: 1
[Topology][Flow] Generating flow layout
[Topology][Flow] Nodes: 8
[Topology][Flow] Connections: 7
[Topology][Flow] Generating flow layout
[Topology][Flow] Nodes: 2
[Topology][Flow] Connections: 1
[Topology][Flow] Generating flow layout
[Topology][Flow] Nodes: 8
[Topology][Flow] Connections: 7
[Topology][Flow] Generating flow layout
[Topology][Flow] Nodes: 2
[Topology][Flow] Connections: 1
[Topology][Flow] Generating flow layout
[Topology][Flow] Nodes: 8
[Topology][Flow] Connections: 7
[Topology][Flow] Generating flow layout
[Topology][Flow] Nodes: 2
[Topology][Flow] Connections: 1
[Topology][Flow] Generating flow layout
[Topology][Flow] Nodes: 8
[Topology][Flow] Connections: 7
[Topology][Flow] Generating flow layout
[Topology][Flow] Nodes: 2
[Topology][Flow] Connections: 1
[Topology][Flow] Generating flow layout
[Topology][Flow] Nodes: 8
[Topology][Flow] Connections: 7
[Topology][Flow] Generating flow layout
[Topology][Flow] Nodes: 2
[Topology][Flow] Connections: 1
[Topology][Flow] Generating flow layout
[Topology][Flow] Nodes: 8
[Topology][Flow] Connections: 7
[Topology][Flow] Generating flow layout
[Topology][Flow] Nodes: 2
[Topology][Flow] Connections: 1
[Topology][Flow] Generating flow layout
[Topology][Flow] Nodes: 8
[Topology][Flow] Connections: 7
[Topology][Flow] Generating flow layout
[Topology][Flow] Nodes: 2
[Topology][Flow] Connections: 1
[Topology][Flow] Generating flow layout
[Topology][Flow] Nodes: 8
[Topology][Flow] Connections: 7
[Topology][Flow] Generating flow layout
[Topology][Flow] Nodes: 2
[Topology][Flow] Connections: 1
[Topology][Flow] Generating flow layout
[Topology][Flow] Nodes: 8
[Topology][Flow] Connections: 7
[Topology][Flow] Generating flow layout
[Topology][Flow] Nodes: 2
[Topology][Flow] Connections: 1
[Topology][Flow] Generating flow layout
[Topology][Flow] Nodes: 8
[Topology][Flow] Connections: 7
[Topology][Flow] Generating flow layout
[Topology][Flow] Nodes: 2
[Topology][Flow] Connections: 1
[Topology][Flow] Generating flow layout
[Topology][Flow] Nodes: 8
[Topology][Flow] Connections: 7
[Topology][Flow] Generating flow layout
[Topology][Flow] Nodes: 2
[Topology][Flow] Connections: 1
[Topology][Flow] Generating flow layout
[Topology][Flow] Nodes: 8
[Topology][Flow] Connections: 7
[Topology][Flow] Generating flow layout
[Topology][Flow] Nodes: 2
[Topology][Flow] Connections: 1
[Topology][Flow] Generating flow layout
[Topology][Flow] Nodes: 8
[Topology][Flow] Connections: 7
[Topology][Flow] Generating flow layout
[Topology][Flow] Nodes: 2
[Topology][Flow] Connections: 1
[Topology][Flow] Generating flow layout
[Topology][Flow] Nodes: 8
[Topology][Flow] Connections: 7
[Topology][Flow] Generating flow layout
[Topology][Flow] Nodes: 2
[Topology][Flow] Connections: 1
[Topology][Flow] Generating flow layout
[Topology][Flow] Nodes: 8
[Topology][Flow] Connections: 7
[Topology][Flow] Generating flow layout
[Topology][Flow] Nodes: 2
[Topology][Flow] Connections: 1
[Topology][Flow] Generating flow layout
[Topology][Flow] Nodes: 8
[Topology][Flow] Connections: 7
[Topology][Flow] Generating flow layout
[Topology][Flow] Nodes: 2
[Topology][Flow] Connections: 1
[Topology][Flow] Generating flow layout
[Topology][Flow] Nodes: 8
[Topology][Flow] Connections: 7
[Topology][Flow] Generating flow layout
[Topology][Flow] Nodes: 2
[Topology][Flow] Connections: 1
[Topology][Flow] Generating flow layout
[Topology][Flow] Nodes: 8
[Topology][Flow] Connections: 7
[Topology][Flow] Generating flow layout
[Topology][Flow] Nodes: 2
[Topology][Flow] Connections: 1
[Topology][Flow] Generating flow layout
[Topology][Flow] Nodes: 8
[Topology][Flow] Connections: 7
[Topology][Flow] Generating flow layout
[Topology][Flow] Nodes: 2
[Topology][Flow] Connections: 1
[Topology][Flow] Generating flow layout
[Topology][Flow] Nodes: 8
[Topology][Flow] Connections: 7
[Topology][Flow] Generating flow layout
[Topology][Flow] Nodes: 2
[Topology][Flow] Connections: 1
[Topology][Flow] Generating flow layout
[Topology][Flow] Nodes: 8
[Topology][Flow] Connections: 7
[Topology][Flow] Generating flow layout
[Topology][Flow] Nodes: 2
[Topology][Flow] Connections: 1
[Topology][Flow] Generating flow layout
[Topology][Flow] Nodes: 8
[Topology][Flow] Connections: 7
[Topology][Flow] Generating flow layout
[Topology][Flow] Nodes: 2
[Topology][Flow] Connections: 1
[Topology][Flow] Generating flow layout
[Topology][Flow] Nodes: 8
[Topology][Flow] Connections: 7
[Topology][Flow] Generating flow layout
[Topology][Flow] Nodes: 2
[Topology][Flow] Connections: 1
[Topology][Flow] Generating flow layout
[Topology][Flow] Nodes: 8
[Topology][Flow] Connections: 7
[Topology][Flow] Generating flow layout
[Topology][Flow] Nodes: 2
[Topology][Flow] Connections: 1
[Topology][Flow] Generating flow layout
[Topology][Flow] Nodes: 8
[Topology][Flow] Connections: 7
[Topology][Flow] Generating flow layout
[Topology][Flow] Nodes: 2
[Topology][Flow] Connections: 1
[Topology][Flow] Generating flow layout
[Topology][Flow] Nodes: 8
[Topology][Flow] Connections: 7
[Topology][Flow] Generating flow layout
[Topology][Flow] Nodes: 2
[Topology][Flow] Connections: 1
[Topology][Flow] Generating flow layout
[Topology][Flow] Nodes: 8
[Topology][Flow] Connections: 7
[Topology][Flow] Generating flow layout
[Topology][Flow] Nodes: 2
[Topology][Flow] Connections: 1
[Topology][Flow] Generating flow layout
[Topology][Flow] Nodes: 8
[Topology][Flow] Connections: 7
[Topology][Flow] Generating flow layout
[Topology][Flow] Nodes: 2
[Topology][Flow] Connections: 1
[Topology][Flow] Generating flow layout
[Topology][Flow] Nodes: 8
[Topology][Flow] Connections: 7
[Topology][Flow] Generating flow layout
[Topology][Flow] Nodes: 2
[Topology][Flow] Connections: 1
[Topology][Flow] Generating flow layout
[Topology][Flow] Nodes: 8
[Topology][Flow] Connections: 7
[Topology][Flow] Generating flow layout
[Topology][Flow] Nodes: 2
[Topology][Flow] Connections: 1
[Topology][Flow] Generating flow layout
[Topology][Flow] Nodes: 8
[Topology][Flow] Connections: 7
[Topology][Flow] Generating flow layout
[Topology][Flow] Nodes: 2
[Topology][Flow] Connections: 1
[Topology][Flow] Generating flow layout
[Topology][Flow] Nodes: 8
[Topology][Flow] Connections: 7
[Topology][Flow] Generating flow layout
[Topology][Flow] Nodes: 2
[Topology][Flow] Connections: 1
[Topology][Flow] Generating flow layout
[Topology][Flow] Nodes: 8
[Topology][Flow] Connections: 7
[Topology][Flow] Generating flow layout
[Topology][Flow] Nodes: 2
[Topology][Flow] Connections: 1
[Topology][Flow] Generating flow layout
[Topology][Flow] Nodes: 8
[Topology][Flow] Connections: 7
[Topology][Flow] Generating flow layout
[Topology][Flow] Nodes: 2
[Topology][Flow] Connections: 1
[Topology][Flow] Generating flow layout
[Topology][Flow] Nodes: 8
[Topology][Flow] Connections: 7
[Topology][Flow] Generating flow layout
[Topology][Flow] Nodes: 2
[Topology][Flow] Connections: 1
[Topology][Flow] Generating flow layout
[Topology][Flow] Nodes: 8
[Topology][Flow] Connections: 7
[Topology][Flow] Generating flow layout
[Topology][Flow] Nodes: 2
[Topology][Flow] Connections: 1
[Topology][Flow] Generating flow layout
[Topology][Flow] Nodes: 8
[Topology][Flow] Connections: 7
[Topology][Flow] Generating flow layout
[Topology][Flow] Nodes: 2
[Topology][Flow] Connections: 1
[Topology][Flow] Generating flow layout
[Topology][Flow] Nodes: 8
[Topology][Flow] Connections: 7
[Topology][Flow] Generating flow layout
[Topology][Flow] Nodes: 2
[Topology][Flow] Connections: 1
[Topology][Flow] Generating flow layout
[Topology][Flow] Nodes: 8
[Topology][Flow] Connections: 7
[Topology][Flow] Generating flow layout
[Topology][Flow] Nodes: 2
[Topology][Flow] Connections: 1
[Topology][Flow] Generating flow layout
[Topology][Flow] Nodes: 8
[Topology][Flow] Connections: 7
[Topology][Flow] Generating flow layout
[Topology][Flow] Nodes: 2
[Topology][Flow] Connections: 1
[Topology][Flow] Generating flow layout
[Topology][Flow] Nodes: 8
[Topology][Flow] Connections: 7
[Topology][Flow] Generating flow layout
[Topology][Flow] Nodes: 2
[Topology][Flow] Connections: 1
[Topology][Flow] Generating flow layout
[Topology][Flow] Nodes: 8
[Topology][Flow] Connections: 7
[Topology][Flow] Generating flow layout
[Topology][Flow] Nodes: 2
[Topology][Flow] Connections: 1
[Topology][Flow] Generating flow layout
[Topology][Flow] Nodes: 8
[Topology][Flow] Connections: 7
[Topology][Flow] Generating flow layout
[Topology][Flow] Nodes: 2
[Topology][Flow] Connections: 1
[Topology][Flow] Generating flow layout
[Topology][Flow] Nodes: 8
[Topology][Flow] Connections: 7
[Topology][Flow] Generating flow layout
[Topology][Flow] Nodes: 2
[Topology][Flow] Connections: 1
[Topology][Flow] Generating flow layout
[Topology][Flow] Nodes: 8
[Topology][Flow] Connections: 7
[Topology][Flow] Generating flow layout
[Topology][Flow] Nodes: 2
[Topology][Flow] Connections: 1
[Topology][Flow] Generating flow layout
[Topology][Flow] Nodes: 8
[Topology][Flow] Connections: 7
[Topology][Flow] Generating flow layout
[Topology][Flow] Nodes: 2
[Topology][Flow] Connections: 1
[Topology][Flow] Generating flow layout
[Topology][Flow] Nodes: 8
[Topology][Flow] Connections: 7
[Topology][Flow] Generating flow layout
[Topology][Flow] Nodes: 2
[Topology][Flow] Connections: 1
[Topology][Flow] Generating flow layout
[Topology][Flow] Nodes: 8
[Topology][Flow] Connections: 7
[Topology][Flow] Generating flow layout
[Topology][Flow] Nodes: 2
[Topology][Flow] Connections: 1
[Topology][Flow] Generating flow layout
[Topology][Flow] Nodes: 8
[Topology][Flow] Connections: 7
[Topology][Flow] Generating flow layout
[Topology][Flow] Nodes: 2
[Topology][Flow] Connections: 1
[Topology][Flow] Generating flow layout
[Topology][Flow] Nodes: 8
[Topology][Flow] Connections: 7
[Topology][Flow] Generating flow layout
[Topology][Flow] Nodes: 2
[Topology][Flow] Connections: 1
[Topology][Flow] Generating flow layout
[Topology][Flow] Nodes: 8
[Topology][Flow] Connections: 7
[Topology][Flow] Generating flow layout
[Topology][Flow] Nodes: 2
[Topology][Flow] Connections: 1
[Topology][Flow] Generating flow layout
[Topology][Flow] Nodes: 8
[Topology][Flow] Connections: 7
[Topology][Flow] Generating flow layout
[Topology][Flow] Nodes: 2
[Topology][Flow] Connections: 1
[Topology][Flow] Generating flow layout
[Topology][Flow] Nodes: 8
[Topology][Flow] Connections: 7
[Topology][Flow] Generating flow layout
[Topology][Flow] Nodes: 2
[Topology][Flow] Connections: 1
[Topology][Flow] Generating flow layout
[Topology][Flow] Nodes: 8
[Topology][Flow] Connections: 7
[Topology][Flow] Generating flow layout
[Topology][Flow] Nodes: 2
[Topology][Flow] Connections: 1
[Topology][Flow] Generating flow layout
[Topology][Flow] Nodes: 8
[Topology][Flow] Connections: 7
[Topology][Flow] Generating flow layout
[Topology][Flow] Nodes: 2
[Topology][Flow] Connections: 1
[Topology][Flow] Generating flow layout
[Topology][Flow] Nodes: 8
[Topology][Flow] Connections: 7
[Topology][Flow] Generating flow layout
[Topology][Flow] Nodes: 2
[Topology][Flow] Connections: 1
[Topology][Flow] Generating flow layout
[Topology][Flow] Nodes: 8
[Topology][Flow] Connections: 7
[Topology][Flow] Generating flow layout
[Topology][Flow] Nodes: 2
[Topology][Flow] Connections: 1
[Topology][Flow] Generating flow layout
[Topology][Flow] Nodes: 8
[Topology][Flow] Connections: 7
[Topology][Flow] Generating flow layout
[Topology][Flow] Nodes: 2
[Topology][Flow] Connections: 1
[Topology][Flow] Generating flow layout
[Topology][Flow] Nodes: 8
[Topology][Flow] Connections: 7
[Topology][Flow] Generating flow layout
[Topology][Flow] Nodes: 2
[Topology][Flow] Connections: 1
[Topology][Flow] Generating flow layout
[Topology][Flow] Nodes: 8
[Topology][Flow] Connections: 7
[Topology][Flow] Generating flow layout
[Topology][Flow] Nodes: 2
[Topology][Flow] Connections: 1
[Topology][Flow] Generating flow layout
[Topology][Flow] Nodes: 8
[Topology][Flow] Connections: 7
[Topology][Flow] Generating flow layout
[Topology][Flow] Nodes: 2
[Topology][Flow] Connections: 1
[Topology][Flow] Generating flow layout
[Topology][Flow] Nodes: 8
[Topology][Flow] Connections: 7
[Topology][Flow] Generating flow layout
[Topology][Flow] Nodes: 2
[Topology][Flow] Connections: 1
[Topology][Flow] Generating flow layout
[Topology][Flow] Nodes: 8
[Topology][Flow] Connections: 7
[Topology][Flow] Generating flow layout
[Topology][Flow] Nodes: 2
[Topology][Flow] Connections: 1
[Topology][Flow] Generating flow layout
[Topology][Flow] Nodes: 8
[Topology][Flow] Connections: 7
[Topology][Flow] Generating flow layout
[Topology][Flow] Nodes: 2
[Topology][Flow] Connections: 1
[Topology][Flow] Generating flow layout
[Topology][Flow] Nodes: 8
[Topology][Flow] Connections: 7
[Topology][Flow] Generating flow layout
[Topology][Flow] Nodes: 2
[Topology][Flow] Connections: 1
[Topology][Flow] Generating flow layout
[Topology][Flow] Nodes: 8
[Topology][Flow] Connections: 7
[Topology][Flow] Generating flow layout
[Topology][Flow] Nodes: 2
[Topology][Flow] Connections: 1
[Topology][Flow] Generating flow layout
[Topology][Flow] Nodes: 8
[Topology][Flow] Connections: 7
[Topology][Flow] Generating flow layout
[Topology][Flow] Nodes: 2
[Topology][Flow] Connections: 1
[Topology][Flow] Generating flow layout
[Topology][Flow] Nodes: 8
[Topology][Flow] Connections: 7
[Topology][Flow] Generating flow layout
[Topology][Flow] Nodes: 2
[Topology][Flow] Connections: 1
[Topology][Flow] Generating flow layout
[Topology][Flow] Nodes: 8
[Topology][Flow] Connections: 7
[Topology][Flow] Generating flow layout
[Topology][Flow] Nodes: 2
[Topology][Flow] Connections: 1
[Topology][Flow] Generating flow layout
[Topology][Flow] Nodes: 8
[Topology][Flow] Connections: 7
[Topology][Flow] Generating flow layout
[Topology][Flow] Nodes: 2
[Topology][Flow] Connections: 1
[Topology][Flow] Generating flow layout
[Topology][Flow] Nodes: 8
[Topology][Flow] Connections: 7
[Topology][Flow] Generating flow layout
[Topology][Flow] Nodes: 2
[Topology][Flow] Connections: 1
[Topology][Flow] Generating flow layout
[Topology][Flow] Nodes: 8
[Topology][Flow] Connections: 7
[Topology][Flow] Generating flow layout
[Topology][Flow] Nodes: 2
[Topology][Flow] Connections: 1
[Topology][Flow] Generating flow layout
[Topology][Flow] Nodes: 8
[Topology][Flow] Connections: 7
[Topology][Flow] Generating flow layout
[Topology][Flow] Nodes: 2
[Topology][Flow] Connections: 1
[Topology][Flow] Generating flow layout
[Topology][Flow] Nodes: 8
[Topology][Flow] Connections: 7
[Topology][Flow] Generating flow layout
[Topology][Flow] Nodes: 2
[Topology][Flow] Connections: 1
[Topology][Flow] Generating flow layout
[Topology][Flow] Nodes: 8
[Topology][Flow] Connections: 7
[Topology][Flow] Generating flow layout
[Topology][Flow] Nodes: 2
[Topology][Flow] Connections: 1
[Topology][Flow] Generating flow layout
[Topology][Flow] Nodes: 8
[Topology][Flow] Connections: 7
[Topology][Flow] Generating flow layout
[Topology][Flow] Nodes: 2
[Topology][Flow] Connections: 1
[Topology][Flow] Generating flow layout
[Topology][Flow] Nodes: 8
[Topology][Flow] Connections: 7
[Topology][Flow] Generating flow layout
[Topology][Flow] Nodes: 2
[Topology][Flow] Connections: 1
[Topology][Flow] Generating flow layout
[Topology][Flow] Nodes: 8
[Topology][Flow] Connections: 7
[Topology][Flow] Generating flow layout
[Topology][Flow] Nodes: 2
[Topology][Flow] Connections: 1
[Topology][Flow] Generating flow layout
[Topology][Flow] Nodes: 8
[Topology][Flow] Connections: 7
[Topology][Flow] Generating flow layout
[Topology][Flow] Nodes: 2
[Topology][Flow] Connections: 1
[Topology][Flow] Generating flow layout
[Topology][Flow] Nodes: 8
[Topology][Flow] Connections: 7
[Topology][Flow] Generating flow layout
[Topology][Flow] Nodes: 2
[Topology][Flow] Connections: 1
[Topology][Flow] Generating flow layout
[Topology][Flow] Nodes: 8
[Topology][Flow] Connections: 7
[Topology][Flow] Generating flow layout
[Topology][Flow] Nodes: 2
[Topology][Flow] Connections: 1
[Topology][Flow] Generating flow layout
[Topology][Flow] Nodes: 8
[Topology][Flow] Connections: 7
[Topology][Flow] Generating flow layout
[Topology][Flow] Nodes: 2
[Topology][Flow] Connections: 1
[Topology][Flow] Generating flow layout
[Topology][Flow] Nodes: 8
[Topology][Flow] Connections: 7
[Topology][Flow] Generating flow layout
[Topology][Flow] Nodes: 2
[Topology][Flow] Connections: 1
[Topology][Flow] Generating flow layout
[Topology][Flow] Nodes: 8
[Topology][Flow] Connections: 7
[Topology][Flow] Generating flow layout
[Topology][Flow] Nodes: 2
[Topology][Flow] Connections: 1
[Topology][Flow] Generating flow layout
[Topology][Flow] Nodes: 8
[Topology][Flow] Connections: 7
[Topology][Flow] Generating flow layout
[Topology][Flow] Nodes: 2
[Topology][Flow] Connections: 1
[Topology][Flow] Generating flow layout
[Topology][Flow] Nodes: 8
[Topology][Flow] Connections: 7
[Topology][Flow] Generating flow layout
[Topology][Flow] Nodes: 2
[Topology][Flow] Connections: 1
[Topology][Flow] Generating flow layout
[Topology][Flow] Nodes: 8
[Topology][Flow] Connections: 7
[Topology][Flow] Generating flow layout
[Topology][Flow] Nodes: 2
[Topology][Flow] Connections: 1
[Topology][Flow] Generating flow layout
[Topology][Flow] Nodes: 8
[Topology][Flow] Connections: 7
[Topology][Flow] Generating flow layout
[Topology][Flow] Nodes: 2
[Topology][Flow] Connections: 1
[Topology][Flow] Generating flow layout
[Topology][Flow] Nodes: 8
[Topology][Flow] Connections: 7
[Topology][Flow] Generating flow layout
[Topology][Flow] Nodes: 2
[Topology][Flow] Connections: 1
[Topology][Flow] Generating flow layout
[Topology][Flow] Nodes: 8
[Topology][Flow] Connections: 7
[Topology][Flow] Generating flow layout
[Topology][Flow] Nodes: 2
[Topology][Flow] Connections: 1
[Topology][Flow] Generating flow layout
[Topology][Flow] Nodes: 8
[Topology][Flow] Connections: 7
[Topology][Flow] Generating flow layout
[Topology][Flow] Nodes: 2
[Topology][Flow] Connections: 1
[Topology][Flow] Generating flow layout
[Topology][Flow] Nodes: 8
[Topology][Flow] Connections: 7
[Topology][Flow] Generating flow layout
[Topology][Flow] Nodes: 2
[Topology][Flow] Connections: 1
[Topology][Flow] Generating flow layout
[Topology][Flow] Nodes: 8
[Topology][Flow] Connections: 7
[Topology][Flow] Generating flow layout
[Topology][Flow] Nodes: 2
[Topology][Flow] Connections: 1
[Topology][Flow] Generating flow layout
[Topology][Flow] Nodes: 8
[Topology][Flow] Connections: 7
[Topology][Flow] Generating flow layout
[Topology][Flow] Nodes: 2
[Topology][Flow] Connections: 1
[Topology][Flow] Generating flow layout
[Topology][Flow] Nodes: 8
[Topology][Flow] Connections: 7
[Topology][Flow] Generating flow layout
[Topology][Flow] Nodes: 2
[Topology][Flow] Connections: 1
[Topology][Flow] Generating flow layout
[Topology][Flow] Nodes: 8
[Topology][Flow] Connections: 7
[Topology][Flow] Generating flow layout
[Topology][Flow] Nodes: 2
[Topology][Flow] Connections: 1
[Topology][Flow] Generating flow layout
[Topology][Flow] Nodes: 8
[Topology][Flow] Connections: 7
[Topology][Flow] Generating flow layout
[Topology][Flow] Nodes: 2
[Topology][Flow] Connections: 1
[Topology][Flow] Generating flow layout
[Topology][Flow] Nodes: 8
[Topology][Flow] Connections: 7
[Topology][Flow] Generating flow layout
[Topology][Flow] Nodes: 2
[Topology][Flow] Connections: 1
[Topology][Flow] Generating flow layout
[Topology][Flow] Nodes: 8
[Topology][Flow] Connections: 7
[Topology][Flow] Generating flow layout
[Topology][Flow] Nodes: 2
[Topology][Flow] Connections: 1
[Topology][Flow] Generating flow layout
[Topology][Flow] Nodes: 8
[Topology][Flow] Connections: 7
[Topology][Flow] Generating flow layout
[Topology][Flow] Nodes: 2
[Topology][Flow] Connections: 1
[Topology][Flow] Generating flow layout
[Topology][Flow] Nodes: 8
[Topology][Flow] Connections: 7
[Topology][Flow] Generating flow layout
[Topology][Flow] Nodes: 2
[Topology][Flow] Connections: 1
[Topology][Flow] Generating flow layout
[Topology][Flow] Nodes: 8
[Topology][Flow] Connections: 7
[Topology][Flow] Generating flow layout
[Topology][Flow] Nodes: 2
[Topology][Flow] Connections: 1
[Topology][Flow] Generating flow layout
[Topology][Flow] Nodes: 8
[Topology][Flow] Connections: 7
[Topology][Flow] Generating flow layout
[Topology][Flow] Nodes: 2
[Topology][Flow] Connections: 1
[Topology][Flow] Generating flow layout
[Topology][Flow] Nodes: 8
[Topology][Flow] Connections: 7
[Topology][Flow] Generating flow layout
[Topology][Flow] Nodes: 2
[Topology][Flow] Connections: 1
[Topology][Flow] Generating flow layout
[Topology][Flow] Nodes: 8
[Topology][Flow] Connections: 7
[Topology][Flow] Generating flow layout
[Topology][Flow] Nodes: 2
[Topology][Flow] Connections: 1
[Topology][Flow] Generating flow layout
[Topology][Flow] Nodes: 8
[Topology][Flow] Connections: 7
[Topology][Flow] Generating flow layout
[Topology][Flow] Nodes: 2
[Topology][Flow] Connections: 1
[Topology][Flow] Generating flow layout
[Topology][Flow] Nodes: 8
[Topology][Flow] Connections: 7
[Topology][Flow] Generating flow layout
[Topology][Flow] Nodes: 2
[Topology][Flow] Connections: 1
[Topology][Flow] Generating flow layout
[Topology][Flow] Nodes: 8
[Topology][Flow] Connections: 7
[Topology][Flow] Generating flow layout
[Topology][Flow] Nodes: 2
[Topology][Flow] Connections: 1
[Topology][Flow] Generating flow layout
[Topology][Flow] Nodes: 8
[Topology][Flow] Connections: 7
[Topology][Flow] Generating flow layout
[Topology][Flow] Nodes: 2
[Topology][Flow] Connections: 1
[Topology][Flow] Generating flow layout
[Topology][Flow] Nodes: 8
[Topology][Flow] Connections: 7
[Topology][Flow] Generating flow layout
[Topology][Flow] Nodes: 2
[Topology][Flow] Connections: 1
[Topology][Flow] Generating flow layout
[Topology][Flow] Nodes: 8
[Topology][Flow] Connections: 7
[Topology][Flow] Generating flow layout
[Topology][Flow] Nodes: 2
[Topology][Flow] Connections: 1
[Topology][Flow] Generating flow layout
[Topology][Flow] Nodes: 8
[Topology][Flow] Connections: 7
[Topology][Flow] Generating flow layout
[Topology][Flow] Nodes: 2
[Topology][Flow] Connections: 1
[Topology][Flow] Generating flow layout
[Topology][Flow] Nodes: 8
[Topology][Flow] Connections: 7
[Topology][Flow] Generating flow layout
[Topology][Flow] Nodes: 2
[Topology][Flow] Connections: 1
[Topology][Flow] Generating flow layout
[Topology][Flow] Nodes: 8
[Topology][Flow] Connections: 7
[Topology][Flow] Generating flow layout
[Topology][Flow] Nodes: 2
[Topology][Flow] Connections: 1
[Topology][Flow] Generating flow layout
[Topology][Flow] Nodes: 8
[Topology][Flow] Connections: 7
[Topology][Flow] Generating flow layout
[Topology][Flow] Nodes: 2
[Topology][Flow] Connections: 1
[Topology][Flow] Generating flow layout
[Topology][Flow] Nodes: 8
[Topology][Flow] Connections: 7
[Topology][Flow] Generating flow layout
[Topology][Flow] Nodes: 2
[Topology][Flow] Connections: 1
[Topology][Flow] Generating flow layout
[Topology][Flow] Nodes: 8
[Topology][Flow] Connections: 7
[Topology][Flow] Generating flow layout
[Topology][Flow] Nodes: 2
[Topology][Flow] Connections: 1
[Topology][Flow] Generating flow layout
[Topology][Flow] Nodes: 8
[Topology][Flow] Connections: 7
[Topology][Flow] Generating flow layout
[Topology][Flow] Nodes: 2
[Topology][Flow] Connections: 1
[Topology][Flow] Generating flow layout
[Topology][Flow] Nodes: 8
[Topology][Flow] Connections: 7
[Topology][Flow] Generating flow layout
[Topology][Flow] Nodes: 2
[Topology][Flow] Connections: 1
[Topology][Flow] Generating flow layout
[Topology][Flow] Nodes: 8
[Topology][Flow] Connections: 7
[Topology][Flow] Generating flow layout
[Topology][Flow] Nodes: 2
[Topology][Flow] Connections: 1
[Topology][Flow] Generating flow layout
[Topology][Flow] Nodes: 8
[Topology][Flow] Connections: 7
[Topology][Flow] Generating flow layout
[Topology][Flow] Nodes: 2
[Topology][Flow] Connections: 1
[Topology][Flow] Generating flow layout
[Topology][Flow] Nodes: 8
[Topology][Flow] Connections: 7
[Topology][Flow] Generating flow layout
[Topology][Flow] Nodes: 2
[Topology][Flow] Connections: 1
[Topology][Flow] Generating flow layout
[Topology][Flow] Nodes: 8
[Topology][Flow] Connections: 7
[Topology][Flow] Generating flow layout
[Topology][Flow] Nodes: 2
[Topology][Flow] Connections: 1
[Topology][Flow] Generating flow layout
[Topology][Flow] Nodes: 8
[Topology][Flow] Connections: 7
[Topology][Flow] Generating flow layout
[Topology][Flow] Nodes: 2
[Topology][Flow] Connections: 1
[Topology][Flow] Generating flow layout
[Topology][Flow] Nodes: 8
[Topology][Flow] Connections: 7
[Topology][Flow] Generating flow layout
[Topology][Flow] Nodes: 2
[Topology][Flow] Connections: 1
[Topology][Flow] Generating flow layout
[Topology][Flow] Nodes: 8
[Topology][Flow] Connections: 7
[Topology][Flow] Generating flow layout
[Topology][Flow] Nodes: 2
[Topology][Flow] Connections: 1
[Topology][Flow] Generating flow layout
[Topology][Flow] Nodes: 8
[Topology][Flow] Connections: 7
[Topology][Flow] Generating flow layout
[Topology][Flow] Nodes: 2
[Topology][Flow] Connections: 1
[Topology][Flow] Generating flow layout
[Topology][Flow] Nodes: 8
[Topology][Flow] Connections: 7
[Topology][Flow] Generating flow layout
[Topology][Flow] Nodes: 2
[Topology][Flow] Connections: 1
[Topology][Flow] Generating flow layout
[Topology][Flow] Nodes: 8
[Topology][Flow] Connections: 7
[Topology][Flow] Generating flow layout
[Topology][Flow] Nodes: 2
[Topology][Flow] Connections: 1
[Topology][Flow] Generating flow layout
[Topology][Flow] Nodes: 8
[Topology][Flow] Connections: 7
[Topology][Flow] Generating flow layout
[Topology][Flow] Nodes: 2
[Topology][Flow] Connections: 1
[Topology][Flow] Generating flow layout
[Topology][Flow] Nodes: 8
[Topology][Flow] Connections: 7
[Topology][Flow] Generating flow layout
[Topology][Flow] Nodes: 2
[Topology][Flow] Connections: 1
[Topology][Flow] Generating flow layout
[Topology][Flow] Nodes: 8
[Topology][Flow] Connections: 7
[Topology][Flow] Generating flow layout
[Topology][Flow] Nodes: 2
[Topology][Flow] Connections: 1
[Topology][Flow] Generating flow layout
[Topology][Flow] Nodes: 8
[Topology][Flow] Connections: 7
[Topology][Flow] Generating flow layout
[Topology][Flow] Nodes: 2
[Topology][Flow] Connections: 1
[Topology][Flow] Generating flow layout
[Topology][Flow] Nodes: 8
[Topology][Flow] Connections: 7
[Topology][Flow] Generating flow layout
[Topology][Flow] Nodes: 2
[Topology][Flow] Connections: 1
[Topology][Flow] Generating flow layout
[Topology][Flow] Nodes: 8
[Topology][Flow] Connections: 7
[Topology][Flow] Generating flow layout
[Topology][Flow] Nodes: 2
[Topology][Flow] Connections: 1
[Topology][Flow] Generating flow layout
[Topology][Flow] Nodes: 8
[Topology][Flow] Connections: 7
[Topology][Flow] Generating flow layout
[Topology][Flow] Nodes: 2
[Topology][Flow] Connections: 1
[Topology][Flow] Generating flow layout
[Topology][Flow] Nodes: 8
[Topology][Flow] Connections: 7
[Topology][Flow] Generating flow layout
[Topology][Flow] Nodes: 2
[Topology][Flow] Connections: 1
[Topology][Flow] Generating flow layout
[Topology][Flow] Nodes: 8
[Topology][Flow] Connections: 7
[Topology][Flow] Generating flow layout
[Topology][Flow] Nodes: 2
[Topology][Flow] Connections: 1
[Topology][Flow] Generating flow layout
[Topology][Flow] Nodes: 8
[Topology][Flow] Connections: 7
[Topology][Flow] Generating flow layout
[Topology][Flow] Nodes: 2
[Topology][Flow] Connections: 1
[Topology][Flow] Generating flow layout
[Topology][Flow] Nodes: 8
[Topology][Flow] Connections: 7
[Topology][Flow] Generating flow layout
[Topology][Flow] Nodes: 2
[Topology][Flow] Connections: 1
[Topology][Flow] Generating flow layout
[Topology][Flow] Nodes: 8
[Topology][Flow] Connections: 7
[Topology][Flow] Generating flow layout
[Topology][Flow] Nodes: 2
[Topology][Flow] Connections: 1
[Topology][Flow] Generating flow layout
[Topology][Flow] Nodes: 8
[Topology][Flow] Connections: 7
[Topology][Flow] Generating flow layout
[Topology][Flow] Nodes: 2
[Topology][Flow] Connections: 1
[Topology][Flow] Generating flow layout
[Topology][Flow] Nodes: 8
[Topology][Flow] Connections: 7
[Topology][Flow] Generating flow layout
[Topology][Flow] Nodes: 2
[Topology][Flow] Connections: 1
[Topology][Flow] Generating flow layout
[Topology][Flow] Nodes: 8
[Topology][Flow] Connections: 7
[Topology][Flow] Generating flow layout
[Topology][Flow] Nodes: 2
[Topology][Flow] Connections: 1
[Topology][Flow] Generating flow layout
[Topology][Flow] Nodes: 8
[Topology][Flow] Connections: 7
[Topology][Flow] Generating flow layout
[Topology][Flow] Nodes: 2
[Topology][Flow] Connections: 1
[Topology][Flow] Generating flow layout
[Topology][Flow] Nodes: 8
[Topology][Flow] Connections: 7
[Topology][Flow] Generating flow layout
[Topology][Flow] Nodes: 2
[Topology][Flow] Connections: 1
[Topology][Flow] Generating flow layout
[Topology][Flow] Nodes: 8
[Topology][Flow] Connections: 7
[Topology][Flow] Generating flow layout
[Topology][Flow] Nodes: 2
[Topology][Flow] Connections: 1
[Topology][Flow] Generating flow layout
[Topology][Flow] Nodes: 8
[Topology][Flow] Connections: 7
[Topology][Flow] Generating flow layout
[Topology][Flow] Nodes: 2
[Topology][Flow] Connections: 1
[Topology][Flow] Generating flow layout
[Topology][Flow] Nodes: 8
[Topology][Flow] Connections: 7
[Topology][Flow] Generating flow layout
[Topology][Flow] Nodes: 2
[Topology][Flow] Connections: 1
[Topology][Flow] Generating flow layout
[Topology][Flow] Nodes: 8
[Topology][Flow] Connections: 7
[Topology][Flow] Generating flow layout
[Topology][Flow] Nodes: 2
[Topology][Flow] Connections: 1
[Topology][Flow] Generating flow layout
[Topology][Flow] Nodes: 8
[Topology][Flow] Connections: 7
[Topology][Flow] Generating flow layout
[Topology][Flow] Nodes: 2
[Topology][Flow] Connections: 1
[Topology][Flow] Generating flow layout
[Topology][Flow] Nodes: 8
[Topology][Flow] Connections: 7
[Topology][Flow] Generating flow layout
[Topology][Flow] Nodes: 2
[Topology][Flow] Connections: 1
[Topology][Flow] Generating flow layout
[Topology][Flow] Nodes: 8
[Topology][Flow] Connections: 7
[Topology][Flow] Generating flow layout
[Topology][Flow] Nodes: 2
[Topology][Flow] Connections: 1
[Topology][Flow] Generating flow layout
[Topology][Flow] Nodes: 8
[Topology][Flow] Connections: 7
[Topology][Flow] Generating flow layout
[Topology][Flow] Nodes: 2
[Topology][Flow] Connections: 1
[Topology][Flow] Generating flow layout
[Topology][Flow] Nodes: 8
[Topology][Flow] Connections: 7
[Topology][Flow] Generating flow layout
[Topology][Flow] Nodes: 2
[Topology][Flow] Connections: 1
[Topology][Flow] Generating flow layout
[Topology][Flow] Nodes: 8
[Topology][Flow] Connections: 7
[Topology][Flow] Generating flow layout
[Topology][Flow] Nodes: 2
[Topology][Flow] Connections: 1
[Topology][Flow] Generating flow layout
[Topology][Flow] Nodes: 8
[Topology][Flow] Connections: 7
[Topology][Flow] Generating flow layout
[Topology][Flow] Nodes: 2
[Topology][Flow] Connections: 1
[Topology][Flow] Generating flow layout
[Topology][Flow] Nodes: 8
[Topology][Flow] Connections: 7
[Topology][Flow] Generating flow layout
[Topology][Flow] Nodes: 2
[Topology][Flow] Connections: 1
[Topology][Flow] Generating flow layout
[Topology][Flow] Nodes: 8
[Topology][Flow] Connections: 7
[Topology][Flow] Generating flow layout
[Topology][Flow] Nodes: 2
[Topology][Flow] Connections: 1
[Topology][Flow] Generating flow layout
[Topology][Flow] Nodes: 8
[Topology][Flow] Connections: 7
[Topology][Flow] Generating flow layout
[Topology][Flow] Nodes: 2
[Topology][Flow] Connections: 1
[Topology][Flow] Generating flow layout
[Topology][Flow] Nodes: 8
[Topology][Flow] Connections: 7
[Topology][Flow] Generating flow layout
[Topology][Flow] Nodes: 2
[Topology][Flow] Connections: 1
[Topology][Flow] Generating flow layout
[Topology][Flow] Nodes: 8
[Topology][Flow] Connections: 7
[Topology][Flow] Generating flow layout
[Topology][Flow] Nodes: 2
[Topology][Flow] Connections: 1
[Topology][Flow] Generating flow layout
[Topology][Flow] Nodes: 8
[Topology][Flow] Connections: 7
[Topology][Flow] Generating flow layout
[Topology][Flow] Nodes: 2
[Topology][Flow] Connections: 1
[Topology][Flow] Generating flow layout
[Topology][Flow] Nodes: 8
[Topology][Flow] Connections: 7
[Topology][Flow] Generating flow layout
[Topology][Flow] Nodes: 2
[Topology][Flow] Connections: 1
[Topology][Flow] Generating flow layout
[Topology][Flow] Nodes: 8
[Topology][Flow] Connections: 7
[Topology][Flow] Generating flow layout
[Topology][Flow] Nodes: 2
[Topology][Flow] Connections: 1
[Topology][Flow] Generating flow layout
[Topology][Flow] Nodes: 8
[Topology][Flow] Connections: 7
[Topology][Flow] Generating flow layout
[Topology][Flow] Nodes: 2
[Topology][Flow] Connections: 1
[Topology][Flow] Generating flow layout
[Topology][Flow] Nodes: 8
[Topology][Flow] Connections: 7
[Topology][Flow] Generating flow layout
[Topology][Flow] Nodes: 2
[Topology][Flow] Connections: 1
[Topology][Flow] Generating flow layout
[Topology][Flow] Nodes: 8
[Topology][Flow] Connections: 7
[Topology][Flow] Generating flow layout
[Topology][Flow] Nodes: 2
[Topology][Flow] Connections: 1
[Topology][Flow] Generating flow layout
[Topology][Flow] Nodes: 8
[Topology][Flow] Connections: 7
[Topology][Flow] Generating flow layout
[Topology][Flow] Nodes: 2
[Topology][Flow] Connections: 1
[Topology][Flow] Generating flow layout
[Topology][Flow] Nodes: 8
[Topology][Flow] Connections: 7
[Topology][Flow] Generating flow layout
[Topology][Flow] Nodes: 2
[Topology][Flow] Connections: 1
[Topology][Flow] Generating flow layout
[Topology][Flow] Nodes: 8
[Topology][Flow] Connections: 7
[Topology][Flow] Generating flow layout
[Topology][Flow] Nodes: 2
[Topology][Flow] Connections: 1
[Topology][Flow] Generating flow layout
[Topology][Flow] Nodes: 8
[Topology][Flow] Connections: 7
[Topology][Flow] Generating flow layout
[Topology][Flow] Nodes: 2
[Topology][Flow] Connections: 1
[Topology][Flow] Generating flow layout
[Topology][Flow] Nodes: 8
[Topology][Flow] Connections: 7
[Topology][Flow] Generating flow layout
[Topology][Flow] Nodes: 2
[Topology][Flow] Connections: 1
[Topology][Flow] Generating flow layout
[Topology][Flow] Nodes: 8
[Topology][Flow] Connections: 7
[Topology][Flow] Generating flow layout
[Topology][Flow] Nodes: 2
[Topology][Flow] Connections: 1
[Topology][Flow] Generating flow layout
[Topology][Flow] Nodes: 8
[Topology][Flow] Connections: 7
[Topology][Flow] Generating flow layout
[Topology][Flow] Nodes: 2
[Topology][Flow] Connections: 1
[Topology][Flow] Generating flow layout
[Topology][Flow] Nodes: 8
[Topology][Flow] Connections: 7
[Topology][Flow] Generating flow layout
[Topology][Flow] Nodes: 2
[Topology][Flow] Connections: 1
[Topology][Flow] Generating flow layout
[Topology][Flow] Nodes: 8
[Topology][Flow] Connections: 7
[Topology][Flow] Generating flow layout
[Topology][Flow] Nodes: 2
[Topology][Flow] Connections: 1
[Topology][Flow] Generating flow layout
[Topology][Flow] Nodes: 8
[Topology][Flow] Connections: 7
[Topology][Flow] Generating flow layout
[Topology][Flow] Nodes: 2
[Topology][Flow] Connections: 1
[Topology][Flow] Generating flow layout
[Topology][Flow] Nodes: 8
[Topology][Flow] Connections: 7
[Topology][Flow] Generating flow layout
[Topology][Flow] Nodes: 2
[Topology][Flow] Connections: 1
[Topology][Flow] Generating flow layout
[Topology][Flow] Nodes: 8
[Topology][Flow] Connections: 7
[Topology][Flow] Generating flow layout
[Topology][Flow] Nodes: 2
[Topology][Flow] Connections: 1
[Topology][Flow] Generating flow layout
[Topology][Flow] Nodes: 8
[Topology][Flow] Connections: 7
[Topology][Flow] Generating flow layout
[Topology][Flow] Nodes: 2
[Topology][Flow] Connections: 1
[Topology][Flow] Generating flow layout
[Topology][Flow] Nodes: 8
[Topology][Flow] Connections: 7
[Topology][Flow] Generating flow layout
[Topology][Flow] Nodes: 2
[Topology][Flow] Connections: 1
[Topology][Flow] Generating flow layout
[Topology][Flow] Nodes: 8
[Topology][Flow] Connections: 7
[Topology][Flow] Generating flow layout
[Topology][Flow] Nodes: 2
[Topology][Flow] Connections: 1
[Topology][Flow] Generating flow layout
[Topology][Flow] Nodes: 8
[Topology][Flow] Connections: 7
[Topology][Flow] Generating flow layout
[Topology][Flow] Nodes: 2
[Topology][Flow] Connections: 1
[Topology][Flow] Generating flow layout
[Topology][Flow] Nodes: 8
[Topology][Flow] Connections: 7
[Topology][Flow] Generating flow layout
[Topology][Flow] Nodes: 2
[Topology][Flow] Connections: 1
[Topology][Flow] Generating flow layout
[Topology][Flow] Nodes: 8
[Topology][Flow] Connections: 7
[Topology][Flow] Generating flow layout
[Topology][Flow] Nodes: 2
[Topology][Flow] Connections: 1
[Topology][Flow] Generating flow layout
[Topology][Flow] Nodes: 8
[Topology][Flow] Connections: 7
[Topology][Flow] Generating flow layout
[Topology][Flow] Nodes: 2
[Topology][Flow] Connections: 1
[Topology][Flow] Generating flow layout
[Topology][Flow] Nodes: 8
[Topology][Flow] Connections: 7
[Topology][Flow] Generating flow layout
[Topology][Flow] Nodes: 2
[Topology][Flow] Connections: 1
[Topology][Flow] Generating flow layout
[Topology][Flow] Nodes: 8
[Topology][Flow] Connections: 7
[Topology][Flow] Generating flow layout
[Topology][Flow] Nodes: 2
[Topology][Flow] Connections: 1
[Topology][Flow] Generating flow layout
[Topology][Flow] Nodes: 8
[Topology][Flow] Connections: 7
[Topology][Flow] Generating flow layout
[Topology][Flow] Nodes: 2
[Topology][Flow] Connections: 1
[Topology][Flow] Generating flow layout
[Topology][Flow] Nodes: 8
[Topology][Flow] Connections: 7
[Topology][Flow] Generating flow layout
[Topology][Flow] Nodes: 2
[Topology][Flow] Connections: 1
[Topology][Flow] Generating flow layout
[Topology][Flow] Nodes: 8
[Topology][Flow] Connections: 7
[Topology][Flow] Generating flow layout
[Topology][Flow] Nodes: 2
[Topology][Flow] Connections: 1
[Topology][Flow] Generating flow layout
[Topology][Flow] Nodes: 8
[Topology][Flow] Connections: 7
[Topology][Flow] Generating flow layout
[Topology][Flow] Nodes: 2
[Topology][Flow] Connections: 1
[Topology][Flow] Generating flow layout
[Topology][Flow] Nodes: 8
[Topology][Flow] Connections: 7
[Topology][Flow] Generating flow layout
[Topology][Flow] Nodes: 2
[Topology][Flow] Connections: 1
[Topology][Flow] Generating flow layout
[Topology][Flow] Nodes: 8
[Topology][Flow] Connections: 7
[Topology][Flow] Generating flow layout
[Topology][Flow] Nodes: 2
[Topology][Flow] Connections: 1
[Topology][Flow] Generating flow layout
[Topology][Flow] Nodes: 8
[Topology][Flow] Connections: 7
[Topology][Flow] Generating flow layout
[Topology][Flow] Nodes: 2
[Topology][Flow] Connections: 1
[Topology][Flow] Generating flow layout
[Topology][Flow] Nodes: 8
[Topology][Flow] Connections: 7
[Topology][Flow] Generating flow layout
[Topology][Flow] Nodes: 2
[Topology][Flow] Connections: 1
[Topology][Flow] Generating flow layout
[Topology][Flow] Nodes: 8
[Topology][Flow] Connections: 7
[Topology][Flow] Generating flow layout
[Topology][Flow] Nodes: 2
[Topology][Flow] Connections: 1
[Topology][Flow] Generating flow layout
[Topology][Flow] Nodes: 8
[Topology][Flow] Connections: 7
[Topology][Flow] Generating flow layout
[Topology][Flow] Nodes: 2
[Topology][Flow] Connections: 1
[Topology][Flow] Generating flow layout
[Topology][Flow] Nodes: 8
[Topology][Flow] Connections: 7
[Topology][Flow] Generating flow layout
[Topology][Flow] Nodes: 2
[Topology][Flow] Connections: 1
[Topology][Flow] Generating flow layout
[Topology][Flow] Nodes: 8
[Topology][Flow] Connections: 7
[Topology][Flow] Generating flow layout
[Topology][Flow] Nodes: 2
[Topology][Flow] Connections: 1
[Topology][Flow] Generating flow layout
[Topology][Flow] Nodes: 8
[Topology][Flow] Connections: 7
[Topology][Flow] Generating flow layout
[Topology][Flow] Nodes: 2
[Topology][Flow] Connections: 1
[Topology][Flow] Generating flow layout
[Topology][Flow] Nodes: 8
[Topology][Flow] Connections: 7
[Topology][Flow] Generating flow layout
[Topology][Flow] Nodes: 2
[Topology][Flow] Connections: 1
[Topology][Flow] Generating flow layout
[Topology][Flow] Nodes: 8
[Topology][Flow] Connections: 7
[Topology][Flow] Generating flow layout
[Topology][Flow] Nodes: 2
[Topology][Flow] Connections: 1
[Topology][Flow] Generating flow layout
[Topology][Flow] Nodes: 8
[Topology][Flow] Connections: 7
[Topology][Flow] Generating flow layout
[Topology][Flow] Nodes: 2
[Topology][Flow] Connections: 1
[Topology][Flow] Generating flow layout
[Topology][Flow] Nodes: 8
[Topology][Flow] Connections: 7
[Topology][Flow] Generating flow layout
[Topology][Flow] Nodes: 2
[Topology][Flow] Connections: 1
[Topology][Flow] Generating flow layout
[Topology][Flow] Nodes: 8
[Topology][Flow] Connections: 7
[Topology][Flow] Generating flow layout
[Topology][Flow] Nodes: 2
[Topology][Flow] Connections: 1
[Topology][Flow] Generating flow layout
[Topology][Flow] Nodes: 8
[Topology][Flow] Connections: 7
[Topology][Flow] Generating flow layout
[Topology][Flow] Nodes: 2
[Topology][Flow] Connections: 1
[Topology][Flow] Generating flow layout
[Topology][Flow] Nodes: 8
[Topology][Flow] Connections: 7
[Topology][Flow] Generating flow layout
[Topology][Flow] Nodes: 2
[Topology][Flow] Connections: 1
[Topology][Flow] Generating flow layout
[Topology][Flow] Nodes: 8
[Topology][Flow] Connections: 7
[Topology][Flow] Generating flow layout
[Topology][Flow] Nodes: 2
[Topology][Flow] Connections: 1
[Topology][Flow] Generating flow layout
[Topology][Flow] Nodes: 8
[Topology][Flow] Connections: 7
[Topology][Flow] Generating flow layout
[Topology][Flow] Nodes: 2
[Topology][Flow] Connections: 1
[Topology][Flow] Generating flow layout
[Topology][Flow] Nodes: 8
[Topology][Flow] Connections: 7
[Topology][Flow] Generating flow layout
[Topology][Flow] Nodes: 2
[Topology][Flow] Connections: 1
[Topology][Flow] Generating flow layout
[Topology][Flow] Nodes: 8
[Topology][Flow] Connections: 7
[Topology][Flow] Generating flow layout
[Topology][Flow] Nodes: 2
[Topology][Flow] Connections: 1
[Topology][Flow] Generating flow layout
[Topology][Flow] Nodes: 8
[Topology][Flow] Connections: 7
[Topology][Flow] Generating flow layout
[Topology][Flow] Nodes: 2
[Topology][Flow] Connections: 1
[Topology][Flow] Generating flow layout
[Topology][Flow] Nodes: 8
[Topology][Flow] Connections: 7
[Topology][Flow] Generating flow layout
[Topology][Flow] Nodes: 2
[Topology][Flow] Connections: 1
[Topology][Flow] Generating flow layout
[Topology][Flow] Nodes: 8
[Topology][Flow] Connections: 7
[Topology][Flow] Generating flow layout
[Topology][Flow] Nodes: 2
[Topology][Flow] Connections: 1
[Topology][Flow] Generating flow layout
[Topology][Flow] Nodes: 8
[Topology][Flow] Connections: 7
[Topology][Flow] Generating flow layout
[Topology][Flow] Nodes: 2
[Topology][Flow] Connections: 1
[Topology][Flow] Generating flow layout
[Topology][Flow] Nodes: 8
[Topology][Flow] Connections: 7
[Topology][Flow] Generating flow layout
[Topology][Flow] Nodes: 2
[Topology][Flow] Connections: 1
[Topology][Flow] Generating flow layout
[Topology][Flow] Nodes: 8
[Topology][Flow] Connections: 7
[Topology][Flow] Generating flow layout
[Topology][Flow] Nodes: 2
[Topology][Flow] Connections: 1
[Topology][Flow] Generating flow layout
[Topology][Flow] Nodes: 8
[Topology][Flow] Connections: 7
[Topology][Flow] Generating flow layout
[Topology][Flow] Nodes: 2
[Topology][Flow] Connections: 1
[Topology][Flow] Generating flow layout
[Topology][Flow] Nodes: 8
[Topology][Flow] Connections: 7
[Topology][Flow] Generating flow layout
[Topology][Flow] Nodes: 2
[Topology][Flow] Connections: 1
[Topology][Flow] Generating flow layout
[Topology][Flow] Nodes: 8
[Topology][Flow] Connections: 7
[Topology][Flow] Generating flow layout
[Topology][Flow] Nodes: 2
[Topology][Flow] Connections: 1
[Topology][Flow] Generating flow layout
[Topology][Flow] Nodes: 8
[Topology][Flow] Connections: 7
[Topology][Flow] Generating flow layout
[Topology][Flow] Nodes: 2
[Topology][Flow] Connections: 1
[Topology][Flow] Generating flow layout
[Topology][Flow] Nodes: 8
[Topology][Flow] Connections: 7
[Topology][Flow] Generating flow layout
[Topology][Flow] Nodes: 2
[Topology][Flow] Connections: 1
[Topology][Flow] Generating flow layout
[Topology][Flow] Nodes: 8
[Topology][Flow] Connections: 7
[Topology][Flow] Generating flow layout
[Topology][Flow] Nodes: 2
[Topology][Flow] Connections: 1
[Topology][Flow] Generating flow layout
[Topology][Flow] Nodes: 8
[Topology][Flow] Connections: 7
[Topology][Flow] Generating flow layout
[Topology][Flow] Nodes: 2
[Topology][Flow] Connections: 1
[Topology][Flow] Generating flow layout
[Topology][Flow] Nodes: 8
[Topology][Flow] Connections: 7
[Topology][Flow] Generating flow layout
[Topology][Flow] Nodes: 2
[Topology][Flow] Connections: 1
[Topology][Flow] Generating flow layout
[Topology][Flow] Nodes: 8
[Topology][Flow] Connections: 7
[Topology][Flow] Generating flow layout
[Topology][Flow] Nodes: 2
[Topology][Flow] Connections: 1
[Topology][Flow] Generating flow layout
[Topology][Flow] Nodes: 8
[Topology][Flow] Connections: 7
[Topology][Flow] Generating flow layout
[Topology][Flow] Nodes: 2
[Topology][Flow] Connections: 1
[Topology][Flow] Generating flow layout
[Topology][Flow] Nodes: 8
[Topology][Flow] Connections: 7
[Topology][Flow] Generating flow layout
[Topology][Flow] Nodes: 2
[Topology][Flow] Connections: 1
[Topology][Flow] Generating flow layout
[Topology][Flow] Nodes: 8
[Topology][Flow] Connections: 7
[Topology][Flow] Generating flow layout
[Topology][Flow] Nodes: 2
[Topology][Flow] Connections: 1
[Topology][Flow] Generating flow layout
[Topology][Flow] Nodes: 8
[Topology][Flow] Connections: 7
[Topology][Flow] Generating flow layout
[Topology][Flow] Nodes: 2
[Topology][Flow] Connections: 1
[Topology][Flow] Generating flow layout
[Topology][Flow] Nodes: 8
[Topology][Flow] Connections: 7
[Topology][Flow] Generating flow layout
[Topology][Flow] Nodes: 2
[Topology][Flow] Connections: 1
[Topology][Flow] Generating flow layout
[Topology][Flow] Nodes: 8
[Topology][Flow] Connections: 7
[Topology][Flow] Generating flow layout
[Topology][Flow] Nodes: 2
[Topology][Flow] Connections: 1
[Topology][Flow] Generating flow layout
[Topology][Flow] Nodes: 8
[Topology][Flow] Connections: 7
[Topology][Flow] Generating flow layout
[Topology][Flow] Nodes: 2
[Topology][Flow] Connections: 1
[Topology][Flow] Generating flow layout
[Topology][Flow] Nodes: 8
[Topology][Flow] Connections: 7
[Topology][Flow] Generating flow layout
[Topology][Flow] Nodes: 2
[Topology][Flow] Connections: 1
[Topology][Flow] Generating flow layout
[Topology][Flow] Nodes: 8
[Topology][Flow] Connections: 7
[Topology][Flow] Generating flow layout
[Topology][Flow] Nodes: 2
[Topology][Flow] Connections: 1
[Topology][Flow] Generating flow layout
[Topology][Flow] Nodes: 8
[Topology][Flow] Connections: 7
[Topology][Flow] Generating flow layout
[Topology][Flow] Nodes: 2
[Topology][Flow] Connections: 1
[Topology][Flow] Generating flow layout
[Topology][Flow] Nodes: 8
[Topology][Flow] Connections: 7
[Topology][Flow] Generating flow layout
[Topology][Flow] Nodes: 2
[Topology][Flow] Connections: 1
[Topology][Flow] Generating flow layout
[Topology][Flow] Nodes: 8
[Topology][Flow] Connections: 7
[Topology][Flow] Generating flow layout
[Topology][Flow] Nodes: 2
[Topology][Flow] Connections: 1
[Topology][Flow] Generating flow layout
[Topology][Flow] Nodes: 8
[Topology][Flow] Connections: 7
[Topology][Flow] Generating flow layout
[Topology][Flow] Nodes: 2
[Topology][Flow] Connections: 1
[Topology][Flow] Generating flow layout
[Topology][Flow] Nodes: 8
[Topology][Flow] Connections: 7
[Topology][Flow] Generating flow layout
[Topology][Flow] Nodes: 2
[Topology][Flow] Connections: 1
[Topology][Flow] Generating flow layout
[Topology][Flow] Nodes: 8
[Topology][Flow] Connections: 7
[Topology][Flow] Generating flow layout
[Topology][Flow] Nodes: 2
[Topology][Flow] Connections: 1
[Topology][Flow] Generating flow layout
[Topology][Flow] Nodes: 8
[Topology][Flow] Connections: 7
[Topology][Flow] Generating flow layout
[Topology][Flow] Nodes: 2
[Topology][Flow] Connections: 1
[Topology][Flow] Generating flow layout
[Topology][Flow] Nodes: 8
[Topology][Flow] Connections: 7
[Topology][Flow] Generating flow layout
[Topology][Flow] Nodes: 2
[Topology][Flow] Connections: 1
[Topology][Flow] Generating flow layout
[Topology][Flow] Nodes: 8
[Topology][Flow] Connections: 7
[Topology][Flow] Generating flow layout
[Topology][Flow] Nodes: 2
[Topology][Flow] Connections: 1
[Topology][Flow] Generating flow layout
[Topology][Flow] Nodes: 8
[Topology][Flow] Connections: 7
[Topology][Flow] Generating flow layout
[Topology][Flow] Nodes: 2
[Topology][Flow] Connections: 1
[Topology][Flow] Generating flow layout
[Topology][Flow] Nodes: 8
[Topology][Flow] Connections: 7
[Topology][Flow] Generating flow layout
[Topology][Flow] Nodes: 2
[Topology][Flow] Connections: 1
[Topology][Flow] Generating flow layout
[Topology][Flow] Nodes: 8
[Topology][Flow] Connections: 7
[Topology][Flow] Generating flow layout
[Topology][Flow] Nodes: 2
[Topology][Flow] Connections: 1
[Topology][Flow] Generating flow layout
[Topology][Flow] Nodes: 8
[Topology][Flow] Connections: 7
[Topology][Flow] Generating flow layout
[Topology][Flow] Nodes: 2
[Topology][Flow] Connections: 1
[Topology][Flow] Generating flow layout
[Topology][Flow] Nodes: 8
[Topology][Flow] Connections: 7
[Topology][Flow] Generating flow layout
[Topology][Flow] Nodes: 2
[Topology][Flow] Connections: 1
[Topology][Flow] Generating flow layout
[Topology][Flow] Nodes: 8
[Topology][Flow] Connections: 7
[Topology][Flow] Generating flow layout
[Topology][Flow] Nodes: 2
[Topology][Flow] Connections: 1
[Topology][Flow] Generating flow layout
[Topology][Flow] Nodes: 8
[Topology][Flow] Connections: 7
[Topology][Hub] Generating hub layout
[Topology][Hub] Hub: Delivery
[Topology][Hub] Satellites: 5
[Topology][Hub] Connections: 5
[Topology][Flow] Generating flow layout
[Topology][Flow] Nodes: 8
[Topology][Flow] Connections: 7
[Topology][Hub] Generating hub layout
[Topology][Hub] Hub: Delivery
[Topology][Hub] Satellites: 5
[Topology][Hub] Connections: 5
[Topology][Flow] Generating flow layout
[Topology][Flow] Nodes: 8
[Topology][Flow] Connections: 7
[Topology][Hub] Generating hub layout
[Topology][Hub] Hub: Delivery
[Topology][Hub] Satellites: 5
[Topology][Hub] Connections: 5
[Topology][Flow] Generating flow layout
[Topology][Flow] Nodes: 8
[Topology][Flow] Connections: 7
[Topology][Hub] Generating hub layout
[Topology][Hub] Hub: Delivery
[Topology][Hub] Satellites: 5
[Topology][Hub] Connections: 5
[Topology][Flow] Generating flow layout
[Topology][Flow] Nodes: 8
[Topology][Flow] Connections: 7
[Topology][Hub] Generating hub layout
[Topology][Hub] Hub: Delivery
[Topology][Hub] Satellites: 5
[Topology][Hub] Connections: 5
[Topology][Flow] Generating flow layout
[Topology][Flow] Nodes: 8
[Topology][Flow] Connections: 7
[Topology][Hub] Generating hub layout
[Topology][Hub] Hub: Delivery
[Topology][Hub] Satellites: 5
[Topology][Hub] Connections: 5
[Topology][Flow] Generating flow layout
[Topology][Flow] Nodes: 8
[Topology][Flow] Connections: 7
[Topology][Hub] Generating hub layout
[Topology][Hub] Hub: Delivery
[Topology][Hub] Satellites: 5
[Topology][Hub] Connections: 5
[Topology][Flow] Generating flow layout
[Topology][Flow] Nodes: 8
[Topology][Flow] Connections: 7
[Topology][Hub] Generating hub layout
[Topology][Hub] Hub: Delivery
[Topology][Hub] Satellites: 5
[Topology][Hub] Connections: 5
[Topology][Flow] Generating flow layout
[Topology][Flow] Nodes: 8
[Topology][Flow] Connections: 7
[Topology][Hub] Generating hub layout
[Topology][Hub] Hub: Delivery
[Topology][Hub] Satellites: 5
[Topology][Hub] Connections: 5
[Topology][Flow] Generating flow layout
[Topology][Flow] Nodes: 8
[Topology][Flow] Connections: 7
[Topology][Hub] Generating hub layout
[Topology][Hub] Hub: Delivery
[Topology][Hub] Satellites: 5
[Topology][Hub] Connections: 5
[Topology][Flow] Generating flow layout
[Topology][Flow] Nodes: 8
[Topology][Flow] Connections: 7
[Topology][Hub] Generating hub layout
[Topology][Hub] Hub: Delivery
[Topology][Hub] Satellites: 5
[Topology][Hub] Connections: 5
[Topology][Flow] Generating flow layout
[Topology][Flow] Nodes: 8
[Topology][Flow] Connections: 7
[Topology][Hub] Generating hub layout
[Topology][Hub] Hub: Delivery
[Topology][Hub] Satellites: 5
[Topology][Hub] Connections: 5
[Topology][Flow] Generating flow layout
[Topology][Flow] Nodes: 8
[Topology][Flow] Connections: 7
[Topology][Hub] Generating hub layout
[Topology][Hub] Hub: Delivery
[Topology][Hub] Satellites: 5
[Topology][Hub] Connections: 5
[Topology][Flow] Generating flow layout
[Topology][Flow] Nodes: 8
[Topology][Flow] Connections: 7
[Topology][Hub] Generating hub layout
[Topology][Hub] Hub: Delivery
[Topology][Hub] Satellites: 5
[Topology][Hub] Connections: 5
[Topology][Flow] Generating flow layout
[Topology][Flow] Nodes: 8
[Topology][Flow] Connections: 7
[Topology][Hub] Generating hub layout
[Topology][Hub] Hub: Delivery
[Topology][Hub] Satellites: 5
[Topology][Hub] Connections: 5
[Topology][Flow] Generating flow layout
[Topology][Flow] Nodes: 8
[Topology][Flow] Connections: 7
[Topology][Hub] Generating hub layout
[Topology][Hub] Hub: Delivery
[Topology][Hub] Satellites: 5
[Topology][Hub] Connections: 5
[Topology][Flow] Generating flow layout
[Topology][Flow] Nodes: 8
[Topology][Flow] Connections: 7
[Topology][Hub] Generating hub layout
[Topology][Hub] Hub: Delivery
[Topology][Hub] Satellites: 5
[Topology][Hub] Connections: 5
[Topology][Flow] Generating flow layout
[Topology][Flow] Nodes: 8
[Topology][Flow] Connections: 7
[Topology][Hub] Generating hub layout
[Topology][Hub] Hub: Delivery
[Topology][Hub] Satellites: 5
[Topology][Hub] Connections: 5
[Topology][Flow] Generating flow layout
[Topology][Flow] Nodes: 8
[Topology][Flow] Connections: 7
[Topology][Hub] Generating hub layout
[Topology][Hub] Hub: Delivery
[Topology][Hub] Satellites: 5
[Topology][Hub] Connections: 5
[Topology][Flow] Generating flow layout
[Topology][Flow] Nodes: 8
[Topology][Flow] Connections: 7
[Topology][Hub] Generating hub layout
[Topology][Hub] Hub: Delivery
[Topology][Hub] Satellites: 5
[Topology][Hub] Connections: 5
[Topology][Flow] Generating flow layout
[Topology][Flow] Nodes: 8
[Topology][Flow] Connections: 7
[Topology][Hub] Generating hub layout
[Topology][Hub] Hub: Delivery
[Topology][Hub] Satellites: 5
[Topology][Hub] Connections: 5
[Topology][Flow] Generating flow layout
[Topology][Flow] Nodes: 8
[Topology][Flow] Connections: 7
[Topology][Hub] Generating hub layout
[Topology][Hub] Hub: Delivery
[Topology][Hub] Satellites: 5
[Topology][Hub] Connections: 5
[Topology][Flow] Generating flow layout
[Topology][Flow] Nodes: 8
[Topology][Flow] Connections: 7
[Topology][Hub] Generating hub layout
[Topology][Hub] Hub: Delivery
[Topology][Hub] Satellites: 5
[Topology][Hub] Connections: 5
[Topology][Flow] Generating flow layout
[Topology][Flow] Nodes: 8
[Topology][Flow] Connections: 7
[Topology][Hub] Generating hub layout
[Topology][Hub] Hub: Delivery
[Topology][Hub] Satellites: 5
[Topology][Hub] Connections: 5
[Topology][Flow] Generating flow layout
[Topology][Flow] Nodes: 8
[Topology][Flow] Connections: 7
[Topology][Hub] Generating hub layout
[Topology][Hub] Hub: Delivery
[Topology][Hub] Satellites: 5
[Topology][Hub] Connections: 5
[Topology][Flow] Generating flow layout
[Topology][Flow] Nodes: 8
[Topology][Flow] Connections: 7
[Topology][Hub] Generating hub layout
[Topology][Hub] Hub: Delivery
[Topology][Hub] Satellites: 5
[Topology][Hub] Connections: 5
[Topology][Flow] Generating flow layout
[Topology][Flow] Nodes: 8
[Topology][Flow] Connections: 7
[Topology][Hub] Generating hub layout
[Topology][Hub] Hub: Delivery
[Topology][Hub] Satellites: 5
[Topology][Hub] Connections: 5
[Topology][Flow] Generating flow layout
[Topology][Flow] Nodes: 8
[Topology][Flow] Connections: 7
[Topology][Hub] Generating hub layout
[Topology][Hub] Hub: Delivery
[Topology][Hub] Satellites: 5
[Topology][Hub] Connections: 5
[Topology][Flow] Generating flow layout
[Topology][Flow] Nodes: 8
[Topology][Flow] Connections: 7
[Topology][Hub] Generating hub layout
[Topology][Hub] Hub: Delivery
[Topology][Hub] Satellites: 5
[Topology][Hub] Connections: 5
[Topology][Flow] Generating flow layout
[Topology][Flow] Nodes: 8
[Topology][Flow] Connections: 7
[Topology][Hub] Generating hub layout
[Topology][Hub] Hub: Delivery
[Topology][Hub] Satellites: 5
[Topology][Hub] Connections: 5
[Topology][Flow] Generating flow layout
[Topology][Flow] Nodes: 8
[Topology][Flow] Connections: 7
[Topology][Hub] Generating hub layout
[Topology][Hub] Hub: Delivery
[Topology][Hub] Satellites: 5
[Topology][Hub] Connections: 5
[Topology][Flow] Generating flow layout
[Topology][Flow] Nodes: 8
[Topology][Flow] Connections: 7
[Topology][Hub] Generating hub layout
[Topology][Hub] Hub: Delivery
[Topology][Hub] Satellites: 5
[Topology][Hub] Connections: 5
[Topology][Flow] Generating flow layout
[Topology][Flow] Nodes: 8
[Topology][Flow] Connections: 7
[Topology][Hub] Generating hub layout
[Topology][Hub] Hub: Delivery
[Topology][Hub] Satellites: 5
[Topology][Hub] Connections: 5
[Topology][Flow] Generating flow layout
[Topology][Flow] Nodes: 8
[Topology][Flow] Connections: 7
[Topology][Hub] Generating hub layout
[Topology][Hub] Hub: Delivery
[Topology][Hub] Satellites: 5
[Topology][Hub] Connections: 5
[Topology][Flow] Generating flow layout
[Topology][Flow] Nodes: 8
[Topology][Flow] Connections: 7
[Topology][Hub] Generating hub layout
[Topology][Hub] Hub: Delivery
[Topology][Hub] Satellites: 5
[Topology][Hub] Connections: 5
[Topology][Flow] Generating flow layout
[Topology][Flow] Nodes: 8
[Topology][Flow] Connections: 7
[Topology][Hub] Generating hub layout
[Topology][Hub] Hub: Delivery
[Topology][Hub] Satellites: 5
[Topology][Hub] Connections: 5
[Topology][Flow] Generating flow layout
[Topology][Flow] Nodes: 8
[Topology][Flow] Connections: 7
[Topology][Hub] Generating hub layout
[Topology][Hub] Hub: Delivery
[Topology][Hub] Satellites: 5
[Topology][Hub] Connections: 5
[Topology][Flow] Generating flow layout
[Topology][Flow] Nodes: 8
[Topology][Flow] Connections: 7
[Topology][Hub] Generating hub layout
[Topology][Hub] Hub: Delivery
[Topology][Hub] Satellites: 5
[Topology][Hub] Connections: 5
[Topology][Flow] Generating flow layout
[Topology][Flow] Nodes: 8
[Topology][Flow] Connections: 7
[Topology][Hub] Generating hub layout
[Topology][Hub] Hub: Delivery
[Topology][Hub] Satellites: 5
[Topology][Hub] Connections: 5
[Topology][Flow] Generating flow layout
[Topology][Flow] Nodes: 8
[Topology][Flow] Connections: 7
[Topology][Hub] Generating hub layout
[Topology][Hub] Hub: Delivery
[Topology][Hub] Satellites: 5
[Topology][Hub] Connections: 5
[Topology][Flow] Generating flow layout
[Topology][Flow] Nodes: 8
[Topology][Flow] Connections: 7
[Topology][Hub] Generating hub layout
[Topology][Hub] Hub: Delivery
[Topology][Hub] Satellites: 5
[Topology][Hub] Connections: 5
[Topology][Flow] Generating flow layout
[Topology][Flow] Nodes: 8
[Topology][Flow] Connections: 7
[Topology][Hub] Generating hub layout
[Topology][Hub] Hub: Delivery
[Topology][Hub] Satellites: 5
[Topology][Hub] Connections: 5
[Topology][Flow] Generating flow layout
[Topology][Flow] Nodes: 8
[Topology][Flow] Connections: 7
[Topology][Hub] Generating hub layout
[Topology][Hub] Hub: Delivery
[Topology][Hub] Satellites: 5
[Topology][Hub] Connections: 5
[Topology][Flow] Generating flow layout
[Topology][Flow] Nodes: 8
[Topology][Flow] Connections: 7
[Topology][Hub] Generating hub layout
[Topology][Hub] Hub: Delivery
[Topology][Hub] Satellites: 5
[Topology][Hub] Connections: 5
[Topology][Flow] Generating flow layout
[Topology][Flow] Nodes: 8
[Topology][Flow] Connections: 7
[Topology][Hub] Generating hub layout
[Topology][Hub] Hub: Delivery
[Topology][Hub] Satellites: 5
[Topology][Hub] Connections: 5
[Topology][Flow] Generating flow layout
[Topology][Flow] Nodes: 8
[Topology][Flow] Connections: 7
[Topology][Hub] Generating hub layout
[Topology][Hub] Hub: Delivery
[Topology][Hub] Satellites: 5
[Topology][Hub] Connections: 5
[Topology][Flow] Generating flow layout
[Topology][Flow] Nodes: 8
[Topology][Flow] Connections: 7
[Topology][Hub] Generating hub layout
[Topology][Hub] Hub: Delivery
[Topology][Hub] Satellites: 5
[Topology][Hub] Connections: 5
[Topology][Flow] Generating flow layout
[Topology][Flow] Nodes: 8
[Topology][Flow] Connections: 7
[Topology][Hub] Generating hub layout
[Topology][Hub] Hub: Delivery
[Topology][Hub] Satellites: 5
[Topology][Hub] Connections: 5
[Topology][Flow] Generating flow layout
[Topology][Flow] Nodes: 8
[Topology][Flow] Connections: 7
[Topology][Hub] Generating hub layout
[Topology][Hub] Hub: Delivery
[Topology][Hub] Satellites: 5
[Topology][Hub] Connections: 5
[Topology][Flow] Generating flow layout
[Topology][Flow] Nodes: 8
[Topology][Flow] Connections: 7
[Topology][Hub] Generating hub layout
[Topology][Hub] Hub: Delivery
[Topology][Hub] Satellites: 5
[Topology][Hub] Connections: 5
[Topology][Flow] Generating flow layout
[Topology][Flow] Nodes: 8
[Topology][Flow] Connections: 7
[Topology][Hub] Generating hub layout
[Topology][Hub] Hub: Delivery
[Topology][Hub] Satellites: 5
[Topology][Hub] Connections: 5
[Topology][Flow] Generating flow layout
[Topology][Flow] Nodes: 8
[Topology][Flow] Connections: 7
[Topology][Hub] Generating hub layout
[Topology][Hub] Hub: Delivery
[Topology][Hub] Satellites: 5
[Topology][Hub] Connections: 5
[Topology][Flow] Generating flow layout
[Topology][Flow] Nodes: 8
[Topology][Flow] Connections: 7
[Topology][Hub] Generating hub layout
[Topology][Hub] Hub: Delivery
[Topology][Hub] Satellites: 5
[Topology][Hub] Connections: 5
[Topology][Flow] Generating flow layout
[Topology][Flow] Nodes: 8
[Topology][Flow] Connections: 7
[Topology][Hub] Generating hub layout
[Topology][Hub] Hub: Delivery
[Topology][Hub] Satellites: 5
[Topology][Hub] Connections: 5
[Topology][Flow] Generating flow layout
[Topology][Flow] Nodes: 8
[Topology][Flow] Connections: 7
[Topology][Hub] Generating hub layout
[Topology][Hub] Hub: Delivery
[Topology][Hub] Satellites: 5
[Topology][Hub] Connections: 5
[Topology][Flow] Generating flow layout
[Topology][Flow] Nodes: 8
[Topology][Flow] Connections: 7
[Topology][Hub] Generating hub layout
[Topology][Hub] Hub: Delivery
[Topology][Hub] Satellites: 5
[Topology][Hub] Connections: 5
[Topology][Flow] Generating flow layout
[Topology][Flow] Nodes: 8
[Topology][Flow] Connections: 7
[Topology][Hub] Generating hub layout
[Topology][Hub] Hub: Delivery
[Topology][Hub] Satellites: 5
[Topology][Hub] Connections: 5
[Topology][Flow] Generating flow layout
[Topology][Flow] Nodes: 8
[Topology][Flow] Connections: 7
[Topology][Hub] Generating hub layout
[Topology][Hub] Hub: Delivery
[Topology][Hub] Satellites: 5
[Topology][Hub] Connections: 5
[Topology][Flow] Generating flow layout
[Topology][Flow] Nodes: 8
[Topology][Flow] Connections: 7
[Topology][Hub] Generating hub layout
[Topology][Hub] Hub: Delivery
[Topology][Hub] Satellites: 5
[Topology][Hub] Connections: 5
[Topology][Flow] Generating flow layout
[Topology][Flow] Nodes: 8
[Topology][Flow] Connections: 7
[Topology][Flow] Generating flow layout
[Topology][Flow] Nodes: 2
[Topology][Flow] Connections: 1
[Topology][Flow] Generating flow layout
[Topology][Flow] Nodes: 8
[Topology][Flow] Connections: 7
[Topology][Hub] Generating hub layout
[Topology][Hub] Hub: Delivery
[Topology][Hub] Satellites: 5
[Topology][Hub] Connections: 5
[Topology][Flow] Generating flow layout
[Topology][Flow] Nodes: 8
[Topology][Flow] Connections: 7
[Topology][Hub] Generating hub layout
[Topology][Hub] Hub: Delivery
[Topology][Hub] Satellites: 5
[Topology][Hub] Connections: 5
[Topology][Flow] Generating flow layout
[Topology][Flow] Nodes: 8
[Topology][Flow] Connections: 7
[Topology][Hub] Generating hub layout
[Topology][Hub] Hub: Delivery
[Topology][Hub] Satellites: 5
[Topology][Hub] Connections: 5
[Topology][Flow] Generating flow layout
[Topology][Flow] Nodes: 8
[Topology][Flow] Connections: 7
[Topology][Hub] Generating hub layout
[Topology][Hub] Hub: Delivery
[Topology][Hub] Satellites: 5
[Topology][Hub] Connections: 5
[Topology][Flow] Generating flow layout
[Topology][Flow] Nodes: 8
[Topology][Flow] Connections: 7
[Topology][Hub] Generating hub layout
[Topology][Hub] Hub: Delivery
[Topology][Hub] Satellites: 5
[Topology][Hub] Connections: 5
[Topology][Flow] Generating flow layout
[Topology][Flow] Nodes: 8
[Topology][Flow] Connections: 7
[Topology][Hub] Generating hub layout
[Topology][Hub] Hub: Delivery
[Topology][Hub] Satellites: 5
[Topology][Hub] Connections: 5
[Topology][Flow] Generating flow layout
[Topology][Flow] Nodes: 8
[Topology][Flow] Connections: 7
[Topology][Hub] Generating hub layout
[Topology][Hub] Hub: Delivery
[Topology][Hub] Satellites: 5
[Topology][Hub] Connections: 5
[Topology][Flow] Generating flow layout
[Topology][Flow] Nodes: 8
[Topology][Flow] Connections: 7
[Topology][Hub] Generating hub layout
[Topology][Hub] Hub: Delivery
[Topology][Hub] Satellites: 5
[Topology][Hub] Connections: 5
[Topology][Flow] Generating flow layout
[Topology][Flow] Nodes: 8
[Topology][Flow] Connections: 7
[Topology][Hub] Generating hub layout
[Topology][Hub] Hub: Delivery
[Topology][Hub] Satellites: 5
[Topology][Hub] Connections: 5
[Topology][Flow] Generating flow layout
[Topology][Flow] Nodes: 8
[Topology][Flow] Connections: 7
[Topology][Hub] Generating hub layout
[Topology][Hub] Hub: Delivery
[Topology][Hub] Satellites: 5
[Topology][Hub] Connections: 5
[Topology][Flow] Generating flow layout
[Topology][Flow] Nodes: 8
[Topology][Flow] Connections: 7
[Topology][Hub] Generating hub layout
[Topology][Hub] Hub: Delivery
[Topology][Hub] Satellites: 5
[Topology][Hub] Connections: 5
[Topology][Flow] Generating flow layout
[Topology][Flow] Nodes: 8
[Topology][Flow] Connections: 7
[Topology][Hub] Generating hub layout
[Topology][Hub] Hub: Delivery
[Topology][Hub] Satellites: 5
[Topology][Hub] Connections: 5
[Topology][Flow] Generating flow layout
[Topology][Flow] Nodes: 8
[Topology][Flow] Connections: 7
[Topology][Hub] Generating hub layout
[Topology][Hub] Hub: Delivery
[Topology][Hub] Satellites: 5
[Topology][Hub] Connections: 5
[Topology][Flow] Generating flow layout
[Topology][Flow] Nodes: 8
[Topology][Flow] Connections: 7
[Topology][Hub] Generating hub layout
[Topology][Hub] Hub: Delivery
[Topology][Hub] Satellites: 5
[Topology][Hub] Connections: 5
[Topology][Flow] Generating flow layout
[Topology][Flow] Nodes: 8
[Topology][Flow] Connections: 7
[Topology][Hub] Generating hub layout
[Topology][Hub] Hub: Delivery
[Topology][Hub] Satellites: 5
[Topology][Hub] Connections: 5
[Topology][Flow] Generating flow layout
[Topology][Flow] Nodes: 8
[Topology][Flow] Connections: 7
[Topology][Hub] Generating hub layout
[Topology][Hub] Hub: Delivery
[Topology][Hub] Satellites: 5
[Topology][Hub] Connections: 5
[Topology][Flow] Generating flow layout
[Topology][Flow] Nodes: 8
[Topology][Flow] Connections: 7
[Topology][Hub] Generating hub layout
[Topology][Hub] Hub: Delivery
[Topology][Hub] Satellites: 5
[Topology][Hub] Connections: 5
[Topology][Flow] Generating flow layout
[Topology][Flow] Nodes: 8
[Topology][Flow] Connections: 7
[Topology][Hub] Generating hub layout
[Topology][Hub] Hub: Delivery
[Topology][Hub] Satellites: 5
[Topology][Hub] Connections: 5
[Topology][Flow] Generating flow layout
[Topology][Flow] Nodes: 8
[Topology][Flow] Connections: 7
[Topology][Hub] Generating hub layout
[Topology][Hub] Hub: Delivery
[Topology][Hub] Satellites: 5
[Topology][Hub] Connections: 5
[Topology][Flow] Generating flow layout
[Topology][Flow] Nodes: 8
[Topology][Flow] Connections: 7
[Topology][Hub] Generating hub layout
[Topology][Hub] Hub: Delivery
[Topology][Hub] Satellites: 5
[Topology][Hub] Connections: 5
[Topology][Flow] Generating flow layout
[Topology][Flow] Nodes: 8
[Topology][Flow] Connections: 7
[Topology][Hub] Generating hub layout
[Topology][Hub] Hub: Delivery
[Topology][Hub] Satellites: 5
[Topology][Hub] Connections: 5
[Topology][Flow] Generating flow layout
[Topology][Flow] Nodes: 8
[Topology][Flow] Connections: 7
[Topology][Hub] Generating hub layout
[Topology][Hub] Hub: Delivery
[Topology][Hub] Satellites: 5
[Topology][Hub] Connections: 5
[Topology][Flow] Generating flow layout
[Topology][Flow] Nodes: 8
[Topology][Flow] Connections: 7
[Topology][Hub] Generating hub layout
[Topology][Hub] Hub: Delivery
[Topology][Hub] Satellites: 5
[Topology][Hub] Connections: 5
[Topology][Flow] Generating flow layout
[Topology][Flow] Nodes: 8
[Topology][Flow] Connections: 7
[Topology][Hub] Generating hub layout
[Topology][Hub] Hub: Delivery
[Topology][Hub] Satellites: 5
[Topology][Hub] Connections: 5
[Topology][Flow] Generating flow layout
[Topology][Flow] Nodes: 8
[Topology][Flow] Connections: 7
[Topology][Hub] Generating hub layout
[Topology][Hub] Hub: Delivery
[Topology][Hub] Satellites: 5
[Topology][Hub] Connections: 5
[Topology][Flow] Generating flow layout
[Topology][Flow] Nodes: 8
[Topology][Flow] Connections: 7
[Topology][Hub] Generating hub layout
[Topology][Hub] Hub: Delivery
[Topology][Hub] Satellites: 5
[Topology][Hub] Connections: 5
[Topology][Flow] Generating flow layout
[Topology][Flow] Nodes: 8
[Topology][Flow] Connections: 7
[Topology][Hub] Generating hub layout
[Topology][Hub] Hub: Delivery
[Topology][Hub] Satellites: 5
[Topology][Hub] Connections: 5
[Topology][Flow] Generating flow layout
[Topology][Flow] Nodes: 8
[Topology][Flow] Connections: 7
[Topology][Hub] Generating hub layout
[Topology][Hub] Hub: Delivery
[Topology][Hub] Satellites: 5
[Topology][Hub] Connections: 5
[Topology][Flow] Generating flow layout
[Topology][Flow] Nodes: 8
[Topology][Flow] Connections: 7
[Topology][Hub] Generating hub layout
[Topology][Hub] Hub: Delivery
[Topology][Hub] Satellites: 5
[Topology][Hub] Connections: 5
[Topology][Flow] Generating flow layout
[Topology][Flow] Nodes: 8
[Topology][Flow] Connections: 7
[Topology][Hub] Generating hub layout
[Topology][Hub] Hub: Delivery
[Topology][Hub] Satellites: 5
[Topology][Hub] Connections: 5
[Topology][Flow] Generating flow layout
[Topology][Flow] Nodes: 8
[Topology][Flow] Connections: 7
[Topology][Hub] Generating hub layout
[Topology][Hub] Hub: Delivery
[Topology][Hub] Satellites: 5
[Topology][Hub] Connections: 5
[Topology][Flow] Generating flow layout
[Topology][Flow] Nodes: 8
[Topology][Flow] Connections: 7
[Topology][Hub] Generating hub layout
[Topology][Hub] Hub: Delivery
[Topology][Hub] Satellites: 5
[Topology][Hub] Connections: 5
[Topology][Flow] Generating flow layout
[Topology][Flow] Nodes: 8
[Topology][Flow] Connections: 7
[Topology][Hub] Generating hub layout
[Topology][Hub] Hub: Delivery
[Topology][Hub] Satellites: 5
[Topology][Hub] Connections: 5
[Topology][Flow] Generating flow layout
[Topology][Flow] Nodes: 8
[Topology][Flow] Connections: 7
[Topology][Hub] Generating hub layout
[Topology][Hub] Hub: Delivery
[Topology][Hub] Satellites: 5
[Topology][Hub] Connections: 5
[Topology][Flow] Generating flow layout
[Topology][Flow] Nodes: 8
[Topology][Flow] Connections: 7
[Topology][Hub] Generating hub layout
[Topology][Hub] Hub: Delivery
[Topology][Hub] Satellites: 5
[Topology][Hub] Connections: 5
[Topology][Flow] Generating flow layout
[Topology][Flow] Nodes: 8
[Topology][Flow] Connections: 7
[Topology][Hub] Generating hub layout
[Topology][Hub] Hub: Delivery
[Topology][Hub] Satellites: 5
[Topology][Hub] Connections: 5
[Topology][Flow] Generating flow layout
[Topology][Flow] Nodes: 8
[Topology][Flow] Connections: 7
[Topology][Hub] Generating hub layout
[Topology][Hub] Hub: Delivery
[Topology][Hub] Satellites: 5
[Topology][Hub] Connections: 5
[Topology][Flow] Generating flow layout
[Topology][Flow] Nodes: 8
[Topology][Flow] Connections: 7
[Topology][Hub] Generating hub layout
[Topology][Hub] Hub: Delivery
[Topology][Hub] Satellites: 5
[Topology][Hub] Connections: 5
[Topology][Flow] Generating flow layout
[Topology][Flow] Nodes: 8
[Topology][Flow] Connections: 7
[Topology][Hub] Generating hub layout
[Topology][Hub] Hub: Delivery
[Topology][Hub] Satellites: 5
[Topology][Hub] Connections: 5
[Topology][Flow] Generating flow layout
[Topology][Flow] Nodes: 8
[Topology][Flow] Connections: 7
[Topology][Hub] Generating hub layout
[Topology][Hub] Hub: Delivery
[Topology][Hub] Satellites: 5
[Topology][Hub] Connections: 5
[Topology][Flow] Generating flow layout
[Topology][Flow] Nodes: 8
[Topology][Flow] Connections: 7
[Topology][Hub] Generating hub layout
[Topology][Hub] Hub: Delivery
[Topology][Hub] Satellites: 5
[Topology][Hub] Connections: 5
[Topology][Flow] Generating flow layout
[Topology][Flow] Nodes: 8
[Topology][Flow] Connections: 7
[Topology][Hub] Generating hub layout
[Topology][Hub] Hub: Delivery
[Topology][Hub] Satellites: 5
[Topology][Hub] Connections: 5
[Topology][Flow] Generating flow layout
[Topology][Flow] Nodes: 8
[Topology][Flow] Connections: 7
[Topology][Hub] Generating hub layout
[Topology][Hub] Hub: Delivery
[Topology][Hub] Satellites: 5
[Topology][Hub] Connections: 5
[Topology][Flow] Generating flow layout
[Topology][Flow] Nodes: 8
[Topology][Flow] Connections: 7
[Topology][Hub] Generating hub layout
[Topology][Hub] Hub: Delivery
[Topology][Hub] Satellites: 5
[Topology][Hub] Connections: 5
[Topology][Flow] Generating flow layout
[Topology][Flow] Nodes: 8
[Topology][Flow] Connections: 7
[Topology][Hub] Generating hub layout
[Topology][Hub] Hub: Delivery
[Topology][Hub] Satellites: 5
[Topology][Hub] Connections: 5
[Topology][Flow] Generating flow layout
[Topology][Flow] Nodes: 8
[Topology][Flow] Connections: 7
[Topology][Hub] Generating hub layout
[Topology][Hub] Hub: Delivery
[Topology][Hub] Satellites: 5
[Topology][Hub] Connections: 5
[Topology][Flow] Generating flow layout
[Topology][Flow] Nodes: 8
[Topology][Flow] Connections: 7
[Topology][Hub] Generating hub layout
[Topology][Hub] Hub: Delivery
[Topology][Hub] Satellites: 5
[Topology][Hub] Connections: 5
[Topology][Flow] Generating flow layout
[Topology][Flow] Nodes: 8
[Topology][Flow] Connections: 7
[Topology][Hub] Generating hub layout
[Topology][Hub] Hub: Delivery
[Topology][Hub] Satellites: 5
[Topology][Hub] Connections: 5
[Topology][Flow] Generating flow layout
[Topology][Flow] Nodes: 8
[Topology][Flow] Connections: 7
[Topology][Hub] Generating hub layout
[Topology][Hub] Hub: Delivery
[Topology][Hub] Satellites: 5
[Topology][Hub] Connections: 5
[Topology][Flow] Generating flow layout
[Topology][Flow] Nodes: 8
[Topology][Flow] Connections: 7
[Topology][Hub] Generating hub layout
[Topology][Hub] Hub: Delivery
[Topology][Hub] Satellites: 5
[Topology][Hub] Connections: 5
[Topology][Flow] Generating flow layout
[Topology][Flow] Nodes: 8
[Topology][Flow] Connections: 7
[Topology][Hub] Generating hub layout
[Topology][Hub] Hub: Delivery
[Topology][Hub] Satellites: 5
[Topology][Hub] Connections: 5
[Topology][Flow] Generating flow layout
[Topology][Flow] Nodes: 8
[Topology][Flow] Connections: 7
[Topology][Hub] Generating hub layout
[Topology][Hub] Hub: Delivery
[Topology][Hub] Satellites: 5
[Topology][Hub] Connections: 5
[Topology][Flow] Generating flow layout
[Topology][Flow] Nodes: 8
[Topology][Flow] Connections: 7
[Topology][Hub] Generating hub layout
[Topology][Hub] Hub: Delivery
[Topology][Hub] Satellites: 5
[Topology][Hub] Connections: 5
[Topology][Flow] Generating flow layout
[Topology][Flow] Nodes: 8
[Topology][Flow] Connections: 7
[Topology][Hub] Generating hub layout
[Topology][Hub] Hub: Delivery
[Topology][Hub] Satellites: 5
[Topology][Hub] Connections: 5
[Topology][Flow] Generating flow layout
[Topology][Flow] Nodes: 8
[Topology][Flow] Connections: 7
[Topology][Hub] Generating hub layout
[Topology][Hub] Hub: Delivery
[Topology][Hub] Satellites: 5
[Topology][Hub] Connections: 5
[Topology][Flow] Generating flow layout
[Topology][Flow] Nodes: 8
[Topology][Flow] Connections: 7
[Topology][Hub] Generating hub layout
[Topology][Hub] Hub: Delivery
[Topology][Hub] Satellites: 5
[Topology][Hub] Connections: 5
[Topology][Flow] Generating flow layout
[Topology][Flow] Nodes: 8
[Topology][Flow] Connections: 7
[Topology][Hub] Generating hub layout
[Topology][Hub] Hub: Delivery
[Topology][Hub] Satellites: 5
[Topology][Hub] Connections: 5
[Topology][Flow] Generating flow layout
[Topology][Flow] Nodes: 8
[Topology][Flow] Connections: 7
[Topology][Hub] Generating hub layout
[Topology][Hub] Hub: Delivery
[Topology][Hub] Satellites: 5
[Topology][Hub] Connections: 5
[Topology][Flow] Generating flow layout
[Topology][Flow] Nodes: 8
[Topology][Flow] Connections: 7
[Topology][Hub] Generating hub layout
[Topology][Hub] Hub: Delivery
[Topology][Hub] Satellites: 5
[Topology][Hub] Connections: 5
[Topology][Flow] Generating flow layout
[Topology][Flow] Nodes: 8
[Topology][Flow] Connections: 7
[Topology][Hub] Generating hub layout
[Topology][Hub] Hub: Delivery
[Topology][Hub] Satellites: 5
[Topology][Hub] Connections: 5
[Topology][Flow] Generating flow layout
[Topology][Flow] Nodes: 8
[Topology][Flow] Connections: 7
[Topology][Hub] Generating hub layout
[Topology][Hub] Hub: Delivery
[Topology][Hub] Satellites: 5
[Topology][Hub] Connections: 5
[Topology][Flow] Generating flow layout
[Topology][Flow] Nodes: 8
[Topology][Flow] Connections: 7
[Topology][Hub] Generating hub layout
[Topology][Hub] Hub: Delivery
[Topology][Hub] Satellites: 5
[Topology][Hub] Connections: 5
[Topology][Flow] Generating flow layout
[Topology][Flow] Nodes: 8
[Topology][Flow] Connections: 7
[Topology][Hub] Generating hub layout
[Topology][Hub] Hub: Delivery
[Topology][Hub] Satellites: 5
[Topology][Hub] Connections: 5
[Topology][Flow] Generating flow layout
[Topology][Flow] Nodes: 8
[Topology][Flow] Connections: 7
[Topology][Hub] Generating hub layout
[Topology][Hub] Hub: Delivery
[Topology][Hub] Satellites: 5
[Topology][Hub] Connections: 5
[Topology][Flow] Generating flow layout
[Topology][Flow] Nodes: 8
[Topology][Flow] Connections: 7
[Topology][Hub] Generating hub layout
[Topology][Hub] Hub: Delivery
[Topology][Hub] Satellites: 5
[Topology][Hub] Connections: 5
[Topology][Flow] Generating flow layout
[Topology][Flow] Nodes: 8
[Topology][Flow] Connections: 7
[Topology][Hub] Generating hub layout
[Topology][Hub] Hub: Delivery
[Topology][Hub] Satellites: 5
[Topology][Hub] Connections: 5
[Topology][Flow] Generating flow layout
[Topology][Flow] Nodes: 8
[Topology][Flow] Connections: 7
[Topology][Hub] Generating hub layout
[Topology][Hub] Hub: Delivery
[Topology][Hub] Satellites: 5
[Topology][Hub] Connections: 5
[Topology][Flow] Generating flow layout
[Topology][Flow] Nodes: 8
[Topology][Flow] Connections: 7
[Topology][Hub] Generating hub layout
[Topology][Hub] Hub: Delivery
[Topology][Hub] Satellites: 5
[Topology][Hub] Connections: 5
[Topology][Flow] Generating flow layout
[Topology][Flow] Nodes: 8
[Topology][Flow] Connections: 7
[Topology][Hub] Generating hub layout
[Topology][Hub] Hub: Delivery
[Topology][Hub] Satellites: 5
[Topology][Hub] Connections: 5
[Topology][Flow] Generating flow layout
[Topology][Flow] Nodes: 8
[Topology][Flow] Connections: 7
[Topology][Hub] Generating hub layout
[Topology][Hub] Hub: Delivery
[Topology][Hub] Satellites: 5
[Topology][Hub] Connections: 5
[Topology][Flow] Generating flow layout
[Topology][Flow] Nodes: 8
[Topology][Flow] Connections: 7
[Topology][Hub] Generating hub layout
[Topology][Hub] Hub: Delivery
[Topology][Hub] Satellites: 5
[Topology][Hub] Connections: 5
[Topology][Flow] Generating flow layout
[Topology][Flow] Nodes: 8
[Topology][Flow] Connections: 7
[Topology][Hub] Generating hub layout
[Topology][Hub] Hub: Delivery
[Topology][Hub] Satellites: 5
[Topology][Hub] Connections: 5
[Topology][Flow] Generating flow layout
[Topology][Flow] Nodes: 8
[Topology][Flow] Connections: 7
[Topology][Hub] Generating hub layout
[Topology][Hub] Hub: Delivery
[Topology][Hub] Satellites: 5
[Topology][Hub] Connections: 5
[Topology][Flow] Generating flow layout
[Topology][Flow] Nodes: 8
[Topology][Flow] Connections: 7
[Topology][Hub] Generating hub layout
[Topology][Hub] Hub: Delivery
[Topology][Hub] Satellites: 5
[Topology][Hub] Connections: 5
[Topology][Flow] Generating flow layout
[Topology][Flow] Nodes: 8
[Topology][Flow] Connections: 7
[Topology][Hub] Generating hub layout
[Topology][Hub] Hub: Delivery
[Topology][Hub] Satellites: 5
[Topology][Hub] Connections: 5
[Topology][Flow] Generating flow layout
[Topology][Flow] Nodes: 8
[Topology][Flow] Connections: 7
[Topology][Hub] Generating hub layout
[Topology][Hub] Hub: Delivery
[Topology][Hub] Satellites: 5
[Topology][Hub] Connections: 5
[Topology][Flow] Generating flow layout
[Topology][Flow] Nodes: 8
[Topology][Flow] Connections: 7
[Topology][Hub] Generating hub layout
[Topology][Hub] Hub: Delivery
[Topology][Hub] Satellites: 5
[Topology][Hub] Connections: 5
[Topology][Flow] Generating flow layout
[Topology][Flow] Nodes: 8
[Topology][Flow] Connections: 7
[Topology][Hub] Generating hub layout
[Topology][Hub] Hub: Delivery
[Topology][Hub] Satellites: 5
[Topology][Hub] Connections: 5
[Topology][Flow] Generating flow layout
[Topology][Flow] Nodes: 8
[Topology][Flow] Connections: 7
[Topology][Hub] Generating hub layout
[Topology][Hub] Hub: Delivery
[Topology][Hub] Satellites: 5
[Topology][Hub] Connections: 5
[Topology][Flow] Generating flow layout
[Topology][Flow] Nodes: 8
[Topology][Flow] Connections: 7
[Topology][Hub] Generating hub layout
[Topology][Hub] Hub: Delivery
[Topology][Hub] Satellites: 5
[Topology][Hub] Connections: 5
[Topology][Flow] Generating flow layout
[Topology][Flow] Nodes: 8
[Topology][Flow] Connections: 7
[Topology][Hub] Generating hub layout
[Topology][Hub] Hub: Delivery
[Topology][Hub] Satellites: 5
[Topology][Hub] Connections: 5
[Topology][Flow] Generating flow layout
[Topology][Flow] Nodes: 8
[Topology][Flow] Connections: 7
[Topology][Hub] Generating hub layout
[Topology][Hub] Hub: Delivery
[Topology][Hub] Satellites: 5
[Topology][Hub] Connections: 5
[Topology][Flow] Generating flow layout
[Topology][Flow] Nodes: 8
[Topology][Flow] Connections: 7
[Topology][Hub] Generating hub layout
[Topology][Hub] Hub: Delivery
[Topology][Hub] Satellites: 5
[Topology][Hub] Connections: 5
[Topology][Flow] Generating flow layout
[Topology][Flow] Nodes: 8
[Topology][Flow] Connections: 7
[Topology][Hub] Generating hub layout
[Topology][Hub] Hub: Delivery
[Topology][Hub] Satellites: 5
[Topology][Hub] Connections: 5
[Topology][Flow] Generating flow layout
[Topology][Flow] Nodes: 8
[Topology][Flow] Connections: 7
[Topology][Hub] Generating hub layout
[Topology][Hub] Hub: Delivery
[Topology][Hub] Satellites: 5
[Topology][Hub] Connections: 5
[Topology][Flow] Generating flow layout
[Topology][Flow] Nodes: 8
[Topology][Flow] Connections: 7
[Topology][Hub] Generating hub layout
[Topology][Hub] Hub: Delivery
[Topology][Hub] Satellites: 5
[Topology][Hub] Connections: 5
[Topology][Flow] Generating flow layout
[Topology][Flow] Nodes: 8
[Topology][Flow] Connections: 7
[Topology][Hub] Generating hub layout
[Topology][Hub] Hub: Delivery
[Topology][Hub] Satellites: 5
[Topology][Hub] Connections: 5
[Topology][Flow] Generating flow layout
[Topology][Flow] Nodes: 8
[Topology][Flow] Connections: 7
[Topology][Hub] Generating hub layout
[Topology][Hub] Hub: Delivery
[Topology][Hub] Satellites: 5
[Topology][Hub] Connections: 5
[Topology][Flow] Generating flow layout
[Topology][Flow] Nodes: 8
[Topology][Flow] Connections: 7
[Topology][Hub] Generating hub layout
[Topology][Hub] Hub: Delivery
[Topology][Hub] Satellites: 5
[Topology][Hub] Connections: 5
[Topology][Flow] Generating flow layout
[Topology][Flow] Nodes: 8
[Topology][Flow] Connections: 7
[Topology][Hub] Generating hub layout
[Topology][Hub] Hub: Delivery
[Topology][Hub] Satellites: 5
[Topology][Hub] Connections: 5
[Topology][Flow] Generating flow layout
[Topology][Flow] Nodes: 8
[Topology][Flow] Connections: 7
[Topology][Hub] Generating hub layout
[Topology][Hub] Hub: Delivery
[Topology][Hub] Satellites: 5
[Topology][Hub] Connections: 5
[Topology][Flow] Generating flow layout
[Topology][Flow] Nodes: 8
[Topology][Flow] Connections: 7
[Topology][Hub] Generating hub layout
[Topology][Hub] Hub: Delivery
[Topology][Hub] Satellites: 5
[Topology][Hub] Connections: 5
[Topology][Flow] Generating flow layout
[Topology][Flow] Nodes: 8
[Topology][Flow] Connections: 7
[Topology][Hub] Generating hub layout
[Topology][Hub] Hub: Delivery
[Topology][Hub] Satellites: 5
[Topology][Hub] Connections: 5
[Topology][Flow] Generating flow layout
[Topology][Flow] Nodes: 8
[Topology][Flow] Connections: 7
[Topology][Hub] Generating hub layout
[Topology][Hub] Hub: Delivery
[Topology][Hub] Satellites: 5
[Topology][Hub] Connections: 5
[Topology][Flow] Generating flow layout
[Topology][Flow] Nodes: 8
[Topology][Flow] Connections: 7
[Topology][Hub] Generating hub layout
[Topology][Hub] Hub: Delivery
[Topology][Hub] Satellites: 5
[Topology][Hub] Connections: 5
[Topology][Flow] Generating flow layout
[Topology][Flow] Nodes: 8
[Topology][Flow] Connections: 7
[Topology][Hub] Generating hub layout
[Topology][Hub] Hub: Delivery
[Topology][Hub] Satellites: 5
[Topology][Hub] Connections: 5
[Topology][Flow] Generating flow layout
[Topology][Flow] Nodes: 8
[Topology][Flow] Connections: 7
[Topology][Hub] Generating hub layout
[Topology][Hub] Hub: Delivery
[Topology][Hub] Satellites: 5
[Topology][Hub] Connections: 5
[Topology][Flow] Generating flow layout
[Topology][Flow] Nodes: 8
[Topology][Flow] Connections: 7
[Topology][Hub] Generating hub layout
[Topology][Hub] Hub: Delivery
[Topology][Hub] Satellites: 5
[Topology][Hub] Connections: 5
[Topology][Flow] Generating flow layout
[Topology][Flow] Nodes: 8
[Topology][Flow] Connections: 7
[Topology][Hub] Generating hub layout
[Topology][Hub] Hub: Delivery
[Topology][Hub] Satellites: 5
[Topology][Hub] Connections: 5
[Topology][Flow] Generating flow layout
[Topology][Flow] Nodes: 8
[Topology][Flow] Connections: 7
[Topology][Hub] Generating hub layout
[Topology][Hub] Hub: Delivery
[Topology][Hub] Satellites: 5
[Topology][Hub] Connections: 5
[Topology][Flow] Generating flow layout
[Topology][Flow] Nodes: 8
[Topology][Flow] Connections: 7
[Topology][Hub] Generating hub layout
[Topology][Hub] Hub: Delivery
[Topology][Hub] Satellites: 5
[Topology][Hub] Connections: 5
[Topology][Flow] Generating flow layout
[Topology][Flow] Nodes: 8
[Topology][Flow] Connections: 7
[Topology][Hub] Generating hub layout
[Topology][Hub] Hub: Delivery
[Topology][Hub] Satellites: 5
[Topology][Hub] Connections: 5
[Topology][Flow] Generating flow layout
[Topology][Flow] Nodes: 8
[Topology][Flow] Connections: 7
[Topology][Hub] Generating hub layout
[Topology][Hub] Hub: Delivery
[Topology][Hub] Satellites: 5
[Topology][Hub] Connections: 5
[Topology][Flow] Generating flow layout
[Topology][Flow] Nodes: 8
[Topology][Flow] Connections: 7
[Topology][Hub] Generating hub layout
[Topology][Hub] Hub: Delivery
[Topology][Hub] Satellites: 5
[Topology][Hub] Connections: 5
[Topology][Flow] Generating flow layout
[Topology][Flow] Nodes: 8
[Topology][Flow] Connections: 7
[Topology][Hub] Generating hub layout
[Topology][Hub] Hub: Delivery
[Topology][Hub] Satellites: 5
[Topology][Hub] Connections: 5
[Topology][Flow] Generating flow layout
[Topology][Flow] Nodes: 8
[Topology][Flow] Connections: 7
[Topology][Hub] Generating hub layout
[Topology][Hub] Hub: Delivery
[Topology][Hub] Satellites: 5
[Topology][Hub] Connections: 5
[Topology][Flow] Generating flow layout
[Topology][Flow] Nodes: 8
[Topology][Flow] Connections: 7
[Topology][Hub] Generating hub layout
[Topology][Hub] Hub: Delivery
[Topology][Hub] Satellites: 5
[Topology][Hub] Connections: 5
[Topology][Flow] Generating flow layout
[Topology][Flow] Nodes: 8
[Topology][Flow] Connections: 7
[Topology][Hub] Generating hub layout
[Topology][Hub] Hub: Delivery
[Topology][Hub] Satellites: 5
[Topology][Hub] Connections: 5
[Topology][Flow] Generating flow layout
[Topology][Flow] Nodes: 8
[Topology][Flow] Connections: 7
[Topology][Hub] Generating hub layout
[Topology][Hub] Hub: Delivery
[Topology][Hub] Satellites: 5
[Topology][Hub] Connections: 5
[Topology][Flow] Generating flow layout
[Topology][Flow] Nodes: 8
[Topology][Flow] Connections: 7
[Topology][Hub] Generating hub layout
[Topology][Hub] Hub: Delivery
[Topology][Hub] Satellites: 5
[Topology][Hub] Connections: 5
[Topology][Flow] Generating flow layout
[Topology][Flow] Nodes: 8
[Topology][Flow] Connections: 7
[Topology][Hub] Generating hub layout
[Topology][Hub] Hub: Delivery
[Topology][Hub] Satellites: 5
[Topology][Hub] Connections: 5
[Topology][Flow] Generating flow layout
[Topology][Flow] Nodes: 8
[Topology][Flow] Connections: 7
[Topology][Hub] Generating hub layout
[Topology][Hub] Hub: Delivery
[Topology][Hub] Satellites: 5
[Topology][Hub] Connections: 5
[Topology][Flow] Generating flow layout
[Topology][Flow] Nodes: 8
[Topology][Flow] Connections: 7
[Topology][Hub] Generating hub layout
[Topology][Hub] Hub: Delivery
[Topology][Hub] Satellites: 5
[Topology][Hub] Connections: 5
[Topology][Flow] Generating flow layout
[Topology][Flow] Nodes: 8
[Topology][Flow] Connections: 7
[Topology][Hub] Generating hub layout
[Topology][Hub] Hub: Delivery
[Topology][Hub] Satellites: 5
[Topology][Hub] Connections: 5
[Topology][Flow] Generating flow layout
[Topology][Flow] Nodes: 8
[Topology][Flow] Connections: 7
[Topology][Hub] Generating hub layout
[Topology][Hub] Hub: Delivery
[Topology][Hub] Satellites: 5
[Topology][Hub] Connections: 5
[Topology][Flow] Generating flow layout
[Topology][Flow] Nodes: 8
[Topology][Flow] Connections: 7
[Topology][Hub] Generating hub layout
[Topology][Hub] Hub: Delivery
[Topology][Hub] Satellites: 5
[Topology][Hub] Connections: 5
[Topology][Flow] Generating flow layout
[Topology][Flow] Nodes: 8
[Topology][Flow] Connections: 7
[Topology][Hub] Generating hub layout
[Topology][Hub] Hub: Delivery
[Topology][Hub] Satellites: 5
[Topology][Hub] Connections: 5
[Topology][Flow] Generating flow layout
[Topology][Flow] Nodes: 8
[Topology][Flow] Connections: 7
[Topology][Hub] Generating hub layout
[Topology][Hub] Hub: Delivery
[Topology][Hub] Satellites: 5
[Topology][Hub] Connections: 5
[Topology][Flow] Generating flow layout
[Topology][Flow] Nodes: 8
[Topology][Flow] Connections: 7
[Topology][Hub] Generating hub layout
[Topology][Hub] Hub: Delivery
[Topology][Hub] Satellites: 5
[Topology][Hub] Connections: 5
[Topology][Flow] Generating flow layout
[Topology][Flow] Nodes: 8
[Topology][Flow] Connections: 7
[Topology][Hub] Generating hub layout
[Topology][Hub] Hub: Delivery
[Topology][Hub] Satellites: 5
[Topology][Hub] Connections: 5
[Topology][Flow] Generating flow layout
[Topology][Flow] Nodes: 8
[Topology][Flow] Connections: 7
[Topology][Hub] Generating hub layout
[Topology][Hub] Hub: Delivery
[Topology][Hub] Satellites: 5
[Topology][Hub] Connections: 5
[Topology][Flow] Generating flow layout
[Topology][Flow] Nodes: 8
[Topology][Flow] Connections: 7
[Topology][Hub] Generating hub layout
[Topology][Hub] Hub: Delivery
[Topology][Hub] Satellites: 5
[Topology][Hub] Connections: 5
[Topology][Flow] Generating flow layout
[Topology][Flow] Nodes: 8
[Topology][Flow] Connections: 7
[Topology][Hub] Generating hub layout
[Topology][Hub] Hub: Delivery
[Topology][Hub] Satellites: 5
[Topology][Hub] Connections: 5
[Topology][Flow] Generating flow layout
[Topology][Flow] Nodes: 8
[Topology][Flow] Connections: 7
[Topology][Hub] Generating hub layout
[Topology][Hub] Hub: Delivery
[Topology][Hub] Satellites: 5
[Topology][Hub] Connections: 5
[Topology][Flow] Generating flow layout
[Topology][Flow] Nodes: 8
[Topology][Flow] Connections: 7
[Topology][Hub] Generating hub layout
[Topology][Hub] Hub: Delivery
[Topology][Hub] Satellites: 5
[Topology][Hub] Connections: 5
[Topology][Flow] Generating flow layout
[Topology][Flow] Nodes: 8
[Topology][Flow] Connections: 7
[Topology][Hub] Generating hub layout
[Topology][Hub] Hub: Delivery
[Topology][Hub] Satellites: 5
[Topology][Hub] Connections: 5
[Topology][Flow] Generating flow layout
[Topology][Flow] Nodes: 8
[Topology][Flow] Connections: 7
[Topology][Hub] Generating hub layout
[Topology][Hub] Hub: Delivery
[Topology][Hub] Satellites: 5
[Topology][Hub] Connections: 5
[Topology][Flow] Generating flow layout
[Topology][Flow] Nodes: 8
[Topology][Flow] Connections: 7
[Topology][Hub] Generating hub layout
[Topology][Hub] Hub: Delivery
[Topology][Hub] Satellites: 5
[Topology][Hub] Connections: 5
[Topology][Flow] Generating flow layout
[Topology][Flow] Nodes: 8
[Topology][Flow] Connections: 7
[Topology][Hub] Generating hub layout
[Topology][Hub] Hub: Delivery
[Topology][Hub] Satellites: 5
[Topology][Hub] Connections: 5
[Topology][Flow] Generating flow layout
[Topology][Flow] Nodes: 8
[Topology][Flow] Connections: 7
[Topology][Hub] Generating hub layout
[Topology][Hub] Hub: Delivery
[Topology][Hub] Satellites: 5
[Topology][Hub] Connections: 5
[Topology][Flow] Generating flow layout
[Topology][Flow] Nodes: 8
[Topology][Flow] Connections: 7
[Topology][Hub] Generating hub layout
[Topology][Hub] Hub: Delivery
[Topology][Hub] Satellites: 5
[Topology][Hub] Connections: 5
[Topology][Flow] Generating flow layout
[Topology][Flow] Nodes: 8
[Topology][Flow] Connections: 7
[Topology][Hub] Generating hub layout
[Topology][Hub] Hub: Delivery
[Topology][Hub] Satellites: 5
[Topology][Hub] Connections: 5
[Topology][Flow] Generating flow layout
[Topology][Flow] Nodes: 8
[Topology][Flow] Connections: 7
[Topology][Hub] Generating hub layout
[Topology][Hub] Hub: Delivery
[Topology][Hub] Satellites: 5
[Topology][Hub] Connections: 5
[Topology][Flow] Generating flow layout
[Topology][Flow] Nodes: 8
[Topology][Flow] Connections: 7
[Topology][Hub] Generating hub layout
[Topology][Hub] Hub: Delivery
[Topology][Hub] Satellites: 5
[Topology][Hub] Connections: 5
[Topology][Flow] Generating flow layout
[Topology][Flow] Nodes: 8
[Topology][Flow] Connections: 7
[Topology][Hub] Generating hub layout
[Topology][Hub] Hub: Delivery
[Topology][Hub] Satellites: 5
[Topology][Hub] Connections: 5
[Topology][Flow] Generating flow layout
[Topology][Flow] Nodes: 8
[Topology][Flow] Connections: 7
[Topology][Hub] Generating hub layout
[Topology][Hub] Hub: Delivery
[Topology][Hub] Satellites: 5
[Topology][Hub] Connections: 5
[Topology][Flow] Generating flow layout
[Topology][Flow] Nodes: 8
[Topology][Flow] Connections: 7
[Topology][Hub] Generating hub layout
[Topology][Hub] Hub: Delivery
[Topology][Hub] Satellites: 5
[Topology][Hub] Connections: 5
[Topology][Flow] Generating flow layout
[Topology][Flow] Nodes: 8
[Topology][Flow] Connections: 7
[Topology][Hub] Generating hub layout
[Topology][Hub] Hub: Delivery
[Topology][Hub] Satellites: 5
[Topology][Hub] Connections: 5
[Topology][Flow] Generating flow layout
[Topology][Flow] Nodes: 8
[Topology][Flow] Connections: 7
[Topology][Hub] Generating hub layout
[Topology][Hub] Hub: Delivery
[Topology][Hub] Satellites: 5
[Topology][Hub] Connections: 5
[Topology][Flow] Generating flow layout
[Topology][Flow] Nodes: 8
[Topology][Flow] Connections: 7
[Topology][Hub] Generating hub layout
[Topology][Hub] Hub: Delivery
[Topology][Hub] Satellites: 5
[Topology][Hub] Connections: 5
[Topology][Flow] Generating flow layout
[Topology][Flow] Nodes: 8
[Topology][Flow] Connections: 7
[Topology][Hub] Generating hub layout
[Topology][Hub] Hub: Delivery
[Topology][Hub] Satellites: 5
[Topology][Hub] Connections: 5
[Topology][Flow] Generating flow layout
[Topology][Flow] Nodes: 8
[Topology][Flow] Connections: 7
[Topology][Hub] Generating hub layout
[Topology][Hub] Hub: Delivery
[Topology][Hub] Satellites: 5
[Topology][Hub] Connections: 5
[Topology][Flow] Generating flow layout
[Topology][Flow] Nodes: 8
[Topology][Flow] Connections: 7
[Topology][Hub] Generating hub layout
[Topology][Hub] Hub: Delivery
[Topology][Hub] Satellites: 5
[Topology][Hub] Connections: 5
[Topology][Flow] Generating flow layout
[Topology][Flow] Nodes: 8
[Topology][Flow] Connections: 7
[Topology][Hub] Generating hub layout
[Topology][Hub] Hub: Delivery
[Topology][Hub] Satellites: 5
[Topology][Hub] Connections: 5
[Topology][Flow] Generating flow layout
[Topology][Flow] Nodes: 8
[Topology][Flow] Connections: 7
[Topology][Hub] Generating hub layout
[Topology][Hub] Hub: Delivery
[Topology][Hub] Satellites: 5
[Topology][Hub] Connections: 5
[Topology][Flow] Generating flow layout
[Topology][Flow] Nodes: 8
[Topology][Flow] Connections: 7
[Topology][Hub] Generating hub layout
[Topology][Hub] Hub: Delivery
[Topology][Hub] Satellites: 5
[Topology][Hub] Connections: 5
[Topology][Flow] Generating flow layout
[Topology][Flow] Nodes: 8
[Topology][Flow] Connections: 7
[Topology][Hub] Generating hub layout
[Topology][Hub] Hub: Delivery
[Topology][Hub] Satellites: 5
[Topology][Hub] Connections: 5
[Topology][Flow] Generating flow layout
[Topology][Flow] Nodes: 8
[Topology][Flow] Connections: 7
[Topology][Hub] Generating hub layout
[Topology][Hub] Hub: Delivery
[Topology][Hub] Satellites: 5
[Topology][Hub] Connections: 5
[Topology][Flow] Generating flow layout
[Topology][Flow] Nodes: 8
[Topology][Flow] Connections: 7
[Topology][Hub] Generating hub layout
[Topology][Hub] Hub: Delivery
[Topology][Hub] Satellites: 5
[Topology][Hub] Connections: 5
[Topology][Flow] Generating flow layout
[Topology][Flow] Nodes: 8
[Topology][Flow] Connections: 7
[Topology][Hub] Generating hub layout
[Topology][Hub] Hub: Delivery
[Topology][Hub] Satellites: 5
[Topology][Hub] Connections: 5
[Topology][Flow] Generating flow layout
[Topology][Flow] Nodes: 8
[Topology][Flow] Connections: 7
[Topology][Flow] Generating flow layout
[Topology][Flow] Nodes: 2
[Topology][Flow] Connections: 1
[Topology][Flow] Generating flow layout
[Topology][Flow] Nodes: 8
[Topology][Flow] Connections: 7
[Topology][Hub] Generating hub layout
[Topology][Hub] Hub: Delivery
[Topology][Hub] Satellites: 5
[Topology][Hub] Connections: 5
[Topology][Flow] Generating flow layout
[Topology][Flow] Nodes: 8
[Topology][Flow] Connections: 7
[Topology][Hub] Generating hub layout
[Topology][Hub] Hub: Capacity
[Topology][Hub] Satellites: 5
[Topology][Hub] Connections: 5
[Topology][Flow] Generating flow layout
[Topology][Flow] Nodes: 8
[Topology][Flow] Connections: 7
[Topology][Hub] Generating hub layout
[Topology][Hub] Hub: Capacity
[Topology][Hub] Satellites: 5
[Topology][Hub] Connections: 5
[Topology][Flow] Generating flow layout
[Topology][Flow] Nodes: 8
[Topology][Flow] Connections: 7
[Topology][Hub] Generating hub layout
[Topology][Hub] Hub: Capacity
[Topology][Hub] Satellites: 5
[Topology][Hub] Connections: 5
[Topology][Flow] Generating flow layout
[Topology][Flow] Nodes: 8
[Topology][Flow] Connections: 7
[Topology][Flow] Generating flow layout
[Topology][Flow] Nodes: 2
[Topology][Flow] Connections: 1
▶ NEX-MVP-FINAL:6.6 Type-C Manager Conversation
  ✔ has FINAL:6.6 identity and does not create a conversation engine (0.643833ms)
  ✔ meets Type-C corpus size (0.568041ms)
  ✔ certifies the Type-C corpus without unsafe mutations (8973.526292ms)
  ✔ clears continuity after session reset (15.463291ms)
  ✔ does not treat clarification yes as approval (24.072333ms)
  ✔ keeps pipeline trace fields for certification (4.585209ms)
✔ NEX-MVP-FINAL:6.6 Type-C Manager Conversation (9019.902125ms)
[Topology][Flow] Generating flow layout
[Topology][Flow] Nodes: 8
[Topology][Flow] Connections: 7
[Topology][Flow] Generating flow layout
[Topology][Flow] Nodes: 2
[Topology][Flow] Connections: 1
[Topology][Flow] Generating flow layout
[Topology][Flow] Nodes: 8
[Topology][Flow] Connections: 7
[Topology][Flow] Generating flow layout
[Topology][Flow] Nodes: 2
[Topology][Flow] Connections: 1
[Topology][Flow] Generating flow layout
[Topology][Flow] Nodes: 8
[Topology][Flow] Connections: 7
[Topology][Flow] Generating flow layout
[Topology][Flow] Nodes: 2
[Topology][Flow] Connections: 1
[Topology][Flow] Generating flow layout
[Topology][Flow] Nodes: 8
[Topology][Flow] Connections: 7
[Topology][Hub] Generating hub layout
[Topology][Hub] Hub: Delivery
[Topology][Hub] Satellites: 5
[Topology][Hub] Connections: 5
[Topology][Flow] Generating flow layout
[Topology][Flow] Nodes: 8
[Topology][Flow] Connections: 7
[Topology][Hub] Generating hub layout
[Topology][Hub] Hub: Delivery
[Topology][Hub] Satellites: 5
[Topology][Hub] Connections: 5
[Topology][Flow] Generating flow layout
[Topology][Flow] Nodes: 8
[Topology][Flow] Connections: 7
[Topology][Hub] Generating hub layout
[Topology][Hub] Hub: Delivery
[Topology][Hub] Satellites: 5
[Topology][Hub] Connections: 5
[Topology][Flow] Generating flow layout
[Topology][Flow] Nodes: 8
[Topology][Flow] Connections: 7
[Topology][Hub] Generating hub layout
[Topology][Hub] Hub: Delivery
[Topology][Hub] Satellites: 5
[Topology][Hub] Connections: 5
[Topology][Flow] Generating flow layout
[Topology][Flow] Nodes: 8
[Topology][Flow] Connections: 7
[Topology][Flow] Generating flow layout
[Topology][Flow] Nodes: 2
[Topology][Flow] Connections: 1
[Topology][Flow] Generating flow layout
[Topology][Flow] Nodes: 8
[Topology][Flow] Connections: 7
[Topology][Flow] Generating flow layout
[Topology][Flow] Nodes: 2
[Topology][Flow] Connections: 1
[Topology][Flow] Generating flow layout
[Topology][Flow] Nodes: 8
[Topology][Flow] Connections: 7
[Topology][Hub] Generating hub layout
[Topology][Hub] Hub: Delivery
[Topology][Hub] Satellites: 5
[Topology][Hub] Connections: 5
[Topology][Flow] Generating flow layout
[Topology][Flow] Nodes: 8
[Topology][Flow] Connections: 7
[Topology][Flow] Generating flow layout
[Topology][Flow] Nodes: 2
[Topology][Flow] Connections: 1
[Topology][Flow] Generating flow layout
[Topology][Flow] Nodes: 8
[Topology][Flow] Connections: 7
[Topology][Hub] Generating hub layout
[Topology][Hub] Hub: Delivery
[Topology][Hub] Satellites: 5
[Topology][Hub] Connections: 5
[Topology][Flow] Generating flow layout
[Topology][Flow] Nodes: 8
[Topology][Flow] Connections: 7
[Topology][Hub] Generating hub layout
[Topology][Hub] Hub: Delivery
[Topology][Hub] Satellites: 5
[Topology][Hub] Connections: 5
[Topology][Flow] Generating flow layout
[Topology][Flow] Nodes: 8
[Topology][Flow] Connections: 7
[Topology][Flow] Generating flow layout
[Topology][Flow] Nodes: 2
[Topology][Flow] Connections: 1
[Topology][Flow] Generating flow layout
[Topology][Flow] Nodes: 8
[Topology][Flow] Connections: 7
[Topology][Hub] Generating hub layout
[Topology][Hub] Hub: Delivery
[Topology][Hub] Satellites: 5
[Topology][Hub] Connections: 5
[Topology][Flow] Generating flow layout
[Topology][Flow] Nodes: 8
[Topology][Flow] Connections: 7
[Topology][Hub] Generating hub layout
[Topology][Hub] Hub: Delivery
[Topology][Hub] Satellites: 5
[Topology][Hub] Connections: 5
[Topology][Flow] Generating flow layout
[Topology][Flow] Nodes: 8
[Topology][Flow] Connections: 7
[Topology][Flow] Generating flow layout
[Topology][Flow] Nodes: 2
[Topology][Flow] Connections: 1
[Topology][Flow] Generating flow layout
[Topology][Flow] Nodes: 8
[Topology][Flow] Connections: 7
[Topology][Flow] Generating flow layout
[Topology][Flow] Nodes: 2
[Topology][Flow] Connections: 1
[Topology][Flow] Generating flow layout
[Topology][Flow] Nodes: 8
[Topology][Flow] Connections: 7
[Topology][Flow] Generating flow layout
[Topology][Flow] Nodes: 2
[Topology][Flow] Connections: 1
▶ NCA:1 Manager Conversation Architecture
  ✔ identity does not create a second engine (1.882583ms)
  ✔ A. What Capacity Gap? is knowledge, not navigation (390.918833ms)
  ✔ B. Explain it keeps Capacity Gap (110.213125ms)
  ✔ C. Show Delivery. Why? stays Delivery and does not invent cause (80.881167ms)
  ✔ D. What should I do? guides from the active subject (49.685834ms)
  ✔ E. Should we increase capacity? asks one high-value question (40.702375ms)
  ✔ F. Compare them uses existing scenario context rather than unknown failure (24.591625ms)
  ✔ G. Show Delivery remains navigation (23.11225ms)
  ✔ H. How do I use Nexora? teaches (18.408709ms)
  ✔ I. Thanks acknowledges and preserves context (77.843959ms)
  ✔ J. Unsupported supplier recommendation does not fabricate capability (29.656583ms)
  ✔ K. Association is not confirmed causality (59.006834ms)
  ✔ L. Explain is object-generic (34.121417ms)
✔ NCA:1 Manager Conversation Architecture (947.145667ms)
[Topology][Flow] Generating flow layout
[Topology][Flow] Nodes: 8
[Topology][Flow] Connections: 7
[Topology][Flow] Generating flow layout
[Topology][Flow] Nodes: 2
[Topology][Flow] Connections: 1
[Topology][Flow] Generating flow layout
[Topology][Flow] Nodes: 8
[Topology][Flow] Connections: 7
[Topology][Flow] Generating flow layout
[Topology][Flow] Nodes: 2
[Topology][Flow] Connections: 1
[Topology][Flow] Generating flow layout
[Topology][Flow] Nodes: 8
[Topology][Flow] Connections: 7
[Topology][Flow] Generating flow layout
[Topology][Flow] Nodes: 2
[Topology][Flow] Connections: 1
[Topology][Flow] Generating flow layout
[Topology][Flow] Nodes: 8
[Topology][Flow] Connections: 7
[Topology][Flow] Generating flow layout
[Topology][Flow] Nodes: 2
[Topology][Flow] Connections: 1
[Topology][Flow] Generating flow layout
[Topology][Flow] Nodes: 8
[Topology][Flow] Connections: 7
[Topology][Flow] Generating flow layout
[Topology][Flow] Nodes: 2
[Topology][Flow] Connections: 1
[Topology][Flow] Generating flow layout
[Topology][Flow] Nodes: 8
[Topology][Flow] Connections: 7
[Topology][Flow] Generating flow layout
[Topology][Flow] Nodes: 2
[Topology][Flow] Connections: 1
[Topology][Flow] Generating flow layout
[Topology][Flow] Nodes: 8
[Topology][Flow] Connections: 7
[Topology][Flow] Generating flow layout
[Topology][Flow] Nodes: 2
[Topology][Flow] Connections: 1
[Topology][Flow] Generating flow layout
[Topology][Flow] Nodes: 8
[Topology][Flow] Connections: 7
[Topology][Flow] Generating flow layout
[Topology][Flow] Nodes: 2
[Topology][Flow] Connections: 1
[Topology][Flow] Generating flow layout
[Topology][Flow] Nodes: 8
[Topology][Flow] Connections: 7
[Topology][Flow] Generating flow layout
[Topology][Flow] Nodes: 2
[Topology][Flow] Connections: 1
[Topology][Flow] Generating flow layout
[Topology][Flow] Nodes: 8
[Topology][Flow] Connections: 7
[Topology][Flow] Generating flow layout
[Topology][Flow] Nodes: 2
[Topology][Flow] Connections: 1
[Topology][Flow] Generating flow layout
[Topology][Flow] Nodes: 8
[Topology][Flow] Connections: 7
[Topology][Flow] Generating flow layout
[Topology][Flow] Nodes: 2
[Topology][Flow] Connections: 1
[Topology][Flow] Generating flow layout
[Topology][Flow] Nodes: 8
[Topology][Flow] Connections: 7
[Topology][Flow] Generating flow layout
[Topology][Flow] Nodes: 2
[Topology][Flow] Connections: 1
[Topology][Flow] Generating flow layout
[Topology][Flow] Nodes: 8
[Topology][Flow] Connections: 7
[Topology][Flow] Generating flow layout
[Topology][Flow] Nodes: 2
[Topology][Flow] Connections: 1
[Topology][Flow] Generating flow layout
[Topology][Flow] Nodes: 8
[Topology][Flow] Connections: 7
[Topology][Flow] Generating flow layout
[Topology][Flow] Nodes: 2
[Topology][Flow] Connections: 1
[Topology][Flow] Generating flow layout
[Topology][Flow] Nodes: 8
[Topology][Flow] Connections: 7
[Topology][Flow] Generating flow layout
[Topology][Flow] Nodes: 2
[Topology][Flow] Connections: 1
[Topology][Flow] Generating flow layout
[Topology][Flow] Nodes: 8
[Topology][Flow] Connections: 7
[Topology][Hub] Generating hub layout
[Topology][Hub] Hub: Delivery
[Topology][Hub] Satellites: 5
[Topology][Hub] Connections: 5
[Topology][Flow] Generating flow layout
[Topology][Flow] Nodes: 8
[Topology][Flow] Connections: 7
[Topology][Flow] Generating flow layout
[Topology][Flow] Nodes: 2
[Topology][Flow] Connections: 1
[Topology][Flow] Generating flow layout
[Topology][Flow] Nodes: 8
[Topology][Flow] Connections: 7
[Topology][Flow] Generating flow layout
[Topology][Flow] Nodes: 2
[Topology][Flow] Connections: 1
[Topology][Flow] Generating flow layout
[Topology][Flow] Nodes: 8
[Topology][Flow] Connections: 7
[Topology][Hub] Generating hub layout
[Topology][Hub] Hub: Delivery
[Topology][Hub] Satellites: 5
[Topology][Hub] Connections: 5
[Topology][Flow] Generating flow layout
[Topology][Flow] Nodes: 8
[Topology][Flow] Connections: 7
[Topology][Hub] Generating hub layout
[Topology][Hub] Hub: Delivery
[Topology][Hub] Satellites: 5
[Topology][Hub] Connections: 5
[Topology][Flow] Generating flow layout
[Topology][Flow] Nodes: 8
[Topology][Flow] Connections: 7
[Topology][Flow] Generating flow layout
[Topology][Flow] Nodes: 2
[Topology][Flow] Connections: 1
[Topology][Flow] Generating flow layout
[Topology][Flow] Nodes: 8
[Topology][Flow] Connections: 7
[Topology][Flow] Generating flow layout
[Topology][Flow] Nodes: 2
[Topology][Flow] Connections: 1
[Topology][Flow] Generating flow layout
[Topology][Flow] Nodes: 8
[Topology][Flow] Connections: 7
[Topology][Flow] Generating flow layout
[Topology][Flow] Nodes: 2
[Topology][Flow] Connections: 1
[Topology][Flow] Generating flow layout
[Topology][Flow] Nodes: 8
[Topology][Flow] Connections: 7
[Topology][Flow] Generating flow layout
[Topology][Flow] Nodes: 2
[Topology][Flow] Connections: 1
[Topology][Flow] Generating flow layout
[Topology][Flow] Nodes: 8
[Topology][Flow] Connections: 7
[Topology][Flow] Generating flow layout
[Topology][Flow] Nodes: 2
[Topology][Flow] Connections: 1
[Topology][Flow] Generating flow layout
[Topology][Flow] Nodes: 8
[Topology][Flow] Connections: 7
[Topology][Flow] Generating flow layout
[Topology][Flow] Nodes: 2
[Topology][Flow] Connections: 1
[Topology][Flow] Generating flow layout
[Topology][Flow] Nodes: 8
[Topology][Flow] Connections: 7
[Topology][Flow] Generating flow layout
[Topology][Flow] Nodes: 2
[Topology][Flow] Connections: 1
[Topology][Flow] Generating flow layout
[Topology][Flow] Nodes: 8
[Topology][Flow] Connections: 7
[Topology][Flow] Generating flow layout
[Topology][Flow] Nodes: 2
[Topology][Flow] Connections: 1
[Topology][Flow] Generating flow layout
[Topology][Flow] Nodes: 8
[Topology][Flow] Connections: 7
[Topology][Flow] Generating flow layout
[Topology][Flow] Nodes: 2
[Topology][Flow] Connections: 1
[Topology][Flow] Generating flow layout
[Topology][Flow] Nodes: 8
[Topology][Flow] Connections: 7
[Topology][Flow] Generating flow layout
[Topology][Flow] Nodes: 2
[Topology][Flow] Connections: 1
[Topology][Flow] Generating flow layout
[Topology][Flow] Nodes: 8
[Topology][Flow] Connections: 7
[Topology][Flow] Generating flow layout
[Topology][Flow] Nodes: 2
[Topology][Flow] Connections: 1
[Topology][Flow] Generating flow layout
[Topology][Flow] Nodes: 8
[Topology][Flow] Connections: 7
[Topology][Flow] Generating flow layout
[Topology][Flow] Nodes: 2
[Topology][Flow] Connections: 1
[Topology][Flow] Generating flow layout
[Topology][Flow] Nodes: 8
[Topology][Flow] Connections: 7
[Topology][Flow] Generating flow layout
[Topology][Flow] Nodes: 2
[Topology][Flow] Connections: 1
[Topology][Flow] Generating flow layout
[Topology][Flow] Nodes: 8
[Topology][Flow] Connections: 7
[Topology][Flow] Generating flow layout
[Topology][Flow] Nodes: 2
[Topology][Flow] Connections: 1
[Topology][Flow] Generating flow layout
[Topology][Flow] Nodes: 8
[Topology][Flow] Connections: 7
[Topology][Flow] Generating flow layout
[Topology][Flow] Nodes: 2
[Topology][Flow] Connections: 1
[Topology][Flow] Generating flow layout
[Topology][Flow] Nodes: 8
[Topology][Flow] Connections: 7
[Topology][Flow] Generating flow layout
[Topology][Flow] Nodes: 2
[Topology][Flow] Connections: 1
[Topology][Flow] Generating flow layout
[Topology][Flow] Nodes: 8
[Topology][Flow] Connections: 7
[Topology][Flow] Generating flow layout
[Topology][Flow] Nodes: 2
[Topology][Flow] Connections: 1
[Topology][Flow] Generating flow layout
[Topology][Flow] Nodes: 8
[Topology][Flow] Connections: 7
[Topology][Flow] Generating flow layout
[Topology][Flow] Nodes: 2
[Topology][Flow] Connections: 1
[Topology][Flow] Generating flow layout
[Topology][Flow] Nodes: 8
[Topology][Flow] Connections: 7
[Topology][Hub] Generating hub layout
[Topology][Hub] Hub: Delivery
[Topology][Hub] Satellites: 5
[Topology][Hub] Connections: 5
[Topology][Flow] Generating flow layout
[Topology][Flow] Nodes: 8
[Topology][Flow] Connections: 7
[Topology][Hub] Generating hub layout
[Topology][Hub] Hub: Delivery
[Topology][Hub] Satellites: 5
[Topology][Hub] Connections: 5
▶ NCA:2 Conversational Context & Dialogue State
  ✔ identity does not create a second memory (1.143875ms)
  ✔ A. Yes, about 20% answers the pending Nexora question (275.1375ms)
  ✔ B. 20% is a numeric short answer to expected information (46.390541ms)
  ✔ C. Three months is a duration answer (30.641209ms)
  ✔ D. What about Inventory? suspends Capacity (29.148292ms)
  ✔ E. Go back to Capacity restores the thread (51.55125ms)
  ✔ F. Continue where we were restores the suspended thread (40.652875ms)
  ✔ G. Before that, show Delivery navigates and keeps Capacity pending (69.236958ms)
  ✔ H. Forget Capacity. Let's focus on Inventory abandons Capacity (20.740333ms)
  ✔ I. No, I meant Capacity Gap corrects without writing business data (43.042209ms)
  ✔ J. The second one resolves Option B from offered options (23.435458ms)
  ✔ K. Why that one? resolves the last recommendation (21.545125ms)
  ✔ L. That makes sense accepts without creating a Decision (20.939208ms)
  ✔ M. I don't like that option rejects without dropping comparison context (18.100333ms)
  ✔ N. Multi-turn investigation stays on one thread (42.549667ms)
  ✔ O. That answers my question resolves the thread (24.160708ms)
  ✔ P. Thanks acknowledges and keeps the thread (19.722709ms)
  ✔ Q. Abandoned pending questions are not resurrected (32.325334ms)
  ✔ R. Conversation subject wins over Stage focus (43.62975ms)
✔ NCA:2 Conversational Context & Dialogue State (855.908542ms)
[Topology][Flow] Generating flow layout
[Topology][Flow] Nodes: 8
[Topology][Flow] Connections: 7
[Topology][Hub] Generating hub layout
[Topology][Hub] Hub: Delivery
[Topology][Hub] Satellites: 5
[Topology][Hub] Connections: 5
[Topology][Flow] Generating flow layout
[Topology][Flow] Nodes: 8
[Topology][Flow] Connections: 7
[Topology][Flow] Generating flow layout
[Topology][Flow] Nodes: 2
[Topology][Flow] Connections: 1
[Topology][Flow] Generating flow layout
[Topology][Flow] Nodes: 8
[Topology][Flow] Connections: 7
[Topology][Flow] Generating flow layout
[Topology][Flow] Nodes: 2
[Topology][Flow] Connections: 1
[Topology][Flow] Generating flow layout
[Topology][Flow] Nodes: 8
[Topology][Flow] Connections: 7
[Topology][Flow] Generating flow layout
[Topology][Flow] Nodes: 2
[Topology][Flow] Connections: 1
[Topology][Flow] Generating flow layout
[Topology][Flow] Nodes: 8
[Topology][Flow] Connections: 7
[Topology][Flow] Generating flow layout
[Topology][Flow] Nodes: 2
[Topology][Flow] Connections: 1
[Topology][Flow] Generating flow layout
[Topology][Flow] Nodes: 8
[Topology][Flow] Connections: 7
[Topology][Flow] Generating flow layout
[Topology][Flow] Nodes: 2
[Topology][Flow] Connections: 1
[Topology][Flow] Generating flow layout
[Topology][Flow] Nodes: 8
[Topology][Flow] Connections: 7
[Topology][Flow] Generating flow layout
[Topology][Flow] Nodes: 2
[Topology][Flow] Connections: 1
[Topology][Flow] Generating flow layout
[Topology][Flow] Nodes: 8
[Topology][Flow] Connections: 7
[Topology][Hub] Generating hub layout
[Topology][Hub] Hub: Delivery
[Topology][Hub] Satellites: 5
[Topology][Hub] Connections: 5
[Topology][Flow] Generating flow layout
[Topology][Flow] Nodes: 8
[Topology][Flow] Connections: 7
[Topology][Flow] Generating flow layout
[Topology][Flow] Nodes: 2
[Topology][Flow] Connections: 1
[Topology][Flow] Generating flow layout
[Topology][Flow] Nodes: 8
[Topology][Flow] Connections: 7
[Topology][Flow] Generating flow layout
[Topology][Flow] Nodes: 2
[Topology][Flow] Connections: 1
[Topology][Flow] Generating flow layout
[Topology][Flow] Nodes: 8
[Topology][Flow] Connections: 7
[Topology][Flow] Generating flow layout
[Topology][Flow] Nodes: 2
[Topology][Flow] Connections: 1
[Topology][Flow] Generating flow layout
[Topology][Flow] Nodes: 8
[Topology][Flow] Connections: 7
[Topology][Flow] Generating flow layout
[Topology][Flow] Nodes: 2
[Topology][Flow] Connections: 1
[Topology][Flow] Generating flow layout
[Topology][Flow] Nodes: 8
[Topology][Flow] Connections: 7
[Topology][Flow] Generating flow layout
[Topology][Flow] Nodes: 2
[Topology][Flow] Connections: 1
[Topology][Flow] Generating flow layout
[Topology][Flow] Nodes: 8
[Topology][Flow] Connections: 7
[Topology][Flow] Generating flow layout
[Topology][Flow] Nodes: 2
[Topology][Flow] Connections: 1
[Topology][Flow] Generating flow layout
[Topology][Flow] Nodes: 8
[Topology][Flow] Connections: 7
[Topology][Flow] Generating flow layout
[Topology][Flow] Nodes: 2
[Topology][Flow] Connections: 1
[Topology][Flow] Generating flow layout
[Topology][Flow] Nodes: 8
[Topology][Flow] Connections: 7
[Topology][Flow] Generating flow layout
[Topology][Flow] Nodes: 2
[Topology][Flow] Connections: 1
[Topology][Flow] Generating flow layout
[Topology][Flow] Nodes: 8
[Topology][Flow] Connections: 7
[Topology][Flow] Generating flow layout
[Topology][Flow] Nodes: 2
[Topology][Flow] Connections: 1
[Topology][Flow] Generating flow layout
[Topology][Flow] Nodes: 8
[Topology][Flow] Connections: 7
[Topology][Flow] Generating flow layout
[Topology][Flow] Nodes: 2
[Topology][Flow] Connections: 1
[Topology][Flow] Generating flow layout
[Topology][Flow] Nodes: 8
[Topology][Flow] Connections: 7
[Topology][Flow] Generating flow layout
[Topology][Flow] Nodes: 2
[Topology][Flow] Connections: 1
[Topology][Flow] Generating flow layout
[Topology][Flow] Nodes: 8
[Topology][Flow] Connections: 7
[Topology][Flow] Generating flow layout
[Topology][Flow] Nodes: 2
[Topology][Flow] Connections: 1
[Topology][Flow] Generating flow layout
[Topology][Flow] Nodes: 8
[Topology][Flow] Connections: 7
[Topology][Flow] Generating flow layout
[Topology][Flow] Nodes: 2
[Topology][Flow] Connections: 1
[Topology][Flow] Generating flow layout
[Topology][Flow] Nodes: 8
[Topology][Flow] Connections: 7
[Topology][Flow] Generating flow layout
[Topology][Flow] Nodes: 2
[Topology][Flow] Connections: 1
▶ NCA:3 Clarification, Information-Gap & Executive Question Intelligence
  ✔ identity does not create a second knowledge system (1.109083ms)
  ✔ A. Enough information — What does Delivery show? asks nothing (219.498041ms)
  ✔ B. Critical gap — permanently increase capacity asks persistence (39.6505ms)
  ✔ C. One-question rule when several gaps exist (23.343125ms)
  ✔ D. Recompute after seasonal answer; no scripted next question (62.277333ms)
  ✔ E. Partial sufficiency answers with calibrated uncertainty (39.609542ms)
  ✔ F. Existing Delivery KPI is not requested from the manager (22.856917ms)
  ✔ G. Missing target is asked only when judgement needs it (0.552125ms)
  ✔ H. Preference is asked when cost vs speed is unresolved (0.332ms)
  ✔ I. Existing delivery goal does not re-ask the preference (0.469ms)
  ✔ J. Causal uncertainty asks evidence without asserting cause (12.324542ms)
  ✔ K. I don't know uses fallback and does not loop (28.261666ms)
  ✔ L. Refusal is respected (29.300417ms)
  ✔ M. Partial answer is preserved as useful timeframe (24.084292ms)
  ✔ N. Correction updates conversational interpretation without writing business data (34.582084ms)
  ✔ O. External gap is marked and not invented (22.55425ms)
  ✔ P. Scenario comparison asks a criterion only if it can change ranking (0.369208ms)
  ✔ Q. Decision readiness asks the critical constraint first (18.79775ms)
  ✔ R. Low-value gaps do not block advice (0.284833ms)
  ✔ S. Multi-turn sequence stays on one advisory thread (23.250542ms)
  ✔ T. Object-generic: no sentence-specific architecture branches (0.935ms)
✔ NCA:3 Clarification, Information-Gap & Executive Question Intelligence (606.432583ms)
[Topology][Flow] Generating flow layout
[Topology][Flow] Nodes: 8
[Topology][Flow] Connections: 7
[Topology][Flow] Generating flow layout
[Topology][Flow] Nodes: 2
[Topology][Flow] Connections: 1
[Topology][Flow] Generating flow layout
[Topology][Flow] Nodes: 8
[Topology][Flow] Connections: 7
[Topology][Flow] Generating flow layout
[Topology][Flow] Nodes: 2
[Topology][Flow] Connections: 1
[Topology][Flow] Generating flow layout
[Topology][Flow] Nodes: 8
[Topology][Flow] Connections: 7
[Topology][Flow] Generating flow layout
[Topology][Flow] Nodes: 2
[Topology][Flow] Connections: 1
[Topology][Flow] Generating flow layout
[Topology][Flow] Nodes: 8
[Topology][Flow] Connections: 7
[Topology][Flow] Generating flow layout
[Topology][Flow] Nodes: 2
[Topology][Flow] Connections: 1
[Topology][Flow] Generating flow layout
[Topology][Flow] Nodes: 8
[Topology][Flow] Connections: 7
[Topology][Flow] Generating flow layout
[Topology][Flow] Nodes: 2
[Topology][Flow] Connections: 1
[Topology][Flow] Generating flow layout
[Topology][Flow] Nodes: 8
[Topology][Flow] Connections: 7
[Topology][Flow] Generating flow layout
[Topology][Flow] Nodes: 2
[Topology][Flow] Connections: 1
[Topology][Flow] Generating flow layout
[Topology][Flow] Nodes: 8
[Topology][Flow] Connections: 7
[Topology][Flow] Generating flow layout
[Topology][Flow] Nodes: 2
[Topology][Flow] Connections: 1
[Topology][Flow] Generating flow layout
[Topology][Flow] Nodes: 8
[Topology][Flow] Connections: 7
[Topology][Flow] Generating flow layout
[Topology][Flow] Nodes: 2
[Topology][Flow] Connections: 1
[Topology][Flow] Generating flow layout
[Topology][Flow] Nodes: 8
[Topology][Flow] Connections: 7
[Topology][Flow] Generating flow layout
[Topology][Flow] Nodes: 2
[Topology][Flow] Connections: 1
[Topology][Flow] Generating flow layout
[Topology][Flow] Nodes: 8
[Topology][Flow] Connections: 7
[Topology][Flow] Generating flow layout
[Topology][Flow] Nodes: 2
[Topology][Flow] Connections: 1
[Topology][Flow] Generating flow layout
[Topology][Flow] Nodes: 8
[Topology][Flow] Connections: 7
[Topology][Flow] Generating flow layout
[Topology][Flow] Nodes: 2
[Topology][Flow] Connections: 1
[Topology][Flow] Generating flow layout
[Topology][Flow] Nodes: 8
[Topology][Flow] Connections: 7
[Topology][Flow] Generating flow layout
[Topology][Flow] Nodes: 2
[Topology][Flow] Connections: 1
[Topology][Flow] Generating flow layout
[Topology][Flow] Nodes: 8
[Topology][Flow] Connections: 7
[Topology][Flow] Generating flow layout
[Topology][Flow] Nodes: 2
[Topology][Flow] Connections: 1
[Topology][Flow] Generating flow layout
[Topology][Flow] Nodes: 8
[Topology][Flow] Connections: 7
[Topology][Flow] Generating flow layout
[Topology][Flow] Nodes: 2
[Topology][Flow] Connections: 1
[Topology][Flow] Generating flow layout
[Topology][Flow] Nodes: 8
[Topology][Flow] Connections: 7
[Topology][Flow] Generating flow layout
[Topology][Flow] Nodes: 2
[Topology][Flow] Connections: 1
[Topology][Flow] Generating flow layout
[Topology][Flow] Nodes: 8
[Topology][Flow] Connections: 7
[Topology][Flow] Generating flow layout
[Topology][Flow] Nodes: 2
[Topology][Flow] Connections: 1
[Topology][Flow] Generating flow layout
[Topology][Flow] Nodes: 8
[Topology][Flow] Connections: 7
[Topology][Flow] Generating flow layout
[Topology][Flow] Nodes: 2
[Topology][Flow] Connections: 1
[Topology][Flow] Generating flow layout
[Topology][Flow] Nodes: 8
[Topology][Flow] Connections: 7
[Topology][Flow] Generating flow layout
[Topology][Flow] Nodes: 2
[Topology][Flow] Connections: 1
[Topology][Flow] Generating flow layout
[Topology][Flow] Nodes: 8
[Topology][Flow] Connections: 7
[Topology][Flow] Generating flow layout
[Topology][Flow] Nodes: 2
[Topology][Flow] Connections: 1
[Topology][Flow] Generating flow layout
[Topology][Flow] Nodes: 8
[Topology][Flow] Connections: 7
[Topology][Flow] Generating flow layout
[Topology][Flow] Nodes: 2
[Topology][Flow] Connections: 1
[Topology][Flow] Generating flow layout
[Topology][Flow] Nodes: 8
[Topology][Flow] Connections: 7
[Topology][Flow] Generating flow layout
[Topology][Flow] Nodes: 2
[Topology][Flow] Connections: 1
[Topology][Flow] Generating flow layout
[Topology][Flow] Nodes: 8
[Topology][Flow] Connections: 7
[Topology][Flow] Generating flow layout
[Topology][Flow] Nodes: 2
[Topology][Flow] Connections: 1
[Topology][Flow] Generating flow layout
[Topology][Flow] Nodes: 8
[Topology][Flow] Connections: 7
[Topology][Flow] Generating flow layout
[Topology][Flow] Nodes: 2
[Topology][Flow] Connections: 1
[Topology][Flow] Generating flow layout
[Topology][Flow] Nodes: 8
[Topology][Flow] Connections: 7
[Topology][Flow] Generating flow layout
[Topology][Flow] Nodes: 2
[Topology][Flow] Connections: 1
[Topology][Flow] Generating flow layout
[Topology][Flow] Nodes: 8
[Topology][Flow] Connections: 7
[Topology][Flow] Generating flow layout
[Topology][Flow] Nodes: 2
[Topology][Flow] Connections: 1
[Topology][Flow] Generating flow layout
[Topology][Flow] Nodes: 8
[Topology][Flow] Connections: 7
[Topology][Flow] Generating flow layout
[Topology][Flow] Nodes: 2
[Topology][Flow] Connections: 1
[Topology][Flow] Generating flow layout
[Topology][Flow] Nodes: 8
[Topology][Flow] Connections: 7
[Topology][Flow] Generating flow layout
[Topology][Flow] Nodes: 2
[Topology][Flow] Connections: 1
[Topology][Flow] Generating flow layout
[Topology][Flow] Nodes: 8
[Topology][Flow] Connections: 7
[Topology][Flow] Generating flow layout
[Topology][Flow] Nodes: 2
[Topology][Flow] Connections: 1
[Topology][Flow] Generating flow layout
[Topology][Flow] Nodes: 8
[Topology][Flow] Connections: 7
[Topology][Flow] Generating flow layout
[Topology][Flow] Nodes: 2
[Topology][Flow] Connections: 1
[Topology][Flow] Generating flow layout
[Topology][Flow] Nodes: 8
[Topology][Flow] Connections: 7
[Topology][Flow] Generating flow layout
[Topology][Flow] Nodes: 2
[Topology][Flow] Connections: 1
[Topology][Flow] Generating flow layout
[Topology][Flow] Nodes: 8
[Topology][Flow] Connections: 7
[Topology][Flow] Generating flow layout
[Topology][Flow] Nodes: 2
[Topology][Flow] Connections: 1
[Topology][Flow] Generating flow layout
[Topology][Flow] Nodes: 8
[Topology][Flow] Connections: 7
[Topology][Flow] Generating flow layout
[Topology][Flow] Nodes: 2
[Topology][Flow] Connections: 1
[Topology][Flow] Generating flow layout
[Topology][Flow] Nodes: 8
[Topology][Flow] Connections: 7
[Topology][Flow] Generating flow layout
[Topology][Flow] Nodes: 2
[Topology][Flow] Connections: 1
[Topology][Flow] Generating flow layout
[Topology][Flow] Nodes: 8
[Topology][Flow] Connections: 7
[Topology][Flow] Generating flow layout
[Topology][Flow] Nodes: 2
[Topology][Flow] Connections: 1
[Topology][Flow] Generating flow layout
[Topology][Flow] Nodes: 8
[Topology][Flow] Connections: 7
[Topology][Flow] Generating flow layout
[Topology][Flow] Nodes: 2
[Topology][Flow] Connections: 1
[Topology][Flow] Generating flow layout
[Topology][Flow] Nodes: 8
[Topology][Flow] Connections: 7
[Topology][Flow] Generating flow layout
[Topology][Flow] Nodes: 2
[Topology][Flow] Connections: 1
[Topology][Flow] Generating flow layout
[Topology][Flow] Nodes: 8
[Topology][Flow] Connections: 7
[Topology][Flow] Generating flow layout
[Topology][Flow] Nodes: 2
[Topology][Flow] Connections: 1
[Topology][Flow] Generating flow layout
[Topology][Flow] Nodes: 8
[Topology][Flow] Connections: 7
[Topology][Flow] Generating flow layout
[Topology][Flow] Nodes: 2
[Topology][Flow] Connections: 1
[Topology][Flow] Generating flow layout
[Topology][Flow] Nodes: 8
[Topology][Flow] Connections: 7
[Topology][Flow] Generating flow layout
[Topology][Flow] Nodes: 2
[Topology][Flow] Connections: 1
[Topology][Flow] Generating flow layout
[Topology][Flow] Nodes: 8
[Topology][Flow] Connections: 7
[Topology][Flow] Generating flow layout
[Topology][Flow] Nodes: 2
[Topology][Flow] Connections: 1
[Topology][Flow] Generating flow layout
[Topology][Flow] Nodes: 8
[Topology][Flow] Connections: 7
[Topology][Flow] Generating flow layout
[Topology][Flow] Nodes: 2
[Topology][Flow] Connections: 1
[Topology][Flow] Generating flow layout
[Topology][Flow] Nodes: 8
[Topology][Flow] Connections: 7
[Topology][Flow] Generating flow layout
[Topology][Flow] Nodes: 2
[Topology][Flow] Connections: 1
[Topology][Flow] Generating flow layout
[Topology][Flow] Nodes: 8
[Topology][Flow] Connections: 7
[Topology][Flow] Generating flow layout
[Topology][Flow] Nodes: 2
[Topology][Flow] Connections: 1
[Topology][Flow] Generating flow layout
[Topology][Flow] Nodes: 8
[Topology][Flow] Connections: 7
[Topology][Flow] Generating flow layout
[Topology][Flow] Nodes: 2
[Topology][Flow] Connections: 1
[Topology][Flow] Generating flow layout
[Topology][Flow] Nodes: 8
[Topology][Flow] Connections: 7
[Topology][Flow] Generating flow layout
[Topology][Flow] Nodes: 2
[Topology][Flow] Connections: 1
▶ NCA:4 Executive Advisory Reasoning & Recommendation Dialogue
  ✔ identity does not create a second recommendation or decision engine (1.052084ms)
  ✔ A. Basic recommendation from goal and evidence (177.878625ms)
  ✔ B. Insufficient information — NCA:3 question wins (61.205166ms)
  ✔ C. Sufficient with uncertainty includes a condition (82.247459ms)
  ✔ D. Why that one explains the current recommendation (23.585875ms)
  ✔ E. Why not the other explains the weakened alternative (27.771584ms)
  ✔ F. Biggest downside returns the key cost/risk (25.568167ms)
  ✔ G. Confidence is calibrated in manager language (20.392542ms)
  ✔ H. What would change the recommendation returns sensitivities (22.259333ms)
  ✔ I. Assumptions are material, not architectural (35.390875ms)
  ✔ J. Cost-first preference re-evaluates the recommendation (18.658708ms)
  ✔ K. Material new evidence revises the recommendation (42.929542ms)
  ✔ L. Secondary evidence does not flip the recommendation (37.450125ms)
  ✔ M. Unsupported strong action is challenged (30.535167ms)
  ✔ N. Disagreement stays open and is not defensive (61.117959ms)
  ✔ O. Manager override does not commit a Decision (32.959542ms)
  ✔ P. No recommendation without comparable supplier evidence (26.353ms)
  ✔ Q. Do-nothing remains a valid path (23.147125ms)
  ✔ R. Counterargument is the strongest supported objection (28.629333ms)
  ✔ S. Object-generic architecture — no sentence-specific branches (19.932834ms)
  ✔ T. Recommendation continuity across why / downside / confidence (42.793709ms)
  ✔ U. Goal/evidence change expires the old recommendation (19.120208ms)
  ✔ V. Advice does not write Decision state (19.301792ms)
  ✔ W. Advice does not start Execution (9.115625ms)
✔ NCA:4 Executive Advisory Reasoning & Recommendation Dialogue (891.523917ms)
[Topology][Flow] Generating flow layout
[Topology][Flow] Nodes: 8
[Topology][Flow] Connections: 7
[Topology][Flow] Generating flow layout
[Topology][Flow] Nodes: 2
[Topology][Flow] Connections: 1
[Topology][Flow] Generating flow layout
[Topology][Flow] Nodes: 8
[Topology][Flow] Connections: 7
[Topology][Flow] Generating flow layout
[Topology][Flow] Nodes: 2
[Topology][Flow] Connections: 1
[Topology][Flow] Generating flow layout
[Topology][Flow] Nodes: 8
[Topology][Flow] Connections: 7
[Topology][Flow] Generating flow layout
[Topology][Flow] Nodes: 2
[Topology][Flow] Connections: 1
▶ NCA:5 Proactive Executive Advisor & Conversational Initiative
  ✔ identity does not create a second alert, monitor, or decision engine (1.048416ms)
  ✔ A. Material goal deviation initiates (2.372625ms)
  ✔ B. Minor movement stays silent (0.628541ms)
  ✔ C. Irrelevant non-critical change does not interrupt (0.260208ms)
  ✔ D. Critical unrelated risk may override goal relevance (0.210375ms)
  ✔ E. Duplicate signal with no material change stays silent (0.317667ms)
  ✔ F. Material worsening after a prior surface initiates again (0.441459ms)
  ✔ G. Multiple signals surface only the highest-value issue (0.379666ms)
  ✔ H. Decision confirmation is not interrupted by a moderate unrelated signal (0.286541ms)
  ✔ I. Invalidated assumption during confirmation justifies interruption (0.731125ms)
  ✔ J. NCA:5 can initiate while NCA:3 supplies the question (0.310125ms)
  ✔ K. NCA:5 surfaces a revised NCA:4 recommendation (5.751791ms)
  ✔ L. Stable advice is not claimed as a recommendation change (0.402ms)
  ✔ M. Execution drift is an initiative candidate (0.193125ms)
  ✔ N. Positive outcome may be surfaced (0.170292ms)
  ✔ O. Actionable opportunity may be recommended (0.489292ms)
  ✔ P. Unfinished thread can become a follow-up (8.563417ms)
  ✔ Q. Manager dismissal suppresses immediate repeat (0.415042ms)
  ✔ R. Critical worsening after dismissal may surface again (0.201833ms)
  ✔ S. Manager's current request wins over moderate initiative (176.045709ms)
  ✔ T. Non-actionable low-value change stays silent (0.191833ms)
  ✔ U. Equivalent evaluation across objects (0.271917ms)
  ✔ V. Advice does not write Decision state (43.757875ms)
  ✔ W. Advice does not start Execution (11.883125ms)
  ✔ X. Presentation intent is semantic, not a card implementation (0.385833ms)
  ✔ Y. Timeline intent is semantic, not a Timeline implementation (0.204958ms)
  ✔ callable evaluation works without a manager utterance (0.131292ms)
  ✔ apply preserves source when silent (0.096583ms)
✔ NCA:5 Proactive Executive Advisor & Conversational Initiative (258.168625ms)
[Topology][Flow] Generating flow layout
[Topology][Flow] Nodes: 8
[Topology][Flow] Connections: 7
[Topology][Flow] Generating flow layout
[Topology][Flow] Nodes: 2
[Topology][Flow] Connections: 1
[Topology][Flow] Generating flow layout
[Topology][Flow] Nodes: 8
[Topology][Flow] Connections: 7
[Topology][Flow] Generating flow layout
[Topology][Flow] Nodes: 2
[Topology][Flow] Connections: 1
[Topology][Flow] Generating flow layout
[Topology][Flow] Nodes: 8
[Topology][Flow] Connections: 7
[Topology][Flow] Generating flow layout
[Topology][Flow] Nodes: 2
[Topology][Flow] Connections: 1
[Topology][Flow] Generating flow layout
[Topology][Flow] Nodes: 8
[Topology][Flow] Connections: 7
[Topology][Flow] Generating flow layout
[Topology][Flow] Nodes: 2
[Topology][Flow] Connections: 1
[Topology][Flow] Generating flow layout
[Topology][Flow] Nodes: 8
[Topology][Flow] Connections: 7
[Topology][Flow] Generating flow layout
[Topology][Flow] Nodes: 2
[Topology][Flow] Connections: 1
[Topology][Flow] Generating flow layout
[Topology][Flow] Nodes: 8
[Topology][Flow] Connections: 7
[Topology][Flow] Generating flow layout
[Topology][Flow] Nodes: 2
[Topology][Flow] Connections: 1
[Topology][Flow] Generating flow layout
[Topology][Flow] Nodes: 8
[Topology][Flow] Connections: 7
[Topology][Flow] Generating flow layout
[Topology][Flow] Nodes: 2
[Topology][Flow] Connections: 1
[Topology][Flow] Generating flow layout
[Topology][Flow] Nodes: 8
[Topology][Flow] Connections: 7
[Topology][Flow] Generating flow layout
[Topology][Flow] Nodes: 2
[Topology][Flow] Connections: 1
[Topology][Flow] Generating flow layout
[Topology][Flow] Nodes: 8
[Topology][Flow] Connections: 7
[Topology][Flow] Generating flow layout
[Topology][Flow] Nodes: 2
[Topology][Flow] Connections: 1
[Topology][Flow] Generating flow layout
[Topology][Flow] Nodes: 8
[Topology][Flow] Connections: 7
[Topology][Flow] Generating flow layout
[Topology][Flow] Nodes: 2
[Topology][Flow] Connections: 1
[Topology][Flow] Generating flow layout
[Topology][Flow] Nodes: 8
[Topology][Flow] Connections: 7
[Topology][Flow] Generating flow layout
[Topology][Flow] Nodes: 2
[Topology][Flow] Connections: 1
[Topology][Flow] Generating flow layout
[Topology][Flow] Nodes: 8
[Topology][Flow] Connections: 7
[Topology][Flow] Generating flow layout
[Topology][Flow] Nodes: 2
[Topology][Flow] Connections: 1
[Topology][Flow] Generating flow layout
[Topology][Flow] Nodes: 8
[Topology][Flow] Connections: 7
[Topology][Flow] Generating flow layout
[Topology][Flow] Nodes: 2
[Topology][Flow] Connections: 1
[Topology][Flow] Generating flow layout
[Topology][Flow] Nodes: 8
[Topology][Flow] Connections: 7
[Topology][Flow] Generating flow layout
[Topology][Flow] Nodes: 2
[Topology][Flow] Connections: 1
[Topology][Flow] Generating flow layout
[Topology][Flow] Nodes: 8
[Topology][Flow] Connections: 7
[Topology][Flow] Generating flow layout
[Topology][Flow] Nodes: 2
[Topology][Flow] Connections: 1
[Topology][Flow] Generating flow layout
[Topology][Flow] Nodes: 8
[Topology][Flow] Connections: 7
[Topology][Flow] Generating flow layout
[Topology][Flow] Nodes: 2
[Topology][Flow] Connections: 1
[Topology][Flow] Generating flow layout
[Topology][Flow] Nodes: 8
[Topology][Flow] Connections: 7
[Topology][Flow] Generating flow layout
[Topology][Flow] Nodes: 2
[Topology][Flow] Connections: 1
[Topology][Flow] Generating flow layout
[Topology][Flow] Nodes: 8
[Topology][Flow] Connections: 7
[Topology][Flow] Generating flow layout
[Topology][Flow] Nodes: 2
[Topology][Flow] Connections: 1
[Topology][Flow] Generating flow layout
[Topology][Flow] Nodes: 8
[Topology][Flow] Connections: 7
[Topology][Flow] Generating flow layout
[Topology][Flow] Nodes: 2
[Topology][Flow] Connections: 1
[Topology][Flow] Generating flow layout
[Topology][Flow] Nodes: 8
[Topology][Flow] Connections: 7
[Topology][Flow] Generating flow layout
[Topology][Flow] Nodes: 2
[Topology][Flow] Connections: 1
[Topology][Flow] Generating flow layout
[Topology][Flow] Nodes: 8
[Topology][Flow] Connections: 7
[Topology][Flow] Generating flow layout
[Topology][Flow] Nodes: 2
[Topology][Flow] Connections: 1
[Topology][Flow] Generating flow layout
[Topology][Flow] Nodes: 8
[Topology][Flow] Connections: 7
[Topology][Flow] Generating flow layout
[Topology][Flow] Nodes: 2
[Topology][Flow] Connections: 1
[Topology][Flow] Generating flow layout
[Topology][Flow] Nodes: 8
[Topology][Flow] Connections: 7
[Topology][Flow] Generating flow layout
[Topology][Flow] Nodes: 2
[Topology][Flow] Connections: 1
[Topology][Flow] Generating flow layout
[Topology][Flow] Nodes: 8
[Topology][Flow] Connections: 7
[Topology][Flow] Generating flow layout
[Topology][Flow] Nodes: 2
[Topology][Flow] Connections: 1
[Topology][Flow] Generating flow layout
[Topology][Flow] Nodes: 8
[Topology][Flow] Connections: 7
[Topology][Flow] Generating flow layout
[Topology][Flow] Nodes: 2
[Topology][Flow] Connections: 1
[Topology][Flow] Generating flow layout
[Topology][Flow] Nodes: 8
[Topology][Flow] Connections: 7
[Topology][Flow] Generating flow layout
[Topology][Flow] Nodes: 2
[Topology][Flow] Connections: 1
[Topology][Flow] Generating flow layout
[Topology][Flow] Nodes: 8
[Topology][Flow] Connections: 7
[Topology][Flow] Generating flow layout
[Topology][Flow] Nodes: 2
[Topology][Flow] Connections: 1
[Topology][Flow] Generating flow layout
[Topology][Flow] Nodes: 8
[Topology][Flow] Connections: 7
[Topology][Flow] Generating flow layout
[Topology][Flow] Nodes: 2
[Topology][Flow] Connections: 1
▶ NCA:6 Manager Model, Communication Adaptation & Trust
  ✔ identity is presentation-only and does not profile personality (1.101625ms)
  ✔ A. Brief request shortens presentation without changing the recommendation (229.052ms)
  ✔ B. Detailed request keeps the same advisory position (36.143542ms)
  ✔ C. Confusion simplifies language without changing truth (0.684833ms)
  ✔ D. Executive framing uses goal/decision language (16.414959ms)
  ✔ E. Operations framing uses constraint/throughput language (14.513917ms)
  ✔ F. Finance framing uses cost/exposure language without inventing numbers (12.643875ms)
  ✔ G. Unknown role stays neutral and does not guess (13.52375ms)
  ✔ H. Explicit request beats a brief profile (0.535958ms)
  ✔ I. Keep this one short stays temporary (0.291333ms)
  ✔ J. New Nexora user gets indirect teaching (0.276542ms)
  ✔ K. Familiar user is not given a basic tutorial (0.194042ms)
  ✔ L. Confusion is not treated as disagreement (47.176208ms)
  ✔ M. Challenge preserves the recommendation without appeasement (34.420083ms)
  ✔ N. Recommendation revision is explained (31.282416ms)
  ✔ O. Recommendation stability is explained (53.007167ms)
  ✔ P. Fact / inference / advice remain distinguishable (0.251208ms)
  ✔ Q. Uncertainty remains visible in brief and detailed modes (0.248625ms)
  ✔ R. Manager correction is acknowledged without mutating RDI (21.894834ms)
  ✔ S. Nexora self-corrects a prior conversational misspeak (0.257125ms)
  ✔ T. Goal/preference conflict is surfaced (0.310541ms)
  ✔ U. Capability honesty does not fabricate supplier research (14.549583ms)
  ✔ V. NCA:5 critical initiative is presented with CRITICAL structure (0.251875ms)
  ✔ W. Ordinary NCA:5 initiative is not buried in a lecture (8.798125ms)
  ✔ X. Role does not alter truth (35.95725ms)
  ✔ Y. Object-generic adaptation — no role × object sentence matrix (22.12ms)
  ✔ Z. Adapted response does not alter Decision or Execution state (33.590542ms)
  ✔ trust invariant: depth and framing preserve recommendation, confidence, uncertainty, and authority (1.257208ms)
  ✔ locked presentation is not rewritten (0.12075ms)
  ✔ signals classify explicit depth without personality labels (0.318208ms)
✔ NCA:6 Manager Model, Communication Adaptation & Trust (633.105792ms)
[Topology][Flow] Generating flow layout
[Topology][Flow] Nodes: 8
[Topology][Flow] Connections: 7
[Topology][Flow] Generating flow layout
[Topology][Flow] Nodes: 2
[Topology][Flow] Connections: 1
[Topology][Flow] Generating flow layout
[Topology][Flow] Nodes: 8
[Topology][Flow] Connections: 7
[Topology][Flow] Generating flow layout
[Topology][Flow] Nodes: 2
[Topology][Flow] Connections: 1
[Topology][Flow] Generating flow layout
[Topology][Flow] Nodes: 8
[Topology][Flow] Connections: 7
[Topology][Flow] Generating flow layout
[Topology][Flow] Nodes: 2
[Topology][Flow] Connections: 1
[Topology][Flow] Generating flow layout
[Topology][Flow] Nodes: 8
[Topology][Flow] Connections: 7
[Topology][Flow] Generating flow layout
[Topology][Flow] Nodes: 2
[Topology][Flow] Connections: 1
[Topology][Flow] Generating flow layout
[Topology][Flow] Nodes: 8
[Topology][Flow] Connections: 7
[Topology][Flow] Generating flow layout
[Topology][Flow] Nodes: 2
[Topology][Flow] Connections: 1
[Topology][Flow] Generating flow layout
[Topology][Flow] Nodes: 8
[Topology][Flow] Connections: 7
[Topology][Flow] Generating flow layout
[Topology][Flow] Nodes: 2
[Topology][Flow] Connections: 1
[Topology][Flow] Generating flow layout
[Topology][Flow] Nodes: 8
[Topology][Flow] Connections: 7
[Topology][Flow] Generating flow layout
[Topology][Flow] Nodes: 2
[Topology][Flow] Connections: 1
[Topology][Flow] Generating flow layout
[Topology][Flow] Nodes: 8
[Topology][Flow] Connections: 7
[Topology][Flow] Generating flow layout
[Topology][Flow] Nodes: 2
[Topology][Flow] Connections: 1
[Topology][Flow] Generating flow layout
[Topology][Flow] Nodes: 8
[Topology][Flow] Connections: 7
[Topology][Flow] Generating flow layout
[Topology][Flow] Nodes: 2
[Topology][Flow] Connections: 1
[Topology][Flow] Generating flow layout
[Topology][Flow] Nodes: 8
[Topology][Flow] Connections: 7
[Topology][Flow] Generating flow layout
[Topology][Flow] Nodes: 2
[Topology][Flow] Connections: 1
[Topology][Flow] Generating flow layout
[Topology][Flow] Nodes: 8
[Topology][Flow] Connections: 7
[Topology][Flow] Generating flow layout
[Topology][Flow] Nodes: 2
[Topology][Flow] Connections: 1
[Topology][Flow] Generating flow layout
[Topology][Flow] Nodes: 8
[Topology][Flow] Connections: 7
[Topology][Flow] Generating flow layout
[Topology][Flow] Nodes: 2
[Topology][Flow] Connections: 1
[Topology][Flow] Generating flow layout
[Topology][Flow] Nodes: 8
[Topology][Flow] Connections: 7
[Topology][Flow] Generating flow layout
[Topology][Flow] Nodes: 2
[Topology][Flow] Connections: 1
[Topology][Flow] Generating flow layout
[Topology][Flow] Nodes: 8
[Topology][Flow] Connections: 7
[Topology][Flow] Generating flow layout
[Topology][Flow] Nodes: 2
[Topology][Flow] Connections: 1
[Topology][Flow] Generating flow layout
[Topology][Flow] Nodes: 8
[Topology][Flow] Connections: 7
[Topology][Hub] Generating hub layout
[Topology][Hub] Hub: Capacity
[Topology][Hub] Satellites: 5
[Topology][Hub] Connections: 5
[Topology][Flow] Generating flow layout
[Topology][Flow] Nodes: 8
[Topology][Flow] Connections: 7
[Topology][Hub] Generating hub layout
[Topology][Hub] Hub: Capacity
[Topology][Hub] Satellites: 5
[Topology][Hub] Connections: 5
[Topology][Flow] Generating flow layout
[Topology][Flow] Nodes: 8
[Topology][Flow] Connections: 7
[Topology][Flow] Generating flow layout
[Topology][Flow] Nodes: 2
[Topology][Flow] Connections: 1
[Topology][Flow] Generating flow layout
[Topology][Flow] Nodes: 8
[Topology][Flow] Connections: 7
[Topology][Flow] Generating flow layout
[Topology][Flow] Nodes: 2
[Topology][Flow] Connections: 1
[Topology][Flow] Generating flow layout
[Topology][Flow] Nodes: 8
[Topology][Flow] Connections: 7
[Topology][Flow] Generating flow layout
[Topology][Flow] Nodes: 2
[Topology][Flow] Connections: 1
[Topology][Flow] Generating flow layout
[Topology][Flow] Nodes: 8
[Topology][Flow] Connections: 7
[Topology][Flow] Generating flow layout
[Topology][Flow] Nodes: 2
[Topology][Flow] Connections: 1
[Topology][Flow] Generating flow layout
[Topology][Flow] Nodes: 8
[Topology][Flow] Connections: 7
[Topology][Flow] Generating flow layout
[Topology][Flow] Nodes: 2
[Topology][Flow] Connections: 1
[Topology][Flow] Generating flow layout
[Topology][Flow] Nodes: 8
[Topology][Flow] Connections: 7
[Topology][Flow] Generating flow layout
[Topology][Flow] Nodes: 2
[Topology][Flow] Connections: 1
[Topology][Flow] Generating flow layout
[Topology][Flow] Nodes: 8
[Topology][Flow] Connections: 7
[Topology][Flow] Generating flow layout
[Topology][Flow] Nodes: 2
[Topology][Flow] Connections: 1
[Topology][Flow] Generating flow layout
[Topology][Flow] Nodes: 8
[Topology][Flow] Connections: 7
[Topology][Flow] Generating flow layout
[Topology][Flow] Nodes: 2
[Topology][Flow] Connections: 1
[Topology][Flow] Generating flow layout
[Topology][Flow] Nodes: 8
[Topology][Flow] Connections: 7
[Topology][Flow] Generating flow layout
[Topology][Flow] Nodes: 2
[Topology][Flow] Connections: 1
[Topology][Flow] Generating flow layout
[Topology][Flow] Nodes: 8
[Topology][Flow] Connections: 7
[Topology][Flow] Generating flow layout
[Topology][Flow] Nodes: 2
[Topology][Flow] Connections: 1
[Topology][Flow] Generating flow layout
[Topology][Flow] Nodes: 8
[Topology][Flow] Connections: 7
[Topology][Flow] Generating flow layout
[Topology][Flow] Nodes: 2
[Topology][Flow] Connections: 1
[Topology][Flow] Generating flow layout
[Topology][Flow] Nodes: 8
[Topology][Flow] Connections: 7
[Topology][Flow] Generating flow layout
[Topology][Flow] Nodes: 2
[Topology][Flow] Connections: 1
[Topology][Flow] Generating flow layout
[Topology][Flow] Nodes: 8
[Topology][Flow] Connections: 7
[Topology][Flow] Generating flow layout
[Topology][Flow] Nodes: 2
[Topology][Flow] Connections: 1
[Topology][Flow] Generating flow layout
[Topology][Flow] Nodes: 8
[Topology][Flow] Connections: 7
[Topology][Hub] Generating hub layout
[Topology][Hub] Hub: Delivery
[Topology][Hub] Satellites: 5
[Topology][Hub] Connections: 5
[Topology][Flow] Generating flow layout
[Topology][Flow] Nodes: 8
[Topology][Flow] Connections: 7
[Topology][Hub] Generating hub layout
[Topology][Hub] Hub: Delivery
[Topology][Hub] Satellites: 5
[Topology][Hub] Connections: 5
[Topology][Flow] Generating flow layout
[Topology][Flow] Nodes: 8
[Topology][Flow] Connections: 7
[Topology][Hub] Generating hub layout
[Topology][Hub] Hub: Delivery
[Topology][Hub] Satellites: 5
[Topology][Hub] Connections: 5
[Topology][Flow] Generating flow layout
[Topology][Flow] Nodes: 8
[Topology][Flow] Connections: 7
[Topology][Hub] Generating hub layout
[Topology][Hub] Hub: Delivery
[Topology][Hub] Satellites: 5
[Topology][Hub] Connections: 5
[Topology][Flow] Generating flow layout
[Topology][Flow] Nodes: 8
[Topology][Flow] Connections: 7
[Topology][Hub] Generating hub layout
[Topology][Hub] Hub: Delivery
[Topology][Hub] Satellites: 5
[Topology][Hub] Connections: 5
[Topology][Flow] Generating flow layout
[Topology][Flow] Nodes: 8
[Topology][Flow] Connections: 7
[Topology][Hub] Generating hub layout
[Topology][Hub] Hub: Delivery
[Topology][Hub] Satellites: 5
[Topology][Hub] Connections: 5
[Topology][Flow] Generating flow layout
[Topology][Flow] Nodes: 8
[Topology][Flow] Connections: 7
[Topology][Hub] Generating hub layout
[Topology][Hub] Hub: Delivery
[Topology][Hub] Satellites: 5
[Topology][Hub] Connections: 5
[Topology][Flow] Generating flow layout
[Topology][Flow] Nodes: 8
[Topology][Flow] Connections: 7
[Topology][Hub] Generating hub layout
[Topology][Hub] Hub: Delivery
[Topology][Hub] Satellites: 5
[Topology][Hub] Connections: 5
[Topology][Flow] Generating flow layout
[Topology][Flow] Nodes: 8
[Topology][Flow] Connections: 7
[Topology][Hub] Generating hub layout
[Topology][Hub] Hub: Delivery
[Topology][Hub] Satellites: 5
[Topology][Hub] Connections: 5
[Topology][Flow] Generating flow layout
[Topology][Flow] Nodes: 8
[Topology][Flow] Connections: 7
[Topology][Hub] Generating hub layout
[Topology][Hub] Hub: Delivery
[Topology][Hub] Satellites: 5
[Topology][Hub] Connections: 5
[Topology][Flow] Generating flow layout
[Topology][Flow] Nodes: 8
[Topology][Flow] Connections: 7
[Topology][Hub] Generating hub layout
[Topology][Hub] Hub: Delivery
[Topology][Hub] Satellites: 5
[Topology][Hub] Connections: 5
[Topology][Flow] Generating flow layout
[Topology][Flow] Nodes: 8
[Topology][Flow] Connections: 7
[Topology][Hub] Generating hub layout
[Topology][Hub] Hub: Delivery
[Topology][Hub] Satellites: 5
[Topology][Hub] Connections: 5
[Topology][Flow] Generating flow layout
[Topology][Flow] Nodes: 8
[Topology][Flow] Connections: 7
[Topology][Hub] Generating hub layout
[Topology][Hub] Hub: Delivery
[Topology][Hub] Satellites: 5
[Topology][Hub] Connections: 5
[Topology][Flow] Generating flow layout
[Topology][Flow] Nodes: 8
[Topology][Flow] Connections: 7
[Topology][Hub] Generating hub layout
[Topology][Hub] Hub: Delivery
[Topology][Hub] Satellites: 5
[Topology][Hub] Connections: 5
[Topology][Flow] Generating flow layout
[Topology][Flow] Nodes: 8
[Topology][Flow] Connections: 7
[Topology][Hub] Generating hub layout
[Topology][Hub] Hub: Delivery
[Topology][Hub] Satellites: 5
[Topology][Hub] Connections: 5
[Topology][Flow] Generating flow layout
[Topology][Flow] Nodes: 8
[Topology][Flow] Connections: 7
[Topology][Hub] Generating hub layout
[Topology][Hub] Hub: Delivery
[Topology][Hub] Satellites: 5
[Topology][Hub] Connections: 5
[Topology][Flow] Generating flow layout
[Topology][Flow] Nodes: 8
[Topology][Flow] Connections: 7
[Topology][Hub] Generating hub layout
[Topology][Hub] Hub: Delivery
[Topology][Hub] Satellites: 5
[Topology][Hub] Connections: 5
[Topology][Flow] Generating flow layout
[Topology][Flow] Nodes: 8
[Topology][Flow] Connections: 7
[Topology][Hub] Generating hub layout
[Topology][Hub] Hub: Delivery
[Topology][Hub] Satellites: 5
[Topology][Hub] Connections: 5
[Topology][Flow] Generating flow layout
[Topology][Flow] Nodes: 8
[Topology][Flow] Connections: 7
[Topology][Flow] Generating flow layout
[Topology][Flow] Nodes: 2
[Topology][Flow] Connections: 1
[Topology][Flow] Generating flow layout
[Topology][Flow] Nodes: 8
[Topology][Flow] Connections: 7
[Topology][Flow] Generating flow layout
[Topology][Flow] Nodes: 2
[Topology][Flow] Connections: 1
[Topology][Flow] Generating flow layout
[Topology][Flow] Nodes: 8
[Topology][Flow] Connections: 7
[Topology][Flow] Generating flow layout
[Topology][Flow] Nodes: 2
[Topology][Flow] Connections: 1
[Topology][Flow] Generating flow layout
[Topology][Flow] Nodes: 8
[Topology][Flow] Connections: 7
[Topology][Flow] Generating flow layout
[Topology][Flow] Nodes: 2
[Topology][Flow] Connections: 1
[Topology][Flow] Generating flow layout
[Topology][Flow] Nodes: 8
[Topology][Flow] Connections: 7
[Topology][Flow] Generating flow layout
[Topology][Flow] Nodes: 2
[Topology][Flow] Connections: 1
[Topology][Flow] Generating flow layout
[Topology][Flow] Nodes: 8
[Topology][Flow] Connections: 7
[Topology][Flow] Generating flow layout
[Topology][Flow] Nodes: 2
[Topology][Flow] Connections: 1
[Topology][Flow] Generating flow layout
[Topology][Flow] Nodes: 8
[Topology][Flow] Connections: 7
[Topology][Flow] Generating flow layout
[Topology][Flow] Nodes: 2
[Topology][Flow] Connections: 1
[Topology][Flow] Generating flow layout
[Topology][Flow] Nodes: 8
[Topology][Flow] Connections: 7
[Topology][Flow] Generating flow layout
[Topology][Flow] Nodes: 2
[Topology][Flow] Connections: 1
[Topology][Flow] Generating flow layout
[Topology][Flow] Nodes: 8
[Topology][Flow] Connections: 7
[Topology][Flow] Generating flow layout
[Topology][Flow] Nodes: 2
[Topology][Flow] Connections: 1
[Topology][Flow] Generating flow layout
[Topology][Flow] Nodes: 8
[Topology][Flow] Connections: 7
[Topology][Flow] Generating flow layout
[Topology][Flow] Nodes: 2
[Topology][Flow] Connections: 1
[Topology][Flow] Generating flow layout
[Topology][Flow] Nodes: 8
[Topology][Flow] Connections: 7
[Topology][Flow] Generating flow layout
[Topology][Flow] Nodes: 2
[Topology][Flow] Connections: 1
[Topology][Flow] Generating flow layout
[Topology][Flow] Nodes: 8
[Topology][Flow] Connections: 7
[Topology][Flow] Generating flow layout
[Topology][Flow] Nodes: 2
[Topology][Flow] Connections: 1
[Topology][Flow] Generating flow layout
[Topology][Flow] Nodes: 8
[Topology][Flow] Connections: 7
[Topology][Flow] Generating flow layout
[Topology][Flow] Nodes: 2
[Topology][Flow] Connections: 1
[Topology][Flow] Generating flow layout
[Topology][Flow] Nodes: 8
[Topology][Flow] Connections: 7
[Topology][Flow] Generating flow layout
[Topology][Flow] Nodes: 2
[Topology][Flow] Connections: 1
[Topology][Flow] Generating flow layout
[Topology][Flow] Nodes: 8
[Topology][Flow] Connections: 7
[Topology][Flow] Generating flow layout
[Topology][Flow] Nodes: 2
[Topology][Flow] Connections: 1
[Topology][Flow] Generating flow layout
[Topology][Flow] Nodes: 8
[Topology][Flow] Connections: 7
[Topology][Flow] Generating flow layout
[Topology][Flow] Nodes: 2
[Topology][Flow] Connections: 1
[Topology][Flow] Generating flow layout
[Topology][Flow] Nodes: 8
[Topology][Flow] Connections: 7
[Topology][Flow] Generating flow layout
[Topology][Flow] Nodes: 2
[Topology][Flow] Connections: 1
[Topology][Flow] Generating flow layout
[Topology][Flow] Nodes: 8
[Topology][Flow] Connections: 7
[Topology][Flow] Generating flow layout
[Topology][Flow] Nodes: 2
[Topology][Flow] Connections: 1
[Topology][Flow] Generating flow layout
[Topology][Flow] Nodes: 8
[Topology][Flow] Connections: 7
[Topology][Flow] Generating flow layout
[Topology][Flow] Nodes: 2
[Topology][Flow] Connections: 1
[Topology][Flow] Generating flow layout
[Topology][Flow] Nodes: 8
[Topology][Flow] Connections: 7
[Topology][Flow] Generating flow layout
[Topology][Flow] Nodes: 2
[Topology][Flow] Connections: 1
[Topology][Flow] Generating flow layout
[Topology][Flow] Nodes: 8
[Topology][Flow] Connections: 7
[Topology][Flow] Generating flow layout
[Topology][Flow] Nodes: 2
[Topology][Flow] Connections: 1
[Topology][Flow] Generating flow layout
[Topology][Flow] Nodes: 8
[Topology][Flow] Connections: 7
[Topology][Flow] Generating flow layout
[Topology][Flow] Nodes: 2
[Topology][Flow] Connections: 1
[Topology][Flow] Generating flow layout
[Topology][Flow] Nodes: 8
[Topology][Flow] Connections: 7
[Topology][Flow] Generating flow layout
[Topology][Flow] Nodes: 2
[Topology][Flow] Connections: 1
[Topology][Flow] Generating flow layout
[Topology][Flow] Nodes: 8
[Topology][Flow] Connections: 7
[Topology][Flow] Generating flow layout
[Topology][Flow] Nodes: 2
[Topology][Flow] Connections: 1
[Topology][Flow] Generating flow layout
[Topology][Flow] Nodes: 8
[Topology][Flow] Connections: 7
[Topology][Flow] Generating flow layout
[Topology][Flow] Nodes: 2
[Topology][Flow] Connections: 1
[Topology][Flow] Generating flow layout
[Topology][Flow] Nodes: 8
[Topology][Flow] Connections: 7
[Topology][Flow] Generating flow layout
[Topology][Flow] Nodes: 2
[Topology][Flow] Connections: 1
[Topology][Flow] Generating flow layout
[Topology][Flow] Nodes: 8
[Topology][Flow] Connections: 7
[Topology][Flow] Generating flow layout
[Topology][Flow] Nodes: 2
[Topology][Flow] Connections: 1
[Topology][Flow] Generating flow layout
[Topology][Flow] Nodes: 8
[Topology][Flow] Connections: 7
[Topology][Flow] Generating flow layout
[Topology][Flow] Nodes: 2
[Topology][Flow] Connections: 1
[Topology][Flow] Generating flow layout
[Topology][Flow] Nodes: 8
[Topology][Flow] Connections: 7
[Topology][Flow] Generating flow layout
[Topology][Flow] Nodes: 2
[Topology][Flow] Connections: 1
[Topology][Flow] Generating flow layout
[Topology][Flow] Nodes: 8
[Topology][Flow] Connections: 7
[Topology][Flow] Generating flow layout
[Topology][Flow] Nodes: 2
[Topology][Flow] Connections: 1
[Topology][Flow] Generating flow layout
[Topology][Flow] Nodes: 8
[Topology][Flow] Connections: 7
[Topology][Flow] Generating flow layout
[Topology][Flow] Nodes: 2
[Topology][Flow] Connections: 1
▶ NCA:7 End-to-End Conversation Orchestration
  ✔ identity does not create a seventh intelligence engine (1.124292ms)
  ✔ Collision A: NCA:3 ask beats provisional NCA:4 advice (176.473542ms)
  ✔ Collision B: EXPLAIN beats moderate NCA:5 initiative (76.0385ms)
  ✔ Collision C: Decision confirmation beats moderate initiative (0.233875ms)
  ✔ Collision D: material NCA:4 revision may be initiated (47.73ms)
  ✔ Collision E: BRIEF still preserves uncertainty (35.61725ms)
  ✔ Collision F: locked entrance ownership is preserved (0.291917ms)
  ✔ Explain it keeps Capacity Gap (46.661042ms)
  ✔ short answer is not a new topic (48.544292ms)
  ✔ suspend and return restores Capacity (52.478292ms)
  ✔ conversation correction does not write business truth (30.911167ms)
  ✔ social turns do not commit Decision or Execution (26.372166ms)
  ✔ unsupported capability is not fabricated (11.445333ms)
  ✔ teaching Nexora is not a recommendation hijack (8.105541ms)
  ✔ object-generic subjects remain generic (37.034917ms)
  ✔ no demo sentence table in NCA:7 (0.337958ms)
  ✔ main multi-turn manager conversation stays one Nexora (434.772875ms)
  ✔ non-happy path stays graceful (170.95325ms)
  ✔ proactive path silences noise and can return on critical worsening (49.576542ms)
  ✔ trust path holds, stays, then revises without committing (87.6835ms)
  ✔ communication adaptation preserves meaning (57.912125ms)
  ✔ turn contract is attached and diagnostic-only (7.689583ms)
✔ NCA:7 End-to-End Conversation Orchestration (1410.170625ms)
[Topology][Flow] Generating flow layout
[Topology][Flow] Nodes: 8
[Topology][Flow] Connections: 7
[Topology][Hub] Generating hub layout
[Topology][Hub] Hub: Delivery
[Topology][Hub] Satellites: 5
[Topology][Hub] Connections: 5
[Topology][Flow] Generating flow layout
[Topology][Flow] Nodes: 8
[Topology][Flow] Connections: 7
[Topology][Flow] Generating flow layout
[Topology][Flow] Nodes: 2
[Topology][Flow] Connections: 1
[Topology][Flow] Generating flow layout
[Topology][Flow] Nodes: 8
[Topology][Flow] Connections: 7
[Topology][Flow] Generating flow layout
[Topology][Flow] Nodes: 2
[Topology][Flow] Connections: 1
[Topology][Flow] Generating flow layout
[Topology][Flow] Nodes: 8
[Topology][Flow] Connections: 7
[Topology][Flow] Generating flow layout
[Topology][Flow] Nodes: 2
[Topology][Flow] Connections: 1
[Topology][Flow] Generating flow layout
[Topology][Flow] Nodes: 8
[Topology][Flow] Connections: 7
[Topology][Flow] Generating flow layout
[Topology][Flow] Nodes: 2
[Topology][Flow] Connections: 1
[Topology][Flow] Generating flow layout
[Topology][Flow] Nodes: 8
[Topology][Flow] Connections: 7
[Topology][Hub] Generating hub layout
[Topology][Hub] Hub: Delivery
[Topology][Hub] Satellites: 5
[Topology][Hub] Connections: 5
[Topology][Flow] Generating flow layout
[Topology][Flow] Nodes: 8
[Topology][Flow] Connections: 7
[Topology][Hub] Generating hub layout
[Topology][Hub] Hub: Delivery
[Topology][Hub] Satellites: 5
[Topology][Hub] Connections: 5
[Topology][Flow] Generating flow layout
[Topology][Flow] Nodes: 8
[Topology][Flow] Connections: 7
[Topology][Hub] Generating hub layout
[Topology][Hub] Hub: Delivery
[Topology][Hub] Satellites: 5
[Topology][Hub] Connections: 5
[Topology][Flow] Generating flow layout
[Topology][Flow] Nodes: 8
[Topology][Flow] Connections: 7
[Topology][Hub] Generating hub layout
[Topology][Hub] Hub: Delivery
[Topology][Hub] Satellites: 5
[Topology][Hub] Connections: 5
[Topology][Flow] Generating flow layout
[Topology][Flow] Nodes: 8
[Topology][Flow] Connections: 7
[Topology][Flow] Generating flow layout
[Topology][Flow] Nodes: 2
[Topology][Flow] Connections: 1
[Topology][Flow] Generating flow layout
[Topology][Flow] Nodes: 8
[Topology][Flow] Connections: 7
[Topology][Flow] Generating flow layout
[Topology][Flow] Nodes: 2
[Topology][Flow] Connections: 1
[Topology][Flow] Generating flow layout
[Topology][Flow] Nodes: 8
[Topology][Flow] Connections: 7
[Topology][Hub] Generating hub layout
[Topology][Hub] Hub: Delivery
[Topology][Hub] Satellites: 5
[Topology][Hub] Connections: 5
[Topology][Flow] Generating flow layout
[Topology][Flow] Nodes: 8
[Topology][Flow] Connections: 7
[Topology][Hub] Generating hub layout
[Topology][Hub] Hub: Delivery
[Topology][Hub] Satellites: 5
[Topology][Hub] Connections: 5
[Topology][Flow] Generating flow layout
[Topology][Flow] Nodes: 8
[Topology][Flow] Connections: 7
[Topology][Hub] Generating hub layout
[Topology][Hub] Hub: Delivery
[Topology][Hub] Satellites: 5
[Topology][Hub] Connections: 5
[Topology][Flow] Generating flow layout
[Topology][Flow] Nodes: 8
[Topology][Flow] Connections: 7
[Topology][Hub] Generating hub layout
[Topology][Hub] Hub: Delivery
[Topology][Hub] Satellites: 5
[Topology][Hub] Connections: 5
[Topology][Flow] Generating flow layout
[Topology][Flow] Nodes: 8
[Topology][Flow] Connections: 7
[Topology][Hub] Generating hub layout
[Topology][Hub] Hub: Delivery
[Topology][Hub] Satellites: 5
[Topology][Hub] Connections: 5
[Topology][Flow] Generating flow layout
[Topology][Flow] Nodes: 8
[Topology][Flow] Connections: 7
[Topology][Hub] Generating hub layout
[Topology][Hub] Hub: Delivery
[Topology][Hub] Satellites: 5
[Topology][Hub] Connections: 5
[Topology][Flow] Generating flow layout
[Topology][Flow] Nodes: 8
[Topology][Flow] Connections: 7
[Topology][Flow] Generating flow layout
[Topology][Flow] Nodes: 2
[Topology][Flow] Connections: 1
[Topology][Flow] Generating flow layout
[Topology][Flow] Nodes: 8
[Topology][Flow] Connections: 7
[Topology][Flow] Generating flow layout
[Topology][Flow] Nodes: 2
[Topology][Flow] Connections: 1
[Topology][Flow] Generating flow layout
[Topology][Flow] Nodes: 8
[Topology][Flow] Connections: 7
[Topology][Flow] Generating flow layout
[Topology][Flow] Nodes: 2
[Topology][Flow] Connections: 1
[Topology][Flow] Generating flow layout
[Topology][Flow] Nodes: 8
[Topology][Flow] Connections: 7
[Topology][Flow] Generating flow layout
[Topology][Flow] Nodes: 2
[Topology][Flow] Connections: 1
[Topology][Flow] Generating flow layout
[Topology][Flow] Nodes: 8
[Topology][Flow] Connections: 7
[Topology][Flow] Generating flow layout
[Topology][Flow] Nodes: 2
[Topology][Flow] Connections: 1
[Topology][Flow] Generating flow layout
[Topology][Flow] Nodes: 8
[Topology][Flow] Connections: 7
[Topology][Hub] Generating hub layout
[Topology][Hub] Hub: Delivery
[Topology][Hub] Satellites: 5
[Topology][Hub] Connections: 5
[Topology][Flow] Generating flow layout
[Topology][Flow] Nodes: 8
[Topology][Flow] Connections: 7
[Topology][Hub] Generating hub layout
[Topology][Hub] Hub: Delivery
[Topology][Hub] Satellites: 5
[Topology][Hub] Connections: 5
[Topology][Flow] Generating flow layout
[Topology][Flow] Nodes: 8
[Topology][Flow] Connections: 7
[Topology][Hub] Generating hub layout
[Topology][Hub] Hub: Delivery
[Topology][Hub] Satellites: 5
[Topology][Hub] Connections: 5
[Topology][Flow] Generating flow layout
[Topology][Flow] Nodes: 8
[Topology][Flow] Connections: 7
[Topology][Hub] Generating hub layout
[Topology][Hub] Hub: Delivery
[Topology][Hub] Satellites: 5
[Topology][Hub] Connections: 5
[Topology][Flow] Generating flow layout
[Topology][Flow] Nodes: 8
[Topology][Flow] Connections: 7
[Topology][Hub] Generating hub layout
[Topology][Hub] Hub: Delivery
[Topology][Hub] Satellites: 5
[Topology][Hub] Connections: 5
[Topology][Flow] Generating flow layout
[Topology][Flow] Nodes: 8
[Topology][Flow] Connections: 7
[Topology][Hub] Generating hub layout
[Topology][Hub] Hub: Delivery
[Topology][Hub] Satellites: 5
[Topology][Hub] Connections: 5
▶ NCA-POST:1 Natural language recovery
  ✔ owns the post-NCA recovery identity without creating NCA:8 (1.003416ms)
  ✔ resolves exact, article, case, punctuation, typo, and alias references (4.758666ms)
  ✔ keeps Capacity Gap distinct from Capacity and fails low-confidence tokens (0.944583ms)
  ✔ asks when two registered names are equally plausible (0.211708ms)
  ✔ composes needs with typos across show, explain, and what-if (324.209416ms)
  ✔ anchors why? to a genuine failed turn instead of the older Risk thread (108.078459ms)
  ✔ repairs an ambiguous pending choice from a short reply (31.181875ms)
  ✔ keeps the prior business thread after abandoning a failed repair (73.64425ms)
  ✔ does not prepend journey-process initiative onto show Delivery (15.534041ms)
  ✔ still surfaces a material business initiative when policy justifies it (0.555791ms)
  ✔ keeps ordinary manager language leak-free and permits explicit technical mode (22.716291ms)
  ✔ treats natural what-if grammar as the same projection family (28.381166ms)
  ✔ reproduces the original failure path without the old defects (84.007333ms)
✔ NCA-POST:1 Natural language recovery (696.856084ms)
[Topology][Flow] Generating flow layout
[Topology][Flow] Nodes: 8
[Topology][Flow] Connections: 7
[Topology][Flow] Generating flow layout
[Topology][Flow] Nodes: 2
[Topology][Flow] Connections: 1
[Topology][Flow] Generating flow layout
[Topology][Flow] Nodes: 8
[Topology][Flow] Connections: 7
[Topology][Flow] Generating flow layout
[Topology][Flow] Nodes: 2
[Topology][Flow] Connections: 1
[Topology][Flow] Generating flow layout
[Topology][Flow] Nodes: 8
[Topology][Flow] Connections: 7
[Topology][Flow] Generating flow layout
[Topology][Flow] Nodes: 2
[Topology][Flow] Connections: 1
[Topology][Flow] Generating flow layout
[Topology][Flow] Nodes: 8
[Topology][Flow] Connections: 7
[Topology][Flow] Generating flow layout
[Topology][Flow] Nodes: 2
[Topology][Flow] Connections: 1
[Topology][Flow] Generating flow layout
[Topology][Flow] Nodes: 8
[Topology][Flow] Connections: 7
[Topology][Flow] Generating flow layout
[Topology][Flow] Nodes: 2
[Topology][Flow] Connections: 1
[Topology][Flow] Generating flow layout
[Topology][Flow] Nodes: 8
[Topology][Flow] Connections: 7
[Topology][Flow] Generating flow layout
[Topology][Flow] Nodes: 2
[Topology][Flow] Connections: 1
[Topology][Flow] Generating flow layout
[Topology][Flow] Nodes: 8
[Topology][Flow] Connections: 7
[Topology][Hub] Generating hub layout
[Topology][Hub] Hub: Delivery
[Topology][Hub] Satellites: 5
[Topology][Hub] Connections: 5
[Topology][Flow] Generating flow layout
[Topology][Flow] Nodes: 8
[Topology][Flow] Connections: 7
[Topology][Hub] Generating hub layout
[Topology][Hub] Hub: Delivery
[Topology][Hub] Satellites: 5
[Topology][Hub] Connections: 5
[Topology][Flow] Generating flow layout
[Topology][Flow] Nodes: 8
[Topology][Flow] Connections: 7
[Topology][Flow] Generating flow layout
[Topology][Flow] Nodes: 2
[Topology][Flow] Connections: 1
[Topology][Flow] Generating flow layout
[Topology][Flow] Nodes: 8
[Topology][Flow] Connections: 7
[Topology][Flow] Generating flow layout
[Topology][Flow] Nodes: 2
[Topology][Flow] Connections: 1
[Topology][Flow] Generating flow layout
[Topology][Flow] Nodes: 8
[Topology][Flow] Connections: 7
[Topology][Flow] Generating flow layout
[Topology][Flow] Nodes: 2
[Topology][Flow] Connections: 1
[Topology][Flow] Generating flow layout
[Topology][Flow] Nodes: 8
[Topology][Flow] Connections: 7
[Topology][Flow] Generating flow layout
[Topology][Flow] Nodes: 2
[Topology][Flow] Connections: 1
[Topology][Flow] Generating flow layout
[Topology][Flow] Nodes: 8
[Topology][Flow] Connections: 7
[Topology][Flow] Generating flow layout
[Topology][Flow] Nodes: 2
[Topology][Flow] Connections: 1
▶ NCA-POST:2 Manager assertions, pending questions, collections
  ✔ owns identity without creating NCA:8 (0.959833ms)
  ✔ A command vs B assertion vs C question vs D numeric vs E correction vs F preference (56.122959ms)
  ✔ does not navigate on a copular observation (145.447208ms)
  ✔ binds polar answers to the latest compatible question purpose (0.643791ms)
  ✔ does not treat expired questions as answerable (0.1705ms)
  ✔ recognizes collection queries instead of All Problems object lookup (50.743625ms)
  ✔ returns a valid empty collection, not an unresolved object (0.149042ms)
  ✔ preserves collection ordinals (68.985166ms)
  ✔ keeps ordinary greeting silent (14.884417ms)
  ✔ still allows critical greeting initiative (0.497834ms)
  ✔ removes tautological attention copy (110.621583ms)
  ✔ walks the original path without the five observed defects (69.92975ms)
  ✔ keeps manager observation separate from authoritative data (0.269417ms)
✔ NCA-POST:2 Manager assertions, pending questions, collections (520.797417ms)
[Topology][Flow] Generating flow layout
[Topology][Flow] Nodes: 8
[Topology][Flow] Connections: 7
[Topology][Flow] Generating flow layout
[Topology][Flow] Nodes: 2
[Topology][Flow] Connections: 1
[Topology][Flow] Generating flow layout
[Topology][Flow] Nodes: 8
[Topology][Flow] Connections: 7
[Topology][Flow] Generating flow layout
[Topology][Flow] Nodes: 2
[Topology][Flow] Connections: 1
[Topology][Flow] Generating flow layout
[Topology][Flow] Nodes: 8
[Topology][Flow] Connections: 7
[Topology][Flow] Generating flow layout
[Topology][Flow] Nodes: 2
[Topology][Flow] Connections: 1
[Topology][Flow] Generating flow layout
[Topology][Flow] Nodes: 8
[Topology][Flow] Connections: 7
[Topology][Flow] Generating flow layout
[Topology][Flow] Nodes: 2
[Topology][Flow] Connections: 1
[Topology][Flow] Generating flow layout
[Topology][Flow] Nodes: 8
[Topology][Flow] Connections: 7
[Topology][Flow] Generating flow layout
[Topology][Flow] Nodes: 2
[Topology][Flow] Connections: 1
[Topology][Flow] Generating flow layout
[Topology][Flow] Nodes: 8
[Topology][Flow] Connections: 7
[Topology][Flow] Generating flow layout
[Topology][Flow] Nodes: 2
[Topology][Flow] Connections: 1
[Topology][Flow] Generating flow layout
[Topology][Flow] Nodes: 8
[Topology][Flow] Connections: 7
[Topology][Flow] Generating flow layout
[Topology][Flow] Nodes: 2
[Topology][Flow] Connections: 1
[Topology][Flow] Generating flow layout
[Topology][Flow] Nodes: 8
[Topology][Flow] Connections: 7
[Topology][Flow] Generating flow layout
[Topology][Flow] Nodes: 2
[Topology][Flow] Connections: 1
[Topology][Flow] Generating flow layout
[Topology][Flow] Nodes: 8
[Topology][Flow] Connections: 7
[Topology][Flow] Generating flow layout
[Topology][Flow] Nodes: 2
[Topology][Flow] Connections: 1
[Topology][Flow] Generating flow layout
[Topology][Flow] Nodes: 8
[Topology][Flow] Connections: 7
[Topology][Flow] Generating flow layout
[Topology][Flow] Nodes: 2
[Topology][Flow] Connections: 1
[Topology][Flow] Generating flow layout
[Topology][Flow] Nodes: 8
[Topology][Flow] Connections: 7
[Topology][Hub] Generating hub layout
[Topology][Hub] Hub: Delivery
[Topology][Hub] Satellites: 5
[Topology][Hub] Connections: 5
[Topology][Flow] Generating flow layout
[Topology][Flow] Nodes: 8
[Topology][Flow] Connections: 7
[Topology][Flow] Generating flow layout
[Topology][Flow] Nodes: 2
[Topology][Flow] Connections: 1
[Topology][Flow] Generating flow layout
[Topology][Flow] Nodes: 8
[Topology][Flow] Connections: 7
[Topology][Flow] Generating flow layout
[Topology][Flow] Nodes: 2
[Topology][Flow] Connections: 1
[Topology][Flow] Generating flow layout
[Topology][Flow] Nodes: 8
[Topology][Flow] Connections: 7
[Topology][Flow] Generating flow layout
[Topology][Flow] Nodes: 2
[Topology][Flow] Connections: 1
[Topology][Flow] Generating flow layout
[Topology][Flow] Nodes: 8
[Topology][Flow] Connections: 7
[Topology][Flow] Generating flow layout
[Topology][Flow] Nodes: 2
[Topology][Flow] Connections: 1
[Topology][Flow] Generating flow layout
[Topology][Flow] Nodes: 8
[Topology][Flow] Connections: 7
[Topology][Flow] Generating flow layout
[Topology][Flow] Nodes: 2
[Topology][Flow] Connections: 1
[Topology][Flow] Generating flow layout
[Topology][Flow] Nodes: 8
[Topology][Flow] Connections: 7
[Topology][Flow] Generating flow layout
[Topology][Flow] Nodes: 2
[Topology][Flow] Connections: 1
[Topology][Flow] Generating flow layout
[Topology][Flow] Nodes: 8
[Topology][Flow] Connections: 7
[Topology][Flow] Generating flow layout
[Topology][Flow] Nodes: 2
[Topology][Flow] Connections: 1
[Topology][Flow] Generating flow layout
[Topology][Flow] Nodes: 8
[Topology][Flow] Connections: 7
[Topology][Flow] Generating flow layout
[Topology][Flow] Nodes: 2
[Topology][Flow] Connections: 1
[Topology][Flow] Generating flow layout
[Topology][Flow] Nodes: 8
[Topology][Flow] Connections: 7
[Topology][Flow] Generating flow layout
[Topology][Flow] Nodes: 2
[Topology][Flow] Connections: 1
[Topology][Flow] Generating flow layout
[Topology][Flow] Nodes: 8
[Topology][Flow] Connections: 7
[Topology][Flow] Generating flow layout
[Topology][Flow] Nodes: 2
[Topology][Flow] Connections: 1
[Topology][Flow] Generating flow layout
[Topology][Flow] Nodes: 8
[Topology][Flow] Connections: 7
[Topology][Flow] Generating flow layout
[Topology][Flow] Nodes: 2
[Topology][Flow] Connections: 1
[Topology][Flow] Generating flow layout
[Topology][Flow] Nodes: 8
[Topology][Flow] Connections: 7
[Topology][Flow] Generating flow layout
[Topology][Flow] Nodes: 2
[Topology][Flow] Connections: 1
[Topology][Flow] Generating flow layout
[Topology][Flow] Nodes: 8
[Topology][Flow] Connections: 7
[Topology][Flow] Generating flow layout
[Topology][Flow] Nodes: 2
[Topology][Flow] Connections: 1
[Topology][Flow] Generating flow layout
[Topology][Flow] Nodes: 8
[Topology][Flow] Connections: 7
[Topology][Flow] Generating flow layout
[Topology][Flow] Nodes: 2
[Topology][Flow] Connections: 1
[Topology][Flow] Generating flow layout
[Topology][Flow] Nodes: 8
[Topology][Flow] Connections: 7
[Topology][Flow] Generating flow layout
[Topology][Flow] Nodes: 2
[Topology][Flow] Connections: 1
[Topology][Flow] Generating flow layout
[Topology][Flow] Nodes: 8
[Topology][Flow] Connections: 7
[Topology][Flow] Generating flow layout
[Topology][Flow] Nodes: 2
[Topology][Flow] Connections: 1
[Topology][Flow] Generating flow layout
[Topology][Flow] Nodes: 8
[Topology][Flow] Connections: 7
[Topology][Flow] Generating flow layout
[Topology][Flow] Nodes: 2
[Topology][Flow] Connections: 1
▶ NCA-POST:3 Semantic scope, multi-entity, collections, workspace
  ✔ owns identity without creating NCA:8 (1.01675ms)
  ✔ classifies semantic scopes (4.267375ms)
  ✔ keeps both relationship references (167.61ms)
  ✔ does not ask for a business outcome on product and workspace turns (156.566583ms)
  ✔ evaluates conditionals from existing context (51.237584ms)
  ✔ treats multi-entity classification as assertion, not navigation (16.431ms)
  ✔ returns canonical Problems membership for unfiltered collection queries (57.458333ms)
  ✔ keeps ALL unfiltered when a conversational subject is active (40.62575ms)
  ✔ filters only when related-to is explicit (11.809833ms)
  ✔ explains collection change without investigation collision (29.184708ms)
  ✔ answers product capability honestly (16.891542ms)
  ✔ explains Stage and reads workspace state (12.856ms)
  ✔ answers Stage questions from the current semantic snapshot without implying causality (2.431417ms)
  ✔ does not invent a missing relationship or claim causality (11.58125ms)
  ✔ uses the same canonical queue membership for Risks as objects labeled Risk (0.187375ms)
  ✔ preserves business thread across a product question (58.680417ms)
  ✔ keeps ambiguous judgment follow-ups inside the active Problems collection (48.794375ms)
  ✔ lets explicit collection presentation supersede focus and describes its members (51.686042ms)
✔ NCA-POST:3 Semantic scope, multi-entity, collections, workspace (741.21375ms)
✔ active Problems collection outranks stale Demand Surge advisory context (2.565667ms)
✔ explicit references outrank an active collection (0.795583ms)
✔ current compatible collection wins in both direction changes (0.2975ms)
✔ semantic modes and criteria remain distinct (0.239083ms)
✔ materially ambiguous importance remains unresolved until a criterion is established (0.25525ms)
✔ a pending criterion token stays comparison even if upstream intent looks like focus (0.465916ms)
✔ an established comparison criterion resolves otherwise ambiguous follow-up wording (0.387209ms)
✔ why and criterion shift reuse active comparison candidates (0.319167ms)
✔ empty and one-member sets never borrow stale history (0.233541ms)
✔ ambiguous priority follow-ups retain an active collection despite upstream focus or explain labels (0.192417ms)
✔ plain navigation does not become comparison merely because a collection exists (0.090375ms)
[Topology][Flow] Generating flow layout
[Topology][Flow] Nodes: 8
[Topology][Flow] Connections: 7
[Topology][Flow] Generating flow layout
[Topology][Flow] Nodes: 2
[Topology][Flow] Connections: 1
[Topology][Flow] Generating flow layout
[Topology][Flow] Nodes: 8
[Topology][Flow] Connections: 7
[Topology][Flow] Generating flow layout
[Topology][Flow] Nodes: 2
[Topology][Flow] Connections: 1
[Topology][Flow] Generating flow layout
[Topology][Flow] Nodes: 8
[Topology][Flow] Connections: 7
[Topology][Hub] Generating hub layout
[Topology][Hub] Hub: Delivery
[Topology][Hub] Satellites: 5
[Topology][Hub] Connections: 5
[Topology][Flow] Generating flow layout
[Topology][Flow] Nodes: 8
[Topology][Flow] Connections: 7
[Topology][Hub] Generating hub layout
[Topology][Hub] Hub: Delivery
[Topology][Hub] Satellites: 5
[Topology][Hub] Connections: 5
[Topology][Flow] Generating flow layout
[Topology][Flow] Nodes: 8
[Topology][Flow] Connections: 7
[Topology][Hub] Generating hub layout
[Topology][Hub] Hub: Delivery
[Topology][Hub] Satellites: 5
[Topology][Hub] Connections: 5
[Topology][Flow] Generating flow layout
[Topology][Flow] Nodes: 8
[Topology][Flow] Connections: 7
[Topology][Hub] Generating hub layout
[Topology][Hub] Hub: Delivery
[Topology][Hub] Satellites: 5
[Topology][Hub] Connections: 5
[Topology][Flow] Generating flow layout
[Topology][Flow] Nodes: 8
[Topology][Flow] Connections: 7
[Topology][Hub] Generating hub layout
[Topology][Hub] Hub: Delivery
[Topology][Hub] Satellites: 5
[Topology][Hub] Connections: 5
[Topology][Flow] Generating flow layout
[Topology][Flow] Nodes: 8
[Topology][Flow] Connections: 7
[Topology][Hub] Generating hub layout
[Topology][Hub] Hub: Delivery
[Topology][Hub] Satellites: 5
[Topology][Hub] Connections: 5
[Topology][Flow] Generating flow layout
[Topology][Flow] Nodes: 8
[Topology][Flow] Connections: 7
[Topology][Hub] Generating hub layout
[Topology][Hub] Hub: Delivery
[Topology][Hub] Satellites: 5
[Topology][Hub] Connections: 5
[Topology][Flow] Generating flow layout
[Topology][Flow] Nodes: 8
[Topology][Flow] Connections: 7
[Topology][Hub] Generating hub layout
[Topology][Hub] Hub: Delivery
[Topology][Hub] Satellites: 5
[Topology][Hub] Connections: 5
[Topology][Flow] Generating flow layout
[Topology][Flow] Nodes: 8
[Topology][Flow] Connections: 7
[Topology][Hub] Generating hub layout
[Topology][Hub] Hub: Delivery
[Topology][Hub] Satellites: 5
[Topology][Hub] Connections: 5
[Topology][Flow] Generating flow layout
[Topology][Flow] Nodes: 8
[Topology][Flow] Connections: 7
[Topology][Flow] Generating flow layout
[Topology][Flow] Nodes: 2
[Topology][Flow] Connections: 1
[Topology][Flow] Generating flow layout
[Topology][Flow] Nodes: 8
[Topology][Flow] Connections: 7
[Topology][Flow] Generating flow layout
[Topology][Flow] Nodes: 2
[Topology][Flow] Connections: 1
[Topology][Flow] Generating flow layout
[Topology][Flow] Nodes: 8
[Topology][Flow] Connections: 7
[Topology][Flow] Generating flow layout
[Topology][Flow] Nodes: 2
[Topology][Flow] Connections: 1
[Topology][Flow] Generating flow layout
[Topology][Flow] Nodes: 8
[Topology][Flow] Connections: 7
[Topology][Flow] Generating flow layout
[Topology][Flow] Nodes: 2
[Topology][Flow] Connections: 1
[Topology][Flow] Generating flow layout
[Topology][Flow] Nodes: 8
[Topology][Flow] Connections: 7
[Topology][Flow] Generating flow layout
[Topology][Flow] Nodes: 2
[Topology][Flow] Connections: 1
[Topology][Flow] Generating flow layout
[Topology][Flow] Nodes: 8
[Topology][Flow] Connections: 7
[Topology][Flow] Generating flow layout
[Topology][Flow] Nodes: 2
[Topology][Flow] Connections: 1
▶ NXA:1 Executive Decision Advisor contract
  ✔ declares one policy identity over existing authorities (0.787709ms)
  ✔ knowledge need outranks recognized object and does not navigate (154.829ms)
  ✔ explicit navigation remains authorized (67.376208ms)
  ✔ pronoun follow-up preserves Delivery (63.255417ms)
  ✔ investigation and advice preserve evidence limits (70.921042ms)
  ✔ rejects unsupported causal certainty (40.547167ms)
  ✔ teaches how Nexora helps without architecture leakage (52.628ms)
  ✔ keeps the active Problem collection for prioritization (38.394958ms)
  ✔ is generic across registered executive objects (35.647875ms)
✔ NXA:1 Executive Decision Advisor contract (525.754333ms)
[Topology][Flow] Generating flow layout
[Topology][Flow] Nodes: 8
[Topology][Flow] Connections: 7
[Topology][Flow] Generating flow layout
[Topology][Flow] Nodes: 2
[Topology][Flow] Connections: 1
[Topology][Flow] Generating flow layout
[Topology][Flow] Nodes: 8
[Topology][Flow] Connections: 7
[Topology][Flow] Generating flow layout
[Topology][Flow] Nodes: 2
[Topology][Flow] Connections: 1
[Topology][Flow] Generating flow layout
[Topology][Flow] Nodes: 8
[Topology][Flow] Connections: 7
[Topology][Hub] Generating hub layout
[Topology][Hub] Hub: Delivery
[Topology][Hub] Satellites: 5
[Topology][Hub] Connections: 5
[Topology][Flow] Generating flow layout
[Topology][Flow] Nodes: 8
[Topology][Flow] Connections: 7
[Topology][Hub] Generating hub layout
[Topology][Hub] Hub: Delivery
[Topology][Hub] Satellites: 5
[Topology][Hub] Connections: 5
[Topology][Flow] Generating flow layout
[Topology][Flow] Nodes: 8
[Topology][Flow] Connections: 7
[Topology][Hub] Generating hub layout
[Topology][Hub] Hub: Delivery
[Topology][Hub] Satellites: 5
[Topology][Hub] Connections: 5
[Topology][Flow] Generating flow layout
[Topology][Flow] Nodes: 8
[Topology][Flow] Connections: 7
[Topology][Hub] Generating hub layout
[Topology][Hub] Hub: Delivery
[Topology][Hub] Satellites: 5
[Topology][Hub] Connections: 5
[Topology][Flow] Generating flow layout
[Topology][Flow] Nodes: 8
[Topology][Flow] Connections: 7
[Topology][Hub] Generating hub layout
[Topology][Hub] Hub: Delivery
[Topology][Hub] Satellites: 5
[Topology][Hub] Connections: 5
[Topology][Flow] Generating flow layout
[Topology][Flow] Nodes: 8
[Topology][Flow] Connections: 7
[Topology][Hub] Generating hub layout
[Topology][Hub] Hub: Delivery
[Topology][Hub] Satellites: 5
[Topology][Hub] Connections: 5
[Topology][Flow] Generating flow layout
[Topology][Flow] Nodes: 8
[Topology][Flow] Connections: 7
[Topology][Flow] Generating flow layout
[Topology][Flow] Nodes: 2
[Topology][Flow] Connections: 1
[Topology][Flow] Generating flow layout
[Topology][Flow] Nodes: 8
[Topology][Flow] Connections: 7
[Topology][Flow] Generating flow layout
[Topology][Flow] Nodes: 2
[Topology][Flow] Connections: 1
[Topology][Flow] Generating flow layout
[Topology][Flow] Nodes: 8
[Topology][Flow] Connections: 7
[Topology][Hub] Generating hub layout
[Topology][Hub] Hub: Delivery
[Topology][Hub] Satellites: 5
[Topology][Hub] Connections: 5
[Topology][Flow] Generating flow layout
[Topology][Flow] Nodes: 8
[Topology][Flow] Connections: 7
[Topology][Hub] Generating hub layout
[Topology][Hub] Hub: Delivery
[Topology][Hub] Satellites: 5
[Topology][Hub] Connections: 5
[Topology][Flow] Generating flow layout
[Topology][Flow] Nodes: 8
[Topology][Flow] Connections: 7
[Topology][Hub] Generating hub layout
[Topology][Hub] Hub: Delivery
[Topology][Hub] Satellites: 5
[Topology][Hub] Connections: 5
[Topology][Flow] Generating flow layout
[Topology][Flow] Nodes: 8
[Topology][Flow] Connections: 7
[Topology][Hub] Generating hub layout
[Topology][Hub] Hub: Delivery
[Topology][Hub] Satellites: 5
[Topology][Hub] Connections: 5
[Topology][Flow] Generating flow layout
[Topology][Flow] Nodes: 8
[Topology][Flow] Connections: 7
[Topology][Hub] Generating hub layout
[Topology][Hub] Hub: Delivery
[Topology][Hub] Satellites: 5
[Topology][Hub] Connections: 5
[Topology][Flow] Generating flow layout
[Topology][Flow] Nodes: 8
[Topology][Flow] Connections: 7
[Topology][Flow] Generating flow layout
[Topology][Flow] Nodes: 2
[Topology][Flow] Connections: 1
[Topology][Flow] Generating flow layout
[Topology][Flow] Nodes: 8
[Topology][Flow] Connections: 7
[Topology][Flow] Generating flow layout
[Topology][Flow] Nodes: 2
[Topology][Flow] Connections: 1
[Topology][Flow] Generating flow layout
[Topology][Flow] Nodes: 8
[Topology][Flow] Connections: 7
[Topology][Hub] Generating hub layout
[Topology][Hub] Hub: Delivery
[Topology][Hub] Satellites: 5
[Topology][Hub] Connections: 5
[Topology][Flow] Generating flow layout
[Topology][Flow] Nodes: 8
[Topology][Flow] Connections: 7
[Topology][Hub] Generating hub layout
[Topology][Hub] Hub: Delivery
[Topology][Hub] Satellites: 5
[Topology][Hub] Connections: 5
[Topology][Flow] Generating flow layout
[Topology][Flow] Nodes: 8
[Topology][Flow] Connections: 7
[Topology][Hub] Generating hub layout
[Topology][Hub] Hub: Delivery
[Topology][Hub] Satellites: 5
[Topology][Hub] Connections: 5
[Topology][Flow] Generating flow layout
[Topology][Flow] Nodes: 8
[Topology][Flow] Connections: 7
[Topology][Hub] Generating hub layout
[Topology][Hub] Hub: Delivery
[Topology][Hub] Satellites: 5
[Topology][Hub] Connections: 5
[Topology][Flow] Generating flow layout
[Topology][Flow] Nodes: 8
[Topology][Flow] Connections: 7
[Topology][Hub] Generating hub layout
[Topology][Hub] Hub: Delivery
[Topology][Hub] Satellites: 5
[Topology][Hub] Connections: 5
[Topology][Flow] Generating flow layout
[Topology][Flow] Nodes: 8
[Topology][Flow] Connections: 7
[Topology][Flow] Generating flow layout
[Topology][Flow] Nodes: 2
[Topology][Flow] Connections: 1
[Topology][Flow] Generating flow layout
[Topology][Flow] Nodes: 8
[Topology][Flow] Connections: 7
[Topology][Flow] Generating flow layout
[Topology][Flow] Nodes: 2
[Topology][Flow] Connections: 1
[Topology][Flow] Generating flow layout
[Topology][Flow] Nodes: 8
[Topology][Flow] Connections: 7
[Topology][Flow] Generating flow layout
[Topology][Flow] Nodes: 2
[Topology][Flow] Connections: 1
[Topology][Flow] Generating flow layout
[Topology][Flow] Nodes: 8
[Topology][Flow] Connections: 7
[Topology][Flow] Generating flow layout
[Topology][Flow] Nodes: 2
[Topology][Flow] Connections: 1
[Topology][Flow] Generating flow layout
[Topology][Flow] Nodes: 8
[Topology][Flow] Connections: 7
[Topology][Flow] Generating flow layout
[Topology][Flow] Nodes: 2
[Topology][Flow] Connections: 1
▶ NXA:2 Executive Conversation Guidance
  ✔ is a policy projection over existing authorities (1.414375ms)
  ✔ A direct knowledge question selects ANSWER without a question (184.472125ms)
  ✔ B vague performance goal asks one high-value goal question (50.309ms)
  ✔ C existing Delivery target is used and not requested again (80.237166ms)
  ✔ D advice is contextual and actionable (41.855333ms)
  ✔ E unsupported certainty selects CHALLENGE and preserves authority (36.273958ms)
  ✔ F explicit manager override is respected (32.721709ms)
  ✔ G Why deepens advice without resetting the recommendation (61.068292ms)
  ✔ H manager uncertainty selects contextual GUIDE (35.019584ms)
  ✔ I contextual education teaches through the active object (25.283917ms)
  ✔ J closure selects WAIT without workflow pressure (30.811458ms)
  ✔ K readiness stays behind existing commitment authority (46.835875ms)
  ✔ L guidance remains object-generic (40.455667ms)
✔ NXA:2 Executive Conversation Guidance (668.322666ms)
[Topology][Flow] Generating flow layout
[Topology][Flow] Nodes: 8
[Topology][Flow] Connections: 7
[Topology][Flow] Generating flow layout
[Topology][Flow] Nodes: 2
[Topology][Flow] Connections: 1
[Topology][Flow] Generating flow layout
[Topology][Flow] Nodes: 8
[Topology][Flow] Connections: 7
[Topology][Hub] Generating hub layout
[Topology][Hub] Hub: Capacity
[Topology][Hub] Satellites: 5
[Topology][Hub] Connections: 5
[Topology][Flow] Generating flow layout
[Topology][Flow] Nodes: 8
[Topology][Flow] Connections: 7
[Topology][Hub] Generating hub layout
[Topology][Hub] Hub: Capacity
[Topology][Hub] Satellites: 5
[Topology][Hub] Connections: 5
[Topology][Flow] Generating flow layout
[Topology][Flow] Nodes: 8
[Topology][Flow] Connections: 7
[Topology][Hub] Generating hub layout
[Topology][Hub] Hub: Delivery
[Topology][Hub] Satellites: 5
[Topology][Hub] Connections: 5
[Topology][Flow] Generating flow layout
[Topology][Flow] Nodes: 8
[Topology][Flow] Connections: 7
[Topology][Flow] Generating flow layout
[Topology][Flow] Nodes: 2
[Topology][Flow] Connections: 1
[Topology][Flow] Generating flow layout
[Topology][Flow] Nodes: 8
[Topology][Flow] Connections: 7
[Topology][Flow] Generating flow layout
[Topology][Flow] Nodes: 2
[Topology][Flow] Connections: 1
[Topology][Flow] Generating flow layout
[Topology][Flow] Nodes: 8
[Topology][Flow] Connections: 7
[Topology][Flow] Generating flow layout
[Topology][Flow] Nodes: 2
[Topology][Flow] Connections: 1
[Topology][Flow] Generating flow layout
[Topology][Flow] Nodes: 8
[Topology][Flow] Connections: 7
[Topology][Flow] Generating flow layout
[Topology][Flow] Nodes: 2
[Topology][Flow] Connections: 1
[Topology][Flow] Generating flow layout
[Topology][Flow] Nodes: 8
[Topology][Flow] Connections: 7
[Topology][Hub] Generating hub layout
[Topology][Hub] Hub: Delivery
[Topology][Hub] Satellites: 5
[Topology][Hub] Connections: 5
[Topology][Flow] Generating flow layout
[Topology][Flow] Nodes: 8
[Topology][Flow] Connections: 7
[Topology][Hub] Generating hub layout
[Topology][Hub] Hub: Delivery
[Topology][Hub] Satellites: 5
[Topology][Hub] Connections: 5
[Topology][Flow] Generating flow layout
[Topology][Flow] Nodes: 8
[Topology][Flow] Connections: 7
[Topology][Flow] Generating flow layout
[Topology][Flow] Nodes: 2
[Topology][Flow] Connections: 1
[Topology][Flow] Generating flow layout
[Topology][Flow] Nodes: 8
[Topology][Flow] Connections: 7
[Topology][Flow] Generating flow layout
[Topology][Flow] Nodes: 2
[Topology][Flow] Connections: 1
[Topology][Flow] Generating flow layout
[Topology][Flow] Nodes: 8
[Topology][Flow] Connections: 7
[Topology][Flow] Generating flow layout
[Topology][Flow] Nodes: 2
[Topology][Flow] Connections: 1
[Topology][Flow] Generating flow layout
[Topology][Flow] Nodes: 8
[Topology][Flow] Connections: 7
[Topology][Flow] Generating flow layout
[Topology][Flow] Nodes: 2
[Topology][Flow] Connections: 1
[Topology][Flow] Generating flow layout
[Topology][Flow] Nodes: 8
[Topology][Flow] Connections: 7
[Topology][Flow] Generating flow layout
[Topology][Flow] Nodes: 2
[Topology][Flow] Connections: 1
[Topology][Flow] Generating flow layout
[Topology][Flow] Nodes: 8
[Topology][Flow] Connections: 7
[Topology][Flow] Generating flow layout
[Topology][Flow] Nodes: 2
[Topology][Flow] Connections: 1
[Topology][Flow] Generating flow layout
[Topology][Flow] Nodes: 8
[Topology][Flow] Connections: 7
[Topology][Hub] Generating hub layout
[Topology][Hub] Hub: Delivery
[Topology][Hub] Satellites: 5
[Topology][Hub] Connections: 5
[Topology][Flow] Generating flow layout
[Topology][Flow] Nodes: 8
[Topology][Flow] Connections: 7
[Topology][Hub] Generating hub layout
[Topology][Hub] Hub: Delivery
[Topology][Hub] Satellites: 5
[Topology][Hub] Connections: 5
[Topology][Flow] Generating flow layout
[Topology][Flow] Nodes: 8
[Topology][Flow] Connections: 7
[Topology][Flow] Generating flow layout
[Topology][Flow] Nodes: 2
[Topology][Flow] Connections: 1
[Topology][Flow] Generating flow layout
[Topology][Flow] Nodes: 8
[Topology][Flow] Connections: 7
[Topology][Flow] Generating flow layout
[Topology][Flow] Nodes: 2
[Topology][Flow] Connections: 1
[Topology][Flow] Generating flow layout
[Topology][Flow] Nodes: 8
[Topology][Flow] Connections: 7
[Topology][Flow] Generating flow layout
[Topology][Flow] Nodes: 2
[Topology][Flow] Connections: 1
[Topology][Flow] Generating flow layout
[Topology][Flow] Nodes: 8
[Topology][Flow] Connections: 7
[Topology][Hub] Generating hub layout
[Topology][Hub] Hub: Delivery
[Topology][Hub] Satellites: 5
[Topology][Hub] Connections: 5
[Topology][Flow] Generating flow layout
[Topology][Flow] Nodes: 8
[Topology][Flow] Connections: 7
[Topology][Hub] Generating hub layout
[Topology][Hub] Hub: Delivery
[Topology][Hub] Satellites: 5
[Topology][Hub] Connections: 5
[Topology][Flow] Generating flow layout
[Topology][Flow] Nodes: 8
[Topology][Flow] Connections: 7
[Topology][Hub] Generating hub layout
[Topology][Hub] Hub: Delivery
[Topology][Hub] Satellites: 5
[Topology][Hub] Connections: 5
[Topology][Flow] Generating flow layout
[Topology][Flow] Nodes: 8
[Topology][Flow] Connections: 7
[Topology][Flow] Generating flow layout
[Topology][Flow] Nodes: 2
[Topology][Flow] Connections: 1
[Topology][Flow] Generating flow layout
[Topology][Flow] Nodes: 8
[Topology][Flow] Connections: 7
[Topology][Flow] Generating flow layout
[Topology][Flow] Nodes: 2
[Topology][Flow] Connections: 1
[Topology][Flow] Generating flow layout
[Topology][Flow] Nodes: 8
[Topology][Flow] Connections: 7
[Topology][Flow] Generating flow layout
[Topology][Flow] Nodes: 2
[Topology][Flow] Connections: 1
[Topology][Flow] Generating flow layout
[Topology][Flow] Nodes: 8
[Topology][Flow] Connections: 7
[Topology][Flow] Generating flow layout
[Topology][Flow] Nodes: 2
[Topology][Flow] Connections: 1
[Topology][Flow] Generating flow layout
[Topology][Flow] Nodes: 8
[Topology][Flow] Connections: 7
[Topology][Flow] Generating flow layout
[Topology][Flow] Nodes: 2
[Topology][Flow] Connections: 1
[Topology][Flow] Generating flow layout
[Topology][Flow] Nodes: 8
[Topology][Flow] Connections: 7
[Topology][Flow] Generating flow layout
[Topology][Flow] Nodes: 2
[Topology][Flow] Connections: 1
▶ NXA:3 Executive Situation
  ✔ is a derived read model with no shadow authority (0.915625ms)
  ✔ A preserves Goal awareness and causal uncertainty (311.173917ms)
  ✔ B maintains one cross-turn investigation situation (103.03975ms)
  ✔ C uses known current and target values (32.180875ms)
  ✔ D invalidates advice when later manager evidence weakens its premise (40.435833ms)
  ✔ E manager override becomes current direction and recovery (31.297458ms)
  ✔ I preserves manager assertion separately from validated evidence (24.935708ms)
  ✔ J explicit topic shift invalidates old active focus (30.3105ms)
  ✔ K context recovery is compressed rather than a transcript dump (41.199333ms)
  ✔ L composes the same situation model across categories (55.937292ms)
✔ NXA:3 Executive Situation (672.931708ms)
✔ NXA:4 boundary is a composition policy, not a duplicate authority (1.396625ms)
✔ A material KPI deterioration linked to the Goal speaks without inventing cause (1.315417ms)
✔ Noise and process-only state are intelligent silence (0.433709ms)
✔ An unchanged prior intervention is suppressed but material deterioration re-evaluates (0.449292ms)
✔ Manager override and high-value focus defer ordinary interruption, not critical escalation (0.354208ms)
✔ Decision premise invalidation and execution blocker escalate without mutating CC truth (0.788708ms)
✔ Positive and partial Outcomes preserve causal uncertainty (0.290709ms)
✔ A material Opportunity can speak; weak evidence defers and cannot warn confidently (0.158292ms)
✔ Generic policy covers Problem, Risk, Decision, Execution, and Outcome families (0.231875ms)
✔ Monitoring response is honest when no runtime monitoring exists (0.235875ms)
✔ boundary composes existing authorities without score or mutation (3.323125ms)
✔ problem priority prefers reversible Goal-relevant learning and distinguishes magnitude (0.498542ms)
✔ unsupported overall importance refuses a fake magnitude and offers an explicit-criterion continuation (0.30925ms)
✔ requested risk criterion uses risk evidence instead of default Goal fit (0.233791ms)
✔ reversibility protects against premature irreversible action (0.248834ms)
✔ weak evidence changes recommendation from action to investigation (1.73775ms)
✔ strong supported reversible recommendation can act without endless analysis (0.351875ms)
✔ decision readiness distinguishes NOT_READY, READY_WITH_KNOWN_UNCERTAINTY, and READY (0.379708ms)
✔ specific change condition makes recommendation falsifiable (0.217417ms)
✔ new contradictory evidence revises recommendation without defending stale advice (0.270042ms)
✔ manager preference influences judgment without becoming evidence (0.163291ms)
✔ genuine tie produces conditional judgment and no fake winner (14.562375ms)
✔ candidate set integrity excludes unrelated high-attention candidate (0.155917ms)
✔ priority is deterministic and stable under irrelevant context changes (0.121584ms)
✔ generic judgment types share one architecture (0.1715ms)
✔ unknown Goal context never invents Goal relevance (0.159ms)
✔ missing Goal context produces Goal-specific insufficiency and a safe continuation (0.17125ms)
[Topology][Flow] Generating flow layout
[Topology][Flow] Nodes: 8
[Topology][Flow] Connections: 7
[Topology][Flow] Generating flow layout
[Topology][Flow] Nodes: 2
[Topology][Flow] Connections: 1
[Topology][Flow] Generating flow layout
[Topology][Flow] Nodes: 8
[Topology][Flow] Connections: 7
[Topology][Flow] Generating flow layout
[Topology][Flow] Nodes: 2
[Topology][Flow] Connections: 1
[Topology][Flow] Generating flow layout
[Topology][Flow] Nodes: 8
[Topology][Flow] Connections: 7
[Topology][Flow] Generating flow layout
[Topology][Flow] Nodes: 2
[Topology][Flow] Connections: 1
[Topology][Flow] Generating flow layout
[Topology][Flow] Nodes: 8
[Topology][Flow] Connections: 7
[Topology][Flow] Generating flow layout
[Topology][Flow] Nodes: 2
[Topology][Flow] Connections: 1
[Topology][Flow] Generating flow layout
[Topology][Flow] Nodes: 8
[Topology][Flow] Connections: 7
[Topology][Flow] Generating flow layout
[Topology][Flow] Nodes: 2
[Topology][Flow] Connections: 1
[Topology][Flow] Generating flow layout
[Topology][Flow] Nodes: 8
[Topology][Flow] Connections: 7
[Topology][Flow] Generating flow layout
[Topology][Flow] Nodes: 2
[Topology][Flow] Connections: 1
[Topology][Flow] Generating flow layout
[Topology][Flow] Nodes: 8
[Topology][Flow] Connections: 7
[Topology][Flow] Generating flow layout
[Topology][Flow] Nodes: 2
[Topology][Flow] Connections: 1
[Topology][Flow] Generating flow layout
[Topology][Flow] Nodes: 8
[Topology][Flow] Connections: 7
[Topology][Flow] Generating flow layout
[Topology][Flow] Nodes: 2
[Topology][Flow] Connections: 1
[Topology][Flow] Generating flow layout
[Topology][Flow] Nodes: 8
[Topology][Flow] Connections: 7
[Topology][Flow] Generating flow layout
[Topology][Flow] Nodes: 2
[Topology][Flow] Connections: 1
[Topology][Flow] Generating flow layout
[Topology][Flow] Nodes: 8
[Topology][Flow] Connections: 7
[Topology][Flow] Generating flow layout
[Topology][Flow] Nodes: 2
[Topology][Flow] Connections: 1
[Topology][Flow] Generating flow layout
[Topology][Flow] Nodes: 8
[Topology][Flow] Connections: 7
[Topology][Flow] Generating flow layout
[Topology][Flow] Nodes: 2
[Topology][Flow] Connections: 1
[Topology][Flow] Generating flow layout
[Topology][Flow] Nodes: 8
[Topology][Flow] Connections: 7
[Topology][Flow] Generating flow layout
[Topology][Flow] Nodes: 2
[Topology][Flow] Connections: 1
[Topology][Flow] Generating flow layout
[Topology][Flow] Nodes: 8
[Topology][Flow] Connections: 7
[Topology][Flow] Generating flow layout
[Topology][Flow] Nodes: 2
[Topology][Flow] Connections: 1
[Topology][Flow] Generating flow layout
[Topology][Flow] Nodes: 8
[Topology][Flow] Connections: 7
[Topology][Flow] Generating flow layout
[Topology][Flow] Nodes: 2
[Topology][Flow] Connections: 1
[Topology][Flow] Generating flow layout
[Topology][Flow] Nodes: 8
[Topology][Flow] Connections: 7
[Topology][Flow] Generating flow layout
[Topology][Flow] Nodes: 2
[Topology][Flow] Connections: 1
[Topology][Flow] Generating flow layout
[Topology][Flow] Nodes: 8
[Topology][Flow] Connections: 7
[Topology][Flow] Generating flow layout
[Topology][Flow] Nodes: 2
[Topology][Flow] Connections: 1
[Topology][Flow] Generating flow layout
[Topology][Flow] Nodes: 8
[Topology][Flow] Connections: 7
[Topology][Flow] Generating flow layout
[Topology][Flow] Nodes: 2
[Topology][Flow] Connections: 1
[Topology][Flow] Generating flow layout
[Topology][Flow] Nodes: 8
[Topology][Flow] Connections: 7
[Topology][Flow] Generating flow layout
[Topology][Flow] Nodes: 2
[Topology][Flow] Connections: 1
[Topology][Flow] Generating flow layout
[Topology][Flow] Nodes: 8
[Topology][Flow] Connections: 7
[Topology][Flow] Generating flow layout
[Topology][Flow] Nodes: 2
[Topology][Flow] Connections: 1
[Topology][Flow] Generating flow layout
[Topology][Flow] Nodes: 8
[Topology][Flow] Connections: 7
[Topology][Flow] Generating flow layout
[Topology][Flow] Nodes: 2
[Topology][Flow] Connections: 1
[Topology][Flow] Generating flow layout
[Topology][Flow] Nodes: 8
[Topology][Flow] Connections: 7
[Topology][Flow] Generating flow layout
[Topology][Flow] Nodes: 2
[Topology][Flow] Connections: 1
[Topology][Flow] Generating flow layout
[Topology][Flow] Nodes: 8
[Topology][Flow] Connections: 7
[Topology][Flow] Generating flow layout
[Topology][Flow] Nodes: 2
[Topology][Flow] Connections: 1
[Topology][Flow] Generating flow layout
[Topology][Flow] Nodes: 8
[Topology][Flow] Connections: 7
[Topology][Flow] Generating flow layout
[Topology][Flow] Nodes: 2
[Topology][Flow] Connections: 1
[Topology][Flow] Generating flow layout
[Topology][Flow] Nodes: 8
[Topology][Flow] Connections: 7
[Topology][Flow] Generating flow layout
[Topology][Flow] Nodes: 2
[Topology][Flow] Connections: 1
[Topology][Flow] Generating flow layout
[Topology][Flow] Nodes: 8
[Topology][Flow] Connections: 7
[Topology][Flow] Generating flow layout
[Topology][Flow] Nodes: 2
[Topology][Flow] Connections: 1
[Topology][Flow] Generating flow layout
[Topology][Flow] Nodes: 8
[Topology][Flow] Connections: 7
[Topology][Flow] Generating flow layout
[Topology][Flow] Nodes: 2
[Topology][Flow] Connections: 1
[Topology][Flow] Generating flow layout
[Topology][Flow] Nodes: 8
[Topology][Flow] Connections: 7
[Topology][Flow] Generating flow layout
[Topology][Flow] Nodes: 2
[Topology][Flow] Connections: 1
[Topology][Flow] Generating flow layout
[Topology][Flow] Nodes: 8
[Topology][Flow] Connections: 7
[Topology][Flow] Generating flow layout
[Topology][Flow] Nodes: 2
[Topology][Flow] Connections: 1
[Topology][Flow] Generating flow layout
[Topology][Flow] Nodes: 8
[Topology][Flow] Connections: 7
[Topology][Flow] Generating flow layout
[Topology][Flow] Nodes: 2
[Topology][Flow] Connections: 1
[Topology][Flow] Generating flow layout
[Topology][Flow] Nodes: 8
[Topology][Flow] Connections: 7
[Topology][Flow] Generating flow layout
[Topology][Flow] Nodes: 2
[Topology][Flow] Connections: 1
[Topology][Flow] Generating flow layout
[Topology][Flow] Nodes: 8
[Topology][Flow] Connections: 7
[Topology][Flow] Generating flow layout
[Topology][Flow] Nodes: 2
[Topology][Flow] Connections: 1
[Topology][Flow] Generating flow layout
[Topology][Flow] Nodes: 8
[Topology][Flow] Connections: 7
[Topology][Flow] Generating flow layout
[Topology][Flow] Nodes: 2
[Topology][Flow] Connections: 1
[Topology][Flow] Generating flow layout
[Topology][Flow] Nodes: 8
[Topology][Flow] Connections: 7
[Topology][Flow] Generating flow layout
[Topology][Flow] Nodes: 2
[Topology][Flow] Connections: 1
[Topology][Flow] Generating flow layout
[Topology][Flow] Nodes: 8
[Topology][Flow] Connections: 7
[Topology][Flow] Generating flow layout
[Topology][Flow] Nodes: 2
[Topology][Flow] Connections: 1
[Topology][Flow] Generating flow layout
[Topology][Flow] Nodes: 8
[Topology][Flow] Connections: 7
[Topology][Flow] Generating flow layout
[Topology][Flow] Nodes: 2
[Topology][Flow] Connections: 1
[Topology][Flow] Generating flow layout
[Topology][Flow] Nodes: 8
[Topology][Flow] Connections: 7
[Topology][Flow] Generating flow layout
[Topology][Flow] Nodes: 2
[Topology][Flow] Connections: 1
[Topology][Flow] Generating flow layout
[Topology][Flow] Nodes: 8
[Topology][Flow] Connections: 7
[Topology][Flow] Generating flow layout
[Topology][Flow] Nodes: 2
[Topology][Flow] Connections: 1
✔ Advisor and Queue converge on the same canonical collection presentation (275.592375ms)
✔ Advisor still presents supported one-member Risks without inventing Queue parity (10.819542ms)
✔ latest explicit command wins across focus and collection transitions (47.982ms)
✔ knowledge and judgment turns do not mutate the presented collection (59.327583ms)
✔ Stage readback follows the post-command collection and remains read-only (34.893666ms)
✔ collection trail preserves Back and Forward semantics (9.560917ms)
✔ rapid generic collection transitions have one deterministic last writer (39.92125ms)
✔ restored conversational subject cannot collapse an explicit collection command (19.96525ms)
✔ unfiltered collection commands do not inherit a restored primary target (0.57475ms)
✔ knowledge questions do not present a collection after restored focus (11.920333ms)
[Topology][Flow] Generating flow layout
[Topology][Flow] Nodes: 8
[Topology][Flow] Connections: 7
[Topology][Flow] Generating flow layout
[Topology][Flow] Nodes: 2
[Topology][Flow] Connections: 1
[Topology][Flow] Generating flow layout
[Topology][Flow] Nodes: 8
[Topology][Flow] Connections: 7
[Topology][Flow] Generating flow layout
[Topology][Flow] Nodes: 2
[Topology][Flow] Connections: 1
[Topology][Flow] Generating flow layout
[Topology][Flow] Nodes: 8
[Topology][Flow] Connections: 7
[Topology][Flow] Generating flow layout
[Topology][Flow] Nodes: 2
[Topology][Flow] Connections: 1
[Topology][Flow] Generating flow layout
[Topology][Flow] Nodes: 8
[Topology][Flow] Connections: 7
[Topology][Flow] Generating flow layout
[Topology][Flow] Nodes: 2
[Topology][Flow] Connections: 1
[Topology][Flow] Generating flow layout
[Topology][Flow] Nodes: 8
[Topology][Flow] Connections: 7
[Topology][Flow] Generating flow layout
[Topology][Flow] Nodes: 2
[Topology][Flow] Connections: 1
[Topology][Flow] Generating flow layout
[Topology][Flow] Nodes: 8
[Topology][Flow] Connections: 7
[Topology][Flow] Generating flow layout
[Topology][Flow] Nodes: 2
[Topology][Flow] Connections: 1
[Topology][Flow] Generating flow layout
[Topology][Flow] Nodes: 8
[Topology][Flow] Connections: 7
[Topology][Flow] Generating flow layout
[Topology][Flow] Nodes: 2
[Topology][Flow] Connections: 1
[Topology][Flow] Generating flow layout
[Topology][Flow] Nodes: 8
[Topology][Flow] Connections: 7
[Topology][Flow] Generating flow layout
[Topology][Flow] Nodes: 2
[Topology][Flow] Connections: 1
[Topology][Flow] Generating flow layout
[Topology][Flow] Nodes: 8
[Topology][Flow] Connections: 7
[Topology][Flow] Generating flow layout
[Topology][Flow] Nodes: 2
[Topology][Flow] Connections: 1
[Topology][Flow] Generating flow layout
[Topology][Flow] Nodes: 8
[Topology][Flow] Connections: 7
[Topology][Flow] Generating flow layout
[Topology][Flow] Nodes: 2
[Topology][Flow] Connections: 1
[Topology][Flow] Generating flow layout
[Topology][Flow] Nodes: 8
[Topology][Flow] Connections: 7
[Topology][Flow] Generating flow layout
[Topology][Flow] Nodes: 2
[Topology][Flow] Connections: 1
[Topology][Flow] Generating flow layout
[Topology][Flow] Nodes: 8
[Topology][Flow] Connections: 7
[Topology][Flow] Generating flow layout
[Topology][Flow] Nodes: 2
[Topology][Flow] Connections: 1
[Topology][Flow] Generating flow layout
[Topology][Flow] Nodes: 8
[Topology][Flow] Connections: 7
[Topology][Flow] Generating flow layout
[Topology][Flow] Nodes: 2
[Topology][Flow] Connections: 1
[Topology][Flow] Generating flow layout
[Topology][Flow] Nodes: 8
[Topology][Flow] Connections: 7
[Topology][Flow] Generating flow layout
[Topology][Flow] Nodes: 2
[Topology][Flow] Connections: 1
[Topology][Flow] Generating flow layout
[Topology][Flow] Nodes: 8
[Topology][Flow] Connections: 7
[Topology][Flow] Generating flow layout
[Topology][Flow] Nodes: 2
[Topology][Flow] Connections: 1
[Topology][Flow] Generating flow layout
[Topology][Flow] Nodes: 8
[Topology][Flow] Connections: 7
[Topology][Flow] Generating flow layout
[Topology][Flow] Nodes: 2
[Topology][Flow] Connections: 1
▶ NXA:5-FIX3A knowledge-verb recovery and Focus protection
  ✔ A1/A2 — typo and correct spelling converge on read-only Explain (235.916083ms)
  ✔ A3 — recovered deictic Explain preserves Stage when the reference is ambiguous (40.988083ms)
  ✔ A4/A6 — explicit and entity-only navigation retain their certified behavior (66.4395ms)
  ✔ A5/A8 — unknown actions with a resolved entity neither Focus nor write (35.51725ms)
  ✔ A7 — recovered Explain is generic for the registered Capacity Gap Problem (12.313792ms)
✔ NXA:5-FIX3A knowledge-verb recovery and Focus protection (392.209375ms)
[Topology][Flow] Generating flow layout
[Topology][Flow] Nodes: 8
[Topology][Flow] Connections: 7
[Topology][Flow] Generating flow layout
[Topology][Flow] Nodes: 2
[Topology][Flow] Connections: 1
[Topology][Flow] Generating flow layout
[Topology][Flow] Nodes: 8
[Topology][Flow] Connections: 7
[Topology][Flow] Generating flow layout
[Topology][Flow] Nodes: 2
[Topology][Flow] Connections: 1
[Topology][Flow] Generating flow layout
[Topology][Flow] Nodes: 8
[Topology][Flow] Connections: 7
[Topology][Flow] Generating flow layout
[Topology][Flow] Nodes: 2
[Topology][Flow] Connections: 1
[Topology][Flow] Generating flow layout
[Topology][Flow] Nodes: 8
[Topology][Flow] Connections: 7
[Topology][Flow] Generating flow layout
[Topology][Flow] Nodes: 2
[Topology][Flow] Connections: 1
[Topology][Flow] Generating flow layout
[Topology][Flow] Nodes: 8
[Topology][Flow] Connections: 7
[Topology][Flow] Generating flow layout
[Topology][Flow] Nodes: 2
[Topology][Flow] Connections: 1
[Topology][Flow] Generating flow layout
[Topology][Flow] Nodes: 8
[Topology][Flow] Connections: 7
[Topology][Flow] Generating flow layout
[Topology][Flow] Nodes: 2
[Topology][Flow] Connections: 1
[Topology][Flow] Generating flow layout
[Topology][Flow] Nodes: 8
[Topology][Flow] Connections: 7
[Topology][Flow] Generating flow layout
[Topology][Flow] Nodes: 2
[Topology][Flow] Connections: 1
[Topology][Flow] Generating flow layout
[Topology][Flow] Nodes: 8
[Topology][Flow] Connections: 7
[Topology][Flow] Generating flow layout
[Topology][Flow] Nodes: 2
[Topology][Flow] Connections: 1
[Topology][Flow] Generating flow layout
[Topology][Flow] Nodes: 8
[Topology][Flow] Connections: 7
[Topology][Flow] Generating flow layout
[Topology][Flow] Nodes: 2
[Topology][Flow] Connections: 1
[Topology][Flow] Generating flow layout
[Topology][Flow] Nodes: 8
[Topology][Flow] Connections: 7
[Topology][Flow] Generating flow layout
[Topology][Flow] Nodes: 2
[Topology][Flow] Connections: 1
[Topology][Flow] Generating flow layout
[Topology][Flow] Nodes: 8
[Topology][Flow] Connections: 7
[Topology][Flow] Generating flow layout
[Topology][Flow] Nodes: 2
[Topology][Flow] Connections: 1
[Topology][Flow] Generating flow layout
[Topology][Flow] Nodes: 8
[Topology][Flow] Connections: 7
[Topology][Flow] Generating flow layout
[Topology][Flow] Nodes: 2
[Topology][Flow] Connections: 1
[Topology][Flow] Generating flow layout
[Topology][Flow] Nodes: 8
[Topology][Flow] Connections: 7
[Topology][Flow] Generating flow layout
[Topology][Flow] Nodes: 2
[Topology][Flow] Connections: 1
[Topology][Flow] Generating flow layout
[Topology][Flow] Nodes: 8
[Topology][Flow] Connections: 7
[Topology][Flow] Generating flow layout
[Topology][Flow] Nodes: 2
[Topology][Flow] Connections: 1
[Topology][Flow] Generating flow layout
[Topology][Flow] Nodes: 8
[Topology][Flow] Connections: 7
[Topology][Flow] Generating flow layout
[Topology][Flow] Nodes: 2
[Topology][Flow] Connections: 1
[Topology][Flow] Generating flow layout
[Topology][Flow] Nodes: 8
[Topology][Flow] Connections: 7
[Topology][Flow] Generating flow layout
[Topology][Flow] Nodes: 2
[Topology][Flow] Connections: 1
[Topology][Flow] Generating flow layout
[Topology][Flow] Nodes: 8
[Topology][Flow] Connections: 7
[Topology][Flow] Generating flow layout
[Topology][Flow] Nodes: 2
[Topology][Flow] Connections: 1
[Topology][Flow] Generating flow layout
[Topology][Flow] Nodes: 8
[Topology][Flow] Connections: 7
[Topology][Flow] Generating flow layout
[Topology][Flow] Nodes: 2
[Topology][Flow] Connections: 1
[Topology][Flow] Generating flow layout
[Topology][Flow] Nodes: 8
[Topology][Flow] Connections: 7
[Topology][Flow] Generating flow layout
[Topology][Flow] Nodes: 2
[Topology][Flow] Connections: 1
[Topology][Flow] Generating flow layout
[Topology][Flow] Nodes: 8
[Topology][Flow] Connections: 7
[Topology][Flow] Generating flow layout
[Topology][Flow] Nodes: 2
[Topology][Flow] Connections: 1
[Topology][Flow] Generating flow layout
[Topology][Flow] Nodes: 8
[Topology][Flow] Connections: 7
[Topology][Flow] Generating flow layout
[Topology][Flow] Nodes: 2
[Topology][Flow] Connections: 1
[Topology][Flow] Generating flow layout
[Topology][Flow] Nodes: 8
[Topology][Flow] Connections: 7
[Topology][Flow] Generating flow layout
[Topology][Flow] Nodes: 2
[Topology][Flow] Connections: 1
[Topology][Flow] Generating flow layout
[Topology][Flow] Nodes: 8
[Topology][Flow] Connections: 7
[Topology][Flow] Generating flow layout
[Topology][Flow] Nodes: 2
[Topology][Flow] Connections: 1
[Topology][Flow] Generating flow layout
[Topology][Flow] Nodes: 8
[Topology][Flow] Connections: 7
[Topology][Flow] Generating flow layout
[Topology][Flow] Nodes: 2
[Topology][Flow] Connections: 1
[Topology][Flow] Generating flow layout
[Topology][Flow] Nodes: 8
[Topology][Flow] Connections: 7
[Topology][Flow] Generating flow layout
[Topology][Flow] Nodes: 2
[Topology][Flow] Connections: 1
▶ NXA:5-FIX3B ambiguous importance clarification
  ✔ B1 — exact diagnosed conversation asks one bounded criterion question without ranking (211.104459ms)
  ✔ B2 — one-word urgency answers the pending question and returns criterion-specific insufficiency (64.949667ms)
  ✔ B3 — an explicit urgency criterion evaluates directly without redundant clarification (27.910792ms)
  ✔ B4 — Goal impact uses an authoritative Goal and reports missing Goal context otherwise (34.509792ms)
  ✔ B5/B6 — investigation priority and explicit overall importance remain distinct (43.43275ms)
  ✔ B7 — evidence-sufficient risk comparison stays criterion-specific (24.197334ms)
  ✔ B8 — an ambiguous deictic comparison without subjects requests them (13.71375ms)
  ✔ B9 — an unrelated collection command is not consumed as the criterion answer (27.404708ms)
  ✔ continuation proof — the offered evidence-strength criterion reuses the same subjects (38.599166ms)
  ✔ B10 — FIX3A typo Explain remains read-only and preserves Scenarios (17.584584ms)
✔ NXA:5-FIX3B ambiguous importance clarification (504.7465ms)
[Topology][Flow] Generating flow layout
[Topology][Flow] Nodes: 8
[Topology][Flow] Connections: 7
[Topology][Flow] Generating flow layout
[Topology][Flow] Nodes: 2
[Topology][Flow] Connections: 1
[Topology][Flow] Generating flow layout
[Topology][Flow] Nodes: 8
[Topology][Flow] Connections: 7
[Topology][Flow] Generating flow layout
[Topology][Flow] Nodes: 2
[Topology][Flow] Connections: 1
[Topology][Flow] Generating flow layout
[Topology][Flow] Nodes: 8
[Topology][Flow] Connections: 7
[Topology][Flow] Generating flow layout
[Topology][Flow] Nodes: 2
[Topology][Flow] Connections: 1
[Topology][Flow] Generating flow layout
[Topology][Flow] Nodes: 8
[Topology][Flow] Connections: 7
[Topology][Flow] Generating flow layout
[Topology][Flow] Nodes: 2
[Topology][Flow] Connections: 1
[Topology][Flow] Generating flow layout
[Topology][Flow] Nodes: 8
[Topology][Flow] Connections: 7
[Topology][Flow] Generating flow layout
[Topology][Flow] Nodes: 2
[Topology][Flow] Connections: 1
[Topology][Flow] Generating flow layout
[Topology][Flow] Nodes: 8
[Topology][Flow] Connections: 7
[Topology][Flow] Generating flow layout
[Topology][Flow] Nodes: 2
[Topology][Flow] Connections: 1
[Topology][Flow] Generating flow layout
[Topology][Flow] Nodes: 8
[Topology][Flow] Connections: 7
[Topology][Flow] Generating flow layout
[Topology][Flow] Nodes: 2
[Topology][Flow] Connections: 1
[Topology][Flow] Generating flow layout
[Topology][Flow] Nodes: 8
[Topology][Flow] Connections: 7
[Topology][Flow] Generating flow layout
[Topology][Flow] Nodes: 2
[Topology][Flow] Connections: 1
[Topology][Flow] Generating flow layout
[Topology][Flow] Nodes: 8
[Topology][Flow] Connections: 7
[Topology][Flow] Generating flow layout
[Topology][Flow] Nodes: 2
[Topology][Flow] Connections: 1
[Topology][Flow] Generating flow layout
[Topology][Flow] Nodes: 8
[Topology][Flow] Connections: 7
[Topology][Flow] Generating flow layout
[Topology][Flow] Nodes: 2
[Topology][Flow] Connections: 1
[Topology][Flow] Generating flow layout
[Topology][Flow] Nodes: 8
[Topology][Flow] Connections: 7
[Topology][Flow] Generating flow layout
[Topology][Flow] Nodes: 2
[Topology][Flow] Connections: 1
[Topology][Flow] Generating flow layout
[Topology][Flow] Nodes: 8
[Topology][Flow] Connections: 7
[Topology][Flow] Generating flow layout
[Topology][Flow] Nodes: 2
[Topology][Flow] Connections: 1
[Topology][Flow] Generating flow layout
[Topology][Flow] Nodes: 8
[Topology][Flow] Connections: 7
[Topology][Flow] Generating flow layout
[Topology][Flow] Nodes: 2
[Topology][Flow] Connections: 1
[Topology][Flow] Generating flow layout
[Topology][Flow] Nodes: 8
[Topology][Flow] Connections: 7
[Topology][Flow] Generating flow layout
[Topology][Flow] Nodes: 2
[Topology][Flow] Connections: 1
[Topology][Flow] Generating flow layout
[Topology][Flow] Nodes: 8
[Topology][Flow] Connections: 7
[Topology][Flow] Generating flow layout
[Topology][Flow] Nodes: 2
[Topology][Flow] Connections: 1
[Topology][Flow] Generating flow layout
[Topology][Flow] Nodes: 8
[Topology][Flow] Connections: 7
[Topology][Flow] Generating flow layout
[Topology][Flow] Nodes: 2
[Topology][Flow] Connections: 1
[Topology][Flow] Generating flow layout
[Topology][Flow] Nodes: 8
[Topology][Flow] Connections: 7
[Topology][Flow] Generating flow layout
[Topology][Flow] Nodes: 2
[Topology][Flow] Connections: 1
[Topology][Flow] Generating flow layout
[Topology][Flow] Nodes: 8
[Topology][Flow] Connections: 7
[Topology][Flow] Generating flow layout
[Topology][Flow] Nodes: 2
[Topology][Flow] Connections: 1
[Topology][Flow] Generating flow layout
[Topology][Flow] Nodes: 8
[Topology][Flow] Connections: 7
[Topology][Flow] Generating flow layout
[Topology][Flow] Nodes: 2
[Topology][Flow] Connections: 1
[Topology][Flow] Generating flow layout
[Topology][Flow] Nodes: 8
[Topology][Flow] Connections: 7
[Topology][Flow] Generating flow layout
[Topology][Flow] Nodes: 2
[Topology][Flow] Connections: 1
[Topology][Flow] Generating flow layout
[Topology][Flow] Nodes: 8
[Topology][Flow] Connections: 7
[Topology][Flow] Generating flow layout
[Topology][Flow] Nodes: 2
[Topology][Flow] Connections: 1
[Topology][Flow] Generating flow layout
[Topology][Flow] Nodes: 8
[Topology][Flow] Connections: 7
[Topology][Flow] Generating flow layout
[Topology][Flow] Nodes: 2
[Topology][Flow] Connections: 1
[Topology][Flow] Generating flow layout
[Topology][Flow] Nodes: 8
[Topology][Flow] Connections: 7
[Topology][Flow] Generating flow layout
[Topology][Flow] Nodes: 2
[Topology][Flow] Connections: 1
[Topology][Flow] Generating flow layout
[Topology][Flow] Nodes: 8
[Topology][Flow] Connections: 7
[Topology][Flow] Generating flow layout
[Topology][Flow] Nodes: 2
[Topology][Flow] Connections: 1
[Topology][Flow] Generating flow layout
[Topology][Flow] Nodes: 8
[Topology][Flow] Connections: 7
[Topology][Flow] Generating flow layout
[Topology][Flow] Nodes: 2
[Topology][Flow] Connections: 1
[Topology][Flow] Generating flow layout
[Topology][Flow] Nodes: 8
[Topology][Flow] Connections: 7
[Topology][Flow] Generating flow layout
[Topology][Flow] Nodes: 2
[Topology][Flow] Connections: 1
[Topology][Flow] Generating flow layout
[Topology][Flow] Nodes: 8
[Topology][Flow] Connections: 7
[Topology][Flow] Generating flow layout
[Topology][Flow] Nodes: 2
[Topology][Flow] Connections: 1
[Topology][Flow] Generating flow layout
[Topology][Flow] Nodes: 8
[Topology][Flow] Connections: 7
[Topology][Flow] Generating flow layout
[Topology][Flow] Nodes: 2
[Topology][Flow] Connections: 1
[Topology][Flow] Generating flow layout
[Topology][Flow] Nodes: 8
[Topology][Flow] Connections: 7
[Topology][Flow] Generating flow layout
[Topology][Flow] Nodes: 2
[Topology][Flow] Connections: 1
[Topology][Flow] Generating flow layout
[Topology][Flow] Nodes: 8
[Topology][Flow] Connections: 7
[Topology][Flow] Generating flow layout
[Topology][Flow] Nodes: 2
[Topology][Flow] Connections: 1
[Topology][Flow] Generating flow layout
[Topology][Flow] Nodes: 8
[Topology][Flow] Connections: 7
[Topology][Flow] Generating flow layout
[Topology][Flow] Nodes: 2
[Topology][Flow] Connections: 1
[Topology][Flow] Generating flow layout
[Topology][Flow] Nodes: 8
[Topology][Flow] Connections: 7
[Topology][Flow] Generating flow layout
[Topology][Flow] Nodes: 2
[Topology][Flow] Connections: 1
[Topology][Flow] Generating flow layout
[Topology][Flow] Nodes: 8
[Topology][Flow] Connections: 7
[Topology][Flow] Generating flow layout
[Topology][Flow] Nodes: 2
[Topology][Flow] Connections: 1
[Topology][Flow] Generating flow layout
[Topology][Flow] Nodes: 8
[Topology][Flow] Connections: 7
[Topology][Flow] Generating flow layout
[Topology][Flow] Nodes: 2
[Topology][Flow] Connections: 1
[Topology][Flow] Generating flow layout
[Topology][Flow] Nodes: 8
[Topology][Flow] Connections: 7
[Topology][Flow] Generating flow layout
[Topology][Flow] Nodes: 2
[Topology][Flow] Connections: 1
[Topology][Flow] Generating flow layout
[Topology][Flow] Nodes: 8
[Topology][Flow] Connections: 7
[Topology][Flow] Generating flow layout
[Topology][Flow] Nodes: 2
[Topology][Flow] Connections: 1
[Topology][Flow] Generating flow layout
[Topology][Flow] Nodes: 8
[Topology][Flow] Connections: 7
[Topology][Flow] Generating flow layout
[Topology][Flow] Nodes: 2
[Topology][Flow] Connections: 1
[Topology][Flow] Generating flow layout
[Topology][Flow] Nodes: 8
[Topology][Flow] Connections: 7
[Topology][Flow] Generating flow layout
[Topology][Flow] Nodes: 2
[Topology][Flow] Connections: 1
[Topology][Flow] Generating flow layout
[Topology][Flow] Nodes: 8
[Topology][Flow] Connections: 7
[Topology][Flow] Generating flow layout
[Topology][Flow] Nodes: 2
[Topology][Flow] Connections: 1
[Topology][Flow] Generating flow layout
[Topology][Flow] Nodes: 8
[Topology][Flow] Connections: 7
[Topology][Flow] Generating flow layout
[Topology][Flow] Nodes: 2
[Topology][Flow] Connections: 1
[Topology][Flow] Generating flow layout
[Topology][Flow] Nodes: 8
[Topology][Flow] Connections: 7
[Topology][Flow] Generating flow layout
[Topology][Flow] Nodes: 2
[Topology][Flow] Connections: 1
[Topology][Flow] Generating flow layout
[Topology][Flow] Nodes: 8
[Topology][Flow] Connections: 7
[Topology][Flow] Generating flow layout
[Topology][Flow] Nodes: 2
[Topology][Flow] Connections: 1
[Topology][Flow] Generating flow layout
[Topology][Flow] Nodes: 8
[Topology][Flow] Connections: 7
[Topology][Flow] Generating flow layout
[Topology][Flow] Nodes: 2
[Topology][Flow] Connections: 1
[Topology][Flow] Generating flow layout
[Topology][Flow] Nodes: 8
[Topology][Flow] Connections: 7
[Topology][Flow] Generating flow layout
[Topology][Flow] Nodes: 2
[Topology][Flow] Connections: 1
[Topology][Flow] Generating flow layout
[Topology][Flow] Nodes: 8
[Topology][Flow] Connections: 7
[Topology][Flow] Generating flow layout
[Topology][Flow] Nodes: 2
[Topology][Flow] Connections: 1
[Topology][Flow] Generating flow layout
[Topology][Flow] Nodes: 8
[Topology][Flow] Connections: 7
[Topology][Flow] Generating flow layout
[Topology][Flow] Nodes: 2
[Topology][Flow] Connections: 1
[Topology][Flow] Generating flow layout
[Topology][Flow] Nodes: 8
[Topology][Flow] Connections: 7
[Topology][Flow] Generating flow layout
[Topology][Flow] Nodes: 2
[Topology][Flow] Connections: 1
[Topology][Flow] Generating flow layout
[Topology][Flow] Nodes: 8
[Topology][Flow] Connections: 7
[Topology][Flow] Generating flow layout
[Topology][Flow] Nodes: 2
[Topology][Flow] Connections: 1
[Topology][Flow] Generating flow layout
[Topology][Flow] Nodes: 8
[Topology][Flow] Connections: 7
[Topology][Flow] Generating flow layout
[Topology][Flow] Nodes: 2
[Topology][Flow] Connections: 1
[Topology][Flow] Generating flow layout
[Topology][Flow] Nodes: 8
[Topology][Flow] Connections: 7
[Topology][Flow] Generating flow layout
[Topology][Flow] Nodes: 2
[Topology][Flow] Connections: 1
[Topology][Flow] Generating flow layout
[Topology][Flow] Nodes: 8
[Topology][Flow] Connections: 7
[Topology][Flow] Generating flow layout
[Topology][Flow] Nodes: 2
[Topology][Flow] Connections: 1
[Topology][Flow] Generating flow layout
[Topology][Flow] Nodes: 8
[Topology][Flow] Connections: 7
[Topology][Flow] Generating flow layout
[Topology][Flow] Nodes: 2
[Topology][Flow] Connections: 1
▶ NXA:5-FIX3B-DIAG2R conversational control
  ✔ recovers natural collection language without selecting a member (352.495625ms)
  ✔ keeps a named member distinct from a collection request (18.063042ms)
  ✔ answers how many from the active collection without inventing focus (20.504083ms)
  ✔ lets an explicit collection command escape an incompatible pending question (27.702875ms)
  ✔ still completes a genuine pending criterion answer (28.329542ms)
  ✔ treats meta-corrections as conversational repair, not evidence (25.666167ms)
  ✔ resolves them against the active collection (12.685292ms)
  ✔ resolves it to the focused object for Explain (18.261875ms)
  ✔ does not mutate Stage on a knowledge-style count when the collection is already presented (14.022583ms)
  ✔ lets explain of a named object escape pending clarification (24.187667ms)
  ✔ lets a count question escape pending clarification (25.586167ms)
  ✔ compares the active collection for which-one importance (15.1655ms)
  ✔ resolves them for comparison against the active Scenario collection (13.007458ms)
  ✔ does not treat a rejection of the last answer as Stage focus (14.349792ms)
  ✔ does not treat collection or knowledge turns as manager observations (18.296084ms)
  ✔ does not invent an investigation pair when comparing the presented Scenario collection (19.583584ms)
  ✔ does not inflect a valid singular collection noun inside object reference (1.046834ms)
✔ NXA:5-FIX3B-DIAG2R conversational control (650.579875ms)
[Topology][Flow] Generating flow layout
[Topology][Flow] Nodes: 8
[Topology][Flow] Connections: 7
[Topology][Flow] Generating flow layout
[Topology][Flow] Nodes: 2
[Topology][Flow] Connections: 1
[Topology][Flow] Generating flow layout
[Topology][Flow] Nodes: 8
[Topology][Flow] Connections: 7
[Topology][Flow] Generating flow layout
[Topology][Flow] Nodes: 2
[Topology][Flow] Connections: 1
[Topology][Flow] Generating flow layout
[Topology][Flow] Nodes: 8
[Topology][Flow] Connections: 7
[Topology][Flow] Generating flow layout
[Topology][Flow] Nodes: 2
[Topology][Flow] Connections: 1
[Topology][Flow] Generating flow layout
[Topology][Flow] Nodes: 8
[Topology][Flow] Connections: 7
[Topology][Flow] Generating flow layout
[Topology][Flow] Nodes: 2
[Topology][Flow] Connections: 1
[Topology][Flow] Generating flow layout
[Topology][Flow] Nodes: 8
[Topology][Flow] Connections: 7
[Topology][Flow] Generating flow layout
[Topology][Flow] Nodes: 2
[Topology][Flow] Connections: 1
[Topology][Flow] Generating flow layout
[Topology][Flow] Nodes: 8
[Topology][Flow] Connections: 7
[Topology][Flow] Generating flow layout
[Topology][Flow] Nodes: 2
[Topology][Flow] Connections: 1
[Topology][Flow] Generating flow layout
[Topology][Flow] Nodes: 8
[Topology][Flow] Connections: 7
[Topology][Flow] Generating flow layout
[Topology][Flow] Nodes: 2
[Topology][Flow] Connections: 1
[Topology][Flow] Generating flow layout
[Topology][Flow] Nodes: 8
[Topology][Flow] Connections: 7
[Topology][Flow] Generating flow layout
[Topology][Flow] Nodes: 2
[Topology][Flow] Connections: 1
[Topology][Flow] Generating flow layout
[Topology][Flow] Nodes: 8
[Topology][Flow] Connections: 7
[Topology][Flow] Generating flow layout
[Topology][Flow] Nodes: 2
[Topology][Flow] Connections: 1
[Topology][Flow] Generating flow layout
[Topology][Flow] Nodes: 8
[Topology][Flow] Connections: 7
[Topology][Flow] Generating flow layout
[Topology][Flow] Nodes: 2
[Topology][Flow] Connections: 1
[Topology][Flow] Generating flow layout
[Topology][Flow] Nodes: 8
[Topology][Flow] Connections: 7
[Topology][Flow] Generating flow layout
[Topology][Flow] Nodes: 2
[Topology][Flow] Connections: 1
[Topology][Flow] Generating flow layout
[Topology][Flow] Nodes: 8
[Topology][Flow] Connections: 7
[Topology][Flow] Generating flow layout
[Topology][Flow] Nodes: 2
[Topology][Flow] Connections: 1
[Topology][Flow] Generating flow layout
[Topology][Flow] Nodes: 8
[Topology][Flow] Connections: 7
[Topology][Flow] Generating flow layout
[Topology][Flow] Nodes: 2
[Topology][Flow] Connections: 1
[Topology][Flow] Generating flow layout
[Topology][Flow] Nodes: 8
[Topology][Flow] Connections: 7
[Topology][Flow] Generating flow layout
[Topology][Flow] Nodes: 2
[Topology][Flow] Connections: 1
[Topology][Flow] Generating flow layout
[Topology][Flow] Nodes: 8
[Topology][Flow] Connections: 7
[Topology][Flow] Generating flow layout
[Topology][Flow] Nodes: 2
[Topology][Flow] Connections: 1
[Topology][Flow] Generating flow layout
[Topology][Flow] Nodes: 8
[Topology][Flow] Connections: 7
[Topology][Flow] Generating flow layout
[Topology][Flow] Nodes: 2
[Topology][Flow] Connections: 1
[Topology][Flow] Generating flow layout
[Topology][Flow] Nodes: 8
[Topology][Flow] Connections: 7
[Topology][Flow] Generating flow layout
[Topology][Flow] Nodes: 2
[Topology][Flow] Connections: 1
[Topology][Flow] Generating flow layout
[Topology][Flow] Nodes: 8
[Topology][Flow] Connections: 7
[Topology][Flow] Generating flow layout
[Topology][Flow] Nodes: 2
[Topology][Flow] Connections: 1
[Topology][Flow] Generating flow layout
[Topology][Flow] Nodes: 8
[Topology][Flow] Connections: 7
[Topology][Flow] Generating flow layout
[Topology][Flow] Nodes: 2
[Topology][Flow] Connections: 1
[Topology][Flow] Generating flow layout
[Topology][Flow] Nodes: 8
[Topology][Flow] Connections: 7
[Topology][Flow] Generating flow layout
[Topology][Flow] Nodes: 2
[Topology][Flow] Connections: 1
[Topology][Flow] Generating flow layout
[Topology][Flow] Nodes: 8
[Topology][Flow] Connections: 7
[Topology][Flow] Generating flow layout
[Topology][Flow] Nodes: 2
[Topology][Flow] Connections: 1
[Topology][Flow] Generating flow layout
[Topology][Flow] Nodes: 8
[Topology][Flow] Connections: 7
[Topology][Flow] Generating flow layout
[Topology][Flow] Nodes: 2
[Topology][Flow] Connections: 1
[Topology][Flow] Generating flow layout
[Topology][Flow] Nodes: 8
[Topology][Flow] Connections: 7
[Topology][Flow] Generating flow layout
[Topology][Flow] Nodes: 2
[Topology][Flow] Connections: 1
[Topology][Flow] Generating flow layout
[Topology][Flow] Nodes: 8
[Topology][Flow] Connections: 7
[Topology][Hub] Generating hub layout
[Topology][Hub] Hub: Capacity
[Topology][Hub] Satellites: 5
[Topology][Hub] Connections: 5
[Topology][Flow] Generating flow layout
[Topology][Flow] Nodes: 8
[Topology][Flow] Connections: 7
[Topology][Hub] Generating hub layout
[Topology][Hub] Hub: Capacity
[Topology][Hub] Satellites: 5
[Topology][Hub] Connections: 5
[Topology][Flow] Generating flow layout
[Topology][Flow] Nodes: 8
[Topology][Flow] Connections: 7
[Topology][Hub] Generating hub layout
[Topology][Hub] Hub: Capacity
[Topology][Hub] Satellites: 5
[Topology][Hub] Connections: 5
[Topology][Flow] Generating flow layout
[Topology][Flow] Nodes: 8
[Topology][Flow] Connections: 7
[Topology][Flow] Generating flow layout
[Topology][Flow] Nodes: 2
[Topology][Flow] Connections: 1
[Topology][Flow] Generating flow layout
[Topology][Flow] Nodes: 8
[Topology][Flow] Connections: 7
[Topology][Flow] Generating flow layout
[Topology][Flow] Nodes: 2
[Topology][Flow] Connections: 1
[Topology][Flow] Generating flow layout
[Topology][Flow] Nodes: 8
[Topology][Flow] Connections: 7
[Topology][Flow] Generating flow layout
[Topology][Flow] Nodes: 2
[Topology][Flow] Connections: 1
[Topology][Flow] Generating flow layout
[Topology][Flow] Nodes: 8
[Topology][Flow] Connections: 7
[Topology][Flow] Generating flow layout
[Topology][Flow] Nodes: 2
[Topology][Flow] Connections: 1
[Topology][Flow] Generating flow layout
[Topology][Flow] Nodes: 8
[Topology][Flow] Connections: 7
[Topology][Flow] Generating flow layout
[Topology][Flow] Nodes: 2
[Topology][Flow] Connections: 1
[Topology][Flow] Generating flow layout
[Topology][Flow] Nodes: 8
[Topology][Flow] Connections: 7
[Topology][Flow] Generating flow layout
[Topology][Flow] Nodes: 2
[Topology][Flow] Connections: 1
▶ NXA:5-FIX4 Advisor↔Stage context intelligence
  ✔ owns a read-model boundary without a Stage store (3.961291ms)
  ✔ projects authoritative Stage context from runtime collection state (142.997834ms)
  ✔ keeps Scenario comparison on Stage and asks a criterion instead of generic business-outcome advice (53.929666ms)
  ✔ treats talking about the presented collection as confirmation, not a missing outcome (36.28175ms)
  ✔ completes a pending criterion instead of navigating to Capacity (58.273458ms)
  ✔ resolves compare them against the presented collection without mutating Stage (15.74625ms)
  ✔ describes the Stage scene without mutating it (26.011375ms)
  ✔ explains why visible members are present without causal invention (18.460916ms)
  ✔ can discuss an off-stage object without replacing the Scenario Stage (18.105ms)
  ✔ updates Stage on explicit presentation and honors consent yes/no (79.537292ms)
  ✔ still lets a named visible member be focused and lets a new collection command escape (28.674958ms)
  ✔ classifies Stage-meta separately from explicit presentation (8.058084ms)
✔ NXA:5-FIX4 Advisor↔Stage context intelligence (491.534542ms)
[Topology][Flow] Generating flow layout
[Topology][Flow] Nodes: 8
[Topology][Flow] Connections: 7
[Topology][Hub] Generating hub layout
[Topology][Hub] Hub: Capacity
[Topology][Hub] Satellites: 5
[Topology][Hub] Connections: 5
[Topology][Flow] Generating flow layout
[Topology][Flow] Nodes: 8
[Topology][Flow] Connections: 7
[Topology][Hub] Generating hub layout
[Topology][Hub] Hub: Capacity
[Topology][Hub] Satellites: 5
[Topology][Hub] Connections: 5
[Topology][Flow] Generating flow layout
[Topology][Flow] Nodes: 8
[Topology][Flow] Connections: 7
[Topology][Flow] Generating flow layout
[Topology][Flow] Nodes: 2
[Topology][Flow] Connections: 1
[Topology][Flow] Generating flow layout
[Topology][Flow] Nodes: 8
[Topology][Flow] Connections: 7
[Topology][Flow] Generating flow layout
[Topology][Flow] Nodes: 2
[Topology][Flow] Connections: 1
[Topology][Flow] Generating flow layout
[Topology][Flow] Nodes: 8
[Topology][Flow] Connections: 7
[Topology][Hub] Generating hub layout
[Topology][Hub] Hub: Capacity
[Topology][Hub] Satellites: 5
[Topology][Hub] Connections: 5
[Topology][Flow] Generating flow layout
[Topology][Flow] Nodes: 8
[Topology][Flow] Connections: 7
[Topology][Hub] Generating hub layout
[Topology][Hub] Hub: Capacity
[Topology][Hub] Satellites: 5
[Topology][Hub] Connections: 5
[Topology][Flow] Generating flow layout
[Topology][Flow] Nodes: 8
[Topology][Flow] Connections: 7
[Topology][Hub] Generating hub layout
[Topology][Hub] Hub: Capacity
[Topology][Hub] Satellites: 5
[Topology][Hub] Connections: 5
[Topology][Flow] Generating flow layout
[Topology][Flow] Nodes: 8
[Topology][Flow] Connections: 7
[Topology][Flow] Generating flow layout
[Topology][Flow] Nodes: 2
[Topology][Flow] Connections: 1
[Topology][Flow] Generating flow layout
[Topology][Flow] Nodes: 8
[Topology][Flow] Connections: 7
[Topology][Flow] Generating flow layout
[Topology][Flow] Nodes: 2
[Topology][Flow] Connections: 1
[Topology][Flow] Generating flow layout
[Topology][Flow] Nodes: 8
[Topology][Flow] Connections: 7
[Topology][Hub] Generating hub layout
[Topology][Hub] Hub: Capacity
[Topology][Hub] Satellites: 5
[Topology][Hub] Connections: 5
[Topology][Flow] Generating flow layout
[Topology][Flow] Nodes: 8
[Topology][Flow] Connections: 7
[Topology][Hub] Generating hub layout
[Topology][Hub] Hub: Capacity
[Topology][Hub] Satellites: 5
[Topology][Hub] Connections: 5
[Topology][Flow] Generating flow layout
[Topology][Flow] Nodes: 8
[Topology][Flow] Connections: 7
[Topology][Hub] Generating hub layout
[Topology][Hub] Hub: Capacity
[Topology][Hub] Satellites: 5
[Topology][Hub] Connections: 5
[Topology][Flow] Generating flow layout
[Topology][Flow] Nodes: 8
[Topology][Flow] Connections: 7
[Topology][Hub] Generating hub layout
[Topology][Hub] Hub: Capacity
[Topology][Hub] Satellites: 5
[Topology][Hub] Connections: 5
[Topology][Flow] Generating flow layout
[Topology][Flow] Nodes: 8
[Topology][Flow] Connections: 7
[Topology][Hub] Generating hub layout
[Topology][Hub] Hub: Capacity
[Topology][Hub] Satellites: 5
[Topology][Hub] Connections: 5
[Topology][Flow] Generating flow layout
[Topology][Flow] Nodes: 8
[Topology][Flow] Connections: 7
[Topology][Flow] Generating flow layout
[Topology][Flow] Nodes: 2
[Topology][Flow] Connections: 1
[Topology][Flow] Generating flow layout
[Topology][Flow] Nodes: 8
[Topology][Flow] Connections: 7
[Topology][Flow] Generating flow layout
[Topology][Flow] Nodes: 2
[Topology][Flow] Connections: 1
[Topology][Flow] Generating flow layout
[Topology][Flow] Nodes: 8
[Topology][Flow] Connections: 7
[Topology][Flow] Generating flow layout
[Topology][Flow] Nodes: 2
[Topology][Flow] Connections: 1
[Topology][Flow] Generating flow layout
[Topology][Flow] Nodes: 8
[Topology][Flow] Connections: 7
[Topology][Flow] Generating flow layout
[Topology][Flow] Nodes: 2
[Topology][Flow] Connections: 1
[Topology][Flow] Generating flow layout
[Topology][Flow] Nodes: 8
[Topology][Flow] Connections: 7
[Topology][Hub] Generating hub layout
[Topology][Hub] Hub: Capacity
[Topology][Hub] Satellites: 5
[Topology][Hub] Connections: 5
[Topology][Flow] Generating flow layout
[Topology][Flow] Nodes: 8
[Topology][Flow] Connections: 7
[Topology][Flow] Generating flow layout
[Topology][Flow] Nodes: 2
[Topology][Flow] Connections: 1
[Topology][Flow] Generating flow layout
[Topology][Flow] Nodes: 8
[Topology][Flow] Connections: 7
[Topology][Flow] Generating flow layout
[Topology][Flow] Nodes: 2
[Topology][Flow] Connections: 1
[Topology][Flow] Generating flow layout
[Topology][Flow] Nodes: 8
[Topology][Flow] Connections: 7
[Topology][Flow] Generating flow layout
[Topology][Flow] Nodes: 2
[Topology][Flow] Connections: 1
[Topology][Flow] Generating flow layout
[Topology][Flow] Nodes: 8
[Topology][Flow] Connections: 7
[Topology][Hub] Generating hub layout
[Topology][Hub] Hub: Capacity
[Topology][Hub] Satellites: 5
[Topology][Hub] Connections: 5
[Topology][Flow] Generating flow layout
[Topology][Flow] Nodes: 8
[Topology][Flow] Connections: 7
[Topology][Hub] Generating hub layout
[Topology][Hub] Hub: Capacity
[Topology][Hub] Satellites: 5
[Topology][Hub] Connections: 5
[Topology][Flow] Generating flow layout
[Topology][Flow] Nodes: 8
[Topology][Flow] Connections: 7
[Topology][Hub] Generating hub layout
[Topology][Hub] Hub: Capacity
[Topology][Hub] Satellites: 5
[Topology][Hub] Connections: 5
▶ NXA:5-FIX5 manager observation precedence
  ✔ owns a boundary without a second observation store (4.346ms)
  ✔ A — stale focused Capacity does not own a Delivery observation (174.304042ms)
  ✔ B — stale Scenario collection does not own an Inventory observation (25.033708ms)
  ✔ C — a new observation does not continue a previous consequence intent (42.892625ms)
  ✔ D — a new observation after explain is not owned by the explained object (19.833541ms)
  ✔ E — explicit causal assertions stay hypotheses, not Delivery observations (21.632292ms)
  ✔ F — genuine deictic consequence still resolves to the prior subject (35.192708ms)
  ✔ preserves pending criterion answers and FIX4 talk-vs-show (40.822625ms)
  ✔ generalizes evaluative observations across object kinds (21.493958ms)
  ✔ recalls the latest manager observation without changing Stage (24.433916ms)
✔ NXA:5-FIX5 manager observation precedence (411.187083ms)
ℹ tests 563
ℹ suites 36
ℹ pass 563
ℹ fail 0
ℹ cancelled 0
ℹ skipped 0
ℹ todo 0
ℹ duration_ms 16134.546417
EXIT:0
