{
  "obj_inventory": {
    "energy": 0.2022981990802653,
    "hits": 1,
    "last_intensity": 0.5779948545150437,
    "last_ts": 1774897633,
    "trend": "rising"
  }
}