{
  "obj_inventory": {
    "energy": 0.1972813979342461,
    "hits": 1,
    "last_intensity": 0.5636611369549889,
    "last_ts": 1775082183,
    "trend": "rising"
  }
}